account_id,product_id,ownership_status,current_acv_usd,contract_start_date,contract_end_date,renewal_risk,usage_score,adoption_score,expansion_eligible_flag
A0002,P001,Not Owned,0,,,,0,0,
A0002,P002,Not Owned,0,,,,0,0,
A0002,P003,Not Owned,0,,,,0,0,
A0002,P004,Not Owned,0,,,,0,0,
A0002,P005,Not Owned,0,,,,0,0,
A0002,P006,Not Owned,0,,,,0,0,
A0002,P007,Owned,79430,2023-08-23,2026-08-07,Medium,55,54,No
A0002,P008,Not Owned,0,,,,0,0,
A0004,P001,Not Owned,0,,,,0,0,
A0004,P002,Owned,312347,2024-08-31,2027-08-16,Low,87,96,Yes
A0004,P003,Not Owned,0,,,,0,0,
A0004,P004,Owned,194726,2024-04-04,2026-03-25,Medium,56,45,No
A0004,P005,Not Owned,0,,,,0,0,
A0004,P006,Owned,231054,2023-09-24,2026-09-08,Medium,58,48,No
A0004,P007,Not Owned,0,,,,0,0,
A0004,P008,Not Owned,0,,,,0,0,
A0005,P001,Owned,167361,2024-07-02,2026-06-22,High,50,52,No
A0005,P002,Owned,220933,2023-02-25,2024-02-20,Low,92,89,Yes
A0005,P003,Owned,170791,2025-05-27,2026-05-22,Low,80,62,Yes
A0005,P004,Owned,145212,2025-01-25,2026-01-20,High,48,50,No
A0005,P005,Not Owned,0,,,,0,0,
A0005,P006,Not Owned,0,,,,0,0,
A0005,P007,Not Owned,0,,,,0,0,
A0005,P008,Not Owned,0,,,,0,0,
A0006,P001,Not Owned,0,,,,0,0,
A0006,P002,Not Owned,0,,,,0,0,
A0006,P003,Not Owned,0,,,,0,0,
A0006,P004,Owned,75217,2023-02-21,2026-02-05,Low,83,79,Yes
A0006,P005,Not Owned,0,,,,0,0,
A0006,P006,Not Owned,0,,,,0,0,
A0006,P007,Owned,59650,2023-03-27,2025-03-16,Low,78,77,Yes
A0006,P008,Not Owned,0,,,,0,0,
A0009,P001,Not Owned,0,,,,0,0,
A0009,P002,Not Owned,0,,,,0,0,
A0009,P003,Owned,147926,2023-05-20,2024-05-14,High,47,32,No
A0009,P004,Not Owned,0,,,,0,0,
A0009,P005,Owned,93369,2025-04-02,2026-03-28,Low,89,95,Yes
A0009,P006,Not Owned,0,,,,0,0,
A0009,P007,Not Owned,0,,,,0,0,
A0009,P008,Not Owned,0,,,,0,0,
A0013,P001,Not Owned,0,,,,0,0,
A0013,P002,Not Owned,0,,,,0,0,
A0013,P003,Owned,131741,2025-01-08,2027-12-24,Low,79,90,Yes
A0013,P004,Owned,138601,2024-11-28,2026-11-18,Medium,66,72,Yes
A0013,P005,Owned,86110,2025-02-22,2026-02-17,Low,94,99,Yes
A0013,P006,Not Owned,0,,,,0,0,
A0013,P007,Not Owned,0,,,,0,0,
A0013,P008,Not Owned,0,,,,0,0,
A0017,P001,Owned,198427,2023-06-18,2026-06-02,Low,85,87,Yes
A0017,P002,Not Owned,0,,,,0,0,
A0017,P003,Not Owned,0,,,,0,0,
A0017,P004,Not Owned,0,,,,0,0,
A0017,P005,Not Owned,0,,,,0,0,
A0017,P006,Not Owned,0,,,,0,0,
A0017,P007,Not Owned,0,,,,0,0,
A0017,P008,Not Owned,0,,,,0,0,
A0024,P001,Not Owned,0,,,,0,0,
A0024,P002,Owned,203727,2025-04-04,2026-03-30,Medium,73,75,Yes
A0024,P003,Not Owned,0,,,,0,0,
A0024,P004,Not Owned,0,,,,0,0,
A0024,P005,Not Owned,0,,,,0,0,
A0024,P006,Owned,178225,2025-03-17,2028-03-01,Low,92,82,Yes
A0024,P007,Not Owned,0,,,,0,0,
A0024,P008,Owned,152743,2023-01-27,2026-01-11,High,54,60,No
A0025,P001,Not Owned,0,,,,0,0,
A0025,P002,Not Owned,0,,,,0,0,
A0025,P003,Owned,143500,2023-03-29,2026-03-13,High,54,53,No
A0025,P004,Not Owned,0,,,,0,0,
A0025,P005,Owned,109724,2024-08-13,2027-07-29,Low,75,72,Yes
A0025,P006,Not Owned,0,,,,0,0,
A0025,P007,Owned,103701,2023-06-04,2024-05-29,Low,93,99,Yes
A0025,P008,Not Owned,0,,,,0,0,
A0030,P001,Owned,167631,2023-02-11,2026-01-26,Medium,72,69,Yes
A0030,P002,Not Owned,0,,,,0,0,
A0030,P003,Owned,130338,2024-11-08,2026-10-29,Medium,60,60,Yes
A0030,P004,Not Owned,0,,,,0,0,
A0030,P005,Not Owned,0,,,,0,0,
A0030,P006,Not Owned,0,,,,0,0,
A0030,P007,Not Owned,0,,,,0,0,
A0030,P008,Not Owned,0,,,,0,0,
A0031,P001,Owned,166391,2024-06-12,2026-06-02,Low,78,82,Yes
A0031,P002,Not Owned,0,,,,0,0,
A0031,P003,Not Owned,0,,,,0,0,
A0031,P004,Not Owned,0,,,,0,0,
A0031,P005,Not Owned,0,,,,0,0,
A0031,P006,Owned,159928,2024-02-27,2025-02-21,Medium,62,68,Yes
A0031,P007,Not Owned,0,,,,0,0,
A0031,P008,Not Owned,0,,,,0,0,
A0037,P001,Not Owned,0,,,,0,0,
A0037,P002,Not Owned,0,,,,0,0,
A0037,P003,Owned,168373,2024-01-10,2025-12-30,Medium,55,56,No
A0037,P004,Not Owned,0,,,,0,0,
A0037,P005,Not Owned,0,,,,0,0,
A0037,P006,Owned,153961,2025-01-01,2025-12-27,Low,85,77,Yes
A0037,P007,Not Owned,0,,,,0,0,
A0037,P008,Not Owned,0,,,,0,0,
A0039,P001,Not Owned,0,,,,0,0,
A0039,P002,Owned,184376,2024-09-08,2027-08-24,Low,80,72,Yes
A0039,P003,Not Owned,0,,,,0,0,
A0039,P004,Not Owned,0,,,,0,0,
A0039,P005,Not Owned,0,,,,0,0,
A0039,P006,Not Owned,0,,,,0,0,
A0039,P007,Owned,112193,2025-03-01,2028-02-14,Low,94,95,Yes
A0039,P008,Not Owned,0,,,,0,0,
A0043,P001,Not Owned,0,,,,0,0,
A0043,P002,Owned,106571,2023-10-02,2024-09-26,High,52,56,No
A0043,P003,Owned,100255,2024-07-23,2027-07-08,Low,92,87,Yes
A0043,P004,Not Owned,0,,,,0,0,
A0043,P005,Not Owned,0,,,,0,0,
A0043,P006,Not Owned,0,,,,0,0,
A0043,P007,Not Owned,0,,,,0,0,
A0043,P008,Not Owned,0,,,,0,0,
A0045,P001,Not Owned,0,,,,0,0,
A0045,P002,Not Owned,0,,,,0,0,
A0045,P003,Not Owned,0,,,,0,0,
A0045,P004,Not Owned,0,,,,0,0,
A0045,P005,Owned,168078,2024-10-21,2025-10-16,Low,80,88,Yes
A0045,P006,Not Owned,0,,,,0,0,
A0045,P007,Not Owned,0,,,,0,0,
A0045,P008,Not Owned,0,,,,0,0,
A0047,P001,Not Owned,0,,,,0,0,
A0047,P002,Owned,207554,2023-03-07,2025-02-24,Medium,62,59,No
A0047,P003,Not Owned,0,,,,0,0,
A0047,P004,Owned,126530,2024-11-20,2025-11-15,High,54,50,No
A0047,P005,Not Owned,0,,,,0,0,
A0047,P006,Owned,172603,2023-06-24,2026-06-08,Low,81,70,Yes
A0047,P007,Not Owned,0,,,,0,0,
A0047,P008,Owned,136376,2024-11-13,2027-10-29,Medium,64,60,No
A0048,P001,Not Owned,0,,,,0,0,
A0048,P002,Not Owned,0,,,,0,0,
A0048,P003,Not Owned,0,,,,0,0,
A0048,P004,Not Owned,0,,,,0,0,
A0048,P005,Not Owned,0,,,,0,0,
A0048,P006,Not Owned,0,,,,0,0,
A0048,P007,Owned,137242,2024-01-13,2026-12-28,Low,91,93,Yes
A0048,P008,Owned,197441,2024-03-17,2025-03-12,High,51,45,No
A0049,P001,Owned,198170,2023-10-26,2026-10-10,Medium,69,81,Yes
A0049,P002,Not Owned,0,,,,0,0,
A0049,P003,Not Owned,0,,,,0,0,
A0049,P004,Not Owned,0,,,,0,0,
A0049,P005,Not Owned,0,,,,0,0,
A0049,P006,Not Owned,0,,,,0,0,
A0049,P007,Not Owned,0,,,,0,0,
A0049,P008,Not Owned,0,,,,0,0,
A0051,P001,Not Owned,0,,,,0,0,
A0051,P002,Not Owned,0,,,,0,0,
A0051,P003,Not Owned,0,,,,0,0,
A0051,P004,Not Owned,0,,,,0,0,
A0051,P005,Not Owned,0,,,,0,0,
A0051,P006,Owned,206643,2025-06-06,2026-06-01,Medium,56,51,No
A0051,P007,Not Owned,0,,,,0,0,
A0051,P008,Not Owned,0,,,,0,0,
A0054,P001,Not Owned,0,,,,0,0,
A0054,P002,Not Owned,0,,,,0,0,
A0054,P003,Not Owned,0,,,,0,0,
A0054,P004,Not Owned,0,,,,0,0,
A0054,P005,Owned,92609,2023-07-16,2026-06-30,High,46,49,No
A0054,P006,Owned,200093,2024-04-26,2026-04-16,Medium,64,58,No
A0054,P007,Not Owned,0,,,,0,0,
A0054,P008,Owned,118434,2024-08-12,2027-07-28,Low,77,80,No
A0058,P001,Owned,166867,2024-07-23,2027-07-08,Low,77,62,Yes
A0058,P002,Owned,187197,2025-01-12,2026-01-07,Medium,74,72,Yes
A0058,P003,Not Owned,0,,,,0,0,
A0058,P004,Not Owned,0,,,,0,0,
A0058,P005,Not Owned,0,,,,0,0,
A0058,P006,Not Owned,0,,,,0,0,
A0058,P007,Owned,97891,2024-12-14,2025-12-09,Low,88,87,Yes
A0058,P008,Owned,138483,2023-02-28,2025-02-17,Medium,60,57,No
A0059,P001,Not Owned,0,,,,0,0,
A0059,P002,Owned,243088,2025-04-23,2027-04-13,Medium,57,59,No
A0059,P003,Not Owned,0,,,,0,0,
A0059,P004,Owned,130552,2024-12-26,2025-12-21,Medium,70,64,Yes
A0059,P005,Not Owned,0,,,,0,0,
A0059,P006,Not Owned,0,,,,0,0,
A0059,P007,Not Owned,0,,,,0,0,
A0059,P008,Not Owned,0,,,,0,0,
A0063,P001,Owned,199445,2024-09-06,2026-08-27,Low,78,61,Yes
A0063,P002,Not Owned,0,,,,0,0,
A0063,P003,Owned,181945,2023-02-19,2026-02-03,Medium,57,60,Yes
A0063,P004,Not Owned,0,,,,0,0,
A0063,P005,Not Owned,0,,,,0,0,
A0063,P006,Owned,227276,2023-04-04,2026-03-19,Low,88,89,Yes
A0063,P007,Owned,121767,2023-11-27,2024-11-21,High,47,52,No
A0063,P008,Not Owned,0,,,,0,0,
A0064,P001,Owned,261181,2023-12-02,2025-11-21,High,51,41,No
A0064,P002,Not Owned,0,,,,0,0,
A0064,P003,Not Owned,0,,,,0,0,
A0064,P004,Owned,182815,2024-07-19,2027-07-04,Low,78,80,Yes
A0064,P005,Not Owned,0,,,,0,0,
A0064,P006,Owned,291828,2023-01-11,2024-01-06,Medium,58,69,Yes
A0064,P007,Owned,103138,2023-04-20,2025-04-09,Low,94,69,Yes
A0064,P008,Owned,168114,2024-07-16,2025-07-11,Low,83,81,No
A0066,P001,Not Owned,0,,,,0,0,
A0066,P002,Not Owned,0,,,,0,0,
A0066,P003,Not Owned,0,,,,0,0,
A0066,P004,Owned,92856,2024-05-24,2026-05-14,Low,91,90,Yes
A0066,P005,Not Owned,0,,,,0,0,
A0066,P006,Owned,107534,2024-09-02,2025-08-28,Low,91,99,Yes
A0066,P007,Not Owned,0,,,,0,0,
A0066,P008,Not Owned,0,,,,0,0,
A0068,P001,Not Owned,0,,,,0,0,
A0068,P002,Not Owned,0,,,,0,0,
A0068,P003,Owned,176493,2023-05-18,2024-05-12,High,49,39,No
A0068,P004,Owned,130339,2023-03-14,2024-03-08,Low,78,71,Yes
A0068,P005,Owned,89376,2023-10-27,2024-10-21,Medium,59,50,No
A0068,P006,Not Owned,0,,,,0,0,
A0068,P007,Not Owned,0,,,,0,0,
A0068,P008,Owned,123818,2024-05-03,2026-04-23,High,46,34,No
A0069,P001,Not Owned,0,,,,0,0,
A0069,P002,Not Owned,0,,,,0,0,
A0069,P003,Owned,172200,2023-08-09,2026-07-24,Low,83,76,Yes
A0069,P004,Not Owned,0,,,,0,0,
A0069,P005,Not Owned,0,,,,0,0,
A0069,P006,Not Owned,0,,,,0,0,
A0069,P007,Owned,94055,2023-03-17,2024-03-11,Medium,73,71,Yes
A0069,P008,Not Owned,0,,,,0,0,
A0070,P001,Not Owned,0,,,,0,0,
A0070,P002,Not Owned,0,,,,0,0,
A0070,P003,Not Owned,0,,,,0,0,
A0070,P004,Not Owned,0,,,,0,0,
A0070,P005,Owned,123528,2024-12-13,2027-11-28,Low,91,98,Yes
A0070,P006,Not Owned,0,,,,0,0,
A0070,P007,Not Owned,0,,,,0,0,
A0070,P008,Not Owned,0,,,,0,0,
A0071,P001,Not Owned,0,,,,0,0,
A0071,P002,Not Owned,0,,,,0,0,
A0071,P003,Not Owned,0,,,,0,0,
A0071,P004,Not Owned,0,,,,0,0,
A0071,P005,Not Owned,0,,,,0,0,
A0071,P006,Owned,154034,2024-01-11,2026-12-26,High,46,47,No
A0071,P007,Owned,93559,2024-02-09,2026-01-29,Medium,72,64,Yes
A0071,P008,Not Owned,0,,,,0,0,
A0075,P001,Owned,93593,2023-05-12,2025-05-01,Low,94,99,Yes
A0075,P002,Not Owned,0,,,,0,0,
A0075,P003,Not Owned,0,,,,0,0,
A0075,P004,Not Owned,0,,,,0,0,
A0075,P005,Owned,77600,2025-06-14,2026-06-09,Low,78,62,Yes
A0075,P006,Owned,135241,2024-01-05,2025-12-25,Medium,70,72,Yes
A0075,P007,Not Owned,0,,,,0,0,
A0075,P008,Owned,92544,2023-01-28,2025-01-17,High,54,51,No
A0078,P001,Not Owned,0,,,,0,0,
A0078,P002,Owned,233269,2023-06-29,2024-06-23,Medium,61,66,Yes
A0078,P003,Owned,240001,2024-06-05,2027-05-21,Medium,56,51,No
A0078,P004,Not Owned,0,,,,0,0,
A0078,P005,Not Owned,0,,,,0,0,
A0078,P006,Owned,246635,2023-04-22,2025-04-11,Low,85,89,Yes
A0078,P007,Not Owned,0,,,,0,0,
A0078,P008,Owned,178095,2023-05-27,2026-05-11,Medium,58,51,No
A0079,P001,Owned,213165,2024-07-21,2025-07-16,Low,95,86,Yes
A0079,P002,Not Owned,0,,,,0,0,
A0079,P003,Owned,187828,2023-11-02,2024-10-27,Low,75,73,Yes
A0079,P004,Not Owned,0,,,,0,0,
A0079,P005,Owned,162536,2024-07-17,2027-07-02,Low,78,79,Yes
A0079,P006,Owned,226547,2024-01-19,2027-01-03,Low,91,92,Yes
A0079,P007,Not Owned,0,,,,0,0,
A0079,P008,Owned,148276,2023-04-15,2026-03-30,Medium,68,56,No
A0081,P001,Owned,209980,2024-08-17,2027-08-02,High,49,52,No
A0081,P002,Not Owned,0,,,,0,0,
A0081,P003,Owned,177189,2023-10-20,2026-10-04,Medium,56,67,Yes
A0081,P004,Not Owned,0,,,,0,0,
A0081,P005,Owned,103628,2023-09-19,2026-09-03,Medium,55,49,No
A0081,P006,Not Owned,0,,,,0,0,
A0081,P007,Not Owned,0,,,,0,0,
A0081,P008,Not Owned,0,,,,0,0,
A0082,P001,Not Owned,0,,,,0,0,
A0082,P002,Not Owned,0,,,,0,0,
A0082,P003,Not Owned,0,,,,0,0,
A0082,P004,Not Owned,0,,,,0,0,
A0082,P005,Not Owned,0,,,,0,0,
A0082,P006,Not Owned,0,,,,0,0,
A0082,P007,Owned,98421,2025-04-07,2027-03-28,Low,94,85,Yes
A0082,P008,Owned,136202,2025-02-16,2028-02-01,Low,92,79,No
A0084,P001,Owned,161842,2024-07-02,2026-06-22,Low,82,67,Yes
A0084,P002,Not Owned,0,,,,0,0,
A0084,P003,Not Owned,0,,,,0,0,
A0084,P004,Not Owned,0,,,,0,0,
A0084,P005,Owned,95145,2023-12-05,2026-11-19,High,51,64,Yes
A0084,P006,Not Owned,0,,,,0,0,
A0084,P007,Not Owned,0,,,,0,0,
A0084,P008,Owned,118627,2025-03-01,2028-02-14,Medium,64,51,No
A0086,P001,Owned,268694,2025-04-06,2026-04-01,Medium,63,57,No
A0086,P002,Owned,307112,2025-03-05,2027-02-23,Medium,70,51,No
A0086,P003,Owned,176169,2024-09-29,2027-09-14,High,46,38,No
A0086,P004,Not Owned,0,,,,0,0,
A0086,P005,Not Owned,0,,,,0,0,
A0086,P006,Not Owned,0,,,,0,0,
A0086,P007,Owned,150785,2024-04-29,2025-04-24,Medium,70,64,Yes
A0086,P008,Not Owned,0,,,,0,0,
A0088,P001,Owned,206824,2023-08-10,2025-07-30,Low,80,73,Yes
A0088,P002,Not Owned,0,,,,0,0,
A0088,P003,Not Owned,0,,,,0,0,
A0088,P004,Owned,222681,2025-01-11,2026-01-06,Low,78,72,Yes
A0088,P005,Not Owned,0,,,,0,0,
A0088,P006,Owned,269084,2024-01-06,2026-12-21,Medium,60,55,No
A0088,P007,Not Owned,0,,,,0,0,
A0088,P008,Not Owned,0,,,,0,0,
A0099,P001,Owned,199132,2023-10-19,2024-10-13,Medium,67,83,Yes
A0099,P002,Not Owned,0,,,,0,0,
A0099,P003,Owned,134620,2023-05-26,2026-05-10,Low,81,76,Yes
A0099,P004,Not Owned,0,,,,0,0,
A0099,P005,Owned,110124,2023-12-16,2024-12-10,Low,80,84,Yes
A0099,P006,Owned,180778,2025-02-20,2027-02-10,Low,79,65,Yes
A0099,P007,Not Owned,0,,,,0,0,
A0099,P008,Not Owned,0,,,,0,0,
A0100,P001,Owned,263524,2024-01-27,2027-01-11,Medium,69,62,Yes
A0100,P002,Not Owned,0,,,,0,0,
A0100,P003,Owned,248878,2023-08-10,2024-08-04,Low,80,89,Yes
A0100,P004,Not Owned,0,,,,0,0,
A0100,P005,Not Owned,0,,,,0,0,
A0100,P006,Owned,251167,2024-03-12,2025-03-07,Low,88,96,Yes
A0100,P007,Owned,139697,2025-04-06,2028-03-21,Medium,65,50,No
A0100,P008,Not Owned,0,,,,0,0,
A0101,P001,Not Owned,0,,,,0,0,
A0101,P002,Owned,227591,2024-02-13,2027-01-28,High,54,54,No
A0101,P003,Owned,146602,2024-06-05,2026-05-26,Low,85,99,Yes
A0101,P004,Not Owned,0,,,,0,0,
A0101,P005,Not Owned,0,,,,0,0,
A0101,P006,Not Owned,0,,,,0,0,
A0101,P007,Not Owned,0,,,,0,0,
A0101,P008,Owned,149219,2025-05-25,2026-05-20,Medium,55,49,No
A0105,P001,Not Owned,0,,,,0,0,
A0105,P002,Not Owned,0,,,,0,0,
A0105,P003,Not Owned,0,,,,0,0,
A0105,P004,Not Owned,0,,,,0,0,
A0105,P005,Not Owned,0,,,,0,0,
A0105,P006,Not Owned,0,,,,0,0,
A0105,P007,Owned,131459,2024-02-03,2025-01-28,High,48,48,No
A0105,P008,Not Owned,0,,,,0,0,
A0108,P001,Not Owned,0,,,,0,0,
A0108,P002,Not Owned,0,,,,0,0,
A0108,P003,Not Owned,0,,,,0,0,
A0108,P004,Not Owned,0,,,,0,0,
A0108,P005,Not Owned,0,,,,0,0,
A0108,P006,Not Owned,0,,,,0,0,
A0108,P007,Owned,93983,2023-03-18,2024-03-12,Low,87,90,Yes
A0108,P008,Not Owned,0,,,,0,0,
A0109,P001,Owned,167338,2023-02-27,2026-02-11,Low,86,96,Yes
A0109,P002,Not Owned,0,,,,0,0,
A0109,P003,Not Owned,0,,,,0,0,
A0109,P004,Not Owned,0,,,,0,0,
A0109,P005,Not Owned,0,,,,0,0,
A0109,P006,Not Owned,0,,,,0,0,
A0109,P007,Owned,85716,2023-10-28,2026-10-12,Low,83,94,Yes
A0109,P008,Owned,106478,2024-02-22,2025-02-16,Low,85,90,No
A0111,P001,Not Owned,0,,,,0,0,
A0111,P002,Not Owned,0,,,,0,0,
A0111,P003,Not Owned,0,,,,0,0,
A0111,P004,Not Owned,0,,,,0,0,
A0111,P005,Not Owned,0,,,,0,0,
A0111,P006,Owned,181139,2023-05-28,2024-05-22,Low,91,83,Yes
A0111,P007,Not Owned,0,,,,0,0,
A0111,P008,Owned,117398,2024-05-22,2026-05-12,Medium,73,81,No
A0112,P001,Owned,190737,2024-04-04,2025-03-30,Low,91,77,Yes
A0112,P002,Owned,219072,2024-09-02,2025-08-28,Medium,67,76,Yes
A0112,P003,Not Owned,0,,,,0,0,
A0112,P004,Not Owned,0,,,,0,0,
A0112,P005,Not Owned,0,,,,0,0,
A0112,P006,Not Owned,0,,,,0,0,
A0112,P007,Owned,76156,2025-03-28,2026-03-23,Low,92,99,Yes
A0112,P008,Not Owned,0,,,,0,0,
A0114,P001,Owned,255683,2024-09-08,2025-09-03,Low,94,84,Yes
A0114,P002,Owned,306809,2023-01-24,2025-01-13,Low,78,75,Yes
A0114,P003,Not Owned,0,,,,0,0,
A0114,P004,Not Owned,0,,,,0,0,
A0114,P005,Owned,168532,2023-07-23,2024-07-17,Medium,74,68,Yes
A0114,P006,Not Owned,0,,,,0,0,
A0114,P007,Owned,113192,2023-05-16,2025-05-05,Medium,67,65,Yes
A0114,P008,Not Owned,0,,,,0,0,
A0116,P001,Owned,241305,2023-03-23,2025-03-12,High,45,40,No
A0116,P002,Not Owned,0,,,,0,0,
A0116,P003,Not Owned,0,,,,0,0,
A0116,P004,Owned,167765,2023-06-18,2026-06-02,High,51,55,No
A0116,P005,Not Owned,0,,,,0,0,
A0116,P006,Not Owned,0,,,,0,0,
A0116,P007,Owned,120519,2023-08-13,2025-08-02,Medium,60,62,Yes
A0116,P008,Not Owned,0,,,,0,0,
A0118,P001,Not Owned,0,,,,0,0,
A0118,P002,Owned,281678,2023-12-20,2025-12-09,High,52,55,No
A0118,P003,Not Owned,0,,,,0,0,
A0118,P004,Owned,218840,2024-07-12,2026-07-02,Medium,64,72,Yes
A0118,P005,Not Owned,0,,,,0,0,
A0118,P006,Owned,229608,2023-02-20,2026-02-04,Medium,55,59,No
A0118,P007,Not Owned,0,,,,0,0,
A0118,P008,Owned,149416,2024-02-10,2026-01-30,Low,77,71,No
A0119,P001,Not Owned,0,,,,0,0,
A0119,P002,Owned,125050,2023-10-19,2024-10-13,Medium,60,48,No
A0119,P003,Not Owned,0,,,,0,0,
A0119,P004,Not Owned,0,,,,0,0,
A0119,P005,Not Owned,0,,,,0,0,
A0119,P006,Not Owned,0,,,,0,0,
A0119,P007,Not Owned,0,,,,0,0,
A0119,P008,Not Owned,0,,,,0,0,
A0121,P001,Not Owned,0,,,,0,0,
A0121,P002,Not Owned,0,,,,0,0,
A0121,P003,Not Owned,0,,,,0,0,
A0121,P004,Owned,119137,2023-05-26,2025-05-15,Low,92,95,Yes
A0121,P005,Owned,117614,2024-11-14,2027-10-30,Medium,55,57,No
A0121,P006,Not Owned,0,,,,0,0,
A0121,P007,Owned,106129,2024-10-16,2025-10-11,Low,76,74,Yes
A0121,P008,Not Owned,0,,,,0,0,
A0125,P001,Owned,238956,2024-03-05,2025-02-28,Low,81,68,Yes
A0125,P002,Owned,275731,2025-01-18,2028-01-03,Low,83,79,Yes
A0125,P003,Owned,208239,2025-02-15,2027-02-05,Medium,59,66,Yes
A0125,P004,Not Owned,0,,,,0,0,
A0125,P005,Not Owned,0,,,,0,0,
A0125,P006,Owned,290322,2025-05-18,2028-05-02,Medium,56,48,No
A0125,P007,Not Owned,0,,,,0,0,
A0125,P008,Owned,176877,2023-11-23,2025-11-12,High,46,40,No
A0129,P001,Owned,109850,2024-12-20,2027-12-05,Low,79,87,Yes
A0129,P002,Not Owned,0,,,,0,0,
A0129,P003,Not Owned,0,,,,0,0,
A0129,P004,Not Owned,0,,,,0,0,
A0129,P005,Not Owned,0,,,,0,0,
A0129,P006,Not Owned,0,,,,0,0,
A0129,P007,Not Owned,0,,,,0,0,
A0129,P008,Not Owned,0,,,,0,0,
A0130,P001,Not Owned,0,,,,0,0,
A0130,P002,Not Owned,0,,,,0,0,
A0130,P003,Not Owned,0,,,,0,0,
A0130,P004,Owned,164336,2023-05-02,2025-04-21,Low,75,72,Yes
A0130,P005,Not Owned,0,,,,0,0,
A0130,P006,Owned,219931,2023-08-30,2025-08-19,Low,78,70,Yes
A0130,P007,Owned,104139,2023-05-31,2024-05-25,Medium,68,68,Yes
A0130,P008,Not Owned,0,,,,0,0,
A0136,P001,Not Owned,0,,,,0,0,
A0136,P002,Owned,246719,2023-12-24,2025-12-13,Low,88,80,Yes
A0136,P003,Owned,184911,2024-02-07,2027-01-22,Low,87,77,Yes
A0136,P004,Not Owned,0,,,,0,0,
A0136,P005,Not Owned,0,,,,0,0,
A0136,P006,Not Owned,0,,,,0,0,
A0136,P007,Not Owned,0,,,,0,0,
A0136,P008,Not Owned,0,,,,0,0,
A0138,P001,Owned,118227,2024-02-19,2027-02-03,High,54,64,Yes
A0138,P002,Not Owned,0,,,,0,0,
A0138,P003,Not Owned,0,,,,0,0,
A0138,P004,Not Owned,0,,,,0,0,
A0138,P005,Not Owned,0,,,,0,0,
A0138,P006,Not Owned,0,,,,0,0,
A0138,P007,Not Owned,0,,,,0,0,
A0138,P008,Owned,88149,2024-06-19,2027-06-04,Low,94,96,No
A0139,P001,Not Owned,0,,,,0,0,
A0139,P002,Not Owned,0,,,,0,0,
A0139,P003,Not Owned,0,,,,0,0,
A0139,P004,Owned,166644,2025-02-12,2028-01-28,High,47,45,No
A0139,P005,Owned,107951,2024-07-01,2027-06-16,Medium,62,63,Yes
A0139,P006,Owned,190760,2025-03-13,2028-02-26,High,46,57,No
A0139,P007,Not Owned,0,,,,0,0,
A0139,P008,Not Owned,0,,,,0,0,
A0159,P001,Owned,252245,2024-07-09,2026-06-29,Low,91,80,Yes
A0159,P002,Owned,277473,2023-10-26,2026-10-10,High,53,45,No
A0159,P003,Owned,196539,2024-09-12,2026-09-02,Low,92,84,Yes
A0159,P004,Not Owned,0,,,,0,0,
A0159,P005,Not Owned,0,,,,0,0,
A0159,P006,Not Owned,0,,,,0,0,
A0159,P007,Owned,104954,2023-03-28,2025-03-17,Medium,67,60,Yes
A0159,P008,Owned,170627,2024-07-12,2027-06-27,Medium,74,86,No
A0165,P001,Not Owned,0,,,,0,0,
A0165,P002,Not Owned,0,,,,0,0,
A0165,P003,Not Owned,0,,,,0,0,
A0165,P004,Not Owned,0,,,,0,0,
A0165,P005,Not Owned,0,,,,0,0,
A0165,P006,Not Owned,0,,,,0,0,
A0165,P007,Not Owned,0,,,,0,0,
A0165,P008,Owned,146061,2023-07-03,2024-06-27,Low,79,75,No
A0167,P001,Not Owned,0,,,,0,0,
A0167,P002,Not Owned,0,,,,0,0,
A0167,P003,Not Owned,0,,,,0,0,
A0167,P004,Owned,123978,2025-02-26,2028-02-11,Medium,56,66,Yes
A0167,P005,Not Owned,0,,,,0,0,
A0167,P006,Not Owned,0,,,,0,0,
A0167,P007,Owned,85556,2025-03-09,2026-03-04,Low,84,85,Yes
A0167,P008,Not Owned,0,,,,0,0,
A0168,P001,Not Owned,0,,,,0,0,
A0168,P002,Not Owned,0,,,,0,0,
A0168,P003,Not Owned,0,,,,0,0,
A0168,P004,Owned,197936,2024-05-19,2026-05-09,Low,79,85,Yes
A0168,P005,Not Owned,0,,,,0,0,
A0168,P006,Not Owned,0,,,,0,0,
A0168,P007,Not Owned,0,,,,0,0,
A0168,P008,Owned,202234,2024-06-01,2026-05-22,Low,90,99,No
A0170,P001,Not Owned,0,,,,0,0,
A0170,P002,Not Owned,0,,,,0,0,
A0170,P003,Owned,102130,2024-05-20,2027-05-05,High,47,49,No
A0170,P004,Not Owned,0,,,,0,0,
A0170,P005,Owned,70802,2023-01-01,2024-12-21,Low,86,76,Yes
A0170,P006,Not Owned,0,,,,0,0,
A0170,P007,Not Owned,0,,,,0,0,
A0170,P008,Owned,70843,2024-10-02,2025-09-27,Medium,68,74,No
A0172,P001,Not Owned,0,,,,0,0,
A0172,P002,Not Owned,0,,,,0,0,
A0172,P003,Not Owned,0,,,,0,0,
A0172,P004,Not Owned,0,,,,0,0,
A0172,P005,Not Owned,0,,,,0,0,
A0172,P006,Owned,206489,2024-02-04,2026-01-24,Low,91,93,Yes
A0172,P007,Not Owned,0,,,,0,0,
A0172,P008,Not Owned,0,,,,0,0,
A0174,P001,Not Owned,0,,,,0,0,
A0174,P002,Not Owned,0,,,,0,0,
A0174,P003,Not Owned,0,,,,0,0,
A0174,P004,Not Owned,0,,,,0,0,
A0174,P005,Owned,54129,2024-11-20,2025-11-15,Medium,55,53,No
A0174,P006,Not Owned,0,,,,0,0,
A0174,P007,Not Owned,0,,,,0,0,
A0174,P008,Owned,89603,2023-12-17,2025-12-06,Medium,62,71,No
A0175,P001,Not Owned,0,,,,0,0,
A0175,P002,Not Owned,0,,,,0,0,
A0175,P003,Not Owned,0,,,,0,0,
A0175,P004,Owned,196683,2023-07-20,2024-07-14,Medium,67,72,Yes
A0175,P005,Not Owned,0,,,,0,0,
A0175,P006,Not Owned,0,,,,0,0,
A0175,P007,Owned,110890,2023-09-10,2026-08-25,High,53,43,No
A0175,P008,Not Owned,0,,,,0,0,
A0177,P001,Not Owned,0,,,,0,0,
A0177,P002,Owned,316417,2023-07-19,2026-07-03,Low,81,87,Yes
A0177,P003,Not Owned,0,,,,0,0,
A0177,P004,Owned,164752,2023-03-23,2026-03-07,Low,88,85,Yes
A0177,P005,Owned,165502,2023-07-11,2026-06-25,Low,93,80,Yes
A0177,P006,Not Owned,0,,,,0,0,
A0177,P007,Owned,125651,2023-12-18,2025-12-07,Medium,55,75,Yes
A0177,P008,Not Owned,0,,,,0,0,
A0181,P001,Not Owned,0,,,,0,0,
A0181,P002,Owned,234925,2023-08-16,2025-08-05,Low,78,68,Yes
A0181,P003,Owned,133652,2025-05-31,2028-05-15,High,51,43,No
A0181,P004,Owned,144068,2024-02-05,2026-01-25,Medium,68,79,Yes
A0181,P005,Owned,106353,2024-01-31,2027-01-15,Medium,65,66,Yes
A0181,P006,Not Owned,0,,,,0,0,
A0181,P007,Not Owned,0,,,,0,0,
A0181,P008,Not Owned,0,,,,0,0,
A0182,P001,Not Owned,0,,,,0,0,
A0182,P002,Not Owned,0,,,,0,0,
A0182,P003,Not Owned,0,,,,0,0,
A0182,P004,Not Owned,0,,,,0,0,
A0182,P005,Not Owned,0,,,,0,0,
A0182,P006,Owned,129299,2025-03-02,2028-02-15,Medium,63,65,Yes
A0182,P007,Not Owned,0,,,,0,0,
A0182,P008,Not Owned,0,,,,0,0,
A0183,P001,Not Owned,0,,,,0,0,
A0183,P002,Owned,319409,2025-04-24,2028-04-08,High,49,43,No
A0183,P003,Not Owned,0,,,,0,0,
A0183,P004,Not Owned,0,,,,0,0,
A0183,P005,Not Owned,0,,,,0,0,
A0183,P006,Owned,295250,2023-04-26,2025-04-15,Low,83,80,Yes
A0183,P007,Not Owned,0,,,,0,0,
A0183,P008,Not Owned,0,,,,0,0,
A0184,P001,Not Owned,0,,,,0,0,
A0184,P002,Not Owned,0,,,,0,0,
A0184,P003,Not Owned,0,,,,0,0,
A0184,P004,Not Owned,0,,,,0,0,
A0184,P005,Owned,59253,2025-03-23,2026-03-18,High,50,50,No
A0184,P006,Owned,133104,2023-08-04,2025-07-24,Medium,64,69,Yes
A0184,P007,Not Owned,0,,,,0,0,
A0184,P008,Not Owned,0,,,,0,0,
A0186,P001,Not Owned,0,,,,0,0,
A0186,P002,Not Owned,0,,,,0,0,
A0186,P003,Not Owned,0,,,,0,0,
A0186,P004,Not Owned,0,,,,0,0,
A0186,P005,Not Owned,0,,,,0,0,
A0186,P006,Owned,103785,2023-08-10,2026-07-25,Medium,56,59,No
A0186,P007,Not Owned,0,,,,0,0,
A0186,P008,Not Owned,0,,,,0,0,
A0188,P001,Not Owned,0,,,,0,0,
A0188,P002,Not Owned,0,,,,0,0,
A0188,P003,Not Owned,0,,,,0,0,
A0188,P004,Owned,99102,2024-05-02,2027-04-17,Low,78,89,Yes
A0188,P005,Not Owned,0,,,,0,0,
A0188,P006,Not Owned,0,,,,0,0,
A0188,P007,Not Owned,0,,,,0,0,
A0188,P008,Not Owned,0,,,,0,0,
A0193,P001,Owned,142557,2024-09-27,2026-09-17,High,54,62,Yes
A0193,P002,Not Owned,0,,,,0,0,
A0193,P003,Not Owned,0,,,,0,0,
A0193,P004,Not Owned,0,,,,0,0,
A0193,P005,Not Owned,0,,,,0,0,
A0193,P006,Owned,202188,2024-10-20,2025-10-15,Medium,63,76,Yes
A0193,P007,Not Owned,0,,,,0,0,
A0193,P008,Not Owned,0,,,,0,0,
A0195,P001,Not Owned,0,,,,0,0,
A0195,P002,Not Owned,0,,,,0,0,
A0195,P003,Not Owned,0,,,,0,0,
A0195,P004,Not Owned,0,,,,0,0,
A0195,P005,Not Owned,0,,,,0,0,
A0195,P006,Owned,102635,2024-01-28,2027-01-12,Low,78,73,Yes
A0195,P007,Not Owned,0,,,,0,0,
A0195,P008,Not Owned,0,,,,0,0,
A0200,P001,Not Owned,0,,,,0,0,
A0200,P002,Owned,283346,2024-09-11,2027-08-27,High,53,53,No
A0200,P003,Not Owned,0,,,,0,0,
A0200,P004,Owned,179377,2023-08-29,2026-08-13,Low,78,77,Yes
A0200,P005,Owned,145515,2025-02-24,2027-02-14,Medium,70,72,Yes
A0200,P006,Owned,236184,2025-04-08,2027-03-29,Medium,71,74,Yes
A0200,P007,Owned,104575,2023-11-29,2026-11-13,Low,77,65,Yes
A0200,P008,Not Owned,0,,,,0,0,
A0205,P001,Not Owned,0,,,,0,0,
A0205,P002,Not Owned,0,,,,0,0,
A0205,P003,Owned,180872,2023-05-22,2025-05-11,Low,90,96,Yes
A0205,P004,Not Owned,0,,,,0,0,
A0205,P005,Owned,98858,2023-12-12,2026-11-26,Low,87,84,Yes
A0205,P006,Not Owned,0,,,,0,0,
A0205,P007,Not Owned,0,,,,0,0,
A0205,P008,Not Owned,0,,,,0,0,
A0207,P001,Not Owned,0,,,,0,0,
A0207,P002,Not Owned,0,,,,0,0,
A0207,P003,Owned,110675,2023-11-21,2026-11-05,Low,84,95,Yes
A0207,P004,Not Owned,0,,,,0,0,
A0207,P005,Not Owned,0,,,,0,0,
A0207,P006,Not Owned,0,,,,0,0,
A0207,P007,Owned,53868,2024-05-29,2025-05-24,Medium,64,80,Yes
A0207,P008,Not Owned,0,,,,0,0,
A0209,P001,Owned,272721,2023-02-13,2024-02-08,Medium,64,59,No
A0209,P002,Owned,262841,2023-08-24,2026-08-08,Low,86,88,Yes
A0209,P003,Owned,191373,2024-10-20,2025-10-15,Medium,65,62,Yes
A0209,P004,Not Owned,0,,,,0,0,
A0209,P005,Not Owned,0,,,,0,0,
A0209,P006,Owned,289513,2023-03-12,2024-03-06,High,45,40,No
A0209,P007,Owned,127560,2024-10-10,2027-09-25,Medium,72,80,Yes
A0209,P008,Not Owned,0,,,,0,0,
A0212,P001,Not Owned,0,,,,0,0,
A0212,P002,Not Owned,0,,,,0,0,
A0212,P003,Owned,83606,2023-11-07,2025-10-27,Low,78,70,Yes
A0212,P004,Not Owned,0,,,,0,0,
A0212,P005,Not Owned,0,,,,0,0,
A0212,P006,Owned,121486,2025-01-03,2026-12-24,High,54,52,No
A0212,P007,Not Owned,0,,,,0,0,
A0212,P008,Not Owned,0,,,,0,0,
A0213,P001,Not Owned,0,,,,0,0,
A0213,P002,Not Owned,0,,,,0,0,
A0213,P003,Not Owned,0,,,,0,0,
A0213,P004,Owned,86365,2024-10-14,2026-10-04,Low,91,99,Yes
A0213,P005,Not Owned,0,,,,0,0,
A0213,P006,Not Owned,0,,,,0,0,
A0213,P007,Not Owned,0,,,,0,0,
A0213,P008,Owned,69686,2023-01-07,2024-01-02,Medium,68,64,No
A0217,P001,Not Owned,0,,,,0,0,
A0217,P002,Owned,241476,2023-03-13,2026-02-25,Medium,58,59,No
A0217,P003,Owned,161047,2025-04-15,2026-04-10,Low,92,87,Yes
A0217,P004,Not Owned,0,,,,0,0,
A0217,P005,Not Owned,0,,,,0,0,
A0217,P006,Not Owned,0,,,,0,0,
A0217,P007,Owned,80361,2025-05-06,2026-05-01,High,53,54,No
A0217,P008,Owned,146293,2023-01-08,2025-12-23,Medium,64,68,No
A0218,P001,Owned,142009,2023-04-03,2026-03-18,Medium,60,52,No
A0218,P002,Not Owned,0,,,,0,0,
A0218,P003,Not Owned,0,,,,0,0,
A0218,P004,Owned,124418,2024-07-20,2026-07-10,Medium,67,71,Yes
A0218,P005,Not Owned,0,,,,0,0,
A0218,P006,Owned,152662,2023-06-19,2025-06-08,Medium,70,66,Yes
A0218,P007,Not Owned,0,,,,0,0,
A0218,P008,Not Owned,0,,,,0,0,
A0220,P001,Not Owned,0,,,,0,0,
A0220,P002,Not Owned,0,,,,0,0,
A0220,P003,Owned,157117,2023-11-25,2025-11-14,Low,92,91,Yes
A0220,P004,Not Owned,0,,,,0,0,
A0220,P005,Not Owned,0,,,,0,0,
A0220,P006,Not Owned,0,,,,0,0,
A0220,P007,Not Owned,0,,,,0,0,
A0220,P008,Owned,152978,2024-07-29,2027-07-14,Medium,62,54,No
A0224,P001,Owned,147676,2025-04-16,2028-03-31,Low,92,92,Yes
A0224,P002,Owned,201537,2024-11-04,2027-10-20,Medium,60,58,No
A0224,P003,Owned,161421,2023-07-06,2026-06-20,Medium,73,65,Yes
A0224,P004,Not Owned,0,,,,0,0,
A0224,P005,Owned,124628,2024-10-22,2026-10-12,Medium,56,67,Yes
A0224,P006,Not Owned,0,,,,0,0,
A0224,P007,Not Owned,0,,,,0,0,
A0224,P008,Not Owned,0,,,,0,0,
A0226,P001,Not Owned,0,,,,0,0,
A0226,P002,Not Owned,0,,,,0,0,
A0226,P003,Not Owned,0,,,,0,0,
A0226,P004,Owned,102843,2024-11-02,2027-10-18,Medium,56,60,Yes
A0226,P005,Not Owned,0,,,,0,0,
A0226,P006,Not Owned,0,,,,0,0,
A0226,P007,Not Owned,0,,,,0,0,
A0226,P008,Not Owned,0,,,,0,0,
A0228,P001,Owned,244278,2024-08-03,2027-07-19,Medium,58,57,No
A0228,P002,Owned,326079,2025-01-20,2027-01-10,Medium,65,48,No
A0228,P003,Owned,226596,2024-08-22,2025-08-17,Low,85,81,Yes
A0228,P004,Not Owned,0,,,,0,0,
A0228,P005,Owned,122418,2023-06-20,2025-06-09,Low,86,95,Yes
A0228,P006,Owned,239438,2023-09-08,2026-08-23,Low,79,81,Yes
A0228,P007,Not Owned,0,,,,0,0,
A0228,P008,Not Owned,0,,,,0,0,
A0233,P001,Owned,258055,2024-04-19,2027-04-04,Low,92,99,Yes
A0233,P002,Not Owned,0,,,,0,0,
A0233,P003,Not Owned,0,,,,0,0,
A0233,P004,Owned,218178,2023-08-13,2024-08-07,Medium,70,65,Yes
A0233,P005,Not Owned,0,,,,0,0,
A0233,P006,Not Owned,0,,,,0,0,
A0233,P007,Owned,130003,2023-09-25,2025-09-14,Low,81,99,Yes
A0233,P008,Not Owned,0,,,,0,0,
A0234,P001,Not Owned,0,,,,0,0,
A0234,P002,Not Owned,0,,,,0,0,
A0234,P003,Not Owned,0,,,,0,0,
A0234,P004,Not Owned,0,,,,0,0,
A0234,P005,Owned,71928,2023-07-04,2025-06-23,Low,83,90,Yes
A0234,P006,Owned,114683,2023-07-11,2026-06-25,Medium,56,41,No
A0234,P007,Not Owned,0,,,,0,0,
A0234,P008,Owned,78887,2023-06-15,2024-06-09,Medium,66,66,No
A0237,P001,Not Owned,0,,,,0,0,
A0237,P002,Not Owned,0,,,,0,0,
A0237,P003,Not Owned,0,,,,0,0,
A0237,P004,Not Owned,0,,,,0,0,
A0237,P005,Not Owned,0,,,,0,0,
A0237,P006,Owned,99648,2024-05-17,2027-05-02,Medium,65,82,Yes
A0237,P007,Not Owned,0,,,,0,0,
A0237,P008,Owned,69324,2024-07-25,2027-07-10,Medium,60,61,No
A0238,P001,Not Owned,0,,,,0,0,
A0238,P002,Owned,301543,2025-01-13,2026-01-08,Low,80,81,Yes
A0238,P003,Owned,187357,2023-02-08,2024-02-03,Medium,61,61,Yes
A0238,P004,Owned,212845,2024-12-03,2026-11-23,Low,78,68,Yes
A0238,P005,Not Owned,0,,,,0,0,
A0238,P006,Not Owned,0,,,,0,0,
A0238,P007,Not Owned,0,,,,0,0,
A0238,P008,Owned,174146,2025-06-03,2028-05-18,Medium,73,69,No
A0239,P001,Not Owned,0,,,,0,0,
A0239,P002,Not Owned,0,,,,0,0,
A0239,P003,Not Owned,0,,,,0,0,
A0239,P004,Not Owned,0,,,,0,0,
A0239,P005,Owned,99664,2023-08-31,2026-08-15,Low,79,83,Yes
A0239,P006,Owned,179903,2023-03-04,2024-02-27,Medium,57,78,Yes
A0239,P007,Not Owned,0,,,,0,0,
A0239,P008,Owned,115686,2024-02-02,2027-01-17,High,50,52,No
A0241,P001,Owned,146032,2025-05-05,2026-04-30,Medium,58,65,Yes
A0241,P002,Not Owned,0,,,,0,0,
A0241,P003,Not Owned,0,,,,0,0,
A0241,P004,Owned,164415,2023-04-06,2024-03-31,Low,94,86,Yes
A0241,P005,Not Owned,0,,,,0,0,
A0241,P006,Owned,161862,2024-08-14,2025-08-09,Low,94,99,Yes
A0241,P007,Not Owned,0,,,,0,0,
A0241,P008,Not Owned,0,,,,0,0,
A0243,P001,Owned,155169,2023-10-11,2026-09-25,Low,92,83,Yes
A0243,P002,Not Owned,0,,,,0,0,
A0243,P003,Owned,159061,2023-02-28,2026-02-12,Medium,57,65,Yes
A0243,P004,Not Owned,0,,,,0,0,
A0243,P005,Not Owned,0,,,,0,0,
A0243,P006,Not Owned,0,,,,0,0,
A0243,P007,Not Owned,0,,,,0,0,
A0243,P008,Owned,153934,2023-03-26,2024-03-20,Low,88,82,No
A0245,P001,Owned,151467,2023-02-19,2026-02-03,High,54,53,No
A0245,P002,Owned,177696,2025-06-06,2028-05-21,Low,89,85,Yes
A0245,P003,Not Owned,0,,,,0,0,
A0245,P004,Not Owned,0,,,,0,0,
A0245,P005,Owned,124618,2024-02-24,2026-02-13,Low,93,91,Yes
A0245,P006,Not Owned,0,,,,0,0,
A0245,P007,Not Owned,0,,,,0,0,
A0245,P008,Not Owned,0,,,,0,0,
A0246,P001,Owned,228100,2023-05-13,2024-05-07,High,47,44,No
A0246,P002,Owned,235548,2025-01-08,2026-01-03,Medium,73,77,Yes
A0246,P003,Not Owned,0,,,,0,0,
A0246,P004,Owned,207767,2024-06-25,2026-06-15,Medium,60,65,Yes
A0246,P005,Not Owned,0,,,,0,0,
A0246,P006,Not Owned,0,,,,0,0,
A0246,P007,Owned,111498,2024-09-29,2027-09-14,Low,91,92,Yes
A0246,P008,Not Owned,0,,,,0,0,
A0247,P001,Not Owned,0,,,,0,0,
A0247,P002,Not Owned,0,,,,0,0,
A0247,P003,Owned,140246,2023-01-14,2025-12-29,Medium,56,62,Yes
A0247,P004,Not Owned,0,,,,0,0,
A0247,P005,Not Owned,0,,,,0,0,
A0247,P006,Not Owned,0,,,,0,0,
A0247,P007,Owned,92196,2025-06-16,2028-05-31,Medium,64,64,Yes
A0247,P008,Not Owned,0,,,,0,0,
A0248,P001,Not Owned,0,,,,0,0,
A0248,P002,Owned,108383,2023-10-19,2024-10-13,Low,95,91,Yes
A0248,P003,Not Owned,0,,,,0,0,
A0248,P004,Not Owned,0,,,,0,0,
A0248,P005,Owned,67609,2024-02-09,2027-01-24,Low,78,82,Yes
A0248,P006,Not Owned,0,,,,0,0,
A0248,P007,Not Owned,0,,,,0,0,
A0248,P008,Not Owned,0,,,,0,0,
A0249,P001,Not Owned,0,,,,0,0,
A0249,P002,Not Owned,0,,,,0,0,
A0249,P003,Not Owned,0,,,,0,0,
A0249,P004,Not Owned,0,,,,0,0,
A0249,P005,Not Owned,0,,,,0,0,
A0249,P006,Owned,223154,2023-06-03,2026-05-18,Medium,63,68,Yes
A0249,P007,Not Owned,0,,,,0,0,
A0249,P008,Not Owned,0,,,,0,0,
A0250,P001,Owned,198253,2023-07-18,2026-07-02,Medium,68,75,Yes
A0250,P002,Not Owned,0,,,,0,0,
A0250,P003,Not Owned,0,,,,0,0,
A0250,P004,Not Owned,0,,,,0,0,
A0250,P005,Not Owned,0,,,,0,0,
A0250,P006,Not Owned,0,,,,0,0,
A0250,P007,Owned,89442,2025-03-20,2026-03-15,Low,92,91,Yes
A0250,P008,Not Owned,0,,,,0,0,
A0252,P001,Owned,190831,2024-08-05,2027-07-21,Medium,67,75,Yes
A0252,P002,Owned,204997,2023-01-18,2024-01-13,Medium,59,67,Yes
A0252,P003,Not Owned,0,,,,0,0,
A0252,P004,Not Owned,0,,,,0,0,
A0252,P005,Not Owned,0,,,,0,0,
A0252,P006,Not Owned,0,,,,0,0,
A0252,P007,Owned,111094,2023-05-02,2024-04-26,Medium,62,68,Yes
A0252,P008,Not Owned,0,,,,0,0,
A0256,P001,Not Owned,0,,,,0,0,
A0256,P002,Not Owned,0,,,,0,0,
A0256,P003,Not Owned,0,,,,0,0,
A0256,P004,Owned,130103,2023-05-14,2024-05-08,High,46,63,Yes
A0256,P005,Not Owned,0,,,,0,0,
A0256,P006,Owned,169968,2023-03-18,2026-03-02,Low,94,96,Yes
A0256,P007,Not Owned,0,,,,0,0,
A0256,P008,Not Owned,0,,,,0,0,
A0257,P001,Owned,149944,2024-09-20,2025-09-15,Low,75,78,Yes
A0257,P002,Not Owned,0,,,,0,0,
A0257,P003,Not Owned,0,,,,0,0,
A0257,P004,Owned,125900,2024-05-21,2026-05-11,High,48,53,No
A0257,P005,Not Owned,0,,,,0,0,
A0257,P006,Not Owned,0,,,,0,0,
A0257,P007,Not Owned,0,,,,0,0,
A0257,P008,Not Owned,0,,,,0,0,
A0259,P001,Not Owned,0,,,,0,0,
A0259,P002,Owned,125053,2025-06-01,2028-05-16,High,46,55,No
A0259,P003,Not Owned,0,,,,0,0,
A0259,P004,Not Owned,0,,,,0,0,
A0259,P005,Not Owned,0,,,,0,0,
A0259,P006,Not Owned,0,,,,0,0,
A0259,P007,Not Owned,0,,,,0,0,
A0259,P008,Not Owned,0,,,,0,0,
A0262,P001,Not Owned,0,,,,0,0,
A0262,P002,Owned,234255,2024-06-27,2027-06-12,High,51,47,No
A0262,P003,Owned,180962,2025-04-27,2028-04-11,Low,85,90,Yes
A0262,P004,Not Owned,0,,,,0,0,
A0262,P005,Not Owned,0,,,,0,0,
A0262,P006,Not Owned,0,,,,0,0,
A0262,P007,Not Owned,0,,,,0,0,
A0262,P008,Not Owned,0,,,,0,0,
A0263,P001,Not Owned,0,,,,0,0,
A0263,P002,Not Owned,0,,,,0,0,
A0263,P003,Owned,174295,2023-03-02,2024-02-25,High,46,32,No
A0263,P004,Owned,182692,2024-05-23,2027-05-08,Low,94,82,Yes
A0263,P005,Not Owned,0,,,,0,0,
A0263,P006,Owned,266831,2024-01-13,2026-01-02,Low,95,93,Yes
A0263,P007,Owned,123643,2024-11-24,2026-11-14,Medium,68,70,Yes
A0263,P008,Not Owned,0,,,,0,0,
A0267,P001,Not Owned,0,,,,0,0,
A0267,P002,Owned,185253,2025-05-11,2026-05-06,High,53,56,No
A0267,P003,Owned,154267,2023-04-24,2024-04-18,Low,80,74,Yes
A0267,P004,Not Owned,0,,,,0,0,
A0267,P005,Not Owned,0,,,,0,0,
A0267,P006,Not Owned,0,,,,0,0,
A0267,P007,Not Owned,0,,,,0,0,
A0267,P008,Not Owned,0,,,,0,0,
A0268,P001,Not Owned,0,,,,0,0,
A0268,P002,Owned,307445,2023-05-06,2024-04-30,Medium,58,75,Yes
A0268,P003,Not Owned,0,,,,0,0,
A0268,P004,Not Owned,0,,,,0,0,
A0268,P005,Not Owned,0,,,,0,0,
A0268,P006,Not Owned,0,,,,0,0,
A0268,P007,Owned,140989,2024-07-21,2025-07-16,High,51,53,No
A0268,P008,Not Owned,0,,,,0,0,
A0269,P001,Not Owned,0,,,,0,0,
A0269,P002,Not Owned,0,,,,0,0,
A0269,P003,Not Owned,0,,,,0,0,
A0269,P004,Not Owned,0,,,,0,0,
A0269,P005,Owned,72924,2023-04-03,2025-03-23,Medium,55,52,No
A0269,P006,Not Owned,0,,,,0,0,
A0269,P007,Not Owned,0,,,,0,0,
A0269,P008,Not Owned,0,,,,0,0,
A0270,P001,Not Owned,0,,,,0,0,
A0270,P002,Owned,230418,2024-11-17,2026-11-07,Medium,73,74,Yes
A0270,P003,Not Owned,0,,,,0,0,
A0270,P004,Not Owned,0,,,,0,0,
A0270,P005,Not Owned,0,,,,0,0,
A0270,P006,Not Owned,0,,,,0,0,
A0270,P007,Not Owned,0,,,,0,0,
A0270,P008,Not Owned,0,,,,0,0,
A0272,P001,Owned,126076,2023-04-21,2025-04-10,Low,90,93,Yes
A0272,P002,Not Owned,0,,,,0,0,
A0272,P003,Not Owned,0,,,,0,0,
A0272,P004,Not Owned,0,,,,0,0,
A0272,P005,Not Owned,0,,,,0,0,
A0272,P006,Not Owned,0,,,,0,0,
A0272,P007,Not Owned,0,,,,0,0,
A0272,P008,Not Owned,0,,,,0,0,
A0277,P001,Not Owned,0,,,,0,0,
A0277,P002,Not Owned,0,,,,0,0,
A0277,P003,Not Owned,0,,,,0,0,
A0277,P004,Owned,74361,2023-02-25,2025-02-14,Low,90,91,Yes
A0277,P005,Not Owned,0,,,,0,0,
A0277,P006,Not Owned,0,,,,0,0,
A0277,P007,Owned,52512,2023-03-23,2024-03-17,Medium,63,56,No
A0277,P008,Not Owned,0,,,,0,0,
A0283,P001,Not Owned,0,,,,0,0,
A0283,P002,Owned,229507,2023-06-29,2024-06-23,Low,90,97,Yes
A0283,P003,Not Owned,0,,,,0,0,
A0283,P004,Not Owned,0,,,,0,0,
A0283,P005,Owned,93007,2023-01-18,2026-01-02,Medium,72,76,Yes
A0283,P006,Not Owned,0,,,,0,0,
A0283,P007,Not Owned,0,,,,0,0,
A0283,P008,Not Owned,0,,,,0,0,
A0287,P001,Not Owned,0,,,,0,0,
A0287,P002,Not Owned,0,,,,0,0,
A0287,P003,Not Owned,0,,,,0,0,
A0287,P004,Owned,136670,2024-03-15,2027-02-28,Medium,61,69,Yes
A0287,P005,Not Owned,0,,,,0,0,
A0287,P006,Owned,187398,2023-07-29,2024-07-23,Low,80,85,Yes
A0287,P007,Not Owned,0,,,,0,0,
A0287,P008,Not Owned,0,,,,0,0,
A0289,P001,Not Owned,0,,,,0,0,
A0289,P002,Not Owned,0,,,,0,0,
A0289,P003,Not Owned,0,,,,0,0,
A0289,P004,Owned,121803,2025-04-09,2027-03-30,Medium,61,61,Yes
A0289,P005,Owned,119576,2024-02-08,2026-01-28,High,54,63,Yes
A0289,P006,Not Owned,0,,,,0,0,
A0289,P007,Not Owned,0,,,,0,0,
A0289,P008,Owned,130275,2025-04-30,2026-04-25,Low,89,94,No
A0292,P001,Owned,130888,2024-02-17,2026-02-06,Medium,72,88,Yes
A0292,P002,Not Owned,0,,,,0,0,
A0292,P003,Not Owned,0,,,,0,0,
A0292,P004,Not Owned,0,,,,0,0,
A0292,P005,Not Owned,0,,,,0,0,
A0292,P006,Not Owned,0,,,,0,0,
A0292,P007,Owned,61674,2023-01-26,2024-01-21,Low,95,99,Yes
A0292,P008,Owned,68634,2024-04-02,2027-03-18,Low,76,73,No
A0296,P001,Owned,251574,2024-08-22,2025-08-17,Low,79,75,Yes
A0296,P002,Not Owned,0,,,,0,0,
A0296,P003,Not Owned,0,,,,0,0,
A0296,P004,Not Owned,0,,,,0,0,
A0296,P005,Not Owned,0,,,,0,0,
A0296,P006,Owned,279572,2024-07-19,2025-07-14,Low,90,78,Yes
A0296,P007,Not Owned,0,,,,0,0,
A0296,P008,Not Owned,0,,,,0,0,
A0297,P001,Owned,213834,2024-12-25,2025-12-20,Medium,65,60,Yes
A0297,P002,Not Owned,0,,,,0,0,
A0297,P003,Owned,237244,2023-02-13,2025-02-02,Low,84,82,Yes
A0297,P004,Not Owned,0,,,,0,0,
A0297,P005,Owned,147292,2024-10-24,2027-10-09,Low,76,74,Yes
A0297,P006,Not Owned,0,,,,0,0,
A0297,P007,Not Owned,0,,,,0,0,
A0297,P008,Owned,203185,2024-02-09,2027-01-24,Low,78,89,No
A0298,P001,Not Owned,0,,,,0,0,
A0298,P002,Not Owned,0,,,,0,0,
A0298,P003,Not Owned,0,,,,0,0,
A0298,P004,Owned,91249,2024-12-02,2025-11-27,Medium,71,70,Yes
A0298,P005,Not Owned,0,,,,0,0,
A0298,P006,Not Owned,0,,,,0,0,
A0298,P007,Not Owned,0,,,,0,0,
A0298,P008,Owned,77052,2024-07-23,2027-07-08,Medium,63,77,No
A0299,P001,Not Owned,0,,,,0,0,
A0299,P002,Owned,241704,2024-05-11,2026-05-01,Low,81,91,Yes
A0299,P003,Owned,143834,2023-08-27,2024-08-21,Low,93,90,Yes
A0299,P004,Owned,153840,2024-06-11,2027-05-27,Low,82,86,Yes
A0299,P005,Not Owned,0,,,,0,0,
A0299,P006,Not Owned,0,,,,0,0,
A0299,P007,Not Owned,0,,,,0,0,
A0299,P008,Owned,133843,2024-08-19,2027-08-04,High,52,60,No
A0302,P001,Not Owned,0,,,,0,0,
A0302,P002,Not Owned,0,,,,0,0,
A0302,P003,Not Owned,0,,,,0,0,
A0302,P004,Not Owned,0,,,,0,0,
A0302,P005,Owned,57416,2024-03-17,2027-03-02,High,53,52,No
A0302,P006,Not Owned,0,,,,0,0,
A0302,P007,Not Owned,0,,,,0,0,
A0302,P008,Not Owned,0,,,,0,0,
A0306,P001,Not Owned,0,,,,0,0,
A0306,P002,Not Owned,0,,,,0,0,
A0306,P003,Not Owned,0,,,,0,0,
A0306,P004,Not Owned,0,,,,0,0,
A0306,P005,Not Owned,0,,,,0,0,
A0306,P006,Not Owned,0,,,,0,0,
A0306,P007,Not Owned,0,,,,0,0,
A0306,P008,Owned,66559,2024-04-16,2027-04-01,Medium,55,61,No
A0308,P001,Owned,199492,2024-07-12,2025-07-07,Medium,60,65,Yes
A0308,P002,Not Owned,0,,,,0,0,
A0308,P003,Owned,202501,2024-12-19,2027-12-04,Low,81,71,Yes
A0308,P004,Not Owned,0,,,,0,0,
A0308,P005,Not Owned,0,,,,0,0,
A0308,P006,Owned,301870,2024-08-21,2026-08-11,High,54,53,No
A0308,P007,Owned,146193,2023-03-27,2025-03-16,High,46,44,No
A0308,P008,Not Owned,0,,,,0,0,
A0310,P001,Not Owned,0,,,,0,0,
A0310,P002,Not Owned,0,,,,0,0,
A0310,P003,Not Owned,0,,,,0,0,
A0310,P004,Not Owned,0,,,,0,0,
A0310,P005,Owned,86134,2025-04-20,2026-04-15,Low,79,69,Yes
A0310,P006,Owned,219186,2023-09-24,2025-09-13,Low,79,87,Yes
A0310,P007,Not Owned,0,,,,0,0,
A0310,P008,Owned,126565,2023-12-31,2026-12-15,Low,77,87,No
A0312,P001,Not Owned,0,,,,0,0,
A0312,P002,Not Owned,0,,,,0,0,
A0312,P003,Not Owned,0,,,,0,0,
A0312,P004,Owned,166843,2024-01-18,2026-01-07,High,45,42,No
A0312,P005,Owned,85933,2024-07-07,2025-07-02,Medium,71,70,Yes
A0312,P006,Not Owned,0,,,,0,0,
A0312,P007,Not Owned,0,,,,0,0,
A0312,P008,Owned,127729,2024-04-29,2027-04-14,High,50,52,No
A0315,P001,Not Owned,0,,,,0,0,
A0315,P002,Owned,212977,2023-04-04,2026-03-19,Low,87,82,Yes
A0315,P003,Owned,132523,2023-06-11,2026-05-26,Low,76,71,Yes
A0315,P004,Not Owned,0,,,,0,0,
A0315,P005,Not Owned,0,,,,0,0,
A0315,P006,Not Owned,0,,,,0,0,
A0315,P007,Not Owned,0,,,,0,0,
A0315,P008,Not Owned,0,,,,0,0,
A0316,P001,Not Owned,0,,,,0,0,
A0316,P002,Not Owned,0,,,,0,0,
A0316,P003,Not Owned,0,,,,0,0,
A0316,P004,Not Owned,0,,,,0,0,
A0316,P005,Owned,91098,2025-01-13,2027-01-03,Low,82,72,Yes
A0316,P006,Not Owned,0,,,,0,0,
A0316,P007,Owned,110152,2024-11-17,2026-11-07,Low,87,82,Yes
A0316,P008,Owned,133525,2023-08-23,2026-08-07,High,52,47,No
A0317,P001,Not Owned,0,,,,0,0,
A0317,P002,Owned,211793,2023-04-26,2025-04-15,Medium,72,88,Yes
A0317,P003,Not Owned,0,,,,0,0,
A0317,P004,Not Owned,0,,,,0,0,
A0317,P005,Not Owned,0,,,,0,0,
A0317,P006,Not Owned,0,,,,0,0,
A0317,P007,Owned,99077,2023-07-01,2025-06-20,Medium,63,67,Yes
A0317,P008,Not Owned,0,,,,0,0,
A0318,P001,Not Owned,0,,,,0,0,
A0318,P002,Not Owned,0,,,,0,0,
A0318,P003,Owned,150740,2023-04-20,2025-04-09,Low,82,86,Yes
A0318,P004,Owned,150145,2024-02-12,2025-02-06,Medium,63,49,No
A0318,P005,Not Owned,0,,,,0,0,
A0318,P006,Owned,197983,2024-09-11,2026-09-01,Low,89,79,Yes
A0318,P007,Not Owned,0,,,,0,0,
A0318,P008,Not Owned,0,,,,0,0,
A0319,P001,Not Owned,0,,,,0,0,
A0319,P002,Not Owned,0,,,,0,0,
A0319,P003,Owned,249891,2024-03-15,2025-03-10,Medium,62,50,No
A0319,P004,Owned,186227,2023-11-16,2024-11-10,High,49,44,No
A0319,P005,Not Owned,0,,,,0,0,
A0319,P006,Owned,236891,2024-01-31,2025-01-25,Medium,55,56,No
A0319,P007,Not Owned,0,,,,0,0,
A0319,P008,Not Owned,0,,,,0,0,
A0320,P001,Not Owned,0,,,,0,0,
A0320,P002,Owned,208705,2023-05-09,2024-05-03,Low,77,96,Yes
A0320,P003,Owned,175660,2023-09-30,2026-09-14,Medium,70,65,Yes
A0320,P004,Owned,142565,2024-05-28,2025-05-23,Low,84,92,Yes
A0320,P005,Owned,125649,2024-02-09,2026-01-29,High,54,56,No
A0320,P006,Owned,223787,2025-02-09,2028-01-25,Medium,73,70,Yes
A0320,P007,Not Owned,0,,,,0,0,
A0320,P008,Not Owned,0,,,,0,0,
A0321,P001,Not Owned,0,,,,0,0,
A0321,P002,Owned,172204,2023-03-17,2024-03-11,High,52,50,No
A0321,P003,Not Owned,0,,,,0,0,
A0321,P004,Not Owned,0,,,,0,0,
A0321,P005,Not Owned,0,,,,0,0,
A0321,P006,Not Owned,0,,,,0,0,
A0321,P007,Not Owned,0,,,,0,0,
A0321,P008,Not Owned,0,,,,0,0,
A0324,P001,Not Owned,0,,,,0,0,
A0324,P002,Not Owned,0,,,,0,0,
A0324,P003,Owned,105410,2024-09-06,2027-08-22,Medium,55,71,Yes
A0324,P004,Owned,95549,2023-04-21,2024-04-15,Medium,58,57,No
A0324,P005,Not Owned,0,,,,0,0,
A0324,P006,Not Owned,0,,,,0,0,
A0324,P007,Not Owned,0,,,,0,0,
A0324,P008,Not Owned,0,,,,0,0,
A0333,P001,Owned,165029,2023-09-12,2024-09-06,Medium,61,56,No
A0333,P002,Not Owned,0,,,,0,0,
A0333,P003,Not Owned,0,,,,0,0,
A0333,P004,Not Owned,0,,,,0,0,
A0333,P005,Not Owned,0,,,,0,0,
A0333,P006,Not Owned,0,,,,0,0,
A0333,P007,Owned,90182,2025-03-09,2028-02-22,High,46,54,No
A0333,P008,Not Owned,0,,,,0,0,
A0336,P001,Not Owned,0,,,,0,0,
A0336,P002,Not Owned,0,,,,0,0,
A0336,P003,Owned,136287,2023-05-08,2026-04-22,High,51,40,No
A0336,P004,Owned,161351,2024-12-14,2026-12-04,Medium,62,67,Yes
A0336,P005,Not Owned,0,,,,0,0,
A0336,P006,Owned,152959,2024-08-03,2026-07-24,Medium,70,75,Yes
A0336,P007,Owned,102684,2025-02-04,2026-01-30,Low,94,86,Yes
A0336,P008,Not Owned,0,,,,0,0,
A0337,P001,Not Owned,0,,,,0,0,
A0337,P002,Not Owned,0,,,,0,0,
A0337,P003,Not Owned,0,,,,0,0,
A0337,P004,Not Owned,0,,,,0,0,
A0337,P005,Owned,107153,2025-02-10,2028-01-26,Low,85,94,Yes
A0337,P006,Not Owned,0,,,,0,0,
A0337,P007,Not Owned,0,,,,0,0,
A0337,P008,Owned,149652,2023-01-03,2024-12-23,Medium,74,76,No
A0343,P001,Owned,146943,2023-10-05,2025-09-24,Low,78,80,Yes
A0343,P002,Not Owned,0,,,,0,0,
A0343,P003,Owned,141369,2023-12-01,2026-11-15,Medium,56,52,No
A0343,P004,Not Owned,0,,,,0,0,
A0343,P005,Not Owned,0,,,,0,0,
A0343,P006,Not Owned,0,,,,0,0,
A0343,P007,Not Owned,0,,,,0,0,
A0343,P008,Owned,150237,2024-10-03,2026-09-23,Medium,61,50,No
A0345,P001,Not Owned,0,,,,0,0,
A0345,P002,Not Owned,0,,,,0,0,
A0345,P003,Not Owned,0,,,,0,0,
A0345,P004,Owned,166994,2024-02-10,2027-01-25,Low,84,80,Yes
A0345,P005,Not Owned,0,,,,0,0,
A0345,P006,Owned,191327,2023-11-16,2026-10-31,Medium,69,57,No
A0345,P007,Not Owned,0,,,,0,0,
A0345,P008,Not Owned,0,,,,0,0,
A0348,P001,Not Owned,0,,,,0,0,
A0348,P002,Not Owned,0,,,,0,0,
A0348,P003,Owned,253518,2025-04-02,2028-03-17,High,48,42,No
A0348,P004,Not Owned,0,,,,0,0,
A0348,P005,Owned,120564,2024-09-20,2025-09-15,Low,91,86,Yes
A0348,P006,Owned,287165,2025-03-10,2027-02-28,Medium,68,65,Yes
A0348,P007,Owned,113901,2024-01-26,2027-01-10,High,47,45,No
A0348,P008,Not Owned,0,,,,0,0,
A0352,P001,Owned,268074,2024-07-04,2027-06-19,Medium,70,72,Yes
A0352,P002,Owned,244899,2023-11-18,2024-11-12,Medium,71,82,Yes
A0352,P003,Not Owned,0,,,,0,0,
A0352,P004,Not Owned,0,,,,0,0,
A0352,P005,Not Owned,0,,,,0,0,
A0352,P006,Not Owned,0,,,,0,0,
A0352,P007,Not Owned,0,,,,0,0,
A0352,P008,Not Owned,0,,,,0,0,
A0354,P001,Not Owned,0,,,,0,0,
A0354,P002,Not Owned,0,,,,0,0,
A0354,P003,Not Owned,0,,,,0,0,
A0354,P004,Not Owned,0,,,,0,0,
A0354,P005,Owned,61628,2024-09-05,2025-08-31,Medium,69,67,Yes
A0354,P006,Not Owned,0,,,,0,0,
A0354,P007,Not Owned,0,,,,0,0,
A0354,P008,Not Owned,0,,,,0,0,
A0357,P001,Owned,114225,2024-10-28,2027-10-13,Medium,64,66,Yes
A0357,P002,Not Owned,0,,,,0,0,
A0357,P003,Not Owned,0,,,,0,0,
A0357,P004,Not Owned,0,,,,0,0,
A0357,P005,Not Owned,0,,,,0,0,
A0357,P006,Not Owned,0,,,,0,0,
A0357,P007,Not Owned,0,,,,0,0,
A0357,P008,Owned,95713,2023-09-14,2024-09-08,High,48,41,No
A0358,P001,Not Owned,0,,,,0,0,
A0358,P002,Not Owned,0,,,,0,0,
A0358,P003,Not Owned,0,,,,0,0,
A0358,P004,Not Owned,0,,,,0,0,
A0358,P005,Not Owned,0,,,,0,0,
A0358,P006,Not Owned,0,,,,0,0,
A0358,P007,Owned,70240,2024-11-29,2026-11-19,Low,95,99,Yes
A0358,P008,Not Owned,0,,,,0,0,
A0362,P001,Not Owned,0,,,,0,0,
A0362,P002,Not Owned,0,,,,0,0,
A0362,P003,Not Owned,0,,,,0,0,
A0362,P004,Owned,115920,2025-03-19,2027-03-09,Medium,61,51,No
A0362,P005,Not Owned,0,,,,0,0,
A0362,P006,Not Owned,0,,,,0,0,
A0362,P007,Owned,81395,2025-04-19,2027-04-09,Medium,65,58,No
A0362,P008,Owned,141997,2023-12-15,2026-11-29,High,46,49,No
A0363,P001,Not Owned,0,,,,0,0,
A0363,P002,Not Owned,0,,,,0,0,
A0363,P003,Owned,252335,2023-07-16,2026-06-30,Low,83,87,Yes
A0363,P004,Not Owned,0,,,,0,0,
A0363,P005,Owned,162212,2024-01-14,2026-01-03,Medium,70,70,Yes
A0363,P006,Not Owned,0,,,,0,0,
A0363,P007,Owned,145123,2025-03-13,2026-03-08,Low,85,88,Yes
A0363,P008,Not Owned,0,,,,0,0,
A0364,P001,Owned,246789,2023-12-22,2024-12-16,High,48,55,No
A0364,P002,Not Owned,0,,,,0,0,
A0364,P003,Owned,172351,2024-11-22,2026-11-12,Medium,55,57,No
A0364,P004,Owned,163840,2023-07-05,2025-06-24,Medium,72,68,Yes
A0364,P005,Not Owned,0,,,,0,0,
A0364,P006,Not Owned,0,,,,0,0,
A0364,P007,Not Owned,0,,,,0,0,
A0364,P008,Owned,205577,2024-05-04,2027-04-19,Low,87,79,No
A0365,P001,Not Owned,0,,,,0,0,
A0365,P002,Owned,104718,2023-03-22,2024-03-16,Medium,62,63,Yes
A0365,P003,Not Owned,0,,,,0,0,
A0365,P004,Owned,95355,2023-04-13,2024-04-07,Medium,68,81,Yes
A0365,P005,Not Owned,0,,,,0,0,
A0365,P006,Not Owned,0,,,,0,0,
A0365,P007,Not Owned,0,,,,0,0,
A0365,P008,Not Owned,0,,,,0,0,
A0366,P001,Not Owned,0,,,,0,0,
A0366,P002,Not Owned,0,,,,0,0,
A0366,P003,Not Owned,0,,,,0,0,
A0366,P004,Not Owned,0,,,,0,0,
A0366,P005,Owned,69709,2023-03-03,2024-02-26,Low,93,84,Yes
A0366,P006,Not Owned,0,,,,0,0,
A0366,P007,Owned,68070,2024-07-03,2025-06-28,High,51,41,No
A0366,P008,Owned,77491,2024-12-29,2026-12-19,Low,80,81,No
A0368,P001,Not Owned,0,,,,0,0,
A0368,P002,Owned,112033,2024-09-01,2026-08-22,Medium,73,88,Yes
A0368,P003,Not Owned,0,,,,0,0,
A0368,P004,Not Owned,0,,,,0,0,
A0368,P005,Not Owned,0,,,,0,0,
A0368,P006,Not Owned,0,,,,0,0,
A0368,P007,Not Owned,0,,,,0,0,
A0368,P008,Not Owned,0,,,,0,0,
A0370,P001,Not Owned,0,,,,0,0,
A0370,P002,Owned,228823,2025-05-23,2026-05-18,Low,85,77,Yes
A0370,P003,Not Owned,0,,,,0,0,
A0370,P004,Owned,157981,2023-03-19,2024-03-13,Low,91,94,Yes
A0370,P005,Owned,93311,2023-09-15,2024-09-09,Low,92,95,Yes
A0370,P006,Not Owned,0,,,,0,0,
A0370,P007,Owned,103397,2024-05-05,2026-04-25,Medium,59,47,No
A0370,P008,Not Owned,0,,,,0,0,
A0376,P001,Owned,281204,2024-10-12,2025-10-07,Medium,68,73,Yes
A0376,P002,Not Owned,0,,,,0,0,
A0376,P003,Owned,253895,2024-06-10,2025-06-05,Medium,64,72,Yes
A0376,P004,Owned,204206,2023-08-27,2026-08-11,Medium,65,73,Yes
A0376,P005,Owned,163418,2024-01-06,2025-12-26,High,48,66,Yes
A0376,P006,Not Owned,0,,,,0,0,
A0376,P007,Not Owned,0,,,,0,0,
A0376,P008,Not Owned,0,,,,0,0,
A0379,P001,Not Owned,0,,,,0,0,
A0379,P002,Not Owned,0,,,,0,0,
A0379,P003,Owned,167807,2023-12-13,2026-11-27,High,54,57,No
A0379,P004,Not Owned,0,,,,0,0,
A0379,P005,Not Owned,0,,,,0,0,
A0379,P006,Owned,214902,2025-05-15,2026-05-10,High,52,55,No
A0379,P007,Not Owned,0,,,,0,0,
A0379,P008,Not Owned,0,,,,0,0,
A0380,P001,Not Owned,0,,,,0,0,
A0380,P002,Not Owned,0,,,,0,0,
A0380,P003,Owned,174833,2025-01-18,2027-01-08,Low,88,92,Yes
A0380,P004,Not Owned,0,,,,0,0,
A0380,P005,Owned,123789,2025-01-21,2026-01-16,Medium,73,60,Yes
A0380,P006,Owned,207121,2023-09-06,2026-08-21,Medium,63,68,Yes
A0380,P007,Not Owned,0,,,,0,0,
A0380,P008,Owned,136370,2024-11-25,2027-11-10,Medium,55,53,No
A0387,P001,Owned,203394,2023-12-29,2026-12-13,High,45,45,No
A0387,P002,Owned,217756,2023-03-04,2024-02-27,Low,83,87,Yes
A0387,P003,Not Owned,0,,,,0,0,
A0387,P004,Not Owned,0,,,,0,0,
A0387,P005,Not Owned,0,,,,0,0,
A0387,P006,Owned,211725,2023-09-19,2025-09-08,Low,90,69,Yes
A0387,P007,Owned,98820,2023-02-03,2025-01-23,Low,83,99,Yes
A0387,P008,Not Owned,0,,,,0,0,
A0390,P001,Not Owned,0,,,,0,0,
A0390,P002,Not Owned,0,,,,0,0,
A0390,P003,Owned,90075,2023-08-23,2025-08-12,Medium,59,58,No
A0390,P004,Not Owned,0,,,,0,0,
A0390,P005,Not Owned,0,,,,0,0,
A0390,P006,Not Owned,0,,,,0,0,
A0390,P007,Not Owned,0,,,,0,0,
A0390,P008,Not Owned,0,,,,0,0,
A0392,P001,Owned,122594,2025-01-28,2026-01-23,Low,77,91,Yes
A0392,P002,Not Owned,0,,,,0,0,
A0392,P003,Not Owned,0,,,,0,0,
A0392,P004,Not Owned,0,,,,0,0,
A0392,P005,Not Owned,0,,,,0,0,
A0392,P006,Owned,114764,2024-06-01,2026-05-22,Low,77,83,Yes
A0392,P007,Not Owned,0,,,,0,0,
A0392,P008,Owned,93614,2025-05-12,2027-05-02,Medium,67,73,No
A0402,P001,Not Owned,0,,,,0,0,
A0402,P002,Not Owned,0,,,,0,0,
A0402,P003,Not Owned,0,,,,0,0,
A0402,P004,Not Owned,0,,,,0,0,
A0402,P005,Not Owned,0,,,,0,0,
A0402,P006,Owned,106520,2024-03-13,2025-03-08,Low,79,78,Yes
A0402,P007,Not Owned,0,,,,0,0,
A0402,P008,Not Owned,0,,,,0,0,
A0403,P001,Not Owned,0,,,,0,0,
A0403,P002,Not Owned,0,,,,0,0,
A0403,P003,Not Owned,0,,,,0,0,
A0403,P004,Not Owned,0,,,,0,0,
A0403,P005,Not Owned,0,,,,0,0,
A0403,P006,Owned,155734,2024-09-09,2027-08-25,Medium,58,44,No
A0403,P007,Not Owned,0,,,,0,0,
A0403,P008,Owned,109151,2024-10-19,2027-10-04,Low,86,90,No
A0405,P001,Not Owned,0,,,,0,0,
A0405,P002,Owned,212983,2023-05-31,2026-05-15,Medium,74,83,Yes
A0405,P003,Not Owned,0,,,,0,0,
A0405,P004,Not Owned,0,,,,0,0,
A0405,P005,Not Owned,0,,,,0,0,
A0405,P006,Owned,169681,2024-07-05,2027-06-20,Medium,69,66,Yes
A0405,P007,Not Owned,0,,,,0,0,
A0405,P008,Owned,144407,2024-08-04,2027-07-20,Medium,72,81,No
A0406,P001,Owned,174655,2024-12-20,2025-12-15,Low,75,74,Yes
A0406,P002,Not Owned,0,,,,0,0,
A0406,P003,Owned,133804,2025-05-09,2027-04-29,Low,88,93,Yes
A0406,P004,Not Owned,0,,,,0,0,
A0406,P005,Not Owned,0,,,,0,0,
A0406,P006,Not Owned,0,,,,0,0,
A0406,P007,Owned,76780,2023-04-02,2026-03-17,Low,83,88,Yes
A0406,P008,Not Owned,0,,,,0,0,
A0408,P001,Not Owned,0,,,,0,0,
A0408,P002,Not Owned,0,,,,0,0,
A0408,P003,Not Owned,0,,,,0,0,
A0408,P004,Not Owned,0,,,,0,0,
A0408,P005,Not Owned,0,,,,0,0,
A0408,P006,Owned,169473,2023-10-02,2024-09-26,Medium,58,63,Yes
A0408,P007,Owned,97240,2023-06-16,2026-05-31,Medium,60,49,No
A0408,P008,Not Owned,0,,,,0,0,
A0409,P001,Not Owned,0,,,,0,0,
A0409,P002,Owned,110927,2023-04-26,2026-04-10,Low,87,85,Yes
A0409,P003,Not Owned,0,,,,0,0,
A0409,P004,Not Owned,0,,,,0,0,
A0409,P005,Not Owned,0,,,,0,0,
A0409,P006,Not Owned,0,,,,0,0,
A0409,P007,Not Owned,0,,,,0,0,
A0409,P008,Not Owned,0,,,,0,0,
A0411,P001,Owned,256837,2024-07-24,2025-07-19,Medium,55,54,No
A0411,P002,Owned,238234,2023-02-15,2024-02-10,High,45,46,No
A0411,P003,Owned,171761,2023-03-06,2026-02-18,Low,78,82,Yes
A0411,P004,Not Owned,0,,,,0,0,
A0411,P005,Owned,135925,2024-03-20,2026-03-10,High,52,53,No
A0411,P006,Owned,286814,2024-09-03,2027-08-19,Low,80,80,Yes
A0411,P007,Not Owned,0,,,,0,0,
A0411,P008,Not Owned,0,,,,0,0,
A0412,P001,Owned,142223,2023-03-27,2025-03-16,Medium,57,47,No
A0412,P002,Not Owned,0,,,,0,0,
A0412,P003,Not Owned,0,,,,0,0,
A0412,P004,Owned,129099,2025-01-11,2026-01-06,Low,80,90,Yes
A0412,P005,Not Owned,0,,,,0,0,
A0412,P006,Owned,172177,2023-11-23,2026-11-07,Medium,60,57,No
A0412,P007,Not Owned,0,,,,0,0,
A0412,P008,Owned,129552,2023-02-18,2025-02-07,Medium,62,59,No
A0413,P001,Not Owned,0,,,,0,0,
A0413,P002,Not Owned,0,,,,0,0,
A0413,P003,Owned,87285,2023-11-13,2025-11-02,Low,82,77,Yes
A0413,P004,Not Owned,0,,,,0,0,
A0413,P005,Not Owned,0,,,,0,0,
A0413,P006,Not Owned,0,,,,0,0,
A0413,P007,Not Owned,0,,,,0,0,
A0413,P008,Not Owned,0,,,,0,0,
A0417,P001,Owned,155150,2025-03-02,2026-02-25,Medium,74,84,Yes
A0417,P002,Not Owned,0,,,,0,0,
A0417,P003,Not Owned,0,,,,0,0,
A0417,P004,Not Owned,0,,,,0,0,
A0417,P005,Not Owned,0,,,,0,0,
A0417,P006,Not Owned,0,,,,0,0,
A0417,P007,Not Owned,0,,,,0,0,
A0417,P008,Not Owned,0,,,,0,0,
A0422,P001,Owned,266665,2023-10-13,2025-10-02,Low,92,84,Yes
A0422,P002,Owned,230511,2023-01-21,2026-01-05,High,47,42,No
A0422,P003,Owned,208070,2024-11-15,2026-11-05,Medium,72,71,Yes
A0422,P004,Not Owned,0,,,,0,0,
A0422,P005,Not Owned,0,,,,0,0,
A0422,P006,Not Owned,0,,,,0,0,
A0422,P007,Owned,146567,2024-02-07,2026-01-27,Medium,64,67,Yes
A0422,P008,Not Owned,0,,,,0,0,
A0424,P001,Not Owned,0,,,,0,0,
A0424,P002,Owned,165152,2024-04-02,2027-03-18,Medium,65,73,Yes
A0424,P003,Owned,184585,2024-08-28,2026-08-18,Low,94,99,Yes
A0424,P004,Not Owned,0,,,,0,0,
A0424,P005,Not Owned,0,,,,0,0,
A0424,P006,Owned,196409,2023-02-12,2026-01-27,Low,84,97,Yes
A0424,P007,Not Owned,0,,,,0,0,
A0424,P008,Owned,142196,2024-03-16,2026-03-06,Low,80,81,No
A0426,P001,Not Owned,0,,,,0,0,
A0426,P002,Not Owned,0,,,,0,0,
A0426,P003,Owned,160484,2024-08-04,2027-07-20,Low,84,77,Yes
A0426,P004,Owned,138503,2023-01-16,2025-12-31,Medium,59,63,Yes
A0426,P005,Not Owned,0,,,,0,0,
A0426,P006,Not Owned,0,,,,0,0,
A0426,P007,Not Owned,0,,,,0,0,
A0426,P008,Not Owned,0,,,,0,0,
A0430,P001,Not Owned,0,,,,0,0,
A0430,P002,Owned,330383,2024-11-07,2027-10-23,Low,76,76,Yes
A0430,P003,Not Owned,0,,,,0,0,
A0430,P004,Owned,154799,2025-04-02,2028-03-17,Medium,72,68,Yes
A0430,P005,Owned,124468,2024-04-09,2025-04-04,Low,81,73,Yes
A0430,P006,Not Owned,0,,,,0,0,
A0430,P007,Not Owned,0,,,,0,0,
A0430,P008,Not Owned,0,,,,0,0,
A0431,P001,Owned,206535,2023-05-16,2025-05-05,Low,89,91,Yes
A0431,P002,Owned,226527,2024-01-03,2025-12-23,Low,85,74,Yes
A0431,P003,Not Owned,0,,,,0,0,
A0431,P004,Owned,161332,2024-01-25,2025-01-19,Medium,64,62,Yes
A0431,P005,Not Owned,0,,,,0,0,
A0431,P006,Not Owned,0,,,,0,0,
A0431,P007,Not Owned,0,,,,0,0,
A0431,P008,Not Owned,0,,,,0,0,
A0437,P001,Owned,206361,2025-03-13,2027-03-03,Medium,68,64,Yes
A0437,P002,Owned,242090,2024-04-16,2026-04-06,Medium,74,79,Yes
A0437,P003,Owned,145362,2023-04-03,2026-03-18,Low,92,96,Yes
A0437,P004,Not Owned,0,,,,0,0,
A0437,P005,Owned,109797,2025-03-13,2026-03-08,High,51,56,No
A0437,P006,Not Owned,0,,,,0,0,
A0437,P007,Owned,95378,2025-03-27,2028-03-11,Low,80,82,Yes
A0437,P008,Not Owned,0,,,,0,0,
A0443,P001,Not Owned,0,,,,0,0,
A0443,P002,Owned,125281,2023-07-01,2024-06-25,High,54,56,No
A0443,P003,Not Owned,0,,,,0,0,
A0443,P004,Not Owned,0,,,,0,0,
A0443,P005,Not Owned,0,,,,0,0,
A0443,P006,Not Owned,0,,,,0,0,
A0443,P007,Owned,61128,2024-05-03,2026-04-23,Low,77,69,Yes
A0443,P008,Not Owned,0,,,,0,0,
A0446,P001,Not Owned,0,,,,0,0,
A0446,P002,Not Owned,0,,,,0,0,
A0446,P003,Not Owned,0,,,,0,0,
A0446,P004,Not Owned,0,,,,0,0,
A0446,P005,Owned,62634,2023-05-16,2024-05-10,Low,80,75,Yes
A0446,P006,Owned,110435,2023-10-28,2025-10-17,Low,76,77,Yes
A0446,P007,Owned,57257,2024-06-01,2025-05-27,High,45,42,No
A0446,P008,Not Owned,0,,,,0,0,
A0447,P001,Not Owned,0,,,,0,0,
A0447,P002,Owned,231880,2024-12-28,2027-12-13,High,46,48,No
A0447,P003,Owned,166559,2023-08-13,2026-07-28,Medium,66,65,Yes
A0447,P004,Owned,135792,2023-02-24,2025-02-13,Medium,55,56,No
A0447,P005,Not Owned,0,,,,0,0,
A0447,P006,Not Owned,0,,,,0,0,
A0447,P007,Not Owned,0,,,,0,0,
A0447,P008,Owned,146619,2024-04-26,2025-04-21,Low,77,81,No
A0449,P001,Not Owned,0,,,,0,0,
A0449,P002,Not Owned,0,,,,0,0,
A0449,P003,Not Owned,0,,,,0,0,
A0449,P004,Not Owned,0,,,,0,0,
A0449,P005,Not Owned,0,,,,0,0,
A0449,P006,Owned,216194,2025-03-17,2027-03-07,High,45,53,No
A0449,P007,Not Owned,0,,,,0,0,
A0449,P008,Not Owned,0,,,,0,0,
A0451,P001,Not Owned,0,,,,0,0,
A0451,P002,Owned,138037,2025-01-04,2026-12-25,Medium,60,63,Yes
A0451,P003,Owned,83206,2024-03-05,2025-02-28,Medium,69,78,Yes
A0451,P004,Not Owned,0,,,,0,0,
A0451,P005,Not Owned,0,,,,0,0,
A0451,P006,Not Owned,0,,,,0,0,
A0451,P007,Not Owned,0,,,,0,0,
A0451,P008,Not Owned,0,,,,0,0,
A0452,P001,Owned,145515,2023-12-26,2026-12-10,Low,86,82,Yes
A0452,P002,Not Owned,0,,,,0,0,
A0452,P003,Not Owned,0,,,,0,0,
A0452,P004,Owned,151690,2023-03-02,2024-02-25,High,52,32,No
A0452,P005,Not Owned,0,,,,0,0,
A0452,P006,Owned,195806,2025-05-14,2027-05-04,High,51,41,No
A0452,P007,Owned,111542,2024-11-03,2025-10-29,Medium,65,66,Yes
A0452,P008,Not Owned,0,,,,0,0,
A0454,P001,Owned,209213,2023-02-03,2025-01-23,High,49,52,No
A0454,P002,Owned,310273,2024-08-30,2026-08-20,Low,88,99,Yes
A0454,P003,Not Owned,0,,,,0,0,
A0454,P004,Owned,171598,2024-12-18,2027-12-03,High,50,51,No
A0454,P005,Not Owned,0,,,,0,0,
A0454,P006,Owned,290383,2024-08-10,2026-07-31,Low,80,77,Yes
A0454,P007,Owned,112939,2024-10-23,2025-10-18,Low,81,68,Yes
A0454,P008,Not Owned,0,,,,0,0,
A0456,P001,Not Owned,0,,,,0,0,
A0456,P002,Not Owned,0,,,,0,0,
A0456,P003,Not Owned,0,,,,0,0,
A0456,P004,Not Owned,0,,,,0,0,
A0456,P005,Owned,67530,2023-08-07,2025-07-27,Medium,67,71,Yes
A0456,P006,Not Owned,0,,,,0,0,
A0456,P007,Owned,69270,2025-02-23,2026-02-18,Medium,71,75,Yes
A0456,P008,Not Owned,0,,,,0,0,
A0459,P001,Not Owned,0,,,,0,0,
A0459,P002,Owned,129259,2023-05-25,2025-05-14,Medium,57,61,Yes
A0459,P003,Not Owned,0,,,,0,0,
A0459,P004,Not Owned,0,,,,0,0,
A0459,P005,Owned,55278,2025-02-28,2028-02-13,Low,94,80,Yes
A0459,P006,Owned,97722,2023-09-22,2025-09-11,High,47,54,No
A0459,P007,Not Owned,0,,,,0,0,
A0459,P008,Not Owned,0,,,,0,0,
A0461,P001,Not Owned,0,,,,0,0,
A0461,P002,Owned,179770,2024-04-24,2026-04-14,Medium,58,69,Yes
A0461,P003,Not Owned,0,,,,0,0,
A0461,P004,Not Owned,0,,,,0,0,
A0461,P005,Not Owned,0,,,,0,0,
A0461,P006,Owned,222332,2025-03-13,2028-02-26,Medium,68,58,No
A0461,P007,Owned,107872,2023-09-05,2025-08-25,High,54,57,No
A0461,P008,Not Owned,0,,,,0,0,
A0462,P001,Owned,106083,2023-10-07,2026-09-21,Medium,72,80,Yes
A0462,P002,Not Owned,0,,,,0,0,
A0462,P003,Not Owned,0,,,,0,0,
A0462,P004,Not Owned,0,,,,0,0,
A0462,P005,Not Owned,0,,,,0,0,
A0462,P006,Not Owned,0,,,,0,0,
A0462,P007,Not Owned,0,,,,0,0,
A0462,P008,Not Owned,0,,,,0,0,
A0464,P001,Not Owned,0,,,,0,0,
A0464,P002,Not Owned,0,,,,0,0,
A0464,P003,Not Owned,0,,,,0,0,
A0464,P004,Owned,168164,2023-11-03,2026-10-18,Low,77,79,Yes
A0464,P005,Not Owned,0,,,,0,0,
A0464,P006,Owned,165249,2023-11-07,2024-11-01,Medium,65,67,Yes
A0464,P007,Not Owned,0,,,,0,0,
A0464,P008,Not Owned,0,,,,0,0,
A0468,P001,Not Owned,0,,,,0,0,
A0468,P002,Owned,105710,2023-12-09,2024-12-03,Medium,73,65,Yes
A0468,P003,Not Owned,0,,,,0,0,
A0468,P004,Owned,99059,2023-10-11,2026-09-25,High,48,41,No
A0468,P005,Owned,61833,2023-03-23,2025-03-12,Medium,70,75,Yes
A0468,P006,Not Owned,0,,,,0,0,
A0468,P007,Not Owned,0,,,,0,0,
A0468,P008,Owned,69995,2024-08-01,2025-07-27,Low,91,95,No
A0473,P001,Not Owned,0,,,,0,0,
A0473,P002,Not Owned,0,,,,0,0,
A0473,P003,Not Owned,0,,,,0,0,
A0473,P004,Not Owned,0,,,,0,0,
A0473,P005,Not Owned,0,,,,0,0,
A0473,P006,Owned,174767,2023-02-13,2025-02-02,Low,85,75,Yes
A0473,P007,Owned,101194,2025-01-18,2026-01-13,Low,87,90,Yes
A0473,P008,Not Owned,0,,,,0,0,
A0475,P001,Owned,173376,2024-06-03,2026-05-24,High,51,50,No
A0475,P002,Owned,213407,2024-12-04,2025-11-29,High,54,50,No
A0475,P003,Not Owned,0,,,,0,0,
A0475,P004,Not Owned,0,,,,0,0,
A0475,P005,Not Owned,0,,,,0,0,
A0475,P006,Not Owned,0,,,,0,0,
A0475,P007,Not Owned,0,,,,0,0,
A0475,P008,Not Owned,0,,,,0,0,
A0477,P001,Owned,118916,2023-06-22,2026-06-06,High,46,51,No
A0477,P002,Not Owned,0,,,,0,0,
A0477,P003,Not Owned,0,,,,0,0,
A0477,P004,Not Owned,0,,,,0,0,
A0477,P005,Not Owned,0,,,,0,0,
A0477,P006,Owned,113178,2024-09-27,2026-09-17,Medium,59,51,No
A0477,P007,Owned,53407,2023-03-27,2026-03-11,Medium,56,72,Yes
A0477,P008,Not Owned,0,,,,0,0,
A0480,P001,Not Owned,0,,,,0,0,
A0480,P002,Owned,237564,2025-03-14,2028-02-27,Medium,67,68,Yes
A0480,P003,Not Owned,0,,,,0,0,
A0480,P004,Owned,121876,2024-03-03,2027-02-16,High,48,45,No
A0480,P005,Not Owned,0,,,,0,0,
A0480,P006,Owned,156689,2023-04-24,2025-04-13,Medium,58,70,Yes
A0480,P007,Owned,108799,2023-12-22,2026-12-06,Low,88,73,Yes
A0480,P008,Owned,138461,2023-09-23,2025-09-12,Low,85,90,No
A0481,P001,Owned,175419,2025-02-22,2027-02-12,Low,90,85,Yes
A0481,P002,Not Owned,0,,,,0,0,
A0481,P003,Not Owned,0,,,,0,0,
A0481,P004,Not Owned,0,,,,0,0,
A0481,P005,Not Owned,0,,,,0,0,
A0481,P006,Not Owned,0,,,,0,0,
A0481,P007,Owned,82478,2023-05-13,2025-05-02,Low,83,65,Yes
A0481,P008,Not Owned,0,,,,0,0,
A0483,P001,Not Owned,0,,,,0,0,
A0483,P002,Not Owned,0,,,,0,0,
A0483,P003,Not Owned,0,,,,0,0,
A0483,P004,Not Owned,0,,,,0,0,
A0483,P005,Not Owned,0,,,,0,0,
A0483,P006,Owned,95756,2023-08-25,2026-08-09,Low,93,87,Yes
A0483,P007,Not Owned,0,,,,0,0,
A0483,P008,Owned,91214,2023-02-19,2024-02-14,Medium,70,67,No
A0484,P001,Not Owned,0,,,,0,0,
A0484,P002,Not Owned,0,,,,0,0,
A0484,P003,Not Owned,0,,,,0,0,
A0484,P004,Not Owned,0,,,,0,0,
A0484,P005,Owned,114734,2023-07-28,2026-07-12,Low,82,93,Yes
A0484,P006,Not Owned,0,,,,0,0,
A0484,P007,Owned,79801,2023-10-12,2025-10-01,High,53,68,Yes
A0484,P008,Not Owned,0,,,,0,0,
A0485,P001,Owned,146418,2023-11-04,2026-10-19,Low,84,77,Yes
A0485,P002,Not Owned,0,,,,0,0,
A0485,P003,Not Owned,0,,,,0,0,
A0485,P004,Not Owned,0,,,,0,0,
A0485,P005,Owned,122538,2023-08-15,2026-07-30,Medium,66,74,Yes
A0485,P006,Not Owned,0,,,,0,0,
A0485,P007,Not Owned,0,,,,0,0,
A0485,P008,Not Owned,0,,,,0,0,
A0486,P001,Not Owned,0,,,,0,0,
A0486,P002,Not Owned,0,,,,0,0,
A0486,P003,Not Owned,0,,,,0,0,
A0486,P004,Not Owned,0,,,,0,0,
A0486,P005,Not Owned,0,,,,0,0,
A0486,P006,Owned,110412,2025-02-07,2026-02-02,Medium,68,60,Yes
A0486,P007,Not Owned,0,,,,0,0,
A0486,P008,Not Owned,0,,,,0,0,
A0491,P001,Owned,226726,2023-02-04,2024-01-30,Medium,71,81,Yes
A0491,P002,Owned,285095,2024-10-21,2025-10-16,Medium,70,67,Yes
A0491,P003,Owned,219393,2025-04-24,2028-04-08,High,48,55,No
A0491,P004,Not Owned,0,,,,0,0,
A0491,P005,Not Owned,0,,,,0,0,
A0491,P006,Owned,246931,2023-09-27,2024-09-21,Low,94,97,Yes
A0491,P007,Not Owned,0,,,,0,0,
A0491,P008,Not Owned,0,,,,0,0,
A0494,P001,Not Owned,0,,,,0,0,
A0494,P002,Not Owned,0,,,,0,0,
A0494,P003,Not Owned,0,,,,0,0,
A0494,P004,Owned,88160,2024-12-12,2027-11-27,High,53,48,No
A0494,P005,Not Owned,0,,,,0,0,
A0494,P006,Not Owned,0,,,,0,0,
A0494,P007,Not Owned,0,,,,0,0,
A0494,P008,Owned,85922,2024-08-06,2026-07-27,Medium,64,44,No
A0495,P001,Not Owned,0,,,,0,0,
A0495,P002,Owned,166676,2024-02-07,2026-01-27,Medium,74,62,Yes
A0495,P003,Not Owned,0,,,,0,0,
A0495,P004,Not Owned,0,,,,0,0,
A0495,P005,Not Owned,0,,,,0,0,
A0495,P006,Owned,162448,2023-12-02,2024-11-26,Medium,58,68,Yes
A0495,P007,Owned,81353,2023-12-23,2024-12-17,High,49,30,No
A0495,P008,Not Owned,0,,,,0,0,
A0496,P001,Not Owned,0,,,,0,0,
A0496,P002,Not Owned,0,,,,0,0,
A0496,P003,Owned,114651,2023-07-08,2025-06-27,High,51,51,No
A0496,P004,Not Owned,0,,,,0,0,
A0496,P005,Not Owned,0,,,,0,0,
A0496,P006,Not Owned,0,,,,0,0,
A0496,P007,Not Owned,0,,,,0,0,
A0496,P008,Not Owned,0,,,,0,0,
A0499,P001,Not Owned,0,,,,0,0,
A0499,P002,Owned,229059,2023-07-11,2026-06-25,Low,81,79,Yes
A0499,P003,Not Owned,0,,,,0,0,
A0499,P004,Not Owned,0,,,,0,0,
A0499,P005,Owned,158431,2023-11-12,2025-11-01,High,51,46,No
A0499,P006,Not Owned,0,,,,0,0,
A0499,P007,Not Owned,0,,,,0,0,
A0499,P008,Owned,144566,2025-01-24,2026-01-19,Low,81,97,No
A0502,P001,Owned,158305,2024-10-14,2027-09-29,Low,80,84,Yes
A0502,P002,Not Owned,0,,,,0,0,
A0502,P003,Owned,184034,2024-06-06,2026-05-27,Medium,60,76,Yes
A0502,P004,Not Owned,0,,,,0,0,
A0502,P005,Not Owned,0,,,,0,0,
A0502,P006,Not Owned,0,,,,0,0,
A0502,P007,Not Owned,0,,,,0,0,
A0502,P008,Not Owned,0,,,,0,0,
A0505,P001,Not Owned,0,,,,0,0,
A0505,P002,Not Owned,0,,,,0,0,
A0505,P003,Not Owned,0,,,,0,0,
A0505,P004,Not Owned,0,,,,0,0,
A0505,P005,Not Owned,0,,,,0,0,
A0505,P006,Not Owned,0,,,,0,0,
A0505,P007,Owned,56277,2023-08-14,2024-08-08,Low,84,85,Yes
A0505,P008,Not Owned,0,,,,0,0,
A0506,P001,Not Owned,0,,,,0,0,
A0506,P002,Not Owned,0,,,,0,0,
A0506,P003,Owned,116938,2024-04-12,2026-04-02,Low,93,99,Yes
A0506,P004,Not Owned,0,,,,0,0,
A0506,P005,Owned,73611,2024-07-10,2026-06-30,Medium,65,57,No
A0506,P006,Owned,133964,2025-05-31,2026-05-26,High,50,56,No
A0506,P007,Not Owned,0,,,,0,0,
A0506,P008,Not Owned,0,,,,0,0,
A0510,P001,Owned,212127,2025-05-13,2026-05-08,Medium,71,82,Yes
A0510,P002,Owned,295232,2023-07-03,2024-06-27,Low,89,93,Yes
A0510,P003,Not Owned,0,,,,0,0,
A0510,P004,Owned,191257,2023-03-21,2025-03-10,Medium,74,79,Yes
A0510,P005,Owned,169258,2023-01-26,2026-01-10,Low,83,95,Yes
A0510,P006,Not Owned,0,,,,0,0,
A0510,P007,Not Owned,0,,,,0,0,
A0510,P008,Not Owned,0,,,,0,0,
A0513,P001,Not Owned,0,,,,0,0,
A0513,P002,Not Owned,0,,,,0,0,
A0513,P003,Not Owned,0,,,,0,0,
A0513,P004,Not Owned,0,,,,0,0,
A0513,P005,Not Owned,0,,,,0,0,
A0513,P006,Owned,133256,2023-08-20,2026-08-04,Low,93,99,Yes
A0513,P007,Not Owned,0,,,,0,0,
A0513,P008,Not Owned,0,,,,0,0,
A0517,P001,Not Owned,0,,,,0,0,
A0517,P002,Owned,298421,2023-06-22,2024-06-16,Low,86,89,Yes
A0517,P003,Owned,185890,2023-12-28,2026-12-12,Low,95,82,Yes
A0517,P004,Owned,161782,2024-08-09,2026-07-30,Low,91,98,Yes
A0517,P005,Not Owned,0,,,,0,0,
A0517,P006,Not Owned,0,,,,0,0,
A0517,P007,Not Owned,0,,,,0,0,
A0517,P008,Not Owned,0,,,,0,0,
A0520,P001,Not Owned,0,,,,0,0,
A0520,P002,Owned,227235,2024-05-30,2026-05-20,Medium,58,58,No
A0520,P003,Not Owned,0,,,,0,0,
A0520,P004,Not Owned,0,,,,0,0,
A0520,P005,Not Owned,0,,,,0,0,
A0520,P006,Not Owned,0,,,,0,0,
A0520,P007,Not Owned,0,,,,0,0,
A0520,P008,Not Owned,0,,,,0,0,
A0524,P001,Not Owned,0,,,,0,0,
A0524,P002,Not Owned,0,,,,0,0,
A0524,P003,Not Owned,0,,,,0,0,
A0524,P004,Not Owned,0,,,,0,0,
A0524,P005,Owned,67407,2025-01-17,2028-01-02,Medium,65,56,No
A0524,P006,Owned,139291,2023-06-21,2026-06-05,Low,89,85,Yes
A0524,P007,Not Owned,0,,,,0,0,
A0524,P008,Not Owned,0,,,,0,0,
A0530,P001,Owned,190359,2025-02-07,2027-01-28,Medium,60,46,No
A0530,P002,Not Owned,0,,,,0,0,
A0530,P003,Not Owned,0,,,,0,0,
A0530,P004,Not Owned,0,,,,0,0,
A0530,P005,Not Owned,0,,,,0,0,
A0530,P006,Not Owned,0,,,,0,0,
A0530,P007,Not Owned,0,,,,0,0,
A0530,P008,Not Owned,0,,,,0,0,
A0533,P001,Owned,112211,2024-01-20,2027-01-04,High,54,55,No
A0533,P002,Not Owned,0,,,,0,0,
A0533,P003,Not Owned,0,,,,0,0,
A0533,P004,Owned,88422,2024-08-18,2026-08-08,Medium,56,58,No
A0533,P005,Not Owned,0,,,,0,0,
A0533,P006,Not Owned,0,,,,0,0,
A0533,P007,Not Owned,0,,,,0,0,
A0533,P008,Not Owned,0,,,,0,0,
A0538,P001,Owned,210134,2023-05-22,2024-05-16,Low,91,84,Yes
A0538,P002,Not Owned,0,,,,0,0,
A0538,P003,Not Owned,0,,,,0,0,
A0538,P004,Not Owned,0,,,,0,0,
A0538,P005,Owned,116085,2023-06-16,2024-06-10,High,48,50,No
A0538,P006,Owned,172558,2023-05-11,2026-04-25,Medium,59,63,Yes
A0538,P007,Owned,80417,2023-06-09,2024-06-03,Medium,61,66,Yes
A0538,P008,Not Owned,0,,,,0,0,
A0542,P001,Not Owned,0,,,,0,0,
A0542,P002,Owned,141007,2023-03-09,2025-02-26,Medium,68,71,Yes
A0542,P003,Not Owned,0,,,,0,0,
A0542,P004,Owned,90798,2024-12-28,2025-12-23,Low,89,93,Yes
A0542,P005,Owned,69395,2023-01-14,2024-01-09,High,47,47,No
A0542,P006,Owned,123680,2023-02-21,2025-02-10,Low,90,88,Yes
A0542,P007,Not Owned,0,,,,0,0,
A0542,P008,Not Owned,0,,,,0,0,
A0544,P001,Not Owned,0,,,,0,0,
A0544,P002,Not Owned,0,,,,0,0,
A0544,P003,Not Owned,0,,,,0,0,
A0544,P004,Not Owned,0,,,,0,0,
A0544,P005,Not Owned,0,,,,0,0,
A0544,P006,Not Owned,0,,,,0,0,
A0544,P007,Not Owned,0,,,,0,0,
A0544,P008,Owned,128930,2025-05-20,2026-05-15,Low,89,83,No
A0545,P001,Not Owned,0,,,,0,0,
A0545,P002,Owned,168360,2025-03-06,2026-03-01,Low,77,83,Yes
A0545,P003,Owned,130225,2023-09-17,2025-09-06,Medium,57,61,Yes
A0545,P004,Owned,113319,2025-04-24,2026-04-19,Medium,67,64,Yes
A0545,P005,Not Owned,0,,,,0,0,
A0545,P006,Owned,219688,2024-03-26,2026-03-16,Medium,74,63,Yes
A0545,P007,Not Owned,0,,,,0,0,
A0545,P008,Not Owned,0,,,,0,0,
A0548,P001,Not Owned,0,,,,0,0,
A0548,P002,Owned,134119,2023-08-18,2024-08-12,Low,94,95,Yes
A0548,P003,Not Owned,0,,,,0,0,
A0548,P004,Not Owned,0,,,,0,0,
A0548,P005,Not Owned,0,,,,0,0,
A0548,P006,Not Owned,0,,,,0,0,
A0548,P007,Not Owned,0,,,,0,0,
A0548,P008,Not Owned,0,,,,0,0,
A0549,P001,Not Owned,0,,,,0,0,
A0549,P002,Owned,124271,2025-04-12,2028-03-27,Low,92,92,Yes
A0549,P003,Not Owned,0,,,,0,0,
A0549,P004,Not Owned,0,,,,0,0,
A0549,P005,Not Owned,0,,,,0,0,
A0549,P006,Not Owned,0,,,,0,0,
A0549,P007,Not Owned,0,,,,0,0,
A0549,P008,Not Owned,0,,,,0,0,
A0551,P001,Not Owned,0,,,,0,0,
A0551,P002,Not Owned,0,,,,0,0,
A0551,P003,Not Owned,0,,,,0,0,
A0551,P004,Not Owned,0,,,,0,0,
A0551,P005,Owned,62936,2024-09-14,2025-09-09,Medium,55,37,No
A0551,P006,Not Owned,0,,,,0,0,
A0551,P007,Not Owned,0,,,,0,0,
A0551,P008,Not Owned,0,,,,0,0,
A0554,P001,Owned,99950,2025-05-12,2028-04-26,Low,79,69,Yes
A0554,P002,Not Owned,0,,,,0,0,
A0554,P003,Not Owned,0,,,,0,0,
A0554,P004,Not Owned,0,,,,0,0,
A0554,P005,Not Owned,0,,,,0,0,
A0554,P006,Not Owned,0,,,,0,0,
A0554,P007,Not Owned,0,,,,0,0,
A0554,P008,Not Owned,0,,,,0,0,
A0555,P001,Not Owned,0,,,,0,0,
A0555,P002,Owned,240023,2024-08-04,2025-07-30,Medium,57,64,Yes
A0555,P003,Not Owned,0,,,,0,0,
A0555,P004,Owned,153561,2023-02-27,2025-02-16,Medium,70,66,Yes
A0555,P005,Owned,145480,2024-01-13,2026-01-02,Medium,70,57,No
A0555,P006,Owned,291739,2024-01-28,2025-01-22,Low,89,92,Yes
A0555,P007,Not Owned,0,,,,0,0,
A0555,P008,Not Owned,0,,,,0,0,
A0556,P001,Not Owned,0,,,,0,0,
A0556,P002,Not Owned,0,,,,0,0,
A0556,P003,Owned,82974,2024-06-08,2026-05-29,Medium,68,63,Yes
A0556,P004,Not Owned,0,,,,0,0,
A0556,P005,Not Owned,0,,,,0,0,
A0556,P006,Not Owned,0,,,,0,0,
A0556,P007,Not Owned,0,,,,0,0,
A0556,P008,Not Owned,0,,,,0,0,
A0558,P001,Not Owned,0,,,,0,0,
A0558,P002,Not Owned,0,,,,0,0,
A0558,P003,Owned,168044,2024-03-27,2026-03-17,Medium,70,75,Yes
A0558,P004,Not Owned,0,,,,0,0,
A0558,P005,Owned,125429,2024-12-02,2026-11-22,Low,83,84,Yes
A0558,P006,Not Owned,0,,,,0,0,
A0558,P007,Not Owned,0,,,,0,0,
A0558,P008,Not Owned,0,,,,0,0,
A0562,P001,Owned,186108,2024-01-21,2025-01-15,Medium,74,61,Yes
A0562,P002,Not Owned,0,,,,0,0,
A0562,P003,Owned,139089,2025-05-16,2026-05-11,Medium,69,79,Yes
A0562,P004,Not Owned,0,,,,0,0,
A0562,P005,Not Owned,0,,,,0,0,
A0562,P006,Owned,159525,2023-10-30,2024-10-24,Medium,61,73,Yes
A0562,P007,Not Owned,0,,,,0,0,
A0562,P008,Not Owned,0,,,,0,0,
A0571,P001,Not Owned,0,,,,0,0,
A0571,P002,Not Owned,0,,,,0,0,
A0571,P003,Not Owned,0,,,,0,0,
A0571,P004,Not Owned,0,,,,0,0,
A0571,P005,Not Owned,0,,,,0,0,
A0571,P006,Owned,160995,2025-04-28,2028-04-12,Medium,66,75,Yes
A0571,P007,Owned,87236,2024-11-20,2025-11-15,High,51,47,No
A0571,P008,Not Owned,0,,,,0,0,
A0573,P001,Owned,278920,2024-08-31,2027-08-16,Low,84,93,Yes
A0573,P002,Not Owned,0,,,,0,0,
A0573,P003,Not Owned,0,,,,0,0,
A0573,P004,Owned,182842,2024-10-16,2025-10-11,Low,91,97,Yes
A0573,P005,Owned,131751,2025-04-20,2028-04-04,High,50,44,No
A0573,P006,Owned,241082,2023-08-14,2024-08-08,Low,80,71,Yes
A0573,P007,Not Owned,0,,,,0,0,
A0573,P008,Not Owned,0,,,,0,0,
A0576,P001,Not Owned,0,,,,0,0,
A0576,P002,Not Owned,0,,,,0,0,
A0576,P003,Not Owned,0,,,,0,0,
A0576,P004,Owned,101515,2025-01-07,2026-12-28,Medium,74,79,Yes
A0576,P005,Not Owned,0,,,,0,0,
A0576,P006,Not Owned,0,,,,0,0,
A0576,P007,Not Owned,0,,,,0,0,
A0576,P008,Not Owned,0,,,,0,0,
A0578,P001,Owned,178132,2023-08-19,2024-08-13,Medium,61,60,Yes
A0578,P002,Not Owned,0,,,,0,0,
A0578,P003,Owned,186252,2025-04-14,2026-04-09,Low,89,89,Yes
A0578,P004,Not Owned,0,,,,0,0,
A0578,P005,Not Owned,0,,,,0,0,
A0578,P006,Not Owned,0,,,,0,0,
A0578,P007,Not Owned,0,,,,0,0,
A0578,P008,Not Owned,0,,,,0,0,
A0580,P001,Owned,167246,2025-01-06,2026-12-27,Medium,68,71,Yes
A0580,P002,Not Owned,0,,,,0,0,
A0580,P003,Not Owned,0,,,,0,0,
A0580,P004,Owned,160828,2025-03-08,2028-02-21,Medium,69,77,Yes
A0580,P005,Not Owned,0,,,,0,0,
A0580,P006,Not Owned,0,,,,0,0,
A0580,P007,Not Owned,0,,,,0,0,
A0580,P008,Owned,117319,2023-12-05,2025-11-24,Medium,70,64,No
A0582,P001,Not Owned,0,,,,0,0,
A0582,P002,Not Owned,0,,,,0,0,
A0582,P003,Not Owned,0,,,,0,0,
A0582,P004,Not Owned,0,,,,0,0,
A0582,P005,Owned,133111,2023-07-24,2025-07-13,Medium,60,50,No
A0582,P006,Owned,301679,2023-10-05,2025-09-24,Medium,69,73,Yes
A0582,P007,Owned,147867,2024-08-31,2027-08-16,Medium,69,71,Yes
A0582,P008,Not Owned,0,,,,0,0,
A0583,P001,Not Owned,0,,,,0,0,
A0583,P002,Owned,171390,2023-12-18,2025-12-07,Medium,68,67,Yes
A0583,P003,Not Owned,0,,,,0,0,
A0583,P004,Not Owned,0,,,,0,0,
A0583,P005,Owned,85786,2024-12-15,2025-12-10,Low,81,73,Yes
A0583,P006,Not Owned,0,,,,0,0,
A0583,P007,Not Owned,0,,,,0,0,
A0583,P008,Not Owned,0,,,,0,0,
A0584,P001,Not Owned,0,,,,0,0,
A0584,P002,Not Owned,0,,,,0,0,
A0584,P003,Not Owned,0,,,,0,0,
A0584,P004,Not Owned,0,,,,0,0,
A0584,P005,Owned,55404,2023-12-16,2024-12-10,Low,93,99,Yes
A0584,P006,Not Owned,0,,,,0,0,
A0584,P007,Not Owned,0,,,,0,0,
A0584,P008,Owned,77587,2023-05-27,2025-05-16,Low,95,99,No
A0587,P001,Not Owned,0,,,,0,0,
A0587,P002,Owned,174108,2023-09-03,2024-08-28,Medium,74,70,Yes
A0587,P003,Not Owned,0,,,,0,0,
A0587,P004,Not Owned,0,,,,0,0,
A0587,P005,Not Owned,0,,,,0,0,
A0587,P006,Not Owned,0,,,,0,0,
A0587,P007,Not Owned,0,,,,0,0,
A0587,P008,Owned,147757,2023-10-10,2024-10-04,Medium,60,51,No
A0588,P001,Owned,128871,2023-10-20,2024-10-14,Low,87,96,Yes
A0588,P002,Owned,151384,2024-10-28,2027-10-13,Low,82,86,Yes
A0588,P003,Not Owned,0,,,,0,0,
A0588,P004,Owned,76288,2024-03-01,2025-02-24,Medium,64,77,Yes
A0588,P005,Owned,73269,2023-11-13,2024-11-07,Low,90,93,Yes
A0588,P006,Not Owned,0,,,,0,0,
A0588,P007,Not Owned,0,,,,0,0,
A0588,P008,Not Owned,0,,,,0,0,
A0592,P001,Not Owned,0,,,,0,0,
A0592,P002,Not Owned,0,,,,0,0,
A0592,P003,Not Owned,0,,,,0,0,
A0592,P004,Not Owned,0,,,,0,0,
A0592,P005,Not Owned,0,,,,0,0,
A0592,P006,Not Owned,0,,,,0,0,
A0592,P007,Not Owned,0,,,,0,0,
A0592,P008,Owned,72103,2024-11-28,2025-11-23,High,46,37,No
A0597,P001,Not Owned,0,,,,0,0,
A0597,P002,Owned,311606,2023-06-21,2024-06-15,High,52,63,Yes
A0597,P003,Not Owned,0,,,,0,0,
A0597,P004,Owned,185749,2024-07-24,2026-07-14,Medium,65,71,Yes
A0597,P005,Owned,123118,2024-01-07,2026-12-22,Medium,62,61,Yes
A0597,P006,Not Owned,0,,,,0,0,
A0597,P007,Not Owned,0,,,,0,0,
A0597,P008,Not Owned,0,,,,0,0,
A0602,P001,Not Owned,0,,,,0,0,
A0602,P002,Not Owned,0,,,,0,0,
A0602,P003,Owned,112524,2024-10-28,2027-10-13,Low,76,71,Yes
A0602,P004,Not Owned,0,,,,0,0,
A0602,P005,Not Owned,0,,,,0,0,
A0602,P006,Not Owned,0,,,,0,0,
A0602,P007,Owned,48351,2024-05-24,2025-05-19,Low,86,99,Yes
A0602,P008,Owned,94525,2024-11-23,2025-11-18,Low,89,85,No
A0605,P001,Not Owned,0,,,,0,0,
A0605,P002,Not Owned,0,,,,0,0,
A0605,P003,Not Owned,0,,,,0,0,
A0605,P004,Not Owned,0,,,,0,0,
A0605,P005,Not Owned,0,,,,0,0,
A0605,P006,Owned,211258,2023-08-16,2025-08-05,Medium,74,63,Yes
A0605,P007,Not Owned,0,,,,0,0,
A0605,P008,Owned,123985,2023-11-28,2025-11-17,Medium,57,60,No
A0606,P001,Owned,160677,2023-03-05,2026-02-17,High,47,57,No
A0606,P002,Not Owned,0,,,,0,0,
A0606,P003,Not Owned,0,,,,0,0,
A0606,P004,Not Owned,0,,,,0,0,
A0606,P005,Not Owned,0,,,,0,0,
A0606,P006,Not Owned,0,,,,0,0,
A0606,P007,Not Owned,0,,,,0,0,
A0606,P008,Owned,121799,2023-06-06,2025-05-26,Low,79,73,No
A0608,P001,Not Owned,0,,,,0,0,
A0608,P002,Not Owned,0,,,,0,0,
A0608,P003,Not Owned,0,,,,0,0,
A0608,P004,Not Owned,0,,,,0,0,
A0608,P005,Not Owned,0,,,,0,0,
A0608,P006,Owned,174835,2024-06-15,2027-05-31,High,47,64,Yes
A0608,P007,Not Owned,0,,,,0,0,
A0608,P008,Not Owned,0,,,,0,0,
A0609,P001,Not Owned,0,,,,0,0,
A0609,P002,Not Owned,0,,,,0,0,
A0609,P003,Owned,135255,2023-11-13,2024-11-07,Medium,65,69,Yes
A0609,P004,Not Owned,0,,,,0,0,
A0609,P005,Not Owned,0,,,,0,0,
A0609,P006,Owned,184965,2025-05-17,2026-05-12,High,52,42,No
A0609,P007,Not Owned,0,,,,0,0,
A0609,P008,Not Owned,0,,,,0,0,
A0612,P001,Not Owned,0,,,,0,0,
A0612,P002,Owned,142089,2023-08-11,2025-07-31,Low,78,82,Yes
A0612,P003,Not Owned,0,,,,0,0,
A0612,P004,Not Owned,0,,,,0,0,
A0612,P005,Not Owned,0,,,,0,0,
A0612,P006,Not Owned,0,,,,0,0,
A0612,P007,Not Owned,0,,,,0,0,
A0612,P008,Not Owned,0,,,,0,0,
A0613,P001,Owned,209106,2023-07-22,2025-07-11,Low,84,76,Yes
A0613,P002,Owned,278638,2024-02-05,2025-01-30,Low,91,99,Yes
A0613,P003,Not Owned,0,,,,0,0,
A0613,P004,Owned,154513,2024-10-22,2025-10-17,Low,81,78,Yes
A0613,P005,Not Owned,0,,,,0,0,
A0613,P006,Not Owned,0,,,,0,0,
A0613,P007,Not Owned,0,,,,0,0,
A0613,P008,Owned,193285,2023-12-19,2024-12-13,Low,91,75,No
A0615,P001,Not Owned,0,,,,0,0,
A0615,P002,Not Owned,0,,,,0,0,
A0615,P003,Not Owned,0,,,,0,0,
A0615,P004,Not Owned,0,,,,0,0,
A0615,P005,Not Owned,0,,,,0,0,
A0615,P006,Owned,216623,2024-11-06,2027-10-22,Medium,58,61,Yes
A0615,P007,Owned,80988,2024-12-10,2026-11-30,Medium,59,56,No
A0615,P008,Not Owned,0,,,,0,0,
A0616,P001,Not Owned,0,,,,0,0,
A0616,P002,Not Owned,0,,,,0,0,
A0616,P003,Not Owned,0,,,,0,0,
A0616,P004,Owned,91701,2023-06-28,2024-06-22,Medium,63,57,No
A0616,P005,Owned,71111,2025-03-11,2026-03-06,Low,95,99,Yes
A0616,P006,Not Owned,0,,,,0,0,
A0616,P007,Not Owned,0,,,,0,0,
A0616,P008,Not Owned,0,,,,0,0,
A0622,P001,Not Owned,0,,,,0,0,
A0622,P002,Owned,199094,2023-03-31,2026-03-15,Medium,67,75,Yes
A0622,P003,Owned,132995,2023-02-20,2026-02-04,Medium,74,72,Yes
A0622,P004,Not Owned,0,,,,0,0,
A0622,P005,Not Owned,0,,,,0,0,
A0622,P006,Not Owned,0,,,,0,0,
A0622,P007,Not Owned,0,,,,0,0,
A0622,P008,Not Owned,0,,,,0,0,
A0624,P001,Not Owned,0,,,,0,0,
A0624,P002,Not Owned,0,,,,0,0,
A0624,P003,Owned,151467,2024-05-24,2025-05-19,Low,93,88,Yes
A0624,P004,Not Owned,0,,,,0,0,
A0624,P005,Not Owned,0,,,,0,0,
A0624,P006,Not Owned,0,,,,0,0,
A0624,P007,Not Owned,0,,,,0,0,
A0624,P008,Not Owned,0,,,,0,0,
A0625,P001,Owned,236349,2023-06-09,2025-05-29,High,51,50,No
A0625,P002,Not Owned,0,,,,0,0,
A0625,P003,Not Owned,0,,,,0,0,
A0625,P004,Not Owned,0,,,,0,0,
A0625,P005,Not Owned,0,,,,0,0,
A0625,P006,Owned,238498,2025-05-15,2028-04-29,Medium,59,66,Yes
A0625,P007,Owned,129466,2023-07-07,2026-06-21,High,50,43,No
A0625,P008,Owned,205531,2024-05-19,2027-05-04,Low,95,99,No
A0626,P001,Not Owned,0,,,,0,0,
A0626,P002,Not Owned,0,,,,0,0,
A0626,P003,Not Owned,0,,,,0,0,
A0626,P004,Not Owned,0,,,,0,0,
A0626,P005,Owned,75414,2025-03-09,2027-02-27,Low,75,67,Yes
A0626,P006,Not Owned,0,,,,0,0,
A0626,P007,Not Owned,0,,,,0,0,
A0626,P008,Owned,71289,2024-03-29,2026-03-19,High,53,66,No
A0627,P001,Not Owned,0,,,,0,0,
A0627,P002,Owned,104171,2023-04-19,2026-04-03,Medium,63,80,Yes
A0627,P003,Owned,89570,2023-06-07,2025-05-27,Low,80,95,Yes
A0627,P004,Not Owned,0,,,,0,0,
A0627,P005,Owned,67808,2025-01-04,2027-12-20,Low,88,87,Yes
A0627,P006,Not Owned,0,,,,0,0,
A0627,P007,Owned,61777,2023-07-08,2024-07-02,Low,91,98,Yes
A0627,P008,Not Owned,0,,,,0,0,
A0628,P001,Not Owned,0,,,,0,0,
A0628,P002,Owned,194938,2023-02-20,2025-02-09,Medium,60,57,No
A0628,P003,Not Owned,0,,,,0,0,
A0628,P004,Not Owned,0,,,,0,0,
A0628,P005,Not Owned,0,,,,0,0,
A0628,P006,Owned,212197,2024-10-12,2027-09-27,Low,75,78,Yes
A0628,P007,Not Owned,0,,,,0,0,
A0628,P008,Not Owned,0,,,,0,0,
A0629,P001,Owned,168830,2025-03-23,2027-03-13,Medium,62,57,No
A0629,P002,Owned,173440,2023-08-30,2024-08-24,Low,76,73,Yes
A0629,P003,Owned,162012,2023-11-09,2024-11-03,Low,86,80,Yes
A0629,P004,Not Owned,0,,,,0,0,
A0629,P005,Owned,108123,2023-06-02,2024-05-27,Low,87,99,Yes
A0629,P006,Not Owned,0,,,,0,0,
A0629,P007,Not Owned,0,,,,0,0,
A0629,P008,Not Owned,0,,,,0,0,
A0630,P001,Owned,263612,2024-11-10,2026-10-31,Medium,59,65,Yes
A0630,P002,Not Owned,0,,,,0,0,
A0630,P003,Not Owned,0,,,,0,0,
A0630,P004,Not Owned,0,,,,0,0,
A0630,P005,Owned,146246,2025-01-07,2026-12-28,Low,87,85,Yes
A0630,P006,Not Owned,0,,,,0,0,
A0630,P007,Not Owned,0,,,,0,0,
A0630,P008,Not Owned,0,,,,0,0,
A0633,P001,Owned,163421,2024-08-05,2025-07-31,Medium,56,58,No
A0633,P002,Not Owned,0,,,,0,0,
A0633,P003,Owned,185479,2024-11-06,2025-11-01,Medium,68,86,Yes
A0633,P004,Not Owned,0,,,,0,0,
A0633,P005,Not Owned,0,,,,0,0,
A0633,P006,Not Owned,0,,,,0,0,
A0633,P007,Not Owned,0,,,,0,0,
A0633,P008,Owned,117274,2023-03-21,2026-03-05,Low,94,99,No
A0634,P001,Owned,243620,2024-11-17,2025-11-12,Low,81,79,Yes
A0634,P002,Not Owned,0,,,,0,0,
A0634,P003,Owned,189289,2023-11-25,2025-11-14,Low,80,69,Yes
A0634,P004,Owned,189470,2025-04-04,2026-03-30,High,48,47,No
A0634,P005,Not Owned,0,,,,0,0,
A0634,P006,Owned,216959,2023-09-17,2024-09-11,Medium,72,72,Yes
A0634,P007,Owned,150109,2024-11-13,2025-11-08,High,49,40,No
A0634,P008,Not Owned,0,,,,0,0,
A0635,P001,Not Owned,0,,,,0,0,
A0635,P002,Owned,110863,2023-03-17,2024-03-11,Low,81,72,Yes
A0635,P003,Not Owned,0,,,,0,0,
A0635,P004,Not Owned,0,,,,0,0,
A0635,P005,Not Owned,0,,,,0,0,
A0635,P006,Not Owned,0,,,,0,0,
A0635,P007,Not Owned,0,,,,0,0,
A0635,P008,Not Owned,0,,,,0,0,
A0639,P001,Not Owned,0,,,,0,0,
A0639,P002,Not Owned,0,,,,0,0,
A0639,P003,Not Owned,0,,,,0,0,
A0639,P004,Not Owned,0,,,,0,0,
A0639,P005,Owned,101576,2024-06-28,2027-06-13,Low,86,83,Yes
A0639,P006,Not Owned,0,,,,0,0,
A0639,P007,Owned,110579,2024-04-30,2025-04-25,High,49,49,No
A0639,P008,Not Owned,0,,,,0,0,
A0640,P001,Not Owned,0,,,,0,0,
A0640,P002,Not Owned,0,,,,0,0,
A0640,P003,Not Owned,0,,,,0,0,
A0640,P004,Not Owned,0,,,,0,0,
A0640,P005,Not Owned,0,,,,0,0,
A0640,P006,Not Owned,0,,,,0,0,
A0640,P007,Not Owned,0,,,,0,0,
A0640,P008,Owned,93240,2023-08-25,2024-08-19,Low,83,88,No
A0645,P001,Not Owned,0,,,,0,0,
A0645,P002,Not Owned,0,,,,0,0,
A0645,P003,Not Owned,0,,,,0,0,
A0645,P004,Not Owned,0,,,,0,0,
A0645,P005,Not Owned,0,,,,0,0,
A0645,P006,Owned,207157,2024-04-16,2026-04-06,Low,89,88,Yes
A0645,P007,Owned,96665,2024-06-27,2027-06-12,Low,84,74,Yes
A0645,P008,Not Owned,0,,,,0,0,
A0646,P001,Not Owned,0,,,,0,0,
A0646,P002,Not Owned,0,,,,0,0,
A0646,P003,Not Owned,0,,,,0,0,
A0646,P004,Owned,103358,2024-12-02,2027-11-17,Low,89,90,Yes
A0646,P005,Not Owned,0,,,,0,0,
A0646,P006,Not Owned,0,,,,0,0,
A0646,P007,Not Owned,0,,,,0,0,
A0646,P008,Not Owned,0,,,,0,0,
A0647,P001,Owned,147776,2025-02-27,2027-02-17,Medium,66,65,Yes
A0647,P002,Not Owned,0,,,,0,0,
A0647,P003,Not Owned,0,,,,0,0,
A0647,P004,Owned,141449,2025-01-12,2027-12-28,Low,85,86,Yes
A0647,P005,Owned,98733,2023-08-27,2024-08-21,High,54,57,No
A0647,P006,Not Owned,0,,,,0,0,
A0647,P007,Not Owned,0,,,,0,0,
A0647,P008,Not Owned,0,,,,0,0,
A0650,P001,Owned,194897,2024-05-12,2026-05-02,Medium,62,63,Yes
A0650,P002,Not Owned,0,,,,0,0,
A0650,P003,Not Owned,0,,,,0,0,
A0650,P004,Not Owned,0,,,,0,0,
A0650,P005,Not Owned,0,,,,0,0,
A0650,P006,Not Owned,0,,,,0,0,
A0650,P007,Not Owned,0,,,,0,0,
A0650,P008,Not Owned,0,,,,0,0,
A0651,P001,Owned,190506,2023-01-02,2023-12-28,Medium,71,79,Yes
A0651,P002,Not Owned,0,,,,0,0,
A0651,P003,Owned,146318,2024-07-11,2027-06-26,Low,93,91,Yes
A0651,P004,Owned,137186,2024-02-15,2026-02-04,Low,81,72,Yes
A0651,P005,Not Owned,0,,,,0,0,
A0651,P006,Not Owned,0,,,,0,0,
A0651,P007,Owned,86829,2023-04-02,2025-03-22,Medium,57,59,No
A0651,P008,Owned,123244,2023-12-22,2025-12-11,Low,89,95,No
A0656,P001,Owned,158304,2023-11-19,2026-11-03,Medium,59,58,No
A0656,P002,Not Owned,0,,,,0,0,
A0656,P003,Not Owned,0,,,,0,0,
A0656,P004,Owned,139118,2023-02-08,2026-01-23,Low,92,87,Yes
A0656,P005,Not Owned,0,,,,0,0,
A0656,P006,Not Owned,0,,,,0,0,
A0656,P007,Not Owned,0,,,,0,0,
A0656,P008,Not Owned,0,,,,0,0,
A0657,P001,Not Owned,0,,,,0,0,
A0657,P002,Not Owned,0,,,,0,0,
A0657,P003,Owned,178203,2024-10-12,2027-09-27,Low,86,90,Yes
A0657,P004,Owned,179162,2024-08-05,2027-07-21,Medium,69,69,Yes
A0657,P005,Not Owned,0,,,,0,0,
A0657,P006,Not Owned,0,,,,0,0,
A0657,P007,Owned,136138,2024-08-30,2026-08-20,Low,91,96,Yes
A0657,P008,Not Owned,0,,,,0,0,
A0660,P001,Not Owned,0,,,,0,0,
A0660,P002,Not Owned,0,,,,0,0,
A0660,P003,Not Owned,0,,,,0,0,
A0660,P004,Not Owned,0,,,,0,0,
A0660,P005,Not Owned,0,,,,0,0,
A0660,P006,Owned,176622,2023-06-15,2026-05-30,Medium,55,43,No
A0660,P007,Not Owned,0,,,,0,0,
A0660,P008,Not Owned,0,,,,0,0,
A0667,P001,Owned,200329,2024-09-20,2026-09-10,Low,78,80,Yes
A0667,P002,Not Owned,0,,,,0,0,
A0667,P003,Not Owned,0,,,,0,0,
A0667,P004,Owned,147426,2024-07-27,2027-07-12,Low,93,88,Yes
A0667,P005,Not Owned,0,,,,0,0,
A0667,P006,Not Owned,0,,,,0,0,
A0667,P007,Not Owned,0,,,,0,0,
A0667,P008,Not Owned,0,,,,0,0,
A0669,P001,Not Owned,0,,,,0,0,
A0669,P002,Owned,189057,2023-12-05,2025-11-24,Medium,63,69,Yes
A0669,P003,Not Owned,0,,,,0,0,
A0669,P004,Owned,154302,2023-11-11,2026-10-26,Medium,61,64,Yes
A0669,P005,Not Owned,0,,,,0,0,
A0669,P006,Owned,173353,2023-05-05,2025-04-24,Low,81,67,Yes
A0669,P007,Owned,109590,2024-08-26,2025-08-21,Low,93,81,Yes
A0669,P008,Not Owned,0,,,,0,0,
A0673,P001,Not Owned,0,,,,0,0,
A0673,P002,Not Owned,0,,,,0,0,
A0673,P003,Owned,97234,2023-08-20,2026-08-04,Medium,62,52,No
A0673,P004,Not Owned,0,,,,0,0,
A0673,P005,Owned,75869,2023-09-28,2024-09-22,Low,78,78,Yes
A0673,P006,Not Owned,0,,,,0,0,
A0673,P007,Not Owned,0,,,,0,0,
A0673,P008,Owned,87107,2023-06-25,2024-06-19,Medium,59,43,No
A0674,P001,Not Owned,0,,,,0,0,
A0674,P002,Not Owned,0,,,,0,0,
A0674,P003,Not Owned,0,,,,0,0,
A0674,P004,Not Owned,0,,,,0,0,
A0674,P005,Not Owned,0,,,,0,0,
A0674,P006,Owned,187717,2023-05-12,2026-04-26,Low,91,72,Yes
A0674,P007,Not Owned,0,,,,0,0,
A0674,P008,Not Owned,0,,,,0,0,
A0676,P001,Owned,93036,2023-01-09,2025-12-24,Medium,73,75,Yes
A0676,P002,Owned,109826,2024-12-08,2025-12-03,High,52,60,Yes
A0676,P003,Not Owned,0,,,,0,0,
A0676,P004,Not Owned,0,,,,0,0,
A0676,P005,Owned,65549,2023-11-05,2026-10-20,Medium,67,56,No
A0676,P006,Owned,103344,2024-10-07,2027-09-22,Low,95,88,Yes
A0676,P007,Not Owned,0,,,,0,0,
A0676,P008,Not Owned,0,,,,0,0,
A0678,P001,Not Owned,0,,,,0,0,
A0678,P002,Owned,168027,2023-01-11,2024-01-06,Medium,64,67,Yes
A0678,P003,Owned,144577,2024-03-19,2026-03-09,Medium,69,73,Yes
A0678,P004,Not Owned,0,,,,0,0,
A0678,P005,Not Owned,0,,,,0,0,
A0678,P006,Not Owned,0,,,,0,0,
A0678,P007,Owned,97922,2024-08-03,2025-07-29,High,46,44,No
A0678,P008,Not Owned,0,,,,0,0,
A0687,P001,Not Owned,0,,,,0,0,
A0687,P002,Not Owned,0,,,,0,0,
A0687,P003,Not Owned,0,,,,0,0,
A0687,P004,Not Owned,0,,,,0,0,
A0687,P005,Not Owned,0,,,,0,0,
A0687,P006,Owned,99377,2025-03-08,2026-03-03,Medium,58,57,No
A0687,P007,Not Owned,0,,,,0,0,
A0687,P008,Not Owned,0,,,,0,0,
A0690,P001,Not Owned,0,,,,0,0,
A0690,P002,Not Owned,0,,,,0,0,
A0690,P003,Not Owned,0,,,,0,0,
A0690,P004,Not Owned,0,,,,0,0,
A0690,P005,Owned,101082,2023-12-05,2026-11-19,Medium,66,57,No
A0690,P006,Owned,197101,2025-05-09,2027-04-29,High,45,37,No
A0690,P007,Owned,105106,2024-08-10,2027-07-26,Medium,58,55,No
A0690,P008,Owned,151515,2023-09-25,2026-09-09,Medium,68,63,No
A0691,P001,Not Owned,0,,,,0,0,
A0691,P002,Owned,171838,2023-08-17,2026-08-01,Low,80,78,Yes
A0691,P003,Not Owned,0,,,,0,0,
A0691,P004,Owned,133638,2023-07-29,2025-07-18,Medium,56,58,No
A0691,P005,Not Owned,0,,,,0,0,
A0691,P006,Not Owned,0,,,,0,0,
A0691,P007,Owned,109766,2025-01-28,2026-01-23,High,47,54,No
A0691,P008,Not Owned,0,,,,0,0,
A0693,P001,Not Owned,0,,,,0,0,
A0693,P002,Not Owned,0,,,,0,0,
A0693,P003,Owned,91086,2023-09-29,2025-09-18,Medium,58,57,No
A0693,P004,Owned,78865,2024-04-06,2027-03-22,Low,82,80,Yes
A0693,P005,Not Owned,0,,,,0,0,
A0693,P006,Not Owned,0,,,,0,0,
A0693,P007,Not Owned,0,,,,0,0,
A0693,P008,Owned,78112,2025-01-29,2028-01-14,Low,88,90,No
A0695,P001,Owned,196061,2024-10-28,2026-10-18,Low,90,82,Yes
A0695,P002,Not Owned,0,,,,0,0,
A0695,P003,Not Owned,0,,,,0,0,
A0695,P004,Not Owned,0,,,,0,0,
A0695,P005,Owned,114174,2023-05-25,2026-05-09,Medium,62,54,No
A0695,P006,Not Owned,0,,,,0,0,
A0695,P007,Not Owned,0,,,,0,0,
A0695,P008,Owned,106266,2025-04-04,2028-03-19,High,50,57,No
A0700,P001,Not Owned,0,,,,0,0,
A0700,P002,Not Owned,0,,,,0,0,
A0700,P003,Owned,131304,2023-09-27,2024-09-21,High,47,42,No
A0700,P004,Owned,116386,2023-08-22,2026-08-06,Low,95,99,Yes
A0700,P005,Not Owned,0,,,,0,0,
A0700,P006,Not Owned,0,,,,0,0,
A0700,P007,Not Owned,0,,,,0,0,
A0700,P008,Owned,143773,2024-01-11,2025-01-05,Medium,55,60,No
A0703,P001,Not Owned,0,,,,0,0,
A0703,P002,Owned,303974,2025-01-17,2026-01-12,Medium,57,65,Yes
A0703,P003,Owned,188412,2024-06-16,2025-06-11,Low,84,84,Yes
A0703,P004,Owned,153728,2023-12-05,2025-11-24,Low,81,79,Yes
A0703,P005,Not Owned,0,,,,0,0,
A0703,P006,Not Owned,0,,,,0,0,
A0703,P007,Owned,150858,2023-08-09,2024-08-03,High,45,45,No
A0703,P008,Owned,157108,2024-04-24,2026-04-14,High,49,54,No
A0706,P001,Not Owned,0,,,,0,0,
A0706,P002,Owned,148725,2025-03-13,2027-03-03,Medium,68,69,Yes
A0706,P003,Not Owned,0,,,,0,0,
A0706,P004,Not Owned,0,,,,0,0,
A0706,P005,Not Owned,0,,,,0,0,
A0706,P006,Owned,133904,2023-05-26,2025-05-15,Low,84,83,Yes
A0706,P007,Not Owned,0,,,,0,0,
A0706,P008,Not Owned,0,,,,0,0,
A0708,P001,Not Owned,0,,,,0,0,
A0708,P002,Owned,169586,2023-10-12,2026-09-26,Medium,68,68,Yes
A0708,P003,Not Owned,0,,,,0,0,
A0708,P004,Not Owned,0,,,,0,0,
A0708,P005,Not Owned,0,,,,0,0,
A0708,P006,Owned,217378,2023-08-25,2026-08-09,Low,82,85,Yes
A0708,P007,Not Owned,0,,,,0,0,
A0708,P008,Owned,131870,2023-09-22,2025-09-11,Medium,55,55,No
A0709,P001,Owned,94048,2023-10-31,2025-10-20,High,49,54,No
A0709,P002,Not Owned,0,,,,0,0,
A0709,P003,Owned,116505,2025-03-29,2028-03-13,Low,92,97,Yes
A0709,P004,Not Owned,0,,,,0,0,
A0709,P005,Not Owned,0,,,,0,0,
A0709,P006,Not Owned,0,,,,0,0,
A0709,P007,Not Owned,0,,,,0,0,
A0709,P008,Not Owned,0,,,,0,0,
A0713,P001,Not Owned,0,,,,0,0,
A0713,P002,Not Owned,0,,,,0,0,
A0713,P003,Not Owned,0,,,,0,0,
A0713,P004,Not Owned,0,,,,0,0,
A0713,P005,Not Owned,0,,,,0,0,
A0713,P006,Not Owned,0,,,,0,0,
A0713,P007,Not Owned,0,,,,0,0,
A0713,P008,Owned,140045,2023-06-17,2026-06-01,High,53,35,No
A0718,P001,Owned,171764,2025-06-18,2028-06-02,Medium,71,76,Yes
A0718,P002,Not Owned,0,,,,0,0,
A0718,P003,Not Owned,0,,,,0,0,
A0718,P004,Not Owned,0,,,,0,0,
A0718,P005,Not Owned,0,,,,0,0,
A0718,P006,Owned,215875,2024-04-18,2027-04-03,Low,94,90,Yes
A0718,P007,Not Owned,0,,,,0,0,
A0718,P008,Not Owned,0,,,,0,0,
A0720,P001,Not Owned,0,,,,0,0,
A0720,P002,Not Owned,0,,,,0,0,
A0720,P003,Not Owned,0,,,,0,0,
A0720,P004,Owned,81945,2023-09-24,2025-09-13,High,51,40,No
A0720,P005,Not Owned,0,,,,0,0,
A0720,P006,Owned,137581,2023-07-07,2025-06-26,High,48,37,No
A0720,P007,Owned,56132,2024-10-17,2027-10-02,Medium,59,41,No
A0720,P008,Owned,69825,2024-11-24,2026-11-14,Low,85,80,No
A0721,P001,Not Owned,0,,,,0,0,
A0721,P002,Owned,179505,2023-11-21,2026-11-05,High,47,50,No
A0721,P003,Not Owned,0,,,,0,0,
A0721,P004,Not Owned,0,,,,0,0,
A0721,P005,Not Owned,0,,,,0,0,
A0721,P006,Not Owned,0,,,,0,0,
A0721,P007,Not Owned,0,,,,0,0,
A0721,P008,Not Owned,0,,,,0,0,
A0723,P001,Not Owned,0,,,,0,0,
A0723,P002,Not Owned,0,,,,0,0,
A0723,P003,Not Owned,0,,,,0,0,
A0723,P004,Owned,128712,2023-09-18,2026-09-02,Low,91,80,Yes
A0723,P005,Owned,115485,2023-09-11,2025-08-31,Medium,60,53,No
A0723,P006,Not Owned,0,,,,0,0,
A0723,P007,Owned,103754,2023-03-20,2024-03-14,High,51,44,No
A0723,P008,Not Owned,0,,,,0,0,
A0724,P001,Not Owned,0,,,,0,0,
A0724,P002,Owned,243860,2023-05-03,2026-04-17,Medium,74,76,Yes
A0724,P003,Not Owned,0,,,,0,0,
A0724,P004,Not Owned,0,,,,0,0,
A0724,P005,Not Owned,0,,,,0,0,
A0724,P006,Not Owned,0,,,,0,0,
A0724,P007,Not Owned,0,,,,0,0,
A0724,P008,Not Owned,0,,,,0,0,
A0726,P001,Not Owned,0,,,,0,0,
A0726,P002,Not Owned,0,,,,0,0,
A0726,P003,Not Owned,0,,,,0,0,
A0726,P004,Not Owned,0,,,,0,0,
A0726,P005,Owned,117179,2023-03-17,2025-03-06,High,48,47,No
A0726,P006,Owned,288965,2024-05-11,2026-05-01,Low,89,99,Yes
A0726,P007,Owned,112866,2023-06-04,2025-05-24,High,51,53,No
A0726,P008,Owned,179895,2024-09-26,2027-09-11,Medium,61,59,No
A0728,P001,Not Owned,0,,,,0,0,
A0728,P002,Owned,173237,2023-06-29,2024-06-23,Low,76,71,Yes
A0728,P003,Not Owned,0,,,,0,0,
A0728,P004,Owned,165343,2025-02-05,2027-01-26,Medium,60,61,Yes
A0728,P005,Not Owned,0,,,,0,0,
A0728,P006,Not Owned,0,,,,0,0,
A0728,P007,Not Owned,0,,,,0,0,
A0728,P008,Not Owned,0,,,,0,0,
A0732,P001,Not Owned,0,,,,0,0,
A0732,P002,Not Owned,0,,,,0,0,
A0732,P003,Not Owned,0,,,,0,0,
A0732,P004,Not Owned,0,,,,0,0,
A0732,P005,Not Owned,0,,,,0,0,
A0732,P006,Owned,213966,2023-06-03,2024-05-28,High,52,60,Yes
A0732,P007,Not Owned,0,,,,0,0,
A0732,P008,Not Owned,0,,,,0,0,
A0735,P001,Not Owned,0,,,,0,0,
A0735,P002,Not Owned,0,,,,0,0,
A0735,P003,Owned,228927,2023-09-24,2026-09-08,Low,86,71,Yes
A0735,P004,Not Owned,0,,,,0,0,
A0735,P005,Not Owned,0,,,,0,0,
A0735,P006,Owned,293510,2025-01-27,2028-01-12,High,45,58,No
A0735,P007,Owned,136020,2025-04-16,2026-04-11,Medium,57,63,Yes
A0735,P008,Not Owned,0,,,,0,0,
A0736,P001,Owned,176102,2024-06-15,2026-06-05,Low,77,76,Yes
A0736,P002,Not Owned,0,,,,0,0,
A0736,P003,Owned,164516,2023-12-05,2024-11-29,Medium,62,47,No
A0736,P004,Not Owned,0,,,,0,0,
A0736,P005,Not Owned,0,,,,0,0,
A0736,P006,Not Owned,0,,,,0,0,
A0736,P007,Not Owned,0,,,,0,0,
A0736,P008,Not Owned,0,,,,0,0,
A0737,P001,Not Owned,0,,,,0,0,
A0737,P002,Not Owned,0,,,,0,0,
A0737,P003,Not Owned,0,,,,0,0,
A0737,P004,Not Owned,0,,,,0,0,
A0737,P005,Not Owned,0,,,,0,0,
A0737,P006,Owned,196059,2024-01-22,2027-01-06,Low,88,91,Yes
A0737,P007,Not Owned,0,,,,0,0,
A0737,P008,Not Owned,0,,,,0,0,
A0739,P001,Not Owned,0,,,,0,0,
A0739,P002,Owned,271054,2023-09-21,2026-09-05,Low,89,95,Yes
A0739,P003,Not Owned,0,,,,0,0,
A0739,P004,Not Owned,0,,,,0,0,
A0739,P005,Not Owned,0,,,,0,0,
A0739,P006,Owned,266318,2023-08-03,2024-07-28,Low,83,78,Yes
A0739,P007,Not Owned,0,,,,0,0,
A0739,P008,Owned,190351,2024-02-29,2025-02-23,Medium,62,69,No
A0743,P001,Not Owned,0,,,,0,0,
A0743,P002,Owned,238444,2024-08-03,2025-07-29,High,46,62,Yes
A0743,P003,Owned,153285,2024-02-13,2026-02-02,Low,79,91,Yes
A0743,P004,Not Owned,0,,,,0,0,
A0743,P005,Not Owned,0,,,,0,0,
A0743,P006,Not Owned,0,,,,0,0,
A0743,P007,Not Owned,0,,,,0,0,
A0743,P008,Not Owned,0,,,,0,0,
A0749,P001,Not Owned,0,,,,0,0,
A0749,P002,Not Owned,0,,,,0,0,
A0749,P003,Not Owned,0,,,,0,0,
A0749,P004,Not Owned,0,,,,0,0,
A0749,P005,Not Owned,0,,,,0,0,
A0749,P006,Owned,120854,2023-06-11,2024-06-05,Low,82,89,Yes
A0749,P007,Not Owned,0,,,,0,0,
A0749,P008,Not Owned,0,,,,0,0,
A0750,P001,Not Owned,0,,,,0,0,
A0750,P002,Owned,119578,2025-06-04,2027-05-25,Medium,58,68,Yes
A0750,P003,Not Owned,0,,,,0,0,
A0750,P004,Not Owned,0,,,,0,0,
A0750,P005,Not Owned,0,,,,0,0,
A0750,P006,Not Owned,0,,,,0,0,
A0750,P007,Not Owned,0,,,,0,0,
A0750,P008,Not Owned,0,,,,0,0,
A0751,P001,Not Owned,0,,,,0,0,
A0751,P002,Owned,200114,2024-04-19,2027-04-04,Low,91,93,Yes
A0751,P003,Not Owned,0,,,,0,0,
A0751,P004,Not Owned,0,,,,0,0,
A0751,P005,Not Owned,0,,,,0,0,
A0751,P006,Not Owned,0,,,,0,0,
A0751,P007,Owned,105334,2024-10-23,2026-10-13,Medium,56,61,Yes
A0751,P008,Not Owned,0,,,,0,0,
A0752,P001,Owned,107199,2023-03-19,2025-03-08,Low,87,75,Yes
A0752,P002,Not Owned,0,,,,0,0,
A0752,P003,Owned,89782,2024-06-10,2025-06-05,Low,86,82,Yes
A0752,P004,Not Owned,0,,,,0,0,
A0752,P005,Not Owned,0,,,,0,0,
A0752,P006,Not Owned,0,,,,0,0,
A0752,P007,Not Owned,0,,,,0,0,
A0752,P008,Not Owned,0,,,,0,0,
A0755,P001,Not Owned,0,,,,0,0,
A0755,P002,Owned,114560,2024-07-05,2025-06-30,High,47,40,No
A0755,P003,Not Owned,0,,,,0,0,
A0755,P004,Not Owned,0,,,,0,0,
A0755,P005,Not Owned,0,,,,0,0,
A0755,P006,Not Owned,0,,,,0,0,
A0755,P007,Not Owned,0,,,,0,0,
A0755,P008,Not Owned,0,,,,0,0,
A0756,P001,Not Owned,0,,,,0,0,
A0756,P002,Not Owned,0,,,,0,0,
A0756,P003,Not Owned,0,,,,0,0,
A0756,P004,Owned,95191,2023-06-10,2024-06-04,Low,86,99,Yes
A0756,P005,Not Owned,0,,,,0,0,
A0756,P006,Not Owned,0,,,,0,0,
A0756,P007,Not Owned,0,,,,0,0,
A0756,P008,Not Owned,0,,,,0,0,
A0758,P001,Not Owned,0,,,,0,0,
A0758,P002,Not Owned,0,,,,0,0,
A0758,P003,Owned,177968,2025-02-06,2027-01-27,Low,77,84,Yes
A0758,P004,Not Owned,0,,,,0,0,
A0758,P005,Not Owned,0,,,,0,0,
A0758,P006,Not Owned,0,,,,0,0,
A0758,P007,Owned,134552,2023-04-26,2026-04-10,Medium,68,52,No
A0758,P008,Not Owned,0,,,,0,0,
A0759,P001,Not Owned,0,,,,0,0,
A0759,P002,Not Owned,0,,,,0,0,
A0759,P003,Not Owned,0,,,,0,0,
A0759,P004,Owned,129607,2023-01-09,2024-01-04,Low,93,89,Yes
A0759,P005,Not Owned,0,,,,0,0,
A0759,P006,Not Owned,0,,,,0,0,
A0759,P007,Not Owned,0,,,,0,0,
A0759,P008,Owned,133222,2024-06-27,2026-06-17,Medium,61,58,No
A0760,P001,Not Owned,0,,,,0,0,
A0760,P002,Not Owned,0,,,,0,0,
A0760,P003,Not Owned,0,,,,0,0,
A0760,P004,Not Owned,0,,,,0,0,
A0760,P005,Owned,90399,2025-05-06,2028-04-20,High,45,44,No
A0760,P006,Not Owned,0,,,,0,0,
A0760,P007,Owned,77006,2024-02-02,2025-01-27,Low,81,97,Yes
A0760,P008,Not Owned,0,,,,0,0,
A0763,P001,Not Owned,0,,,,0,0,
A0763,P002,Owned,231993,2024-06-17,2026-06-07,Low,94,86,Yes
A0763,P003,Not Owned,0,,,,0,0,
A0763,P004,Not Owned,0,,,,0,0,
A0763,P005,Not Owned,0,,,,0,0,
A0763,P006,Not Owned,0,,,,0,0,
A0763,P007,Not Owned,0,,,,0,0,
A0763,P008,Owned,141009,2024-02-02,2027-01-17,Medium,70,66,No
A0769,P001,Not Owned,0,,,,0,0,
A0769,P002,Owned,223324,2023-08-11,2025-07-31,Low,87,99,Yes
A0769,P003,Not Owned,0,,,,0,0,
A0769,P004,Owned,123112,2024-09-17,2025-09-12,Low,90,99,Yes
A0769,P005,Owned,92282,2023-07-17,2024-07-11,High,46,39,No
A0769,P006,Not Owned,0,,,,0,0,
A0769,P007,Not Owned,0,,,,0,0,
A0769,P008,Not Owned,0,,,,0,0,
A0772,P001,Owned,161068,2024-09-18,2026-09-08,Low,79,83,Yes
A0772,P002,Owned,187678,2024-05-12,2027-04-27,Low,81,99,Yes
A0772,P003,Not Owned,0,,,,0,0,
A0772,P004,Not Owned,0,,,,0,0,
A0772,P005,Not Owned,0,,,,0,0,
A0772,P006,Not Owned,0,,,,0,0,
A0772,P007,Not Owned,0,,,,0,0,
A0772,P008,Not Owned,0,,,,0,0,
A0774,P001,Owned,200976,2024-04-02,2025-03-28,Low,93,83,Yes
A0774,P002,Owned,243654,2023-10-12,2026-09-26,Low,89,95,Yes
A0774,P003,Not Owned,0,,,,0,0,
A0774,P004,Owned,142241,2024-10-29,2025-10-24,Low,77,75,Yes
A0774,P005,Not Owned,0,,,,0,0,
A0774,P006,Not Owned,0,,,,0,0,
A0774,P007,Not Owned,0,,,,0,0,
A0774,P008,Not Owned,0,,,,0,0,
A0778,P001,Owned,201837,2024-03-08,2026-02-26,High,46,42,No
A0778,P002,Owned,224393,2025-02-02,2026-01-28,Low,90,90,Yes
A0778,P003,Not Owned,0,,,,0,0,
A0778,P004,Not Owned,0,,,,0,0,
A0778,P005,Not Owned,0,,,,0,0,
A0778,P006,Not Owned,0,,,,0,0,
A0778,P007,Not Owned,0,,,,0,0,
A0778,P008,Not Owned,0,,,,0,0,
A0779,P001,Not Owned,0,,,,0,0,
A0779,P002,Not Owned,0,,,,0,0,
A0779,P003,Owned,87223,2024-02-10,2025-02-04,High,51,51,No
A0779,P004,Not Owned,0,,,,0,0,
A0779,P005,Owned,53235,2024-10-08,2025-10-03,Medium,65,67,Yes
A0779,P006,Not Owned,0,,,,0,0,
A0779,P007,Not Owned,0,,,,0,0,
A0779,P008,Owned,93021,2023-08-29,2026-08-13,Low,90,84,No
A0781,P001,Not Owned,0,,,,0,0,
A0781,P002,Not Owned,0,,,,0,0,
A0781,P003,Not Owned,0,,,,0,0,
A0781,P004,Not Owned,0,,,,0,0,
A0781,P005,Not Owned,0,,,,0,0,
A0781,P006,Owned,119953,2023-06-15,2025-06-04,Low,84,90,Yes
A0781,P007,Not Owned,0,,,,0,0,
A0781,P008,Not Owned,0,,,,0,0,
A0782,P001,Owned,168919,2024-12-15,2026-12-05,Medium,55,67,Yes
A0782,P002,Not Owned,0,,,,0,0,
A0782,P003,Not Owned,0,,,,0,0,
A0782,P004,Owned,158569,2025-02-13,2027-02-03,Medium,60,63,Yes
A0782,P005,Not Owned,0,,,,0,0,
A0782,P006,Not Owned,0,,,,0,0,
A0782,P007,Not Owned,0,,,,0,0,
A0782,P008,Owned,131853,2023-07-31,2026-07-15,Low,84,80,No
A0784,P001,Owned,237676,2024-10-12,2025-10-07,Low,85,99,Yes
A0784,P002,Owned,303804,2025-02-25,2027-02-15,Medium,56,51,No
A0784,P003,Not Owned,0,,,,0,0,
A0784,P004,Owned,182105,2023-04-18,2024-04-12,Medium,72,52,No
A0784,P005,Not Owned,0,,,,0,0,
A0784,P006,Owned,214139,2023-03-18,2024-03-12,High,54,47,No
A0784,P007,Not Owned,0,,,,0,0,
A0784,P008,Owned,185082,2025-03-21,2026-03-16,Medium,57,67,No
A0786,P001,Not Owned,0,,,,0,0,
A0786,P002,Not Owned,0,,,,0,0,
A0786,P003,Not Owned,0,,,,0,0,
A0786,P004,Owned,132442,2023-07-11,2025-06-30,Low,92,84,Yes
A0786,P005,Not Owned,0,,,,0,0,
A0786,P006,Not Owned,0,,,,0,0,
A0786,P007,Not Owned,0,,,,0,0,
A0786,P008,Not Owned,0,,,,0,0,
A0791,P001,Not Owned,0,,,,0,0,
A0791,P002,Owned,191217,2025-02-21,2028-02-06,Low,89,99,Yes
A0791,P003,Not Owned,0,,,,0,0,
A0791,P004,Owned,139781,2024-01-30,2025-01-24,Low,86,88,Yes
A0791,P005,Owned,86668,2025-02-12,2028-01-28,Low,91,83,Yes
A0791,P006,Not Owned,0,,,,0,0,
A0791,P007,Not Owned,0,,,,0,0,
A0791,P008,Not Owned,0,,,,0,0,
A0793,P001,Not Owned,0,,,,0,0,
A0793,P002,Owned,315333,2025-04-12,2027-04-02,Medium,60,67,Yes
A0793,P003,Not Owned,0,,,,0,0,
A0793,P004,Not Owned,0,,,,0,0,
A0793,P005,Not Owned,0,,,,0,0,
A0793,P006,Not Owned,0,,,,0,0,
A0793,P007,Not Owned,0,,,,0,0,
A0793,P008,Not Owned,0,,,,0,0,
A0795,P001,Not Owned,0,,,,0,0,
A0795,P002,Not Owned,0,,,,0,0,
A0795,P003,Owned,103292,2024-02-24,2025-02-18,Medium,74,84,Yes
A0795,P004,Owned,83024,2024-08-30,2026-08-20,Low,82,75,Yes
A0795,P005,Not Owned,0,,,,0,0,
A0795,P006,Not Owned,0,,,,0,0,
A0795,P007,Not Owned,0,,,,0,0,
A0795,P008,Not Owned,0,,,,0,0,
A0798,P001,Not Owned,0,,,,0,0,
A0798,P002,Not Owned,0,,,,0,0,
A0798,P003,Not Owned,0,,,,0,0,
A0798,P004,Owned,81178,2024-11-07,2026-10-28,Medium,56,55,No
A0798,P005,Owned,71699,2025-01-19,2026-01-14,Low,89,87,Yes
A0798,P006,Owned,112471,2024-01-13,2026-12-28,Medium,70,56,No
A0798,P007,Not Owned,0,,,,0,0,
A0798,P008,Not Owned,0,,,,0,0,
A0799,P001,Not Owned,0,,,,0,0,
A0799,P002,Not Owned,0,,,,0,0,
A0799,P003,Not Owned,0,,,,0,0,
A0799,P004,Not Owned,0,,,,0,0,
A0799,P005,Owned,74634,2023-05-22,2025-05-11,Medium,73,70,Yes
A0799,P006,Owned,103870,2024-09-23,2027-09-08,Low,82,63,Yes
A0799,P007,Not Owned,0,,,,0,0,
A0799,P008,Not Owned,0,,,,0,0,
A0805,P001,Not Owned,0,,,,0,0,
A0805,P002,Not Owned,0,,,,0,0,
A0805,P003,Not Owned,0,,,,0,0,
A0805,P004,Owned,91665,2024-11-18,2026-11-08,Low,85,77,Yes
A0805,P005,Not Owned,0,,,,0,0,
A0805,P006,Not Owned,0,,,,0,0,
A0805,P007,Not Owned,0,,,,0,0,
A0805,P008,Not Owned,0,,,,0,0,
A0811,P001,Not Owned,0,,,,0,0,
A0811,P002,Not Owned,0,,,,0,0,
A0811,P003,Not Owned,0,,,,0,0,
A0811,P004,Not Owned,0,,,,0,0,
A0811,P005,Not Owned,0,,,,0,0,
A0811,P006,Owned,108189,2023-05-20,2026-05-04,Low,83,89,Yes
A0811,P007,Not Owned,0,,,,0,0,
A0811,P008,Owned,79997,2025-02-22,2028-02-07,Medium,71,71,No
A0816,P001,Owned,194198,2024-08-10,2027-07-26,Medium,70,59,No
A0816,P002,Not Owned,0,,,,0,0,
A0816,P003,Not Owned,0,,,,0,0,
A0816,P004,Not Owned,0,,,,0,0,
A0816,P005,Owned,107774,2024-09-01,2026-08-22,Medium,64,65,Yes
A0816,P006,Not Owned,0,,,,0,0,
A0816,P007,Not Owned,0,,,,0,0,
A0816,P008,Not Owned,0,,,,0,0,
A0819,P001,Not Owned,0,,,,0,0,
A0819,P002,Not Owned,0,,,,0,0,
A0819,P003,Owned,149160,2024-09-24,2027-09-09,Medium,63,60,Yes
A0819,P004,Not Owned,0,,,,0,0,
A0819,P005,Owned,105945,2025-04-01,2028-03-16,Low,77,78,Yes
A0819,P006,Not Owned,0,,,,0,0,
A0819,P007,Not Owned,0,,,,0,0,
A0819,P008,Owned,146587,2023-04-26,2025-04-15,Medium,74,74,No
A0821,P001,Not Owned,0,,,,0,0,
A0821,P002,Owned,123412,2024-08-18,2027-08-03,Low,79,94,Yes
A0821,P003,Not Owned,0,,,,0,0,
A0821,P004,Not Owned,0,,,,0,0,
A0821,P005,Not Owned,0,,,,0,0,
A0821,P006,Owned,99386,2024-01-25,2026-01-14,Low,94,92,Yes
A0821,P007,Not Owned,0,,,,0,0,
A0821,P008,Not Owned,0,,,,0,0,
A0822,P001,Owned,122788,2023-06-20,2026-06-04,Low,85,84,Yes
A0822,P002,Not Owned,0,,,,0,0,
A0822,P003,Not Owned,0,,,,0,0,
A0822,P004,Not Owned,0,,,,0,0,
A0822,P005,Not Owned,0,,,,0,0,
A0822,P006,Not Owned,0,,,,0,0,
A0822,P007,Not Owned,0,,,,0,0,
A0822,P008,Not Owned,0,,,,0,0,
A0824,P001,Owned,280381,2023-05-02,2024-04-26,Medium,55,38,No
A0824,P002,Not Owned,0,,,,0,0,
A0824,P003,Owned,174856,2024-02-14,2026-02-03,Low,80,92,Yes
A0824,P004,Not Owned,0,,,,0,0,
A0824,P005,Not Owned,0,,,,0,0,
A0824,P006,Not Owned,0,,,,0,0,
A0824,P007,Owned,131530,2023-03-04,2024-02-27,Low,79,83,Yes
A0824,P008,Not Owned,0,,,,0,0,
A0826,P001,Not Owned,0,,,,0,0,
A0826,P002,Owned,142136,2023-01-01,2025-12-16,Low,79,87,Yes
A0826,P003,Not Owned,0,,,,0,0,
A0826,P004,Not Owned,0,,,,0,0,
A0826,P005,Not Owned,0,,,,0,0,
A0826,P006,Not Owned,0,,,,0,0,
A0826,P007,Not Owned,0,,,,0,0,
A0826,P008,Not Owned,0,,,,0,0,
A0828,P001,Not Owned,0,,,,0,0,
A0828,P002,Not Owned,0,,,,0,0,
A0828,P003,Not Owned,0,,,,0,0,
A0828,P004,Owned,157568,2023-12-04,2025-11-23,Medium,64,59,No
A0828,P005,Not Owned,0,,,,0,0,
A0828,P006,Owned,168320,2024-09-01,2027-08-17,Low,75,66,Yes
A0828,P007,Owned,85078,2025-05-25,2028-05-09,High,51,43,No
A0828,P008,Not Owned,0,,,,0,0,
A0832,P001,Owned,122614,2023-01-14,2024-01-09,High,45,42,No
A0832,P002,Owned,114047,2024-11-26,2026-11-16,Low,91,81,Yes
A0832,P003,Not Owned,0,,,,0,0,
A0832,P004,Owned,74366,2025-06-09,2028-05-24,Medium,67,74,Yes
A0832,P005,Not Owned,0,,,,0,0,
A0832,P006,Not Owned,0,,,,0,0,
A0832,P007,Not Owned,0,,,,0,0,
A0832,P008,Not Owned,0,,,,0,0,
A0834,P001,Owned,105295,2023-04-10,2026-03-25,Medium,61,61,Yes
A0834,P002,Not Owned,0,,,,0,0,
A0834,P003,Owned,96744,2024-07-08,2027-06-23,Medium,63,57,No
A0834,P004,Not Owned,0,,,,0,0,
A0834,P005,Not Owned,0,,,,0,0,
A0834,P006,Not Owned,0,,,,0,0,
A0834,P007,Not Owned,0,,,,0,0,
A0834,P008,Not Owned,0,,,,0,0,
A0836,P001,Owned,275650,2023-01-20,2026-01-04,High,52,47,No
A0836,P002,Not Owned,0,,,,0,0,
A0836,P003,Not Owned,0,,,,0,0,
A0836,P004,Owned,217857,2025-04-02,2026-03-28,High,46,45,No
A0836,P005,Owned,120695,2025-02-07,2026-02-02,Medium,72,63,Yes
A0836,P006,Not Owned,0,,,,0,0,
A0836,P007,Not Owned,0,,,,0,0,
A0836,P008,Not Owned,0,,,,0,0,
A0838,P001,Not Owned,0,,,,0,0,
A0838,P002,Not Owned,0,,,,0,0,
A0838,P003,Not Owned,0,,,,0,0,
A0838,P004,Not Owned,0,,,,0,0,
A0838,P005,Owned,122913,2023-11-07,2025-10-27,High,53,61,Yes
A0838,P006,Not Owned,0,,,,0,0,
A0838,P007,Not Owned,0,,,,0,0,
A0838,P008,Not Owned,0,,,,0,0,
A0841,P001,Owned,109466,2024-11-12,2026-11-02,Medium,72,54,No
A0841,P002,Not Owned,0,,,,0,0,
A0841,P003,Not Owned,0,,,,0,0,
A0841,P004,Owned,99135,2024-01-19,2025-01-13,Medium,64,57,No
A0841,P005,Not Owned,0,,,,0,0,
A0841,P006,Not Owned,0,,,,0,0,
A0841,P007,Not Owned,0,,,,0,0,
A0841,P008,Not Owned,0,,,,0,0,
A0842,P001,Not Owned,0,,,,0,0,
A0842,P002,Owned,109208,2023-12-19,2026-12-03,Low,83,74,Yes
A0842,P003,Not Owned,0,,,,0,0,
A0842,P004,Not Owned,0,,,,0,0,
A0842,P005,Not Owned,0,,,,0,0,
A0842,P006,Not Owned,0,,,,0,0,
A0842,P007,Owned,54499,2024-03-11,2025-03-06,Medium,56,59,No
A0842,P008,Owned,94689,2023-07-05,2024-06-29,Low,83,88,No
A0846,P001,Owned,175874,2024-05-06,2026-04-26,Medium,64,64,Yes
A0846,P002,Not Owned,0,,,,0,0,
A0846,P003,Owned,160912,2024-12-02,2026-11-22,Medium,68,59,No
A0846,P004,Owned,131169,2023-04-09,2024-04-03,Low,79,72,Yes
A0846,P005,Owned,94194,2023-01-07,2024-12-27,High,50,56,No
A0846,P006,Not Owned,0,,,,0,0,
A0846,P007,Not Owned,0,,,,0,0,
A0846,P008,Not Owned,0,,,,0,0,
A0848,P001,Owned,189854,2025-06-01,2028-05-16,High,48,46,No
A0848,P002,Owned,165292,2023-09-13,2025-09-02,High,53,42,No
A0848,P003,Not Owned,0,,,,0,0,
A0848,P004,Owned,164524,2023-03-11,2026-02-23,Low,94,77,Yes
A0848,P005,Not Owned,0,,,,0,0,
A0848,P006,Not Owned,0,,,,0,0,
A0848,P007,Not Owned,0,,,,0,0,
A0848,P008,Not Owned,0,,,,0,0,
A0849,P001,Not Owned,0,,,,0,0,
A0849,P002,Not Owned,0,,,,0,0,
A0849,P003,Owned,187536,2024-05-21,2025-05-16,Medium,72,73,Yes
A0849,P004,Not Owned,0,,,,0,0,
A0849,P005,Not Owned,0,,,,0,0,
A0849,P006,Owned,191034,2023-09-10,2026-08-25,Medium,67,57,No
A0849,P007,Not Owned,0,,,,0,0,
A0849,P008,Not Owned,0,,,,0,0,
A0850,P001,Not Owned,0,,,,0,0,
A0850,P002,Not Owned,0,,,,0,0,
A0850,P003,Not Owned,0,,,,0,0,
A0850,P004,Not Owned,0,,,,0,0,
A0850,P005,Owned,61552,2023-07-05,2026-06-19,Low,87,82,Yes
A0850,P006,Owned,110420,2024-12-30,2026-12-20,High,51,62,Yes
A0850,P007,Not Owned,0,,,,0,0,
A0850,P008,Not Owned,0,,,,0,0,
A0856,P001,Not Owned,0,,,,0,0,
A0856,P002,Not Owned,0,,,,0,0,
A0856,P003,Not Owned,0,,,,0,0,
A0856,P004,Owned,133487,2023-03-28,2025-03-17,High,49,65,Yes
A0856,P005,Not Owned,0,,,,0,0,
A0856,P006,Owned,189821,2024-10-14,2025-10-09,Medium,68,74,Yes
A0856,P007,Not Owned,0,,,,0,0,
A0856,P008,Not Owned,0,,,,0,0,
A0857,P001,Not Owned,0,,,,0,0,
A0857,P002,Owned,116339,2024-04-10,2026-03-31,Medium,62,48,No
A0857,P003,Not Owned,0,,,,0,0,
A0857,P004,Not Owned,0,,,,0,0,
A0857,P005,Not Owned,0,,,,0,0,
A0857,P006,Not Owned,0,,,,0,0,
A0857,P007,Not Owned,0,,,,0,0,
A0857,P008,Not Owned,0,,,,0,0,
A0859,P001,Not Owned,0,,,,0,0,
A0859,P002,Owned,269987,2024-06-25,2027-06-10,Low,92,94,Yes
A0859,P003,Owned,242995,2023-10-30,2024-10-24,Low,95,97,Yes
A0859,P004,Not Owned,0,,,,0,0,
A0859,P005,Not Owned,0,,,,0,0,
A0859,P006,Owned,260953,2024-12-20,2027-12-05,Medium,74,70,Yes
A0859,P007,Owned,111572,2023-10-24,2026-10-08,Medium,58,63,Yes
A0859,P008,Not Owned,0,,,,0,0,
A0861,P001,Owned,96994,2024-06-26,2025-06-21,Medium,71,72,Yes
A0861,P002,Owned,107510,2025-03-17,2026-03-12,Low,89,93,Yes
A0861,P003,Not Owned,0,,,,0,0,
A0861,P004,Not Owned,0,,,,0,0,
A0861,P005,Not Owned,0,,,,0,0,
A0861,P006,Not Owned,0,,,,0,0,
A0861,P007,Not Owned,0,,,,0,0,
A0861,P008,Not Owned,0,,,,0,0,
A0862,P001,Owned,238357,2024-06-02,2027-05-18,Medium,56,70,Yes
A0862,P002,Not Owned,0,,,,0,0,
A0862,P003,Owned,239556,2024-07-24,2025-07-19,Medium,67,69,Yes
A0862,P004,Owned,187876,2023-01-10,2024-12-30,Low,80,71,Yes
A0862,P005,Not Owned,0,,,,0,0,
A0862,P006,Not Owned,0,,,,0,0,
A0862,P007,Not Owned,0,,,,0,0,
A0862,P008,Not Owned,0,,,,0,0,
A0863,P001,Not Owned,0,,,,0,0,
A0863,P002,Not Owned,0,,,,0,0,
A0863,P003,Not Owned,0,,,,0,0,
A0863,P004,Not Owned,0,,,,0,0,
A0863,P005,Not Owned,0,,,,0,0,
A0863,P006,Owned,155486,2023-07-05,2024-06-29,Medium,73,70,Yes
A0863,P007,Not Owned,0,,,,0,0,
A0863,P008,Owned,145815,2023-08-06,2025-07-26,Low,91,83,No
A0864,P001,Owned,176770,2025-06-03,2026-05-29,Medium,67,58,No
A0864,P002,Not Owned,0,,,,0,0,
A0864,P003,Not Owned,0,,,,0,0,
A0864,P004,Not Owned,0,,,,0,0,
A0864,P005,Not Owned,0,,,,0,0,
A0864,P006,Not Owned,0,,,,0,0,
A0864,P007,Not Owned,0,,,,0,0,
A0864,P008,Owned,118532,2025-06-09,2027-05-30,Low,76,80,No
A0865,P001,Not Owned,0,,,,0,0,
A0865,P002,Not Owned,0,,,,0,0,
A0865,P003,Not Owned,0,,,,0,0,
A0865,P004,Not Owned,0,,,,0,0,
A0865,P005,Not Owned,0,,,,0,0,
A0865,P006,Not Owned,0,,,,0,0,
A0865,P007,Not Owned,0,,,,0,0,
A0865,P008,Owned,126130,2024-01-23,2025-01-17,Low,82,85,No
A0869,P001,Not Owned,0,,,,0,0,
A0869,P002,Not Owned,0,,,,0,0,
A0869,P003,Not Owned,0,,,,0,0,
A0869,P004,Not Owned,0,,,,0,0,
A0869,P005,Owned,94163,2025-04-13,2027-04-03,High,53,43,No
A0869,P006,Not Owned,0,,,,0,0,
A0869,P007,Not Owned,0,,,,0,0,
A0869,P008,Not Owned,0,,,,0,0,
A0871,P001,Not Owned,0,,,,0,0,
A0871,P002,Not Owned,0,,,,0,0,
A0871,P003,Not Owned,0,,,,0,0,
A0871,P004,Owned,92589,2024-03-16,2026-03-06,Medium,66,76,Yes
A0871,P005,Owned,68320,2023-01-30,2026-01-14,High,47,50,No
A0871,P006,Not Owned,0,,,,0,0,
A0871,P007,Not Owned,0,,,,0,0,
A0871,P008,Not Owned,0,,,,0,0,
A0872,P001,Not Owned,0,,,,0,0,
A0872,P002,Not Owned,0,,,,0,0,
A0872,P003,Not Owned,0,,,,0,0,
A0872,P004,Not Owned,0,,,,0,0,
A0872,P005,Not Owned,0,,,,0,0,
A0872,P006,Owned,186185,2024-08-14,2025-08-09,Low,79,91,Yes
A0872,P007,Not Owned,0,,,,0,0,
A0872,P008,Not Owned,0,,,,0,0,
A0874,P001,Owned,190044,2024-07-07,2027-06-22,Medium,71,62,Yes
A0874,P002,Owned,218442,2023-10-25,2025-10-14,Medium,55,50,No
A0874,P003,Not Owned,0,,,,0,0,
A0874,P004,Not Owned,0,,,,0,0,
A0874,P005,Not Owned,0,,,,0,0,
A0874,P006,Owned,205058,2024-06-10,2027-05-26,Medium,64,57,No
A0874,P007,Not Owned,0,,,,0,0,
A0874,P008,Not Owned,0,,,,0,0,
A0877,P001,Not Owned,0,,,,0,0,
A0877,P002,Not Owned,0,,,,0,0,
A0877,P003,Owned,154507,2024-07-28,2026-07-18,Low,94,99,Yes
A0877,P004,Not Owned,0,,,,0,0,
A0877,P005,Owned,114263,2023-12-23,2026-12-07,High,53,48,No
A0877,P006,Not Owned,0,,,,0,0,
A0877,P007,Not Owned,0,,,,0,0,
A0877,P008,Owned,151569,2025-01-29,2026-01-24,Low,82,86,No
A0878,P001,Not Owned,0,,,,0,0,
A0878,P002,Not Owned,0,,,,0,0,
A0878,P003,Not Owned,0,,,,0,0,
A0878,P004,Not Owned,0,,,,0,0,
A0878,P005,Owned,148383,2024-11-09,2027-10-25,High,49,50,No
A0878,P006,Owned,284704,2023-11-03,2026-10-18,Low,79,83,Yes
A0878,P007,Not Owned,0,,,,0,0,
A0878,P008,Owned,198453,2023-03-25,2025-03-14,High,45,55,No
A0879,P001,Owned,195953,2025-03-24,2026-03-19,Medium,72,55,No
A0879,P002,Not Owned,0,,,,0,0,
A0879,P003,Owned,159787,2024-02-05,2027-01-20,High,51,51,No
A0879,P004,Not Owned,0,,,,0,0,
A0879,P005,Owned,88306,2025-01-13,2026-01-08,Low,85,94,Yes
A0879,P006,Not Owned,0,,,,0,0,
A0879,P007,Owned,88015,2024-03-20,2027-03-05,High,52,53,No
A0879,P008,Not Owned,0,,,,0,0,
A0882,P001,Not Owned,0,,,,0,0,
A0882,P002,Not Owned,0,,,,0,0,
A0882,P003,Not Owned,0,,,,0,0,
A0882,P004,Owned,159212,2023-03-23,2025-03-12,Medium,66,51,No
A0882,P005,Owned,85808,2025-03-25,2028-03-09,Low,87,79,Yes
A0882,P006,Not Owned,0,,,,0,0,
A0882,P007,Not Owned,0,,,,0,0,
A0882,P008,Owned,150126,2025-05-13,2028-04-27,Low,81,77,No
A0884,P001,Not Owned,0,,,,0,0,
A0884,P002,Not Owned,0,,,,0,0,
A0884,P003,Not Owned,0,,,,0,0,
A0884,P004,Not Owned,0,,,,0,0,
A0884,P005,Not Owned,0,,,,0,0,
A0884,P006,Not Owned,0,,,,0,0,
A0884,P007,Not Owned,0,,,,0,0,
A0884,P008,Owned,132930,2024-01-15,2026-01-04,High,54,50,No
A0886,P001,Not Owned,0,,,,0,0,
A0886,P002,Not Owned,0,,,,0,0,
A0886,P003,Not Owned,0,,,,0,0,
A0886,P004,Owned,124626,2025-04-22,2027-04-12,High,50,41,No
A0886,P005,Owned,115692,2024-07-05,2025-06-30,Low,93,84,Yes
A0886,P006,Not Owned,0,,,,0,0,
A0886,P007,Owned,102006,2025-02-05,2026-01-31,Low,94,97,Yes
A0886,P008,Not Owned,0,,,,0,0,
A0888,P001,Not Owned,0,,,,0,0,
A0888,P002,Not Owned,0,,,,0,0,
A0888,P003,Not Owned,0,,,,0,0,
A0888,P004,Not Owned,0,,,,0,0,
A0888,P005,Not Owned,0,,,,0,0,
A0888,P006,Not Owned,0,,,,0,0,
A0888,P007,Owned,76175,2025-02-01,2026-01-27,High,52,45,No
A0888,P008,Not Owned,0,,,,0,0,
A0891,P001,Owned,279792,2024-06-29,2025-06-24,Low,81,87,Yes
A0891,P002,Owned,292550,2023-11-19,2025-11-08,High,52,51,No
A0891,P003,Not Owned,0,,,,0,0,
A0891,P004,Not Owned,0,,,,0,0,
A0891,P005,Not Owned,0,,,,0,0,
A0891,P006,Not Owned,0,,,,0,0,
A0891,P007,Not Owned,0,,,,0,0,
A0891,P008,Owned,156406,2024-03-12,2025-03-07,Low,81,90,No
A0892,P001,Not Owned,0,,,,0,0,
A0892,P002,Owned,139465,2023-02-13,2025-02-02,Medium,65,68,Yes
A0892,P003,Not Owned,0,,,,0,0,
A0892,P004,Not Owned,0,,,,0,0,
A0892,P005,Owned,54717,2023-05-19,2025-05-08,Medium,58,56,No
A0892,P006,Not Owned,0,,,,0,0,
A0892,P007,Owned,48837,2023-12-18,2026-12-02,Low,95,89,Yes
A0892,P008,Not Owned,0,,,,0,0,
A0899,P001,Not Owned,0,,,,0,0,
A0899,P002,Owned,122427,2024-02-16,2025-02-10,Medium,73,83,Yes
A0899,P003,Not Owned,0,,,,0,0,
A0899,P004,Not Owned,0,,,,0,0,
A0899,P005,Not Owned,0,,,,0,0,
A0899,P006,Not Owned,0,,,,0,0,
A0899,P007,Not Owned,0,,,,0,0,
A0899,P008,Owned,81089,2024-09-05,2026-08-26,Low,81,86,No
A0908,P001,Not Owned,0,,,,0,0,
A0908,P002,Not Owned,0,,,,0,0,
A0908,P003,Not Owned,0,,,,0,0,
A0908,P004,Not Owned,0,,,,0,0,
A0908,P005,Not Owned,0,,,,0,0,
A0908,P006,Owned,105615,2024-09-25,2025-09-20,Low,90,97,Yes
A0908,P007,Not Owned,0,,,,0,0,
A0908,P008,Not Owned,0,,,,0,0,
A0912,P001,Owned,249506,2023-10-26,2025-10-15,Low,87,87,Yes
A0912,P002,Not Owned,0,,,,0,0,
A0912,P003,Owned,192201,2024-10-28,2026-10-18,Medium,69,71,Yes
A0912,P004,Not Owned,0,,,,0,0,
A0912,P005,Not Owned,0,,,,0,0,
A0912,P006,Not Owned,0,,,,0,0,
A0912,P007,Owned,125852,2023-07-10,2025-06-29,Medium,67,61,Yes
A0912,P008,Not Owned,0,,,,0,0,
A0914,P001,Owned,213537,2024-11-26,2027-11-11,High,47,38,No
A0914,P002,Owned,321269,2024-04-27,2026-04-17,Medium,56,43,No
A0914,P003,Owned,209830,2025-05-25,2026-05-20,Low,79,56,No
A0914,P004,Owned,200891,2024-02-24,2025-02-18,Medium,66,50,No
A0914,P005,Not Owned,0,,,,0,0,
A0914,P006,Not Owned,0,,,,0,0,
A0914,P007,Not Owned,0,,,,0,0,
A0914,P008,Not Owned,0,,,,0,0,
A0917,P001,Not Owned,0,,,,0,0,
A0917,P002,Owned,107463,2025-04-06,2027-03-27,Medium,61,72,Yes
A0917,P003,Not Owned,0,,,,0,0,
A0917,P004,Not Owned,0,,,,0,0,
A0917,P005,Owned,63820,2023-02-05,2024-01-31,Low,84,89,Yes
A0917,P006,Not Owned,0,,,,0,0,
A0917,P007,Not Owned,0,,,,0,0,
A0917,P008,Owned,96597,2024-04-17,2026-04-07,Low,85,90,No
A0920,P001,Not Owned,0,,,,0,0,
A0920,P002,Not Owned,0,,,,0,0,
A0920,P003,Owned,81370,2024-01-18,2025-01-12,High,47,42,No
A0920,P004,Owned,77376,2024-07-27,2027-07-12,High,45,59,No
A0920,P005,Owned,53350,2023-05-27,2025-05-16,Medium,71,87,Yes
A0920,P006,Not Owned,0,,,,0,0,
A0920,P007,Not Owned,0,,,,0,0,
A0920,P008,Not Owned,0,,,,0,0,
A0922,P001,Not Owned,0,,,,0,0,
A0922,P002,Not Owned,0,,,,0,0,
A0922,P003,Owned,158920,2023-04-15,2025-04-04,Low,85,84,Yes
A0922,P004,Not Owned,0,,,,0,0,
A0922,P005,Not Owned,0,,,,0,0,
A0922,P006,Not Owned,0,,,,0,0,
A0922,P007,Owned,79710,2025-02-12,2028-01-28,Medium,59,65,Yes
A0922,P008,Not Owned,0,,,,0,0,
A0924,P001,Owned,169861,2025-03-27,2026-03-22,Medium,71,64,Yes
A0924,P002,Not Owned,0,,,,0,0,
A0924,P003,Not Owned,0,,,,0,0,
A0924,P004,Owned,154900,2024-11-06,2027-10-22,Low,85,85,Yes
A0924,P005,Owned,124828,2023-01-04,2025-12-19,Medium,56,60,Yes
A0924,P006,Not Owned,0,,,,0,0,
A0924,P007,Not Owned,0,,,,0,0,
A0924,P008,Not Owned,0,,,,0,0,
A0927,P001,Not Owned,0,,,,0,0,
A0927,P002,Not Owned,0,,,,0,0,
A0927,P003,Owned,234728,2023-12-26,2024-12-20,Low,90,98,Yes
A0927,P004,Not Owned,0,,,,0,0,
A0927,P005,Not Owned,0,,,,0,0,
A0927,P006,Owned,226883,2025-05-01,2027-04-21,Low,79,78,Yes
A0927,P007,Owned,143634,2023-05-07,2025-04-26,Medium,62,53,No
A0927,P008,Owned,200389,2023-01-22,2026-01-06,Medium,72,78,No
A0928,P001,Owned,155463,2023-08-02,2026-07-17,Low,77,57,No
A0928,P002,Owned,226205,2023-03-08,2026-02-20,Low,76,78,Yes
A0928,P003,Owned,167787,2024-01-03,2026-12-18,Medium,59,67,Yes
A0928,P004,Owned,153582,2023-08-08,2025-07-28,Medium,63,63,Yes
A0928,P005,Not Owned,0,,,,0,0,
A0928,P006,Not Owned,0,,,,0,0,
A0928,P007,Owned,105961,2023-04-07,2024-04-01,Low,90,81,Yes
A0928,P008,Not Owned,0,,,,0,0,
A0930,P001,Owned,184415,2023-04-26,2025-04-15,Medium,57,45,No
A0930,P002,Not Owned,0,,,,0,0,
A0930,P003,Not Owned,0,,,,0,0,
A0930,P004,Not Owned,0,,,,0,0,
A0930,P005,Not Owned,0,,,,0,0,
A0930,P006,Not Owned,0,,,,0,0,
A0930,P007,Not Owned,0,,,,0,0,
A0930,P008,Not Owned,0,,,,0,0,
A0932,P001,Owned,179051,2024-02-10,2025-02-04,Medium,67,66,Yes
A0932,P002,Owned,186317,2023-06-20,2024-06-14,Medium,61,75,Yes
A0932,P003,Not Owned,0,,,,0,0,
A0932,P004,Not Owned,0,,,,0,0,
A0932,P005,Not Owned,0,,,,0,0,
A0932,P006,Not Owned,0,,,,0,0,
A0932,P007,Not Owned,0,,,,0,0,
A0932,P008,Not Owned,0,,,,0,0,
A0934,P001,Owned,191417,2023-12-31,2025-12-20,Medium,74,80,Yes
A0934,P002,Not Owned,0,,,,0,0,
A0934,P003,Not Owned,0,,,,0,0,
A0934,P004,Owned,120554,2023-10-02,2025-09-21,High,49,61,Yes
A0934,P005,Owned,105352,2024-08-28,2027-08-13,Medium,62,63,Yes
A0934,P006,Not Owned,0,,,,0,0,
A0934,P007,Owned,79109,2023-08-09,2024-08-03,Medium,62,52,No
A0934,P008,Not Owned,0,,,,0,0,
A0940,P001,Owned,190756,2023-11-13,2024-11-07,Low,85,95,Yes
A0940,P002,Owned,239374,2023-05-28,2025-05-17,Low,79,80,Yes
A0940,P003,Not Owned,0,,,,0,0,
A0940,P004,Owned,153466,2024-07-25,2026-07-15,High,54,53,No
A0940,P005,Owned,115688,2023-09-19,2026-09-03,Medium,71,72,Yes
A0940,P006,Not Owned,0,,,,0,0,
A0940,P007,Not Owned,0,,,,0,0,
A0940,P008,Not Owned,0,,,,0,0,
A0947,P001,Not Owned,0,,,,0,0,
A0947,P002,Not Owned,0,,,,0,0,
A0947,P003,Not Owned,0,,,,0,0,
A0947,P004,Not Owned,0,,,,0,0,
A0947,P005,Not Owned,0,,,,0,0,
A0947,P006,Not Owned,0,,,,0,0,
A0947,P007,Not Owned,0,,,,0,0,
A0947,P008,Owned,146334,2025-03-23,2026-03-18,Medium,56,60,No
A0952,P001,Not Owned,0,,,,0,0,
A0952,P002,Not Owned,0,,,,0,0,
A0952,P003,Not Owned,0,,,,0,0,
A0952,P004,Not Owned,0,,,,0,0,
A0952,P005,Owned,74711,2024-12-11,2027-11-26,Low,88,89,Yes
A0952,P006,Not Owned,0,,,,0,0,
A0952,P007,Not Owned,0,,,,0,0,
A0952,P008,Not Owned,0,,,,0,0,
A0955,P001,Owned,143895,2023-11-09,2025-10-29,Low,78,86,Yes
A0955,P002,Not Owned,0,,,,0,0,
A0955,P003,Not Owned,0,,,,0,0,
A0955,P004,Not Owned,0,,,,0,0,
A0955,P005,Not Owned,0,,,,0,0,
A0955,P006,Not Owned,0,,,,0,0,
A0955,P007,Not Owned,0,,,,0,0,
A0955,P008,Not Owned,0,,,,0,0,
A0956,P001,Owned,234814,2023-06-02,2026-05-17,Medium,70,58,No
A0956,P002,Owned,228510,2023-06-05,2024-05-30,High,47,50,No
A0956,P003,Not Owned,0,,,,0,0,
A0956,P004,Not Owned,0,,,,0,0,
A0956,P005,Not Owned,0,,,,0,0,
A0956,P006,Not Owned,0,,,,0,0,
A0956,P007,Owned,131170,2025-03-09,2026-03-04,Medium,70,76,Yes
A0956,P008,Not Owned,0,,,,0,0,
A0957,P001,Not Owned,0,,,,0,0,
A0957,P002,Owned,266830,2024-07-10,2027-06-25,High,46,40,No
A0957,P003,Not Owned,0,,,,0,0,
A0957,P004,Not Owned,0,,,,0,0,
A0957,P005,Not Owned,0,,,,0,0,
A0957,P006,Owned,204349,2024-04-21,2026-04-11,Low,83,81,Yes
A0957,P007,Not Owned,0,,,,0,0,
A0957,P008,Not Owned,0,,,,0,0,
A0959,P001,Not Owned,0,,,,0,0,
A0959,P002,Not Owned,0,,,,0,0,
A0959,P003,Owned,252413,2023-01-27,2025-01-16,Medium,58,60,Yes
A0959,P004,Not Owned,0,,,,0,0,
A0959,P005,Owned,148725,2023-04-02,2024-03-27,Low,93,95,Yes
A0959,P006,Not Owned,0,,,,0,0,
A0959,P007,Not Owned,0,,,,0,0,
A0959,P008,Owned,151517,2023-04-06,2024-03-31,Medium,58,46,No
A0961,P001,Not Owned,0,,,,0,0,
A0961,P002,Not Owned,0,,,,0,0,
A0961,P003,Not Owned,0,,,,0,0,
A0961,P004,Not Owned,0,,,,0,0,
A0961,P005,Owned,54205,2024-06-05,2026-05-26,High,49,43,No
A0961,P006,Not Owned,0,,,,0,0,
A0961,P007,Owned,51509,2023-01-26,2025-01-15,Medium,65,57,No
A0961,P008,Not Owned,0,,,,0,0,
A0962,P001,Owned,210366,2023-04-24,2026-04-08,Medium,55,30,No
A0962,P002,Not Owned,0,,,,0,0,
A0962,P003,Not Owned,0,,,,0,0,
A0962,P004,Owned,116935,2025-05-04,2026-04-29,Medium,74,66,Yes
A0962,P005,Owned,95502,2023-09-08,2025-08-28,High,48,52,No
A0962,P006,Owned,167482,2023-11-05,2025-10-25,Low,95,94,Yes
A0962,P007,Not Owned,0,,,,0,0,
A0962,P008,Not Owned,0,,,,0,0,
A0963,P001,Not Owned,0,,,,0,0,
A0963,P002,Owned,110588,2024-10-25,2026-10-15,High,45,48,No
A0963,P003,Owned,115138,2023-10-04,2024-09-28,High,54,57,No
A0963,P004,Not Owned,0,,,,0,0,
A0963,P005,Not Owned,0,,,,0,0,
A0963,P006,Not Owned,0,,,,0,0,
A0963,P007,Not Owned,0,,,,0,0,
A0963,P008,Owned,95177,2024-11-11,2027-10-27,High,46,40,No
A0969,P001,Not Owned,0,,,,0,0,
A0969,P002,Owned,214695,2023-08-02,2026-07-17,Medium,56,52,No
A0969,P003,Not Owned,0,,,,0,0,
A0969,P004,Owned,136380,2024-10-02,2026-09-22,Medium,65,80,Yes
A0969,P005,Not Owned,0,,,,0,0,
A0969,P006,Not Owned,0,,,,0,0,
A0969,P007,Not Owned,0,,,,0,0,
A0969,P008,Owned,127528,2023-03-22,2026-03-06,Medium,74,84,No
A0971,P001,Not Owned,0,,,,0,0,
A0971,P002,Not Owned,0,,,,0,0,
A0971,P003,Not Owned,0,,,,0,0,
A0971,P004,Not Owned,0,,,,0,0,
A0971,P005,Owned,85868,2024-11-24,2025-11-19,Medium,62,76,Yes
A0971,P006,Owned,177309,2024-07-07,2026-06-27,High,52,47,No
A0971,P007,Not Owned,0,,,,0,0,
A0971,P008,Owned,123072,2023-05-15,2024-05-09,High,51,47,No
A0973,P001,Not Owned,0,,,,0,0,
A0973,P002,Owned,330205,2024-12-20,2026-12-10,Low,91,89,Yes
A0973,P003,Not Owned,0,,,,0,0,
A0973,P004,Owned,197654,2024-07-02,2026-06-22,Medium,61,52,No
A0973,P005,Owned,163427,2024-06-10,2027-05-26,Medium,71,72,Yes
A0973,P006,Owned,215948,2024-04-19,2026-04-09,High,48,55,No
A0973,P007,Not Owned,0,,,,0,0,
A0973,P008,Owned,158171,2024-04-12,2026-04-02,High,46,40,No
A0974,P001,Not Owned,0,,,,0,0,
A0974,P002,Not Owned,0,,,,0,0,
A0974,P003,Not Owned,0,,,,0,0,
A0974,P004,Owned,99217,2024-07-24,2025-07-19,Low,81,82,Yes
A0974,P005,Not Owned,0,,,,0,0,
A0974,P006,Not Owned,0,,,,0,0,
A0974,P007,Not Owned,0,,,,0,0,
A0974,P008,Owned,74181,2025-05-16,2028-04-30,High,53,54,No
A0978,P001,Not Owned,0,,,,0,0,
A0978,P002,Not Owned,0,,,,0,0,
A0978,P003,Not Owned,0,,,,0,0,
A0978,P004,Not Owned,0,,,,0,0,
A0978,P005,Owned,86675,2024-02-18,2027-02-02,Low,92,90,Yes
A0978,P006,Not Owned,0,,,,0,0,
A0978,P007,Not Owned,0,,,,0,0,
A0978,P008,Not Owned,0,,,,0,0,
A0980,P001,Not Owned,0,,,,0,0,
A0980,P002,Not Owned,0,,,,0,0,
A0980,P003,Not Owned,0,,,,0,0,
A0980,P004,Owned,166259,2024-10-02,2025-09-27,Medium,57,47,No
A0980,P005,Owned,117386,2023-08-24,2025-08-13,Low,79,77,Yes
A0980,P006,Not Owned,0,,,,0,0,
A0980,P007,Not Owned,0,,,,0,0,
A0980,P008,Owned,126451,2023-02-10,2026-01-25,Medium,55,63,No
A0981,P001,Not Owned,0,,,,0,0,
A0981,P002,Not Owned,0,,,,0,0,
A0981,P003,Not Owned,0,,,,0,0,
A0981,P004,Not Owned,0,,,,0,0,
A0981,P005,Not Owned,0,,,,0,0,
A0981,P006,Not Owned,0,,,,0,0,
A0981,P007,Owned,87163,2024-03-18,2025-03-13,High,54,53,No
A0981,P008,Not Owned,0,,,,0,0,
A0983,P001,Not Owned,0,,,,0,0,
A0983,P002,Not Owned,0,,,,0,0,
A0983,P003,Owned,139681,2025-01-14,2027-01-04,Low,88,86,Yes
A0983,P004,Not Owned,0,,,,0,0,
A0983,P005,Not Owned,0,,,,0,0,
A0983,P006,Not Owned,0,,,,0,0,
A0983,P007,Not Owned,0,,,,0,0,
A0983,P008,Not Owned,0,,,,0,0,
A0984,P001,Owned,203733,2023-01-02,2023-12-28,Low,93,93,Yes
A0984,P002,Not Owned,0,,,,0,0,
A0984,P003,Owned,128433,2024-06-15,2026-06-05,Medium,60,62,Yes
A0984,P004,Not Owned,0,,,,0,0,
A0984,P005,Not Owned,0,,,,0,0,
A0984,P006,Not Owned,0,,,,0,0,
A0984,P007,Owned,104632,2025-01-31,2028-01-16,Medium,70,59,No
A0984,P008,Owned,134706,2023-01-04,2025-12-19,Low,78,81,No
A0986,P001,Owned,201727,2025-03-28,2026-03-23,High,46,32,No
A0986,P002,Owned,232444,2024-08-04,2027-07-20,Low,85,77,Yes
A0986,P003,Owned,184329,2023-08-29,2024-08-23,Low,88,69,Yes
A0986,P004,Not Owned,0,,,,0,0,
A0986,P005,Not Owned,0,,,,0,0,
A0986,P006,Not Owned,0,,,,0,0,
A0986,P007,Not Owned,0,,,,0,0,
A0986,P008,Not Owned,0,,,,0,0,
A0988,P001,Not Owned,0,,,,0,0,
A0988,P002,Not Owned,0,,,,0,0,
A0988,P003,Not Owned,0,,,,0,0,
A0988,P004,Not Owned,0,,,,0,0,
A0988,P005,Not Owned,0,,,,0,0,
A0988,P006,Owned,127473,2023-02-15,2025-02-04,High,45,45,No
A0988,P007,Not Owned,0,,,,0,0,
A0988,P008,Owned,82107,2025-01-20,2027-01-10,Medium,64,49,No
A0990,P001,Not Owned,0,,,,0,0,
A0990,P002,Not Owned,0,,,,0,0,
A0990,P003,Not Owned,0,,,,0,0,
A0990,P004,Owned,226918,2024-02-02,2025-01-27,High,47,42,No
A0990,P005,Not Owned,0,,,,0,0,
A0990,P006,Not Owned,0,,,,0,0,
A0990,P007,Owned,104192,2024-09-03,2027-08-19,Low,77,76,Yes
A0990,P008,Not Owned,0,,,,0,0,
A0992,P001,Not Owned,0,,,,0,0,
A0992,P002,Owned,232245,2024-04-01,2025-03-27,High,51,56,No
A0992,P003,Not Owned,0,,,,0,0,
A0992,P004,Not Owned,0,,,,0,0,
A0992,P005,Not Owned,0,,,,0,0,
A0992,P006,Owned,189401,2023-03-29,2025-03-18,High,50,44,No
A0992,P007,Not Owned,0,,,,0,0,
A0992,P008,Not Owned,0,,,,0,0,
A0995,P001,Not Owned,0,,,,0,0,
A0995,P002,Not Owned,0,,,,0,0,
A0995,P003,Not Owned,0,,,,0,0,
A0995,P004,Not Owned,0,,,,0,0,
A0995,P005,Owned,61682,2023-05-25,2026-05-09,Medium,64,55,No
A0995,P006,Not Owned,0,,,,0,0,
A0995,P007,Not Owned,0,,,,0,0,
A0995,P008,Not Owned,0,,,,0,0,
A0999,P001,Owned,154498,2023-09-24,2026-09-08,High,45,49,No
A0999,P002,Not Owned,0,,,,0,0,
A0999,P003,Not Owned,0,,,,0,0,
A0999,P004,Not Owned,0,,,,0,0,
A0999,P005,Not Owned,0,,,,0,0,
A0999,P006,Not Owned,0,,,,0,0,
A0999,P007,Not Owned,0,,,,0,0,
A0999,P008,Not Owned,0,,,,0,0,
A1000,P001,Not Owned,0,,,,0,0,
A1000,P002,Not Owned,0,,,,0,0,
A1000,P003,Not Owned,0,,,,0,0,
A1000,P004,Owned,114814,2023-11-26,2025-11-15,Low,81,83,Yes
A1000,P005,Owned,110008,2023-09-14,2025-09-03,Low,82,86,Yes
A1000,P006,Not Owned,0,,,,0,0,
A1000,P007,Owned,90322,2024-03-28,2025-03-23,Low,90,85,Yes
A1000,P008,Not Owned,0,,,,0,0,
