opportunity_id,account_id,product_id,industry,geography,company_size,sales_motion,opportunity_type,list_price_usd,discount_pct,net_acv_usd,stage,created_date,close_date,sales_cycle_days,competitor_present_flag,executive_sponsor_flag,win_loss_reason
O00001,A0055,P002,Financial Services,Europe,Mid-Market,Partner,New Logo,164566,0.148,140210,Closed Won,12/17/2023,2/12/2024,57,No,No,Strong product fit
O00002,A0669,P004,Technology,APAC,Enterprise,Direct,New Logo,185780,0.147,158470,Open Pipeline,7/6/2026,8/25/2026,50,Yes,Yes,In progress
O00003,A0909,P002,Healthcare,North America,Mid-Market,Direct,Expansion,157732,0.154,133441,Closed Lost,6/2/2026,8/18/2026,77,Yes,Yes,Timing
O00004,A0353,P008,Technology,North America,Strategic,Direct,New Logo,182011,0.111,161807,Closed Won,9/24/2023,3/4/2024,162,No,Yes,Superior analytics
O00005,A0961,P002,Manufacturing,Europe,Mid-Market,Direct,New Logo,159192,0,159192,Closed Won,8/15/2024,11/21/2024,98,No,Yes,Superior analytics
O00006,A0617,P003,Technology,APAC,Mid-Market,Direct,New Logo,119291,0.128,104021,Closed Lost,11/10/2024,2/27/2025,109,Yes,Yes,No executive sponsor
O00007,A0930,P003,Technology,Europe,Enterprise,Partner,Renewal,178115,0.157,150150,Closed Lost,10/3/2024,2/10/2025,130,Yes,Yes,Competitor selected
O00008,A0970,P006,Technology,Europe,Enterprise,Partner,New Logo,244700,0.161,205303,Closed Won,9/12/2023,12/4/2023,83,No,No,Executive alignment
O00009,A0994,P005,Financial Services,Europe,Mid-Market,Direct,New Logo,75766,0.024,73947,Closed Won,8/17/2024,1/9/2025,145,No,Yes,Strong product fit
O00010,A0008,P006,Financial Services,North America,Strategic,Inside Sales,New Logo,335167,0,335167,Closed Lost,6/7/2026,10/24/2026,139,Yes,Yes,Price
O00011,A0503,P007,Manufacturing,Middle East,Enterprise,Partner,New Logo,103687,0.264,76313,Closed Lost,8/19/2026,1/15/2027,149,No,Yes,Weak product fit
O00012,A0402,P007,Healthcare,North America,Mid-Market,Partner,Renewal,76446,0.114,67731,Closed Lost,10/21/2025,3/13/2026,143,Yes,Yes,Limited budget
O00013,A0906,P007,Technology,Europe,Mid-Market,Partner,New Logo,58399,0.154,49405,Closed Won,2/10/2026,3/7/2026,25,Yes,Yes,Executive alignment
O00014,A0038,P007,Manufacturing,APAC,Mid-Market,Direct,Expansion,59447,0.07,55285,Closed Won,3/29/2024,6/25/2024,88,Yes,Yes,Executive alignment
O00015,A0315,P007,Technology,APAC,Enterprise,Direct,New Logo,110091,0.074,101944,Closed Lost,10/2/2025,11/16/2025,45,No,No,Timing
O00016,A0366,P005,Technology,North America,Mid-Market,Partner,Renewal,82773,0.165,69115,Closed Lost,8/6/2024,11/24/2024,110,Yes,Yes,Weak product fit
O00017,A0505,P004,Manufacturing,Middle East,Mid-Market,Direct,Expansion,94570,0.099,85207,Closed Lost,1/31/2024,3/18/2024,47,Yes,No,Weak product fit
O00018,A0896,P003,Manufacturing,APAC,Mid-Market,Partner,Expansion,114553,0.153,97026,Closed Lost,12/30/2023,2/24/2024,56,No,Yes,Price
O00019,A0045,P003,Technology,Europe,Strategic,Direct,Expansion,234540,0.197,188335,Closed Lost,2/22/2024,8/22/2024,182,No,Yes,Price
O00020,A0726,P007,Financial Services,APAC,Strategic,Direct,New Logo,168305,0.187,136831,Closed Lost,12/2/2023,4/11/2024,131,Yes,Yes,Weak product fit
O00021,A0395,P001,Technology,Middle East,Strategic,Partner,New Logo,307752,0.177,253279,Closed Won,12/17/2023,5/18/2024,153,No,No,Executive alignment
O00022,A0827,P005,Manufacturing,North America,Enterprise,Inside Sales,New Logo,105426,0.067,98362,Closed Lost,10/25/2023,3/7/2024,134,No,No,Limited budget
O00023,A0781,P007,Technology,Middle East,Mid-Market,Partner,Expansion,78108,0.137,67407,Closed Lost,11/21/2023,2/11/2024,82,No,No,Weak product fit
O00024,A0770,P001,Technology,Europe,Enterprise,Direct,New Logo,200885,0.176,165529,Open Pipeline,6/24/2026,10/14/2026,112,No,No,In progress
O00025,A0079,P004,Healthcare,Middle East,Strategic,Direct,New Logo,220847,0.148,188161,Closed Lost,2/1/2026,6/16/2026,135,Yes,No,Limited budget
O00026,A0536,P001,Financial Services,North America,Enterprise,Partner,New Logo,229571,0.203,182968,Open Pipeline,4/11/2026,8/25/2026,136,Yes,Yes,In progress
O00027,A0114,P008,Financial Services,North America,Strategic,Direct,Renewal,217041,0.135,187740,Closed Lost,7/1/2024,12/11/2024,163,Yes,Yes,Weak product fit
O00028,A0203,P008,Manufacturing,Europe,Enterprise,Inside Sales,New Logo,170006,0.068,158445,Closed Won,7/13/2025,11/9/2025,119,Yes,Yes,Bundle value
O00029,A0376,P006,Manufacturing,APAC,Strategic,Direct,Expansion,317127,0.066,296196,Open Pipeline,3/30/2026,9/19/2026,173,Yes,No,In progress
O00030,A0898,P007,Manufacturing,APAC,Strategic,Direct,Expansion,151172,0.189,122600,Closed Lost,9/4/2024,3/2/2025,179,No,No,Competitor selected
O00031,A0408,P008,Healthcare,North America,Enterprise,Partner,New Logo,155555,0.195,125221,Closed Lost,9/29/2023,12/28/2023,90,Yes,No,Competitor selected
O00032,A0714,P003,Technology,APAC,Strategic,Inside Sales,New Logo,244019,0.153,206684,Closed Lost,2/19/2024,6/26/2024,128,Yes,No,Competitor selected
O00033,A0048,P005,Healthcare,Europe,Strategic,Partner,New Logo,171330,0.194,138091,Closed Lost,7/5/2024,11/27/2024,145,Yes,Yes,Competitor selected
O00034,A0516,P002,Healthcare,North America,Enterprise,Direct,New Logo,198701,0.116,175651,Closed Won,11/13/2024,4/2/2025,140,Yes,No,Executive alignment
O00035,A0378,P002,Technology,Europe,Enterprise,Partner,New Logo,215863,0.167,179813,Closed Lost,9/30/2025,12/25/2025,86,No,Yes,Weak product fit
O00036,A0884,P006,Healthcare,North America,Enterprise,Direct,New Logo,187744,0.13,163337,Closed Lost,12/8/2024,3/28/2025,110,No,No,Timing
O00037,A0503,P007,Manufacturing,Middle East,Enterprise,Direct,Expansion,91202,0.144,78068,Closed Lost,4/26/2024,8/9/2024,105,Yes,Yes,Limited budget
O00038,A0338,P002,Healthcare,APAC,Mid-Market,Direct,New Logo,138306,0.158,116453,Closed Won,5/20/2024,8/10/2024,82,Yes,No,Bundle value
O00039,A0473,P003,Healthcare,Middle East,Enterprise,Direct,New Logo,198770,0.1,178893,Closed Won,11/27/2024,3/21/2025,114,No,Yes,Superior analytics
O00040,A0480,P003,Manufacturing,North America,Enterprise,Direct,New Logo,203044,0.152,172181,Closed Lost,11/3/2023,2/5/2024,94,Yes,Yes,No executive sponsor
O00041,A0493,P004,Technology,APAC,Enterprise,Direct,Expansion,162163,0.095,146757,Closed Won,5/1/2026,8/18/2026,109,No,No,Executive alignment
O00042,A0861,P005,Healthcare,Europe,Mid-Market,Partner,Expansion,69815,0.096,63112,Closed Won,6/15/2026,9/29/2026,106,Yes,Yes,Bundle value
O00043,A0413,P003,Financial Services,APAC,Mid-Market,Direct,New Logo,115016,0.165,96038,Closed Lost,2/28/2026,6/2/2026,94,Yes,Yes,Limited budget
O00044,A0700,P004,Technology,North America,Enterprise,Inside Sales,New Logo,151649,0.083,139062,Closed Lost,6/9/2024,9/20/2024,103,No,No,Limited budget
O00045,A0709,P003,Technology,APAC,Mid-Market,Direct,Expansion,131966,0.089,120221,Closed Lost,8/22/2025,10/24/2025,63,No,Yes,Price
O00046,A0817,P005,Technology,North America,Mid-Market,Direct,New Logo,84151,0.08,77418,Open Pipeline,7/13/2026,11/1/2026,111,No,No,In progress
O00047,A0356,P001,Technology,APAC,Mid-Market,Direct,New Logo,110795,0.086,101266,Open Pipeline,7/29/2026,11/24/2026,118,No,No,In progress
O00048,A0975,P005,Financial Services,APAC,Mid-Market,Partner,New Logo,78215,0.23,60225,Closed Lost,9/7/2023,11/8/2023,62,No,Yes,Competitor selected
O00049,A0261,P003,Technology,North America,Enterprise,Inside Sales,New Logo,167665,0.026,163305,Closed Lost,1/29/2026,6/16/2026,138,No,Yes,No executive sponsor
O00050,A0858,P003,Financial Services,APAC,Mid-Market,Partner,New Logo,117665,0.129,102486,Closed Lost,3/9/2026,5/25/2026,77,Yes,Yes,Competitor selected
O00051,A0667,P008,Manufacturing,North America,Enterprise,Direct,New Logo,163704,0.028,159120,Closed Lost,1/8/2026,3/2/2026,53,Yes,No,Competitor selected
O00052,A0275,P007,Manufacturing,North America,Strategic,Direct,New Logo,131465,0.116,116215,Closed Won,12/8/2024,5/25/2025,168,No,Yes,Strong product fit
O00053,A0765,P007,Technology,APAC,Mid-Market,Direct,New Logo,75815,0.189,61485,Closed Lost,9/17/2023,2/12/2024,148,Yes,No,Limited budget
O00054,A0476,P001,Healthcare,Middle East,Mid-Market,Inside Sales,New Logo,146268,0.061,137345,Closed Lost,11/4/2024,1/27/2025,84,No,No,Timing
O00055,A0214,P003,Financial Services,North America,Enterprise,Inside Sales,New Logo,158526,0.053,150124,Closed Won,12/13/2025,4/16/2026,124,No,Yes,Superior analytics
O00056,A0444,P004,Manufacturing,North America,Enterprise,Direct,Expansion,147366,0.079,135724,Closed Lost,8/30/2023,10/10/2023,41,Yes,Yes,Weak product fit
O00057,A0333,P002,Healthcare,North America,Enterprise,Direct,New Logo,252958,0.074,234239,Closed Won,11/10/2024,3/3/2025,113,Yes,No,Bundle value
O00058,A0121,P007,Healthcare,North America,Enterprise,Inside Sales,Expansion,102623,0.093,93079,Closed Lost,11/17/2024,3/6/2025,109,Yes,Yes,Limited budget
O00059,A0662,P006,Healthcare,North America,Enterprise,Partner,New Logo,215072,0.169,178724,Closed Lost,8/5/2024,11/10/2024,97,No,No,Limited budget
O00060,A0741,P001,Financial Services,Europe,Enterprise,Partner,New Logo,189964,0.119,167358,Open Pipeline,6/20/2026,11/2/2026,135,Yes,No,In progress
O00061,A0559,P001,Financial Services,North America,Mid-Market,Direct,New Logo,110528,0.072,102569,Closed Lost,3/18/2024,4/14/2024,27,Yes,No,Timing
O00062,A0635,P001,Financial Services,Europe,Mid-Market,Direct,New Logo,146734,0.175,121055,Closed Won,3/14/2025,5/30/2025,77,Yes,Yes,Executive alignment
O00063,A0981,P003,Financial Services,North America,Enterprise,Partner,Renewal,201700,0.171,167209,Closed Won,1/2/2025,4/21/2025,109,Yes,No,Strong product fit
O00064,A0346,P005,Healthcare,North America,Mid-Market,Direct,New Logo,87364,0.037,84131,Closed Lost,6/22/2025,9/23/2025,93,No,Yes,Weak product fit
O00065,A0199,P004,Technology,Europe,Mid-Market,Direct,New Logo,90973,0.08,83695,Closed Lost,9/17/2024,12/23/2024,97,No,Yes,No executive sponsor
O00066,A0552,P004,Manufacturing,North America,Strategic,Direct,New Logo,229011,0.203,182521,Closed Lost,4/26/2024,11/16/2024,204,Yes,Yes,Competitor selected
O00067,A0930,P003,Technology,Europe,Enterprise,Direct,New Logo,181477,0.135,156977,Closed Won,12/13/2023,4/22/2024,131,Yes,Yes,Executive alignment
O00068,A0394,P003,Technology,Europe,Enterprise,Inside Sales,Expansion,157569,0.03,152841,Closed Won,2/19/2025,5/20/2025,90,Yes,Yes,Strong product fit
O00069,A0103,P008,Financial Services,Middle East,Mid-Market,Inside Sales,New Logo,90859,0.13,79047,Closed Lost,9/20/2025,12/12/2025,83,No,Yes,Competitor selected
O00070,A0393,P002,Financial Services,North America,Mid-Market,Direct,New Logo,126310,0.01,125046,Closed Lost,6/5/2024,8/4/2024,60,No,Yes,Weak product fit
O00071,A0925,P005,Manufacturing,North America,Enterprise,Direct,New Logo,129715,0.082,119078,Closed Won,5/26/2025,10/4/2025,131,No,Yes,Existing relationship
O00072,A0215,P003,Healthcare,APAC,Mid-Market,Direct,New Logo,116027,0.098,104656,Closed Won,3/12/2024,5/18/2024,67,No,Yes,Superior analytics
O00073,A0620,P003,Healthcare,North America,Enterprise,Direct,New Logo,166205,0.074,153905,Closed Lost,9/24/2025,1/8/2026,106,No,No,No executive sponsor
O00074,A0955,P002,Healthcare,North America,Enterprise,Direct,Expansion,231885,0,231885,Closed Lost,8/23/2024,12/9/2024,108,Yes,No,Timing
O00075,A0985,P004,Technology,North America,Mid-Market,Inside Sales,New Logo,117274,0.013,115749,Closed Won,12/12/2024,3/3/2025,81,No,Yes,Bundle value
O00076,A0682,P005,Manufacturing,North America,Mid-Market,Direct,New Logo,85264,0.212,67188,Closed Lost,1/23/2026,4/3/2026,70,Yes,No,Competitor selected
O00077,A0717,P007,Manufacturing,Europe,Enterprise,Direct,New Logo,91710,0.176,75569,Open Pipeline,4/24/2026,9/20/2026,149,No,Yes,In progress
O00078,A0222,P006,Financial Services,Europe,Enterprise,Direct,New Logo,204835,0.142,175748,Closed Lost,9/22/2025,2/18/2026,149,No,No,No executive sponsor
O00079,A0957,P007,Financial Services,North America,Strategic,Direct,Expansion,130536,0,130536,Closed Lost,7/29/2024,12/29/2024,153,No,No,Price
O00080,A0872,P003,Financial Services,APAC,Enterprise,Direct,Expansion,188519,0.15,160241,Closed Lost,7/17/2024,11/9/2024,115,No,No,Limited budget
O00081,A0175,P008,Technology,Europe,Strategic,Direct,Renewal,196413,0.148,167343,Closed Won,11/9/2023,4/27/2024,170,No,No,Strong product fit
O00082,A0190,P002,Manufacturing,Europe,Mid-Market,Direct,New Logo,162885,0.048,155066,Closed Lost,4/23/2026,8/3/2026,102,Yes,Yes,Timing
O00083,A0552,P003,Manufacturing,North America,Strategic,Direct,New Logo,284194,0.19,230197,Closed Won,5/21/2024,11/17/2024,180,No,Yes,Bundle value
O00084,A0148,P008,Healthcare,APAC,Mid-Market,Direct,New Logo,94149,0.073,87276,Closed Lost,5/11/2026,7/15/2026,65,No,Yes,Timing
O00085,A0401,P005,Healthcare,APAC,Mid-Market,Direct,New Logo,77928,0.034,75278,Closed Lost,11/9/2024,1/15/2025,67,Yes,Yes,Limited budget
O00086,A0675,P003,Technology,North America,Mid-Market,Inside Sales,New Logo,98677,0.05,93743,Closed Won,11/18/2024,1/27/2025,70,No,No,Executive alignment
O00087,A0989,P007,Financial Services,APAC,Enterprise,Direct,Expansion,97541,0.135,84372,Closed Won,4/24/2025,8/30/2025,128,No,Yes,Superior analytics
O00088,A0675,P007,Technology,North America,Mid-Market,Inside Sales,New Logo,72644,0.174,60003,Open Pipeline,7/26/2026,8/27/2026,32,No,No,In progress
O00089,A0999,P001,Technology,North America,Enterprise,Direct,Renewal,172049,0.048,163790,Closed Won,3/10/2025,8/11/2025,154,No,Yes,Superior analytics
O00090,A0635,P004,Financial Services,Europe,Mid-Market,Inside Sales,New Logo,94061,0.11,83714,Closed Won,8/7/2024,10/20/2024,74,Yes,No,Superior analytics
O00091,A0173,P004,Healthcare,APAC,Mid-Market,Partner,New Logo,95352,0.232,73230,Closed Won,2/20/2025,4/11/2025,50,No,No,Existing relationship
O00092,A0792,P006,Technology,Europe,Mid-Market,Direct,New Logo,138365,0.168,115119,Closed Lost,11/23/2024,1/5/2025,43,Yes,Yes,Price
O00093,A0669,P001,Technology,APAC,Enterprise,Inside Sales,Expansion,186533,0.06,175341,Closed Won,8/26/2023,12/1/2023,97,No,Yes,Existing relationship
O00094,A0241,P006,Technology,Europe,Enterprise,Partner,Expansion,184733,0.149,157207,Closed Lost,9/21/2023,1/17/2024,118,No,Yes,No executive sponsor
O00095,A0651,P007,Manufacturing,North America,Enterprise,Inside Sales,Expansion,97114,0.133,84197,Closed Lost,2/28/2024,6/13/2024,106,Yes,Yes,Weak product fit
O00096,A0771,P008,Healthcare,Europe,Enterprise,Direct,New Logo,143714,0.083,131785,Closed Lost,8/8/2025,12/17/2025,131,Yes,No,Price
O00097,A0377,P005,Technology,APAC,Mid-Market,Partner,Expansion,69469,0.149,59118,Closed Lost,2/14/2024,3/10/2024,25,Yes,No,Price
O00098,A0012,P005,Technology,North America,Enterprise,Inside Sales,New Logo,141574,0.094,128266,Closed Lost,7/5/2025,11/28/2025,146,Yes,No,Competitor selected
O00099,A0922,P001,Manufacturing,APAC,Enterprise,Inside Sales,Expansion,181953,0.028,176858,Closed Lost,11/28/2024,3/14/2025,106,Yes,Yes,Timing
O00100,A0023,P007,Technology,APAC,Enterprise,Direct,New Logo,93796,0.01,92858,Closed Lost,4/10/2026,7/14/2026,95,Yes,No,No executive sponsor
O00101,A0288,P002,Healthcare,APAC,Mid-Market,Partner,New Logo,164048,0.106,146658,Closed Won,9/22/2023,12/15/2023,84,No,No,Superior analytics
O00102,A0770,P004,Technology,Europe,Enterprise,Direct,New Logo,179578,0.182,146894,Closed Won,12/16/2025,4/22/2026,127,No,No,Existing relationship
O00103,A0818,P006,Technology,North America,Enterprise,Direct,New Logo,212578,0.051,201736,Closed Lost,10/3/2023,2/18/2024,138,Yes,No,No executive sponsor
O00104,A0784,P002,Financial Services,Europe,Strategic,Direct,New Logo,360242,0.061,338267,Closed Won,11/19/2025,4/4/2026,136,No,Yes,Executive alignment
O00105,A0486,P004,Technology,APAC,Mid-Market,Direct,Expansion,106405,0.051,100978,Closed Won,8/17/2024,11/8/2024,83,Yes,Yes,Strong product fit
O00106,A0429,P006,Healthcare,Europe,Enterprise,Direct,Expansion,218363,0.074,202204,Closed Won,10/10/2024,2/5/2025,118,No,Yes,Superior analytics
O00107,A0602,P005,Financial Services,APAC,Mid-Market,Direct,Expansion,83368,0.125,72947,Closed Lost,7/8/2024,11/11/2024,126,No,Yes,Competitor selected
O00108,A0310,P001,Manufacturing,APAC,Enterprise,Direct,Expansion,167062,0.195,134484,Closed Lost,4/7/2024,7/20/2024,104,Yes,Yes,Weak product fit
O00109,A0450,P004,Financial Services,Europe,Enterprise,Direct,New Logo,163880,0.233,125695,Closed Lost,8/24/2023,10/10/2023,47,Yes,No,Timing
O00110,A0832,P001,Financial Services,North America,Mid-Market,Inside Sales,New Logo,139058,0.005,138362,Closed Lost,6/15/2024,9/12/2024,89,Yes,Yes,Price
O00111,A0396,P007,Healthcare,Europe,Enterprise,Direct,New Logo,114343,0.046,109083,Closed Won,2/25/2025,5/27/2025,91,No,Yes,Existing relationship
O00112,A0904,P003,Financial Services,Europe,Mid-Market,Inside Sales,New Logo,100374,0.081,92243,Open Pipeline,7/1/2026,9/20/2026,81,No,Yes,In progress
O00113,A0044,P008,Financial Services,APAC,Enterprise,Direct,Expansion,172966,0.167,144080,Closed Won,11/26/2023,3/30/2024,125,Yes,Yes,Strong product fit
O00114,A0616,P007,Healthcare,APAC,Mid-Market,Inside Sales,Renewal,64118,0.01,63476,Closed Won,8/10/2024,9/29/2024,50,No,No,Strong product fit
O00115,A0529,P006,Technology,North America,Mid-Market,Direct,New Logo,136232,0.066,127240,Closed Lost,8/30/2024,10/27/2024,58,No,Yes,Limited budget
O00116,A0880,P002,Financial Services,APAC,Mid-Market,Direct,New Logo,168202,0.061,157941,Closed Won,8/5/2024,11/2/2024,89,Yes,Yes,Strong product fit
O00117,A0945,P007,Healthcare,Middle East,Enterprise,Direct,New Logo,100909,0.019,98991,Closed Won,9/21/2024,12/15/2024,85,No,No,Bundle value
O00118,A0697,P008,Manufacturing,North America,Mid-Market,Partner,Expansion,85041,0.164,71094,Closed Won,9/1/2023,11/23/2023,83,Yes,No,Bundle value
O00119,A0020,P002,Healthcare,APAC,Mid-Market,Direct,Expansion,154270,0.095,139614,Closed Lost,7/4/2024,10/24/2024,112,Yes,No,Timing
O00120,A0625,P007,Healthcare,North America,Strategic,Direct,New Logo,127756,0.111,113575,Open Pipeline,2/24/2026,9/29/2026,217,No,No,In progress
O00121,A0364,P004,Financial Services,North America,Strategic,Partner,Renewal,244996,0.244,185216,Closed Won,1/6/2026,6/3/2026,148,No,Yes,Strong product fit
O00122,A0895,P007,Technology,Europe,Enterprise,Direct,New Logo,107677,0.02,105523,Closed Lost,2/27/2025,7/26/2025,149,No,Yes,No executive sponsor
O00123,A0410,P007,Manufacturing,APAC,Mid-Market,Direct,New Logo,67315,0.109,59977,Closed Lost,6/26/2024,11/29/2024,156,No,No,Weak product fit
O00124,A0076,P003,Technology,APAC,Enterprise,Direct,Expansion,207919,0.078,191701,Closed Won,9/21/2025,12/11/2025,81,Yes,Yes,Bundle value
O00125,A0538,P007,Healthcare,North America,Enterprise,Direct,New Logo,102182,0.154,86445,Closed Lost,8/31/2024,1/8/2025,130,Yes,Yes,Weak product fit
O00126,A0418,P003,Manufacturing,North America,Mid-Market,Inside Sales,Expansion,124746,0.05,118508,Closed Lost,9/10/2024,12/21/2024,102,Yes,No,No executive sponsor
O00127,A0562,P004,Manufacturing,North America,Enterprise,Direct,Renewal,163583,0.167,136264,Closed Lost,11/3/2024,2/9/2025,98,Yes,Yes,Competitor selected
O00128,A0939,P007,Technology,Europe,Mid-Market,Direct,Expansion,75319,0.146,64322,Closed Won,9/14/2023,11/25/2023,72,No,No,Strong product fit
O00129,A0618,P004,Technology,North America,Mid-Market,Direct,New Logo,96843,0.131,84156,Closed Lost,2/9/2024,5/7/2024,88,No,No,Limited budget
O00130,A0151,P002,Healthcare,APAC,Enterprise,Inside Sales,New Logo,237552,0.007,235889,Closed Won,5/5/2025,8/25/2025,112,Yes,Yes,Bundle value
O00131,A0508,P006,Technology,Middle East,Mid-Market,Direct,New Logo,136796,0.054,129409,Closed Lost,6/26/2024,10/30/2024,126,Yes,No,No executive sponsor
O00132,A0805,P003,Technology,North America,Mid-Market,Inside Sales,Expansion,100423,0.056,94799,Closed Won,4/18/2025,7/29/2025,102,Yes,Yes,Bundle value
O00133,A0955,P008,Healthcare,North America,Enterprise,Direct,Renewal,152440,0.162,127744,Closed Lost,1/9/2026,2/28/2026,50,No,Yes,Weak product fit
O00134,A0944,P001,Financial Services,Europe,Enterprise,Direct,New Logo,207965,0.125,181969,Closed Lost,9/15/2025,12/25/2025,101,Yes,No,Weak product fit
O00135,A0441,P006,Financial Services,Europe,Mid-Market,Inside Sales,New Logo,156613,0.15,133121,Closed Lost,4/29/2026,8/16/2026,109,Yes,Yes,Limited budget
O00136,A0264,P002,Manufacturing,North America,Mid-Market,Partner,New Logo,168704,0.278,121804,Closed Lost,7/19/2024,9/4/2024,47,Yes,Yes,Timing
O00137,A0658,P003,Financial Services,North America,Strategic,Direct,New Logo,276365,0.113,245135,Closed Lost,1/17/2024,3/27/2024,70,Yes,Yes,Weak product fit
O00138,A0763,P002,Technology,Middle East,Enterprise,Direct,New Logo,250867,0.107,224024,Closed Won,9/29/2024,1/2/2025,95,No,No,Superior analytics
O00139,A0294,P001,Manufacturing,North America,Mid-Market,Partner,New Logo,141253,0.16,118652,Closed Lost,2/24/2025,5/8/2025,73,Yes,Yes,Price
O00140,A0709,P008,Technology,APAC,Mid-Market,Direct,Renewal,101158,0.188,82140,Closed Lost,12/13/2025,2/8/2026,57,No,No,Competitor selected
O00141,A0092,P008,Manufacturing,APAC,Enterprise,Direct,New Logo,143501,0.103,128720,Closed Lost,12/21/2024,5/2/2025,132,No,Yes,Weak product fit
O00142,A0814,P006,Manufacturing,North America,Mid-Market,Partner,New Logo,131358,0.16,110340,Open Pipeline,6/27/2026,10/12/2026,107,No,Yes,In progress
O00143,A0635,P007,Financial Services,Europe,Mid-Market,Inside Sales,New Logo,67973,0.154,57505,Closed Won,9/7/2025,11/26/2025,80,Yes,Yes,Strong product fit
O00144,A0914,P001,Healthcare,North America,Strategic,Direct,Renewal,323476,0.149,275278,Closed Lost,5/18/2025,10/4/2025,139,Yes,No,Timing
O00145,A0183,P002,Healthcare,APAC,Strategic,Direct,New Logo,371359,0.05,352791,Closed Won,10/8/2023,2/18/2024,133,No,Yes,Bundle value
O00146,A0568,P007,Technology,North America,Mid-Market,Direct,New Logo,60052,0.055,56749,Closed Lost,3/12/2025,4/29/2025,48,Yes,No,Limited budget
O00147,A0290,P007,Technology,North America,Enterprise,Direct,New Logo,120697,0.051,114541,Closed Won,10/16/2024,3/12/2025,147,No,Yes,Executive alignment
O00148,A0516,P001,Healthcare,North America,Enterprise,Inside Sales,Expansion,168135,0.085,153843,Closed Lost,1/20/2026,4/9/2026,79,Yes,No,Weak product fit
O00149,A0717,P002,Manufacturing,Europe,Enterprise,Direct,New Logo,223722,0.095,202468,Closed Won,3/19/2025,7/20/2025,123,Yes,Yes,Existing relationship
O00150,A0575,P001,Manufacturing,APAC,Enterprise,Direct,New Logo,192679,0.153,163199,Closed Lost,7/22/2025,11/29/2025,130,Yes,Yes,Timing
O00151,A0151,P001,Healthcare,APAC,Enterprise,Partner,Expansion,189962,0.267,139242,Closed Lost,5/23/2025,9/24/2025,124,Yes,Yes,Price
O00152,A0885,P003,Healthcare,North America,Mid-Market,Direct,New Logo,121310,0.15,103113,Closed Lost,9/25/2024,1/26/2025,123,No,No,Limited budget
O00153,A0824,P007,Financial Services,North America,Strategic,Direct,Expansion,149863,0.148,127683,Closed Lost,12/2/2025,5/21/2026,170,No,Yes,Timing
O00154,A0768,P007,Healthcare,APAC,Enterprise,Direct,New Logo,103312,0.068,96286,Closed Lost,1/17/2024,5/9/2024,113,Yes,Yes,Competitor selected
O00155,A0951,P001,Financial Services,Europe,Enterprise,Direct,New Logo,174035,0.16,146189,Closed Lost,11/2/2025,2/27/2026,117,Yes,No,Limited budget
O00156,A0273,P001,Financial Services,North America,Mid-Market,Direct,New Logo,142622,0.112,126648,Closed Lost,4/23/2024,8/1/2024,100,Yes,Yes,Price
O00157,A0623,P005,Financial Services,North America,Enterprise,Inside Sales,New Logo,129924,0.108,115892,Closed Lost,7/14/2025,11/16/2025,125,Yes,No,Timing
O00158,A0993,P007,Technology,North America,Mid-Market,Direct,Expansion,64643,0.134,55980,Closed Won,11/13/2023,3/17/2024,125,No,Yes,Existing relationship
O00159,A0264,P005,Manufacturing,North America,Mid-Market,Direct,New Logo,90398,0.121,79459,Closed Lost,5/26/2024,9/6/2024,103,Yes,Yes,No executive sponsor
O00160,A0575,P002,Manufacturing,APAC,Enterprise,Direct,New Logo,253274,0.148,215789,Closed Lost,10/25/2025,1/31/2026,98,Yes,Yes,Weak product fit
O00161,A0814,P006,Manufacturing,North America,Mid-Market,Direct,New Logo,127239,0.158,107135,Closed Won,6/20/2024,10/7/2024,109,No,Yes,Strong product fit
O00162,A0318,P007,Manufacturing,North America,Enterprise,Inside Sales,New Logo,102349,0.094,92728,Closed Won,10/21/2023,1/20/2024,91,No,Yes,Executive alignment
O00163,A0375,P006,Healthcare,Middle East,Strategic,Partner,New Logo,322932,0.214,253824,Closed Lost,10/14/2023,5/18/2024,217,No,Yes,Competitor selected
O00164,A0434,P001,Technology,APAC,Mid-Market,Direct,New Logo,116325,0.099,104808,Closed Lost,7/30/2025,9/9/2025,41,No,Yes,Price
O00165,A0727,P007,Healthcare,North America,Mid-Market,Direct,New Logo,79509,0.063,74499,Closed Lost,2/11/2025,4/28/2025,76,Yes,Yes,Price
O00166,A0587,P002,Healthcare,APAC,Enterprise,Direct,Expansion,216621,0.063,202973,Open Pipeline,7/29/2026,10/27/2026,90,No,No,In progress
O00167,A0398,P002,Manufacturing,Europe,Enterprise,Direct,New Logo,229295,0.151,194671,Closed Lost,12/13/2024,4/15/2025,123,Yes,Yes,Price
O00168,A0791,P003,Healthcare,Europe,Enterprise,Inside Sales,Renewal,157002,0.077,144912,Closed Lost,12/29/2024,6/8/2025,161,Yes,No,Price
O00169,A0578,P003,Manufacturing,North America,Enterprise,Direct,New Logo,204503,0.118,180371,Closed Lost,7/20/2024,12/9/2024,142,Yes,No,Timing
O00170,A0806,P003,Technology,Europe,Strategic,Direct,New Logo,290205,0.07,269890,Closed Lost,10/23/2024,1/26/2025,95,Yes,No,Limited budget
O00171,A0386,P003,Financial Services,Europe,Mid-Market,Direct,New Logo,127318,0.159,107074,Closed Won,1/29/2025,5/6/2025,97,No,No,Strong product fit
O00172,A0703,P003,Healthcare,APAC,Strategic,Inside Sales,New Logo,263809,0.063,247189,Closed Lost,10/3/2023,2/9/2024,129,Yes,No,Competitor selected
O00173,A0142,P004,Healthcare,North America,Enterprise,Direct,New Logo,176941,0.111,157300,Closed Lost,4/19/2025,7/31/2025,103,Yes,No,Competitor selected
O00174,A0863,P005,Technology,Europe,Enterprise,Inside Sales,Expansion,119126,0.115,105426,Closed Won,7/20/2025,12/2/2025,135,No,No,Strong product fit
O00175,A0128,P001,Technology,North America,Mid-Market,Direct,New Logo,115227,0.061,108198,Closed Lost,8/27/2023,11/8/2023,73,No,No,Timing
O00176,A0936,P003,Healthcare,Middle East,Mid-Market,Direct,Expansion,118639,0.128,103453,Closed Lost,5/25/2026,7/12/2026,48,No,No,Competitor selected
O00177,A0748,P008,Healthcare,Europe,Enterprise,Direct,New Logo,164630,0.086,150471,Closed Lost,10/16/2023,3/7/2024,143,Yes,Yes,Competitor selected
O00178,A0139,P005,Healthcare,North America,Enterprise,Direct,Expansion,131247,0.096,118647,Closed Won,2/9/2024,6/1/2024,113,Yes,Yes,Superior analytics
O00179,A0485,P006,Healthcare,North America,Enterprise,Direct,Expansion,179188,0.158,150876,Open Pipeline,6/21/2026,10/30/2026,131,No,No,In progress
O00180,A0041,P004,Manufacturing,Middle East,Mid-Market,Inside Sales,New Logo,119804,0.136,103510,Closed Lost,11/26/2025,2/26/2026,92,No,No,No executive sponsor
O00181,A0073,P005,Manufacturing,Europe,Mid-Market,Partner,New Logo,71314,0.227,55125,Closed Lost,2/22/2026,5/8/2026,75,No,No,No executive sponsor
O00182,A0589,P005,Financial Services,Middle East,Enterprise,Direct,New Logo,137933,0.221,107449,Closed Won,1/25/2024,5/15/2024,111,No,Yes,Strong product fit
O00183,A0147,P007,Manufacturing,Middle East,Mid-Market,Partner,New Logo,65392,0.185,53294,Closed Lost,1/29/2026,4/14/2026,75,Yes,Yes,No executive sponsor
O00184,A0957,P002,Financial Services,North America,Strategic,Inside Sales,New Logo,269545,0.116,238277,Closed Won,3/20/2024,8/5/2024,138,No,Yes,Strong product fit
O00185,A0141,P004,Healthcare,North America,Enterprise,Direct,Expansion,168022,0.069,156428,Open Pipeline,8/11/2026,11/26/2026,107,Yes,No,In progress
O00186,A0713,P008,Financial Services,Middle East,Enterprise,Direct,Renewal,130501,0.039,125411,Closed Lost,12/29/2023,5/21/2024,144,Yes,No,Price
O00187,A0338,P005,Healthcare,APAC,Mid-Market,Partner,New Logo,84943,0.17,70502,Closed Won,1/5/2024,3/17/2024,72,No,Yes,Bundle value
O00188,A0614,P005,Healthcare,North America,Mid-Market,Direct,New Logo,80740,0.122,70889,Closed Lost,10/29/2025,3/2/2026,124,No,Yes,Timing
O00189,A0995,P001,Technology,Middle East,Mid-Market,Direct,Renewal,109717,0.151,93149,Closed Won,2/15/2026,5/23/2026,97,No,Yes,Strong product fit
O00190,A0008,P002,Financial Services,North America,Strategic,Partner,New Logo,298375,0.256,221991,Closed Lost,12/24/2025,4/24/2026,121,Yes,No,Competitor selected
O00191,A0336,P006,Financial Services,Europe,Enterprise,Direct,Expansion,199250,0.233,152824,Closed Lost,5/26/2026,7/24/2026,59,Yes,Yes,Weak product fit
O00192,A0806,P007,Technology,Europe,Strategic,Direct,New Logo,133860,0.077,123552,Open Pipeline,8/11/2026,1/23/2027,165,Yes,Yes,In progress
O00193,A0310,P005,Manufacturing,APAC,Enterprise,Direct,New Logo,106955,0.044,102248,Closed Lost,1/7/2024,5/5/2024,119,No,Yes,Weak product fit
O00194,A0437,P001,Financial Services,Middle East,Enterprise,Inside Sales,Renewal,214922,0,214922,Open Pipeline,7/4/2026,11/5/2026,124,Yes,No,In progress
O00195,A0047,P005,Manufacturing,Europe,Enterprise,Partner,New Logo,102860,0.188,83522,Closed Lost,2/18/2025,6/24/2025,126,No,No,No executive sponsor
O00196,A0548,P004,Manufacturing,Middle East,Mid-Market,Direct,New Logo,95835,0.101,86155,Closed Lost,10/21/2023,2/29/2024,131,No,No,Price
O00197,A0844,P008,Manufacturing,North America,Mid-Market,Inside Sales,New Logo,89345,0,89345,Open Pipeline,5/8/2026,9/10/2026,125,No,No,In progress
O00198,A0372,P007,Manufacturing,APAC,Enterprise,Inside Sales,New Logo,114863,0.073,106478,Closed Lost,2/23/2025,5/24/2025,90,No,Yes,Price
O00199,A0587,P006,Healthcare,APAC,Enterprise,Direct,Expansion,244484,0.015,240816,Closed Lost,6/5/2026,8/11/2026,67,No,No,Timing
O00200,A0674,P007,Technology,North America,Enterprise,Direct,Expansion,116251,0.17,96488,Closed Won,8/22/2023,1/4/2024,135,Yes,Yes,Bundle value
O00201,A0615,P003,Technology,Europe,Enterprise,Inside Sales,Expansion,204134,0.071,189640,Closed Lost,6/30/2025,9/12/2025,74,Yes,Yes,Limited budget
O00202,A0681,P008,Technology,Middle East,Mid-Market,Direct,Expansion,102032,0.162,85502,Closed Lost,4/10/2026,6/21/2026,72,Yes,No,No executive sponsor
O00203,A0536,P003,Financial Services,North America,Enterprise,Partner,New Logo,191473,0.161,160645,Closed Lost,10/5/2024,3/5/2025,151,No,No,Competitor selected
O00204,A0109,P007,Financial Services,Middle East,Enterprise,Direct,Renewal,88327,0.195,71103,Closed Lost,7/10/2024,11/3/2024,116,No,No,Weak product fit
O00205,A0775,P005,Manufacturing,Europe,Enterprise,Direct,New Logo,141819,0.134,122815,Closed Lost,7/24/2024,9/21/2024,59,Yes,Yes,Weak product fit
O00206,A0219,P002,Healthcare,North America,Enterprise,Inside Sales,New Logo,235715,0.13,205072,Closed Lost,9/18/2025,2/25/2026,160,Yes,No,Competitor selected
O00207,A0842,P006,Financial Services,North America,Mid-Market,Inside Sales,Renewal,160353,0.112,142393,Closed Won,5/20/2025,7/6/2025,47,Yes,Yes,Superior analytics
O00208,A0122,P008,Financial Services,APAC,Strategic,Direct,New Logo,230775,0.106,206312,Closed Won,6/14/2026,11/17/2026,156,Yes,No,Superior analytics
O00209,A0324,P005,Technology,Europe,Mid-Market,Direct,Expansion,77486,0.146,66173,Closed Lost,2/22/2026,7/11/2026,139,Yes,Yes,Limited budget
O00210,A0431,P008,Healthcare,APAC,Enterprise,Direct,Renewal,168065,0.172,139157,Closed Lost,5/23/2025,8/30/2025,99,Yes,No,No executive sponsor
O00211,A0216,P008,Technology,North America,Enterprise,Direct,New Logo,139366,0.137,120272,Open Pipeline,7/8/2026,12/6/2026,151,Yes,No,In progress
O00212,A0400,P003,Technology,North America,Enterprise,Direct,New Logo,184221,0.08,169483,Closed Lost,11/26/2025,3/30/2026,124,No,No,Limited budget
O00213,A0082,P003,Technology,North America,Enterprise,Direct,Renewal,200514,0.068,186879,Closed Won,12/19/2024,3/6/2025,77,No,No,Executive alignment
O00214,A0561,P002,Financial Services,Europe,Enterprise,Direct,New Logo,255024,0.079,234877,Closed Lost,7/1/2024,12/1/2024,153,Yes,No,Price
O00215,A0665,P008,Manufacturing,APAC,Enterprise,Partner,New Logo,129973,0.135,112426,Closed Lost,9/3/2023,1/21/2024,140,Yes,Yes,Timing
O00216,A0604,P003,Healthcare,APAC,Enterprise,Direct,New Logo,209455,0.075,193745,Closed Lost,10/21/2025,12/15/2025,55,Yes,Yes,Price
O00217,A0249,P006,Financial Services,North America,Enterprise,Direct,Expansion,217233,0.131,188775,Closed Lost,11/18/2023,2/17/2024,91,No,Yes,Competitor selected
O00218,A0363,P008,Financial Services,North America,Strategic,Partner,Renewal,231650,0.109,206400,Closed Won,9/16/2023,2/23/2024,160,No,No,Existing relationship
O00219,A0349,P001,Healthcare,North America,Enterprise,Direct,New Logo,207279,0.15,176187,Closed Lost,6/1/2025,7/25/2025,54,No,No,No executive sponsor
O00220,A0842,P005,Financial Services,North America,Mid-Market,Direct,New Logo,91641,0.123,80369,Closed Lost,2/9/2025,5/27/2025,107,Yes,Yes,Price
O00221,A0668,P002,Healthcare,APAC,Mid-Market,Partner,New Logo,152514,0.106,136347,Closed Lost,6/27/2024,11/30/2024,156,Yes,Yes,Weak product fit
O00222,A0617,P002,Technology,APAC,Mid-Market,Inside Sales,New Logo,169902,0.053,160897,Closed Lost,11/4/2023,12/26/2023,52,Yes,No,No executive sponsor
O00223,A0274,P006,Technology,North America,Mid-Market,Inside Sales,New Logo,159738,0.077,147438,Closed Lost,1/9/2026,3/6/2026,56,No,No,Limited budget
O00224,A0977,P005,Manufacturing,Middle East,Enterprise,Direct,New Logo,121712,0.124,106619,Closed Lost,10/3/2023,2/14/2024,134,No,No,Limited budget
O00225,A0375,P008,Healthcare,Middle East,Strategic,Direct,New Logo,200014,0.064,187213,Closed Lost,7/13/2024,11/2/2024,112,No,No,Timing
O00226,A0579,P002,Healthcare,North America,Enterprise,Partner,Expansion,210780,0.119,185697,Closed Lost,6/28/2025,8/18/2025,51,Yes,Yes,No executive sponsor
O00227,A0382,P002,Healthcare,Europe,Mid-Market,Direct,New Logo,173659,0.083,159245,Closed Lost,7/30/2025,10/1/2025,63,No,Yes,Limited budget
O00228,A0727,P005,Healthcare,North America,Mid-Market,Partner,New Logo,82975,0.183,67790,Closed Lost,10/24/2025,1/18/2026,86,No,Yes,Weak product fit
O00229,A0118,P007,Manufacturing,Europe,Strategic,Inside Sales,Renewal,124961,0.096,112964,Closed Lost,12/28/2023,4/30/2024,124,No,Yes,No executive sponsor
O00230,A0855,P005,Healthcare,Middle East,Enterprise,Inside Sales,New Logo,137959,0.164,115333,Closed Lost,3/9/2024,7/9/2024,122,No,Yes,No executive sponsor
O00231,A0499,P008,Financial Services,Europe,Strategic,Direct,Expansion,181010,0.137,156211,Closed Lost,3/31/2025,12/4/2025,248,Yes,No,Timing
O00232,A0790,P001,Financial Services,Europe,Strategic,Direct,New Logo,298107,0.155,251900,Closed Won,6/25/2024,9/30/2024,97,No,No,Bundle value
O00233,A0913,P004,Technology,North America,Enterprise,Direct,New Logo,156980,0.149,133589,Closed Lost,12/18/2025,3/19/2026,91,Yes,Yes,Limited budget
O00234,A0938,P004,Manufacturing,North America,Enterprise,Direct,New Logo,140434,0.219,109678,Closed Lost,3/11/2025,8/6/2025,148,No,Yes,Weak product fit
O00235,A0041,P002,Manufacturing,Middle East,Mid-Market,Direct,New Logo,156704,0,156704,Closed Lost,10/20/2024,12/26/2024,67,Yes,Yes,Price
O00236,A0336,P003,Financial Services,Europe,Enterprise,Direct,New Logo,161711,0.16,135837,Closed Won,5/4/2025,8/22/2025,110,Yes,No,Existing relationship
O00237,A0872,P007,Financial Services,APAC,Enterprise,Inside Sales,New Logo,89096,0.097,80453,Closed Lost,8/27/2025,11/26/2025,91,Yes,Yes,Limited budget
O00238,A0224,P002,Healthcare,Europe,Enterprise,Inside Sales,Expansion,221040,0.009,219050,Closed Lost,8/19/2025,12/7/2025,110,No,No,Limited budget
O00239,A0385,P005,Technology,North America,Enterprise,Direct,New Logo,134840,0.124,118119,Closed Lost,2/25/2024,6/16/2024,112,Yes,No,Competitor selected
O00240,A0352,P002,Financial Services,Europe,Strategic,Direct,New Logo,343088,0.034,331423,Closed Won,10/19/2024,4/12/2025,175,No,Yes,Bundle value
O00241,A0933,P004,Manufacturing,Europe,Strategic,Inside Sales,Expansion,205884,0.16,172942,Closed Lost,8/21/2023,1/2/2024,134,No,No,Limited budget
O00242,A0300,P004,Healthcare,Europe,Mid-Market,Partner,New Logo,102849,0.179,84439,Closed Won,6/19/2024,8/28/2024,70,No,Yes,Executive alignment
O00243,A0297,P001,Technology,Europe,Strategic,Partner,Expansion,278057,0.213,218830,Closed Lost,6/9/2025,10/29/2025,142,Yes,No,Price
O00244,A0062,P002,Healthcare,North America,Mid-Market,Direct,New Logo,128290,0.105,114819,Closed Lost,4/29/2026,7/30/2026,92,Yes,Yes,No executive sponsor
O00245,A0107,P001,Healthcare,APAC,Enterprise,Direct,New Logo,208163,0.091,189220,Open Pipeline,5/11/2026,9/6/2026,118,Yes,Yes,In progress
O00246,A0466,P001,Manufacturing,North America,Mid-Market,Direct,New Logo,136053,0.053,128842,Closed Won,11/29/2025,1/20/2026,52,Yes,No,Existing relationship
O00247,A0184,P004,Manufacturing,North America,Mid-Market,Direct,New Logo,104115,0.119,91725,Closed Lost,9/14/2023,11/24/2023,71,No,No,Competitor selected
O00248,A0932,P001,Healthcare,North America,Enterprise,Direct,New Logo,184922,0.096,167169,Closed Lost,6/18/2025,10/25/2025,129,Yes,Yes,Price
O00249,A0323,P002,Financial Services,North America,Strategic,Direct,New Logo,314541,0.17,261069,Closed Lost,1/25/2025,6/7/2025,133,Yes,No,Timing
O00250,A0139,P003,Healthcare,North America,Enterprise,Direct,Renewal,159608,0.146,136305,Closed Won,3/11/2025,10/1/2025,204,No,Yes,Executive alignment
O00251,A0098,P001,Healthcare,North America,Enterprise,Direct,New Logo,178333,0.132,154793,Closed Lost,1/21/2024,5/30/2024,130,No,Yes,Price
O00252,A0816,P004,Technology,Middle East,Enterprise,Direct,Renewal,170341,0.177,140190,Closed Won,7/9/2024,11/2/2024,116,Yes,Yes,Superior analytics
O00253,A0306,P005,Manufacturing,APAC,Mid-Market,Direct,Expansion,77022,0.112,68395,Closed Lost,2/11/2026,4/29/2026,77,Yes,No,Weak product fit
O00254,A0974,P006,Technology,Europe,Mid-Market,Partner,Expansion,157444,0.181,128946,Closed Lost,1/7/2025,2/25/2025,49,Yes,No,No executive sponsor
O00255,A0370,P003,Financial Services,Europe,Enterprise,Inside Sales,New Logo,194402,0.039,186820,Closed Won,4/12/2026,8/18/2026,128,No,No,Existing relationship
O00256,A0577,P002,Technology,North America,Mid-Market,Inside Sales,New Logo,157856,0.088,143964,Closed Lost,2/17/2025,3/14/2025,25,Yes,No,Price
O00257,A0273,P008,Financial Services,North America,Mid-Market,Direct,New Logo,94928,0.16,79739,Closed Lost,9/14/2025,12/8/2025,85,No,Yes,Limited budget
O00258,A0737,P006,Financial Services,APAC,Enterprise,Partner,Expansion,209063,0.215,164114,Closed Lost,12/9/2024,3/13/2025,94,No,No,Competitor selected
O00259,A0766,P004,Financial Services,APAC,Mid-Market,Partner,New Logo,107319,0.259,79523,Closed Won,6/30/2024,9/2/2024,64,Yes,Yes,Superior analytics
O00260,A0885,P007,Healthcare,North America,Mid-Market,Direct,Expansion,63196,0.047,60225,Closed Lost,9/25/2024,12/12/2024,78,Yes,Yes,No executive sponsor
O00261,A0592,P001,Technology,Europe,Mid-Market,Direct,New Logo,127844,0.061,120045,Closed Lost,12/12/2025,3/8/2026,86,No,No,Weak product fit
O00262,A0807,P002,Technology,APAC,Mid-Market,Partner,New Logo,171097,0.216,134140,Closed Lost,12/17/2025,4/24/2026,128,Yes,Yes,Price
O00263,A0251,P001,Healthcare,North America,Mid-Market,Direct,New Logo,143707,0.057,135515,Open Pipeline,6/3/2026,9/2/2026,91,Yes,Yes,In progress
O00264,A0434,P008,Technology,APAC,Mid-Market,Partner,New Logo,112712,0.151,95692,Closed Won,9/28/2023,12/1/2023,64,No,Yes,Existing relationship
O00265,A0802,P008,Healthcare,North America,Enterprise,Inside Sales,Expansion,156223,0.146,133414,Closed Lost,11/9/2025,3/21/2026,132,Yes,No,Limited budget
O00266,A0211,P004,Technology,APAC,Mid-Market,Direct,New Logo,96952,0.131,84251,Closed Lost,3/29/2024,4/29/2024,31,Yes,No,No executive sponsor
O00267,A0082,P002,Technology,North America,Enterprise,Direct,New Logo,229307,0.049,218070,Closed Lost,8/25/2024,11/18/2024,85,No,Yes,Limited budget
O00268,A0699,P004,Technology,APAC,Enterprise,Direct,New Logo,152288,0.17,126399,Closed Lost,11/9/2024,2/12/2025,95,No,Yes,No executive sponsor
O00269,A0253,P005,Technology,North America,Strategic,Direct,New Logo,167752,0.089,152822,Closed Lost,10/28/2023,3/26/2024,150,No,No,Timing
O00270,A0980,P005,Manufacturing,Europe,Enterprise,Inside Sales,Expansion,129726,0.041,124407,Open Pipeline,8/16/2026,12/15/2026,121,Yes,Yes,In progress
O00271,A0445,P008,Healthcare,North America,Mid-Market,Inside Sales,New Logo,112583,0.118,99298,Closed Lost,11/5/2024,4/27/2025,173,No,No,Price
O00272,A0791,P001,Healthcare,Europe,Enterprise,Inside Sales,Renewal,167869,0.02,164511,Closed Lost,11/25/2023,4/13/2024,140,Yes,No,Limited budget
O00273,A0949,P002,Technology,APAC,Mid-Market,Partner,New Logo,126985,0.064,118857,Closed Lost,11/24/2025,5/21/2026,178,Yes,Yes,Timing
O00274,A0265,P006,Technology,APAC,Enterprise,Inside Sales,New Logo,210371,0.045,200904,Closed Lost,4/30/2025,6/24/2025,55,No,No,Limited budget
O00275,A0858,P002,Financial Services,APAC,Mid-Market,Direct,New Logo,161062,0.087,147049,Closed Won,10/13/2024,1/26/2025,105,Yes,Yes,Strong product fit
O00276,A0802,P002,Healthcare,North America,Enterprise,Inside Sales,New Logo,261636,0.039,251432,Closed Lost,5/14/2025,10/25/2025,164,Yes,No,No executive sponsor
O00277,A0091,P005,Manufacturing,APAC,Enterprise,Direct,New Logo,138761,0.175,114477,Closed Lost,2/24/2024,7/30/2024,157,No,Yes,Timing
O00278,A0994,P007,Financial Services,Europe,Mid-Market,Direct,New Logo,58194,0.071,54062,Closed Won,4/21/2026,7/26/2026,96,No,No,Superior analytics
O00279,A0309,P002,Technology,North America,Strategic,Direct,New Logo,306155,0.156,258394,Closed Won,10/4/2025,3/31/2026,178,No,Yes,Existing relationship
O00280,A0224,P006,Healthcare,Europe,Enterprise,Inside Sales,New Logo,183906,0.119,162021,Closed Lost,12/3/2023,2/18/2024,77,Yes,No,Competitor selected
O00281,A0180,P008,Healthcare,APAC,Mid-Market,Partner,New Logo,82475,0.158,69443,Closed Lost,5/19/2025,8/8/2025,81,No,No,Weak product fit
O00282,A0283,P006,Healthcare,Europe,Enterprise,Direct,Renewal,195292,0.136,168732,Closed Lost,1/8/2026,4/14/2026,96,Yes,Yes,No executive sponsor
O00283,A0718,P006,Financial Services,North America,Enterprise,Inside Sales,New Logo,205844,0.116,181966,Closed Lost,1/22/2026,3/10/2026,47,Yes,No,Timing
O00284,A0460,P002,Healthcare,Europe,Enterprise,Partner,New Logo,213338,0.202,170243,Closed Lost,3/10/2026,7/19/2026,131,No,Yes,Price
O00285,A0302,P005,Technology,Europe,Mid-Market,Partner,Expansion,91206,0.156,76977,Closed Won,4/3/2024,6/23/2024,81,Yes,Yes,Bundle value
O00286,A0456,P002,Technology,Middle East,Mid-Market,Partner,Expansion,155794,0.162,130555,Closed Lost,8/30/2023,12/30/2023,122,No,No,Price
O00287,A0498,P003,Healthcare,North America,Mid-Market,Direct,New Logo,133352,0.112,118416,Closed Won,6/3/2024,9/21/2024,110,No,Yes,Strong product fit
O00288,A0186,P003,Healthcare,North America,Mid-Market,Direct,Renewal,119438,0.171,99014,Closed Lost,7/2/2024,9/12/2024,72,Yes,No,Price
O00289,A0002,P005,Technology,Middle East,Enterprise,Direct,Expansion,105795,0.13,92041,Closed Lost,2/24/2024,8/5/2024,163,Yes,No,Timing
O00290,A0356,P001,Technology,APAC,Mid-Market,Inside Sales,New Logo,135461,0.203,107962,Closed Won,5/24/2025,9/7/2025,106,No,No,Superior analytics
O00291,A0297,P002,Technology,Europe,Strategic,Direct,Renewal,325542,0.093,295266,Closed Won,8/25/2025,2/27/2026,186,Yes,No,Executive alignment
O00292,A0025,P005,Financial Services,Middle East,Enterprise,Partner,New Logo,113507,0.084,103972,Closed Won,3/16/2024,5/22/2024,67,No,No,Bundle value
O00293,A0780,P002,Manufacturing,Middle East,Mid-Market,Partner,Expansion,131581,0.222,102370,Closed Lost,2/7/2025,4/18/2025,70,Yes,Yes,Weak product fit
O00294,A0949,P004,Technology,APAC,Mid-Market,Direct,New Logo,120665,0.165,100755,Closed Lost,10/5/2023,11/16/2023,42,No,Yes,Price
O00295,A0684,P003,Financial Services,North America,Mid-Market,Partner,New Logo,135273,0.232,103889,Closed Lost,3/6/2024,6/1/2024,87,Yes,No,Price
O00296,A0327,P006,Technology,APAC,Enterprise,Partner,New Logo,235630,0.131,204762,Closed Lost,6/11/2025,12/7/2025,179,Yes,Yes,No executive sponsor
O00297,A0001,P007,Healthcare,APAC,Enterprise,Direct,New Logo,115974,0.104,103912,Closed Lost,1/16/2026,5/2/2026,106,Yes,Yes,Limited budget
O00298,A0340,P007,Technology,North America,Mid-Market,Direct,New Logo,65813,0.165,54953,Closed Lost,3/18/2026,6/7/2026,81,Yes,Yes,Limited budget
O00299,A0680,P002,Manufacturing,North America,Enterprise,Direct,New Logo,215034,0.077,198476,Closed Lost,4/23/2025,7/14/2025,82,Yes,Yes,No executive sponsor
O00300,A0628,P007,Manufacturing,APAC,Enterprise,Inside Sales,Renewal,93686,0.135,81038,Closed Lost,4/16/2025,8/4/2025,110,No,No,No executive sponsor
O00301,A0189,P004,Healthcare,Europe,Mid-Market,Direct,New Logo,89117,0.092,80918,Closed Lost,6/3/2024,9/6/2024,95,No,Yes,Competitor selected
O00302,A0253,P007,Technology,North America,Strategic,Direct,New Logo,122561,0.15,104176,Closed Lost,3/28/2024,8/12/2024,137,Yes,Yes,Price
O00303,A0167,P005,Healthcare,Europe,Enterprise,Inside Sales,New Logo,128304,0.093,116371,Closed Lost,7/21/2024,11/5/2024,107,No,Yes,Competitor selected
O00304,A0186,P004,Healthcare,North America,Mid-Market,Partner,Expansion,94316,0.216,73943,Closed Won,2/5/2024,4/8/2024,63,Yes,No,Superior analytics
O00305,A0402,P003,Healthcare,North America,Mid-Market,Direct,New Logo,103787,0.118,91540,Closed Lost,2/21/2024,4/28/2024,67,Yes,Yes,Weak product fit
O00306,A0950,P003,Financial Services,APAC,Mid-Market,Direct,New Logo,117370,0.139,101055,Closed Won,4/20/2024,6/24/2024,65,No,Yes,Strong product fit
O00307,A0840,P006,Manufacturing,Europe,Mid-Market,Direct,New Logo,141424,0.105,126574,Closed Won,10/26/2023,1/28/2024,94,No,Yes,Executive alignment
O00308,A0429,P002,Healthcare,Europe,Enterprise,Direct,New Logo,240741,0.133,208722,Closed Won,11/27/2023,4/7/2024,132,Yes,Yes,Executive alignment
O00309,A0189,P006,Healthcare,Europe,Mid-Market,Inside Sales,New Logo,129438,0.096,117011,Closed Won,1/17/2026,4/20/2026,93,Yes,Yes,Bundle value
O00310,A0317,P001,Healthcare,North America,Enterprise,Inside Sales,New Logo,184675,0.047,175995,Closed Lost,2/25/2026,5/14/2026,78,No,No,Timing
O00311,A0761,P004,Technology,Europe,Enterprise,Direct,New Logo,137246,0.093,124482,Closed Lost,2/5/2024,7/11/2024,157,Yes,Yes,Timing
O00312,A0455,P001,Healthcare,North America,Mid-Market,Direct,New Logo,111704,0.03,108352,Closed Lost,4/18/2024,5/13/2024,25,Yes,Yes,Limited budget
O00313,A0729,P007,Manufacturing,Europe,Enterprise,Direct,New Logo,91699,0.121,80603,Closed Won,7/16/2025,11/25/2025,132,No,Yes,Existing relationship
O00314,A0489,P001,Technology,Middle East,Enterprise,Partner,New Logo,211178,0.084,193439,Closed Lost,11/30/2025,2/24/2026,86,Yes,No,Limited budget
O00315,A0025,P007,Financial Services,Middle East,Enterprise,Direct,New Logo,111770,0.085,102269,Closed Won,4/24/2026,8/3/2026,101,Yes,Yes,Strong product fit
O00316,A0388,P005,Manufacturing,Middle East,Enterprise,Direct,New Logo,126188,0.136,109026,Closed Lost,7/4/2026,10/12/2026,100,Yes,Yes,Timing
O00317,A0465,P006,Technology,Europe,Enterprise,Inside Sales,New Logo,230407,0.054,217965,Closed Lost,1/4/2025,3/26/2025,81,Yes,Yes,No executive sponsor
O00318,A0642,P007,Technology,North America,Strategic,Direct,New Logo,126276,0.093,114532,Closed Lost,10/6/2025,2/21/2026,138,No,Yes,Limited budget
O00319,A0351,P002,Healthcare,APAC,Mid-Market,Direct,New Logo,159282,0.042,152592,Closed Won,7/18/2025,11/28/2025,133,Yes,Yes,Superior analytics
O00320,A0403,P005,Healthcare,APAC,Enterprise,Inside Sales,Renewal,116314,0.122,102123,Closed Lost,8/30/2024,10/29/2024,60,No,Yes,Competitor selected
O00321,A0966,P006,Manufacturing,North America,Enterprise,Direct,New Logo,202156,0.084,185174,Closed Lost,11/13/2024,5/10/2025,178,No,No,Competitor selected
O00322,A0542,P008,Healthcare,Middle East,Mid-Market,Direct,Renewal,99434,0.161,83425,Open Pipeline,7/2/2026,9/11/2026,71,No,No,In progress
O00323,A0417,P003,Manufacturing,North America,Enterprise,Direct,Expansion,171864,0.112,152615,Closed Won,5/25/2025,10/17/2025,145,Yes,Yes,Executive alignment
O00324,A0888,P007,Manufacturing,APAC,Enterprise,Partner,New Logo,121132,0.058,114106,Closed Lost,5/4/2024,8/27/2024,115,No,No,Weak product fit
O00325,A0797,P004,Healthcare,APAC,Enterprise,Direct,New Logo,157066,0.074,145443,Closed Won,1/28/2025,5/13/2025,105,No,Yes,Strong product fit
O00326,A0807,P004,Technology,APAC,Mid-Market,Inside Sales,New Logo,110010,0.045,105059,Closed Won,4/10/2025,7/25/2025,106,No,Yes,Superior analytics
O00327,A0741,P008,Financial Services,Europe,Enterprise,Direct,New Logo,134320,0.181,110008,Closed Won,5/26/2024,8/7/2024,73,No,No,Superior analytics
O00328,A0569,P003,Financial Services,North America,Mid-Market,Inside Sales,Expansion,126420,0.147,107836,Closed Lost,12/29/2024,4/3/2025,95,Yes,Yes,Limited budget
O00329,A0410,P008,Manufacturing,APAC,Mid-Market,Direct,New Logo,112723,0.141,96829,Closed Won,9/13/2023,11/7/2023,55,Yes,Yes,Strong product fit
O00330,A0905,P003,Healthcare,APAC,Enterprise,Inside Sales,New Logo,182865,0,182865,Closed Won,10/14/2023,3/2/2024,140,Yes,Yes,Bundle value
O00331,A0209,P004,Manufacturing,North America,Strategic,Direct,New Logo,245012,0.136,211690,Closed Lost,10/28/2024,2/25/2025,120,Yes,No,Limited budget
O00332,A0511,P002,Technology,North America,Mid-Market,Partner,Expansion,170774,0.226,132179,Closed Won,10/16/2024,11/21/2024,36,No,No,Existing relationship
O00333,A0940,P007,Financial Services,North America,Enterprise,Direct,New Logo,96602,0.071,89743,Closed Lost,3/15/2025,5/17/2025,63,Yes,No,Timing
O00334,A0384,P001,Financial Services,APAC,Strategic,Direct,New Logo,314515,0.16,264192,Closed Lost,8/21/2023,3/14/2024,206,No,No,Weak product fit
O00335,A0899,P001,Technology,North America,Mid-Market,Direct,Renewal,139526,0.086,127526,Closed Won,11/5/2024,3/11/2025,126,Yes,No,Executive alignment
O00336,A0279,P004,Healthcare,APAC,Strategic,Direct,New Logo,210009,0.15,178507,Closed Lost,12/28/2023,5/8/2024,132,Yes,No,No executive sponsor
O00337,A0223,P008,Technology,North America,Mid-Market,Direct,New Logo,83735,0.122,73519,Closed Lost,5/16/2025,7/8/2025,53,Yes,No,Limited budget
O00338,A0113,P008,Technology,Middle East,Enterprise,Inside Sales,New Logo,147535,0.076,136322,Closed Lost,2/28/2026,6/15/2026,107,No,Yes,Weak product fit
O00339,A0711,P004,Technology,Europe,Enterprise,Direct,New Logo,186876,0.059,175850,Closed Won,5/6/2026,8/19/2026,105,Yes,Yes,Bundle value
O00340,A0482,P007,Healthcare,Middle East,Enterprise,Direct,New Logo,89568,0.174,73983,Closed Lost,2/3/2026,4/28/2026,84,No,No,Competitor selected
O00341,A0993,P004,Technology,North America,Mid-Market,Direct,New Logo,101896,0.154,86204,Closed Lost,9/25/2025,12/24/2025,90,Yes,Yes,Timing
O00342,A0254,P003,Financial Services,Europe,Enterprise,Direct,New Logo,181530,0.153,153755,Closed Won,3/20/2025,7/29/2025,131,No,Yes,Existing relationship
O00343,A0952,P007,Financial Services,Middle East,Mid-Market,Direct,Renewal,74594,0.09,67880,Closed Lost,1/12/2026,2/21/2026,40,Yes,No,Timing
O00344,A0923,P008,Manufacturing,APAC,Strategic,Direct,New Logo,194567,0.116,171997,Closed Lost,8/20/2024,12/18/2024,120,No,No,Timing
O00345,A0328,P003,Manufacturing,Europe,Mid-Market,Direct,New Logo,117058,0.141,100552,Open Pipeline,7/15/2026,9/15/2026,62,Yes,No,In progress
O00346,A0578,P008,Manufacturing,North America,Enterprise,Partner,Renewal,135348,0.097,122219,Closed Lost,5/2/2024,10/7/2024,158,No,No,Limited budget
O00347,A0481,P008,Financial Services,Europe,Enterprise,Direct,New Logo,159308,0.168,132544,Closed Lost,4/13/2024,9/11/2024,151,Yes,Yes,Price
O00348,A0799,P001,Financial Services,Europe,Mid-Market,Direct,Renewal,138690,0.117,122463,Closed Lost,9/6/2023,11/13/2023,68,Yes,Yes,Limited budget
O00349,A0222,P001,Financial Services,Europe,Enterprise,Inside Sales,Expansion,171631,0.023,167683,Closed Lost,8/3/2025,11/23/2025,112,No,No,Limited budget
O00350,A0958,P002,Manufacturing,North America,Mid-Market,Direct,New Logo,164549,0.14,141512,Closed Lost,4/18/2026,7/29/2026,102,Yes,Yes,No executive sponsor
O00351,A0387,P004,Healthcare,North America,Enterprise,Direct,Expansion,141459,0.148,120523,Closed Lost,9/21/2024,1/8/2025,109,No,No,No executive sponsor
O00352,A0389,P006,Healthcare,North America,Strategic,Inside Sales,New Logo,307946,0.011,304558,Closed Lost,9/24/2024,2/28/2025,157,No,Yes,Price
O00353,A0470,P001,Healthcare,Europe,Enterprise,Direct,New Logo,198772,0.057,187441,Closed Lost,8/30/2025,12/11/2025,103,No,Yes,Competitor selected
O00354,A0039,P002,Manufacturing,Europe,Enterprise,Inside Sales,Expansion,195219,0.113,173159,Closed Lost,11/17/2023,4/22/2024,157,Yes,Yes,No executive sponsor
O00355,A0214,P005,Financial Services,North America,Enterprise,Inside Sales,New Logo,114229,0.044,109202,Open Pipeline,4/5/2026,9/1/2026,149,Yes,No,In progress
O00356,A0916,P002,Technology,North America,Mid-Market,Direct,New Logo,137424,0.151,116672,Closed Lost,9/5/2024,12/24/2024,110,No,Yes,No executive sponsor
O00357,A0397,P005,Financial Services,Europe,Mid-Market,Direct,Expansion,84117,0.1,75705,Closed Won,12/23/2024,3/15/2025,82,No,Yes,Bundle value
O00358,A0146,P005,Manufacturing,Europe,Enterprise,Inside Sales,Expansion,121689,0.071,113049,Closed Lost,11/1/2025,2/1/2026,92,Yes,Yes,No executive sponsor
O00359,A0902,P003,Manufacturing,APAC,Enterprise,Direct,New Logo,152559,0.089,138981,Closed Lost,10/1/2023,12/12/2023,72,Yes,Yes,Competitor selected
O00360,A0214,P003,Financial Services,North America,Enterprise,Partner,New Logo,194884,0.125,170523,Closed Lost,5/30/2026,10/13/2026,136,Yes,Yes,No executive sponsor
O00361,A0932,P004,Healthcare,North America,Enterprise,Inside Sales,Renewal,138010,0.031,133731,Closed Lost,10/9/2025,12/21/2025,73,Yes,No,Weak product fit
O00362,A0841,P004,Healthcare,Europe,Mid-Market,Partner,Renewal,97277,0.14,83658,Closed Won,1/2/2024,2/16/2024,45,No,No,Strong product fit
O00363,A0344,P005,Financial Services,Europe,Enterprise,Direct,New Logo,126827,0.199,101588,Closed Lost,12/30/2023,3/22/2024,83,Yes,No,No executive sponsor
O00364,A0455,P007,Healthcare,North America,Mid-Market,Direct,New Logo,68438,0.155,57830,Closed Won,1/5/2026,5/8/2026,123,No,Yes,Superior analytics
O00365,A0533,P002,Technology,Middle East,Mid-Market,Direct,Renewal,170952,0.03,165823,Closed Lost,8/3/2025,11/27/2025,116,No,No,Competitor selected
O00366,A0934,P004,Financial Services,Middle East,Enterprise,Direct,Renewal,170429,0.106,152363,Closed Lost,1/17/2024,7/9/2024,174,No,No,Price
O00367,A0883,P007,Healthcare,North America,Mid-Market,Direct,New Logo,69505,0.081,63875,Open Pipeline,6/3/2026,9/27/2026,116,No,No,In progress
O00368,A0433,P004,Technology,North America,Enterprise,Direct,New Logo,155337,0.109,138405,Closed Won,4/17/2026,9/27/2026,163,Yes,Yes,Bundle value
O00369,A0508,P008,Technology,Middle East,Mid-Market,Direct,New Logo,110980,0.091,100880,Closed Lost,11/12/2025,2/10/2026,90,Yes,No,Competitor selected
O00370,A0026,P002,Technology,APAC,Mid-Market,Direct,New Logo,133126,0.05,126469,Closed Lost,11/9/2025,3/6/2026,117,Yes,Yes,No executive sponsor
O00371,A0528,P001,Financial Services,APAC,Enterprise,Inside Sales,New Logo,177981,0.096,160894,Closed Lost,9/21/2024,12/16/2024,86,No,No,Weak product fit
O00372,A0991,P001,Healthcare,Europe,Enterprise,Partner,New Logo,187248,0.224,145304,Closed Won,3/26/2026,7/8/2026,104,No,Yes,Existing relationship
O00373,A0998,P008,Technology,Europe,Strategic,Direct,Expansion,209844,0.17,174170,Closed Lost,10/6/2025,2/22/2026,139,Yes,No,Competitor selected
O00374,A0128,P008,Technology,North America,Mid-Market,Direct,New Logo,82639,0.055,78093,Closed Lost,3/30/2024,7/28/2024,120,No,No,Competitor selected
O00375,A0889,P007,Financial Services,Middle East,Strategic,Direct,New Logo,136504,0.051,129542,Closed Lost,8/7/2025,1/15/2026,161,Yes,Yes,Price
O00376,A0005,P003,Healthcare,North America,Enterprise,Direct,Renewal,186470,0.187,151600,Closed Lost,2/6/2025,5/26/2025,109,No,Yes,Price
O00377,A0642,P004,Technology,North America,Strategic,Direct,New Logo,210749,0.044,201476,Closed Lost,9/23/2023,2/26/2024,156,Yes,No,No executive sponsor
O00378,A0037,P008,Financial Services,North America,Enterprise,Direct,Expansion,154585,0.184,126141,Closed Won,3/5/2025,7/21/2025,138,Yes,Yes,Strong product fit
O00379,A0418,P004,Manufacturing,North America,Mid-Market,Direct,New Logo,103983,0.103,93272,Closed Lost,4/19/2024,7/4/2024,76,Yes,No,Timing
O00380,A0927,P007,Healthcare,Europe,Strategic,Direct,New Logo,144544,0.17,119971,Closed Lost,1/3/2026,7/1/2026,179,No,No,No executive sponsor
O00381,A0829,P006,Healthcare,Europe,Mid-Market,Partner,New Logo,161221,0.109,143647,Open Pipeline,5/29/2026,9/20/2026,114,No,Yes,In progress
O00382,A0796,P008,Technology,North America,Enterprise,Inside Sales,New Logo,139439,0.095,126192,Closed Won,1/24/2025,6/15/2025,142,No,Yes,Executive alignment
O00383,A0288,P007,Healthcare,APAC,Mid-Market,Partner,Expansion,68490,0.078,63147,Closed Lost,1/14/2026,6/7/2026,144,No,No,Competitor selected
O00384,A0576,P004,Healthcare,Europe,Mid-Market,Partner,Renewal,115836,0.061,108770,Closed Lost,8/12/2025,9/20/2025,39,Yes,No,Weak product fit
O00385,A0321,P004,Healthcare,Europe,Enterprise,Direct,New Logo,158925,0.123,139377,Closed Won,6/30/2024,12/5/2024,158,No,No,Strong product fit
O00386,A0792,P007,Technology,Europe,Mid-Market,Direct,New Logo,79725,0.05,75738,Closed Won,11/9/2024,1/4/2025,56,No,No,Executive alignment
O00387,A0782,P005,Healthcare,Middle East,Enterprise,Partner,Expansion,123101,0.115,108944,Closed Lost,6/3/2025,10/4/2025,123,Yes,Yes,Price
O00388,A0469,P004,Healthcare,Middle East,Enterprise,Direct,New Logo,158730,0.239,120793,Closed Lost,3/16/2025,8/19/2025,156,Yes,No,Weak product fit
O00389,A0323,P005,Financial Services,North America,Strategic,Direct,New Logo,164603,0,164603,Closed Won,7/27/2025,11/14/2025,110,Yes,No,Executive alignment
O00390,A0693,P003,Financial Services,Europe,Mid-Market,Partner,Renewal,101983,0.204,81178,Closed Won,8/29/2023,11/8/2023,71,Yes,Yes,Superior analytics
O00391,A0611,P005,Healthcare,APAC,Mid-Market,Partner,New Logo,67570,0.086,61758,Closed Won,12/8/2024,3/20/2025,102,No,No,Strong product fit
O00392,A0673,P006,Technology,APAC,Mid-Market,Direct,New Logo,138035,0.21,109047,Closed Lost,10/18/2023,12/27/2023,70,Yes,No,Limited budget
O00393,A0928,P003,Healthcare,North America,Enterprise,Direct,New Logo,163472,0.12,143855,Closed Won,7/24/2025,11/23/2025,122,No,Yes,Executive alignment
O00394,A0266,P007,Financial Services,APAC,Enterprise,Partner,New Logo,90025,0.071,83633,Closed Lost,11/11/2023,3/21/2024,131,No,No,Competitor selected
O00395,A0321,P004,Healthcare,Europe,Enterprise,Direct,Expansion,162916,0.002,162590,Closed Won,3/6/2026,6/7/2026,93,Yes,Yes,Existing relationship
O00396,A0395,P002,Technology,Middle East,Strategic,Inside Sales,New Logo,347340,0.019,340740,Closed Won,6/2/2024,11/24/2024,175,No,Yes,Executive alignment
O00397,A0178,P007,Financial Services,APAC,Enterprise,Direct,New Logo,92947,0.105,83187,Closed Lost,10/17/2023,1/3/2024,78,No,No,Timing
O00398,A0086,P007,Technology,North America,Strategic,Inside Sales,Expansion,168497,0.092,152995,Closed Won,12/24/2024,7/19/2025,207,Yes,Yes,Existing relationship
O00399,A0034,P006,Financial Services,APAC,Enterprise,Partner,New Logo,228889,0.147,195242,Closed Lost,6/7/2024,10/13/2024,128,Yes,Yes,Competitor selected
O00400,A0801,P004,Financial Services,North America,Strategic,Direct,New Logo,191760,0.08,176419,Open Pipeline,8/11/2026,2/9/2027,182,Yes,Yes,In progress
O00401,A0623,P004,Financial Services,North America,Enterprise,Partner,New Logo,146129,0.175,120556,Closed Won,11/17/2025,3/9/2026,112,Yes,Yes,Existing relationship
O00402,A0453,P007,Technology,Middle East,Mid-Market,Direct,New Logo,73946,0.173,61153,Closed Won,4/1/2026,7/6/2026,96,No,Yes,Strong product fit
O00403,A0663,P005,Healthcare,North America,Mid-Market,Direct,Expansion,83928,0.137,72429,Closed Lost,1/10/2025,2/20/2025,41,No,No,Limited budget
O00404,A0122,P002,Financial Services,APAC,Strategic,Direct,Expansion,334446,0.113,296653,Closed Lost,6/6/2025,11/19/2025,166,Yes,No,Price
O00405,A0932,P008,Healthcare,North America,Enterprise,Inside Sales,New Logo,155282,0.033,150157,Closed Lost,10/30/2024,3/16/2025,137,No,No,Weak product fit
O00406,A0160,P003,Manufacturing,North America,Mid-Market,Direct,New Logo,106980,0.089,97458,Closed Lost,3/7/2024,5/7/2024,61,Yes,No,Price
O00407,A0368,P003,Manufacturing,Europe,Mid-Market,Direct,New Logo,132554,0.057,124998,Open Pipeline,7/7/2026,9/10/2026,65,No,No,In progress
O00408,A0885,P004,Healthcare,North America,Mid-Market,Direct,New Logo,113846,0.154,96313,Closed Won,12/13/2023,3/1/2024,79,Yes,No,Superior analytics
O00409,A0569,P001,Financial Services,North America,Mid-Market,Direct,New Logo,129282,0.067,120620,Closed Won,10/29/2024,1/16/2025,79,Yes,Yes,Executive alignment
O00410,A0279,P001,Healthcare,APAC,Strategic,Direct,New Logo,280196,0.185,228359,Closed Lost,10/14/2024,3/6/2025,143,No,Yes,Weak product fit
O00411,A0099,P001,Healthcare,APAC,Enterprise,Partner,Expansion,170116,0.099,153274,Closed Won,1/21/2024,6/27/2024,158,No,Yes,Existing relationship
O00412,A0385,P001,Technology,North America,Enterprise,Direct,New Logo,176742,0.102,158714,Closed Lost,3/12/2024,6/18/2024,98,No,Yes,No executive sponsor
O00413,A0202,P002,Manufacturing,Europe,Enterprise,Partner,New Logo,211637,0.148,180314,Closed Won,10/20/2025,12/26/2025,67,No,No,Superior analytics
O00414,A0252,P007,Financial Services,Europe,Enterprise,Partner,Expansion,102594,0.173,84845,Closed Won,9/14/2023,12/2/2023,79,Yes,Yes,Executive alignment
O00415,A0264,P002,Manufacturing,North America,Mid-Market,Direct,New Logo,143738,0.087,131232,Closed Lost,12/1/2023,4/23/2024,144,No,No,Weak product fit
O00416,A0329,P002,Healthcare,North America,Enterprise,Direct,Expansion,239149,0.116,211407,Closed Lost,8/23/2024,12/16/2024,115,Yes,Yes,Competitor selected
O00417,A0266,P006,Financial Services,APAC,Enterprise,Direct,New Logo,223238,0.093,202476,Closed Won,12/27/2025,4/7/2026,101,Yes,Yes,Superior analytics
O00418,A0752,P002,Manufacturing,Europe,Mid-Market,Inside Sales,New Logo,143182,0.08,131727,Closed Lost,6/11/2026,7/11/2026,30,Yes,No,Limited budget
O00419,A0946,P008,Financial Services,Middle East,Enterprise,Direct,New Logo,167104,0.092,151730,Closed Lost,11/10/2024,3/31/2025,141,Yes,No,Price
O00420,A0170,P003,Financial Services,Middle East,Mid-Market,Partner,New Logo,113568,0.054,107435,Closed Lost,11/7/2024,12/30/2024,53,Yes,Yes,Limited budget
O00421,A0181,P008,Financial Services,Middle East,Enterprise,Direct,Expansion,127584,0.144,109211,Closed Lost,1/4/2026,5/4/2026,120,Yes,No,Timing
O00422,A0642,P002,Technology,North America,Strategic,Direct,New Logo,314220,0.165,262373,Closed Lost,9/25/2025,3/8/2026,164,No,Yes,Competitor selected
O00423,A0398,P006,Manufacturing,Europe,Enterprise,Direct,Expansion,194964,0.094,176637,Closed Won,9/30/2025,12/16/2025,77,No,No,Executive alignment
O00424,A0285,P004,Financial Services,APAC,Mid-Market,Direct,New Logo,89072,0.007,88448,Closed Lost,5/12/2026,7/3/2026,52,Yes,No,Timing
O00425,A0799,P002,Financial Services,Europe,Mid-Market,Direct,New Logo,128264,0.112,113898,Closed Lost,7/28/2024,10/5/2024,69,No,Yes,No executive sponsor
O00426,A0149,P002,Technology,APAC,Enterprise,Direct,New Logo,208066,0.102,186843,Closed Lost,2/3/2024,5/10/2024,97,Yes,Yes,Limited budget
O00427,A0668,P001,Healthcare,APAC,Mid-Market,Direct,New Logo,136037,0.157,114679,Closed Won,4/29/2026,7/1/2026,63,No,Yes,Bundle value
O00428,A0460,P001,Healthcare,Europe,Enterprise,Direct,New Logo,223323,0.195,179775,Closed Won,5/27/2025,10/20/2025,146,No,No,Executive alignment
O00429,A0567,P002,Manufacturing,Middle East,Enterprise,Partner,Expansion,248867,0.184,203075,Closed Lost,9/8/2023,11/30/2023,83,Yes,Yes,Timing
O00430,A0849,P002,Technology,Europe,Enterprise,Direct,New Logo,257710,0.03,249978,Closed Won,7/29/2024,9/12/2024,45,No,No,Bundle value
O00431,A0313,P007,Healthcare,North America,Mid-Market,Direct,Expansion,68757,0.115,60849,Closed Lost,11/8/2024,12/19/2024,41,No,No,Weak product fit
O00432,A0055,P007,Financial Services,Europe,Mid-Market,Direct,New Logo,56826,0.106,50802,Open Pipeline,8/10/2026,11/15/2026,97,Yes,No,In progress
O00433,A0815,P003,Healthcare,North America,Mid-Market,Partner,New Logo,132034,0.218,103250,Closed Lost,4/11/2024,5/19/2024,38,Yes,No,Competitor selected
O00434,A0593,P001,Manufacturing,Middle East,Mid-Market,Direct,New Logo,122855,0.173,101601,Closed Lost,11/20/2023,1/23/2024,64,Yes,Yes,Timing
O00435,A0350,P007,Financial Services,North America,Mid-Market,Direct,New Logo,76322,0.009,75635,Closed Lost,12/12/2024,2/1/2025,51,No,Yes,Timing
O00436,A0933,P006,Manufacturing,Europe,Strategic,Direct,New Logo,281658,0.166,234902,Closed Lost,7/20/2025,1/28/2026,192,No,Yes,Competitor selected
O00437,A0853,P008,Technology,North America,Strategic,Direct,New Logo,185440,0.045,177095,Closed Lost,12/29/2025,7/19/2026,202,No,Yes,Timing
O00438,A0586,P005,Healthcare,Middle East,Enterprise,Partner,New Logo,104880,0.253,78345,Closed Lost,8/22/2025,12/12/2025,112,Yes,No,Price
O00439,A0917,P008,Technology,Europe,Mid-Market,Partner,Expansion,101843,0.149,86668,Closed Lost,11/16/2025,12/17/2025,31,Yes,No,Weak product fit
O00440,A0552,P008,Manufacturing,North America,Strategic,Direct,New Logo,233520,0.029,226747,Closed Lost,5/23/2024,9/4/2024,104,No,Yes,Timing
O00441,A0337,P002,Healthcare,North America,Enterprise,Inside Sales,New Logo,242130,0.091,220096,Closed Won,12/24/2025,4/9/2026,106,Yes,Yes,Strong product fit
O00442,A0124,P008,Financial Services,APAC,Strategic,Partner,New Logo,184290,0.029,178945,Closed Won,11/25/2024,4/2/2025,128,Yes,No,Bundle value
O00443,A0538,P004,Healthcare,North America,Enterprise,Direct,New Logo,150247,0.168,125005,Closed Lost,12/23/2023,2/19/2024,58,No,Yes,No executive sponsor
O00444,A0810,P005,Technology,North America,Mid-Market,Inside Sales,New Logo,83490,0.122,73304,Closed Won,4/5/2025,6/21/2025,77,No,Yes,Existing relationship
O00445,A0008,P005,Financial Services,North America,Strategic,Inside Sales,New Logo,164839,0.121,144893,Closed Lost,2/4/2026,5/25/2026,110,Yes,Yes,Price
O00446,A0628,P005,Manufacturing,APAC,Enterprise,Partner,Expansion,103680,0.203,82632,Closed Won,3/18/2024,6/30/2024,104,Yes,Yes,Strong product fit
O00447,A0308,P006,Manufacturing,North America,Strategic,Direct,Renewal,288095,0.046,274842,Closed Lost,2/27/2024,7/9/2024,133,Yes,No,Price
O00448,A0659,P004,Manufacturing,APAC,Mid-Market,Direct,Expansion,87526,0.156,73871,Closed Lost,6/1/2025,7/20/2025,49,No,Yes,Limited budget
O00449,A0444,P007,Manufacturing,North America,Enterprise,Direct,New Logo,96189,0.046,91764,Closed Lost,8/8/2024,12/7/2024,121,No,No,Timing
O00450,A0624,P001,Financial Services,Europe,Enterprise,Direct,Expansion,175364,0.068,163439,Closed Won,12/4/2024,4/3/2025,120,Yes,Yes,Strong product fit
O00451,A0277,P007,Healthcare,North America,Mid-Market,Direct,Expansion,78689,0.15,66885,Closed Won,9/14/2024,12/10/2024,87,Yes,Yes,Bundle value
O00452,A0391,P007,Manufacturing,Europe,Enterprise,Partner,New Logo,97418,0.101,87578,Closed Lost,1/22/2025,5/12/2025,110,No,Yes,Timing
O00453,A0568,P006,Technology,North America,Mid-Market,Direct,New Logo,132621,0.115,117369,Closed Lost,7/23/2025,11/3/2025,103,No,No,Weak product fit
O00454,A0827,P006,Manufacturing,North America,Enterprise,Inside Sales,New Logo,210478,0.002,210057,Closed Lost,2/27/2025,8/10/2025,164,No,No,Competitor selected
O00455,A0215,P006,Healthcare,APAC,Mid-Market,Direct,New Logo,142274,0.062,133453,Closed Lost,3/3/2024,6/9/2024,98,Yes,Yes,Weak product fit
O00456,A0349,P005,Healthcare,North America,Enterprise,Direct,New Logo,131322,0.072,121866,Closed Lost,5/25/2024,7/9/2024,45,No,No,Limited budget
O00457,A0441,P008,Financial Services,Europe,Mid-Market,Direct,New Logo,81060,0.124,71008,Closed Lost,1/29/2025,3/20/2025,50,No,No,Price
O00458,A0867,P005,Technology,Europe,Enterprise,Inside Sales,New Logo,134082,0.069,124830,Closed Lost,2/6/2026,6/11/2026,125,No,No,Competitor selected
O00459,A0402,P008,Healthcare,North America,Mid-Market,Direct,New Logo,98278,0.149,83634,Closed Lost,8/23/2025,9/29/2025,37,Yes,No,Limited budget
O00460,A0504,P005,Financial Services,North America,Mid-Market,Direct,New Logo,91471,0.079,84244,Closed Lost,2/4/2025,3/11/2025,35,No,No,Weak product fit
O00461,A0336,P001,Financial Services,Europe,Enterprise,Partner,Renewal,193036,0.258,143232,Closed Lost,3/11/2025,6/4/2025,85,No,No,Competitor selected
O00462,A0319,P001,Manufacturing,North America,Strategic,Direct,New Logo,282513,0.036,272342,Closed Lost,5/23/2024,11/11/2024,172,Yes,No,Timing
O00463,A0922,P006,Manufacturing,APAC,Enterprise,Inside Sales,New Logo,251270,0.169,208805,Closed Won,2/17/2026,8/4/2026,168,No,Yes,Superior analytics
O00464,A0439,P003,Healthcare,APAC,Mid-Market,Inside Sales,New Logo,128731,0.05,122294,Closed Won,9/28/2025,1/3/2026,97,Yes,Yes,Superior analytics
O00465,A0881,P001,Manufacturing,North America,Mid-Market,Direct,New Logo,141047,0.166,117633,Closed Lost,10/17/2025,1/16/2026,91,No,Yes,Limited budget
O00466,A0616,P006,Healthcare,APAC,Mid-Market,Direct,Renewal,146730,0.096,132643,Closed Lost,2/8/2024,6/7/2024,120,Yes,Yes,No executive sponsor
O00467,A0502,P008,Financial Services,APAC,Enterprise,Direct,New Logo,140644,0.097,127001,Closed Lost,8/6/2025,10/9/2025,64,Yes,No,Timing
O00468,A0260,P005,Healthcare,APAC,Enterprise,Direct,New Logo,131697,0.175,108650,Closed Won,3/18/2025,7/20/2025,124,Yes,Yes,Strong product fit
O00469,A0201,P004,Financial Services,Europe,Enterprise,Direct,Expansion,157691,0.129,137348,Closed Lost,9/17/2025,12/11/2025,85,Yes,Yes,Competitor selected
O00470,A0888,P006,Manufacturing,APAC,Enterprise,Partner,Renewal,207618,0.173,171700,Closed Won,3/21/2026,6/13/2026,84,No,Yes,Executive alignment
O00471,A0522,P008,Healthcare,Europe,Enterprise,Partner,New Logo,138568,0.218,108360,Open Pipeline,5/31/2026,9/19/2026,111,Yes,Yes,In progress
O00472,A0343,P003,Technology,North America,Enterprise,Direct,New Logo,202976,0.066,189579,Closed Lost,8/14/2025,12/25/2025,133,Yes,No,Limited budget
O00473,A0477,P007,Manufacturing,North America,Mid-Market,Direct,Renewal,67697,0.148,57677,Closed Lost,4/19/2026,7/3/2026,75,Yes,Yes,Competitor selected
O00474,A0205,P005,Manufacturing,Europe,Enterprise,Partner,Expansion,109627,0.199,87811,Closed Won,2/16/2024,7/24/2024,159,No,Yes,Executive alignment
O00475,A0585,P005,Healthcare,North America,Enterprise,Direct,New Logo,113059,0.064,105823,Closed Lost,10/27/2023,2/27/2024,123,Yes,Yes,Competitor selected
O00476,A0671,P007,Healthcare,Europe,Mid-Market,Inside Sales,New Logo,66105,0.204,52619,Closed Lost,9/6/2025,11/26/2025,81,No,No,No executive sponsor
O00477,A0781,P001,Technology,Middle East,Mid-Market,Inside Sales,Expansion,110193,0.092,100055,Closed Lost,11/3/2023,1/21/2024,79,No,No,No executive sponsor
O00478,A0371,P007,Manufacturing,Europe,Strategic,Direct,New Logo,162698,0.146,138944,Closed Won,1/26/2024,8/3/2024,190,No,Yes,Existing relationship
O00479,A0515,P004,Financial Services,Middle East,Mid-Market,Direct,New Logo,102214,0.071,94956,Closed Lost,2/22/2026,5/18/2026,85,No,Yes,Limited budget
O00480,A0524,P008,Healthcare,North America,Mid-Market,Direct,Expansion,101853,0.165,85047,Closed Lost,8/20/2023,11/1/2023,73,No,Yes,No executive sponsor
O00481,A0629,P001,Manufacturing,North America,Enterprise,Direct,Expansion,190750,0.063,178732,Closed Lost,9/21/2025,1/7/2026,108,Yes,No,Timing
O00482,A0719,P004,Healthcare,Middle East,Mid-Market,Partner,Expansion,116661,0.161,97878,Closed Lost,12/6/2024,3/14/2025,98,Yes,No,Weak product fit
O00483,A0548,P007,Manufacturing,Middle East,Mid-Market,Direct,New Logo,76906,0.1,69215,Closed Won,8/11/2024,11/8/2024,89,Yes,Yes,Existing relationship
O00484,A0462,P004,Manufacturing,Europe,Mid-Market,Direct,Expansion,104049,0.08,95725,Closed Lost,10/29/2024,11/23/2024,25,Yes,Yes,Timing
O00485,A0003,P004,Technology,Europe,Mid-Market,Direct,New Logo,92189,0.085,84352,Closed Lost,6/20/2025,8/19/2025,60,No,No,Timing
O00486,A0859,P006,Technology,Europe,Strategic,Partner,Renewal,290969,0.141,249942,Closed Lost,2/4/2024,5/15/2024,101,No,No,Price
O00487,A0209,P002,Manufacturing,North America,Strategic,Partner,New Logo,306926,0.15,260887,Closed Lost,10/9/2024,3/18/2025,160,Yes,Yes,Limited budget
O00488,A0791,P006,Healthcare,Europe,Enterprise,Inside Sales,Renewal,236195,0.037,227455,Open Pipeline,8/18/2026,12/21/2026,125,Yes,Yes,In progress
O00489,A0564,P006,Financial Services,Middle East,Mid-Market,Direct,New Logo,158362,0.047,150918,Closed Won,7/23/2025,11/18/2025,118,No,Yes,Bundle value
O00490,A0385,P006,Technology,North America,Enterprise,Inside Sales,New Logo,234874,0,234874,Closed Lost,8/28/2025,1/10/2026,135,Yes,No,Price
O00491,A0602,P004,Financial Services,APAC,Mid-Market,Direct,Renewal,113466,0.085,103821,Closed Lost,5/18/2025,6/12/2025,25,No,No,Price
O00492,A0839,P005,Financial Services,APAC,Enterprise,Direct,New Logo,107507,0.134,93101,Closed Lost,10/16/2025,2/13/2026,120,No,No,No executive sponsor
O00493,A0862,P004,Financial Services,APAC,Strategic,Direct,New Logo,208808,0.041,200246,Closed Won,12/4/2023,5/28/2024,176,Yes,Yes,Executive alignment
O00494,A0303,P007,Healthcare,APAC,Mid-Market,Inside Sales,New Logo,57781,0.1,52002,Closed Won,2/16/2024,5/10/2024,84,Yes,Yes,Existing relationship
O00495,A0304,P001,Manufacturing,APAC,Enterprise,Partner,New Logo,225659,0.168,187748,Closed Lost,2/26/2026,6/9/2026,103,Yes,No,Competitor selected
O00496,A0328,P008,Manufacturing,Europe,Mid-Market,Direct,New Logo,109640,0.032,106131,Closed Lost,11/30/2025,2/15/2026,77,Yes,No,Weak product fit
O00497,A0606,P002,Financial Services,North America,Enterprise,Inside Sales,New Logo,204901,0.118,180722,Closed Lost,6/4/2024,8/23/2024,80,Yes,No,No executive sponsor
O00498,A0823,P002,Healthcare,North America,Enterprise,Partner,New Logo,247553,0.171,205221,Closed Lost,10/5/2023,1/15/2024,102,Yes,Yes,No executive sponsor
O00499,A0745,P003,Technology,North America,Enterprise,Partner,New Logo,202877,0.137,175082,Closed Won,7/12/2024,10/26/2024,106,No,Yes,Superior analytics
O00500,A0365,P007,Manufacturing,North America,Mid-Market,Direct,Renewal,78743,0.07,73230,Closed Lost,8/3/2024,10/4/2024,62,Yes,Yes,Weak product fit
O00501,A0819,P002,Manufacturing,North America,Enterprise,Direct,Renewal,243055,0.115,215103,Closed Lost,8/27/2023,1/27/2024,153,No,No,Timing
O00502,A0565,P008,Technology,APAC,Strategic,Direct,New Logo,236824,0.082,217404,Closed Lost,11/28/2023,4/20/2024,144,Yes,Yes,Timing
O00503,A0261,P004,Technology,North America,Enterprise,Direct,New Logo,172420,0.1,155178,Closed Lost,3/25/2026,8/2/2026,130,Yes,No,No executive sponsor
O00504,A0024,P003,Manufacturing,Europe,Enterprise,Direct,Expansion,162291,0.163,135837,Open Pipeline,7/11/2026,9/20/2026,71,No,Yes,In progress
O00505,A0802,P006,Healthcare,North America,Enterprise,Inside Sales,Expansion,250216,0.054,236704,Closed Lost,4/26/2025,9/5/2025,132,Yes,No,Price
O00506,A0650,P006,Financial Services,Europe,Enterprise,Direct,New Logo,207677,0.158,174864,Closed Lost,1/28/2026,4/17/2026,79,No,Yes,Timing
O00507,A0528,P008,Financial Services,APAC,Enterprise,Partner,New Logo,174068,0.157,146739,Open Pipeline,8/11/2026,10/29/2026,79,No,No,In progress
O00508,A0211,P007,Technology,APAC,Mid-Market,Inside Sales,New Logo,58577,0.093,53129,Closed Lost,12/5/2023,2/9/2024,66,Yes,No,Limited budget
O00509,A0010,P005,Technology,North America,Enterprise,Partner,New Logo,124989,0.125,109365,Open Pipeline,5/3/2026,9/6/2026,126,Yes,Yes,In progress
O00510,A0125,P005,Manufacturing,APAC,Strategic,Direct,New Logo,149980,0.031,145330,Open Pipeline,7/22/2026,10/1/2026,71,No,Yes,In progress
O00511,A0729,P002,Manufacturing,Europe,Enterprise,Direct,New Logo,202952,0.126,177380,Closed Won,2/1/2025,4/19/2025,77,Yes,Yes,Superior analytics
O00512,A0486,P004,Technology,APAC,Mid-Market,Direct,Expansion,100266,0.069,93347,Closed Lost,12/13/2023,3/13/2024,91,Yes,No,Weak product fit
O00513,A0414,P007,Healthcare,North America,Mid-Market,Direct,New Logo,78386,0.16,65844,Closed Lost,6/29/2025,8/15/2025,47,Yes,Yes,Weak product fit
O00514,A0928,P003,Healthcare,North America,Enterprise,Direct,New Logo,164547,0.086,150395,Closed Won,8/23/2023,12/16/2023,115,Yes,Yes,Bundle value
O00515,A0745,P005,Technology,North America,Enterprise,Direct,Expansion,112561,0.115,99616,Closed Lost,1/1/2026,3/26/2026,84,No,Yes,No executive sponsor
O00516,A0288,P006,Healthcare,APAC,Mid-Market,Direct,Expansion,131426,0.128,114603,Closed Lost,4/18/2026,6/30/2026,73,Yes,No,No executive sponsor
O00517,A0163,P008,Healthcare,APAC,Mid-Market,Direct,New Logo,101364,0.097,91531,Closed Lost,3/4/2025,4/20/2025,47,No,Yes,Timing
O00518,A0439,P008,Healthcare,APAC,Mid-Market,Partner,New Logo,94362,0.065,88228,Closed Lost,6/11/2025,9/2/2025,83,Yes,Yes,Competitor selected
O00519,A0074,P006,Manufacturing,North America,Enterprise,Direct,New Logo,247955,0.133,214976,Closed Lost,1/28/2026,5/17/2026,109,Yes,No,Timing
O00520,A0360,P003,Financial Services,North America,Enterprise,Direct,New Logo,171882,0.067,160365,Closed Lost,12/22/2023,4/30/2024,130,Yes,No,Competitor selected
O00521,A0149,P003,Technology,APAC,Enterprise,Partner,New Logo,161910,0.221,126127,Open Pipeline,7/28/2026,11/12/2026,107,Yes,No,In progress
O00522,A0533,P005,Technology,Middle East,Mid-Market,Direct,Expansion,79090,0.097,71418,Closed Won,1/28/2026,4/12/2026,74,Yes,Yes,Existing relationship
O00523,A0567,P001,Manufacturing,Middle East,Enterprise,Direct,New Logo,225193,0.072,208979,Closed Lost,1/14/2024,5/22/2024,129,Yes,No,Competitor selected
O00524,A0335,P005,Technology,APAC,Enterprise,Direct,New Logo,126553,0.114,112125,Closed Lost,2/28/2025,6/18/2025,110,Yes,No,Limited budget
O00525,A0649,P003,Technology,Europe,Enterprise,Partner,New Logo,200948,0.213,158146,Open Pipeline,5/31/2026,10/20/2026,142,No,Yes,In progress
O00526,A0157,P006,Technology,Middle East,Mid-Market,Partner,New Logo,118058,0.184,96335,Closed Lost,12/4/2025,1/13/2026,40,No,No,Competitor selected
O00527,A0740,P004,Technology,APAC,Mid-Market,Direct,New Logo,89448,0.053,84707,Closed Won,1/4/2025,4/22/2025,108,Yes,Yes,Bundle value
O00528,A0380,P007,Financial Services,APAC,Enterprise,Partner,New Logo,107361,0.129,93511,Closed Lost,4/24/2026,8/2/2026,100,No,Yes,Competitor selected
O00529,A0085,P002,Healthcare,APAC,Enterprise,Direct,New Logo,214794,0.133,186226,Closed Won,6/18/2026,11/11/2026,146,Yes,Yes,Existing relationship
O00530,A0211,P002,Technology,APAC,Mid-Market,Direct,New Logo,151567,0.076,140047,Closed Lost,1/15/2026,5/11/2026,116,No,No,Limited budget
O00531,A0456,P007,Technology,Middle East,Mid-Market,Inside Sales,Expansion,64942,0.11,57798,Closed Lost,8/6/2025,10/5/2025,60,Yes,No,No executive sponsor
O00532,A0216,P005,Technology,North America,Enterprise,Direct,New Logo,118049,0.105,105653,Closed Lost,11/17/2024,4/12/2025,146,No,No,Weak product fit
O00533,A0273,P001,Financial Services,North America,Mid-Market,Direct,New Logo,122973,0.179,100960,Closed Won,5/13/2026,6/7/2026,25,Yes,Yes,Executive alignment
O00534,A0113,P002,Technology,Middle East,Enterprise,Inside Sales,New Logo,213643,0.036,205951,Closed Lost,7/2/2025,10/4/2025,94,No,No,No executive sponsor
O00535,A0550,P008,Technology,Europe,Enterprise,Direct,New Logo,129230,0.216,101316,Closed Lost,5/19/2024,10/14/2024,148,Yes,No,Limited budget
O00536,A0317,P002,Healthcare,North America,Enterprise,Direct,New Logo,245582,0.088,223970,Closed Lost,11/2/2025,12/27/2025,55,Yes,No,Competitor selected
O00537,A0358,P001,Technology,North America,Mid-Market,Inside Sales,New Logo,129219,0.086,118106,Closed Won,7/24/2025,9/1/2025,39,No,Yes,Bundle value
O00538,A0792,P005,Technology,Europe,Mid-Market,Direct,New Logo,91384,0.059,85992,Closed Won,4/16/2024,7/10/2024,85,Yes,Yes,Executive alignment
O00539,A0258,P007,Manufacturing,Europe,Strategic,Partner,New Logo,157053,0.143,134594,Closed Lost,2/15/2026,7/5/2026,140,No,No,Price
O00540,A0570,P006,Technology,Europe,Enterprise,Direct,Expansion,206493,0.039,198439,Closed Lost,6/4/2025,7/1/2025,27,No,Yes,Timing
O00541,A0624,P007,Financial Services,Europe,Enterprise,Direct,New Logo,117603,0.117,103843,Closed Won,3/13/2024,8/8/2024,148,No,Yes,Superior analytics
O00542,A0472,P005,Healthcare,North America,Mid-Market,Direct,New Logo,83773,0.114,74222,Closed Won,10/27/2023,12/14/2023,48,Yes,No,Existing relationship
O00543,A0593,P004,Manufacturing,Middle East,Mid-Market,Direct,New Logo,121794,0.135,105351,Closed Lost,1/4/2026,2/10/2026,37,Yes,No,Weak product fit
O00544,A0609,P007,Healthcare,North America,Enterprise,Direct,Expansion,96908,0.114,85860,Closed Lost,11/21/2023,2/11/2024,82,Yes,Yes,Price
O00545,A0772,P004,Manufacturing,Middle East,Enterprise,Direct,Renewal,150094,0.125,131332,Closed Lost,9/3/2023,1/13/2024,132,Yes,Yes,Limited budget
O00546,A0415,P004,Healthcare,APAC,Enterprise,Direct,New Logo,136538,0.121,120016,Closed Won,5/23/2025,7/25/2025,63,No,No,Executive alignment
O00547,A0681,P001,Technology,Middle East,Mid-Market,Direct,New Logo,131827,0.078,121544,Closed Lost,3/11/2026,5/20/2026,70,Yes,No,Competitor selected
O00548,A0186,P007,Healthcare,North America,Mid-Market,Direct,New Logo,74642,0.076,68969,Closed Lost,12/17/2024,4/2/2025,106,Yes,No,Weak product fit
O00549,A0400,P007,Technology,North America,Enterprise,Direct,New Logo,89923,0.124,78772,Closed Lost,3/19/2024,7/25/2024,128,No,Yes,Limited budget
O00550,A0085,P002,Healthcare,APAC,Enterprise,Partner,New Logo,241892,0.099,217944,Closed Won,5/17/2026,9/18/2026,124,Yes,No,Superior analytics
O00551,A0987,P005,Manufacturing,North America,Enterprise,Direct,New Logo,112629,0.144,96410,Closed Won,2/28/2025,6/2/2025,94,No,Yes,Bundle value
O00552,A0682,P006,Manufacturing,North America,Mid-Market,Direct,New Logo,122922,0.22,95879,Closed Lost,2/10/2024,5/15/2024,95,Yes,No,Price
O00553,A0707,P004,Technology,Middle East,Mid-Market,Direct,New Logo,118169,0.042,113205,Closed Lost,2/15/2026,5/31/2026,105,No,No,No executive sponsor
O00554,A0138,P003,Financial Services,Europe,Mid-Market,Direct,New Logo,111258,0.097,100465,Closed Won,10/16/2023,1/26/2024,102,No,No,Superior analytics
O00555,A0174,P004,Technology,North America,Mid-Market,Direct,Renewal,118962,0.11,105876,Closed Lost,10/25/2025,1/14/2026,81,Yes,Yes,Price
O00556,A0432,P008,Technology,Europe,Enterprise,Partner,New Logo,142973,0.199,114521,Closed Lost,1/27/2026,6/20/2026,144,Yes,No,Price
O00557,A0652,P007,Financial Services,Middle East,Mid-Market,Direct,New Logo,65712,0.095,59469,Closed Lost,9/2/2024,12/25/2024,114,Yes,Yes,Weak product fit
O00558,A0228,P001,Manufacturing,Europe,Strategic,Direct,New Logo,260543,0.061,244649,Closed Lost,11/25/2024,5/27/2025,183,Yes,No,Price
O00559,A0603,P002,Healthcare,North America,Enterprise,Partner,New Logo,223492,0.178,183710,Closed Lost,11/18/2025,4/28/2026,161,No,No,Weak product fit
O00560,A0737,P008,Financial Services,APAC,Enterprise,Partner,Renewal,159914,0.186,130169,Closed Won,9/20/2023,1/15/2024,117,No,No,Executive alignment
O00561,A0756,P006,Technology,North America,Mid-Market,Direct,Expansion,161625,0.257,120087,Closed Lost,3/11/2024,7/5/2024,116,Yes,Yes,Timing
O00562,A0069,P004,Technology,Europe,Enterprise,Direct,New Logo,176732,0.024,172490,Closed Lost,11/12/2025,2/27/2026,107,Yes,Yes,Price
O00563,A0564,P008,Financial Services,Middle East,Mid-Market,Direct,New Logo,86906,0.052,82386,Closed Lost,9/9/2025,12/7/2025,89,No,No,Competitor selected
O00564,A0197,P002,Manufacturing,Europe,Mid-Market,Inside Sales,New Logo,140976,0.11,125468,Closed Won,8/28/2023,10/19/2023,52,No,Yes,Existing relationship
O00565,A0126,P001,Manufacturing,APAC,Strategic,Inside Sales,New Logo,280821,0.038,270149,Closed Lost,7/18/2024,12/12/2024,147,Yes,No,No executive sponsor
O00566,A0597,P008,Healthcare,APAC,Strategic,Partner,Expansion,179210,0.141,153941,Closed Lost,9/13/2023,3/5/2024,174,No,Yes,Price
O00567,A0197,P001,Manufacturing,Europe,Mid-Market,Direct,New Logo,118285,0.139,101843,Closed Won,7/27/2025,9/17/2025,52,No,Yes,Superior analytics
O00568,A0260,P004,Healthcare,APAC,Enterprise,Direct,New Logo,174982,0.163,146459,Closed Lost,6/6/2025,10/7/2025,123,Yes,Yes,Price
O00569,A0010,P007,Technology,North America,Enterprise,Inside Sales,Expansion,115903,0.124,101531,Closed Lost,3/15/2025,7/12/2025,119,Yes,No,Price
O00570,A0655,P008,Technology,Europe,Enterprise,Direct,New Logo,160802,0.12,141505,Closed Lost,12/16/2024,4/30/2025,135,Yes,No,Competitor selected
O00571,A0890,P006,Manufacturing,North America,Enterprise,Direct,New Logo,201378,0.068,187684,Closed Lost,4/14/2024,8/11/2024,119,No,Yes,Price
O00572,A0555,P002,Healthcare,APAC,Strategic,Inside Sales,New Logo,273423,0.144,234050,Closed Lost,7/25/2025,11/7/2025,105,No,No,Competitor selected
O00573,A0838,P005,Healthcare,Middle East,Enterprise,Direct,Expansion,142278,0.123,124777,Closed Lost,4/23/2026,8/3/2026,102,Yes,Yes,Competitor selected
O00574,A0690,P006,Healthcare,Europe,Enterprise,Direct,Expansion,191276,0.134,165645,Closed Lost,12/23/2025,4/7/2026,105,No,Yes,Competitor selected
O00575,A0966,P001,Manufacturing,North America,Enterprise,Direct,New Logo,188977,0.077,174425,Closed Lost,10/9/2024,12/26/2024,78,Yes,No,Weak product fit
O00576,A0747,P003,Financial Services,APAC,Mid-Market,Inside Sales,New Logo,123432,0.105,110471,Closed Lost,12/2/2025,3/25/2026,113,No,No,Limited budget
O00577,A0611,P006,Healthcare,APAC,Mid-Market,Direct,New Logo,134000,0.129,116714,Closed Lost,4/5/2026,8/5/2026,122,Yes,No,Limited budget
O00578,A0072,P002,Manufacturing,North America,Mid-Market,Inside Sales,New Logo,146530,0.052,138910,Closed Lost,12/10/2023,4/15/2024,127,Yes,No,No executive sponsor
O00579,A0939,P003,Technology,Europe,Mid-Market,Partner,New Logo,103959,0.195,83686,Closed Won,3/30/2025,6/24/2025,86,No,No,Superior analytics
O00580,A0024,P007,Manufacturing,Europe,Enterprise,Direct,Renewal,96495,0.004,96109,Closed Lost,10/15/2023,3/15/2024,152,Yes,No,Competitor selected
O00581,A0671,P003,Healthcare,Europe,Mid-Market,Direct,New Logo,101827,0.162,85331,Closed Lost,9/13/2024,11/11/2024,59,Yes,Yes,Price
O00582,A0034,P007,Financial Services,APAC,Enterprise,Direct,New Logo,121219,0.214,95278,Closed Lost,2/12/2025,6/5/2025,113,Yes,Yes,Weak product fit
O00583,A0803,P001,Manufacturing,Middle East,Enterprise,Direct,New Logo,187283,0.15,159190,Closed Lost,1/25/2025,6/2/2025,128,No,Yes,Timing
O00584,A0374,P006,Financial Services,Europe,Enterprise,Inside Sales,New Logo,211931,0.093,192221,Closed Won,10/20/2023,12/15/2023,56,Yes,No,Bundle value
O00585,A0974,P003,Technology,Europe,Mid-Market,Inside Sales,New Logo,134530,0.153,113946,Closed Won,7/30/2024,12/2/2024,125,No,No,Superior analytics
O00586,A0988,P007,Financial Services,North America,Mid-Market,Partner,Expansion,67510,0.134,58463,Closed Lost,10/20/2024,2/26/2025,129,Yes,Yes,Weak product fit
O00587,A0509,P004,Manufacturing,Middle East,Mid-Market,Direct,New Logo,106747,0.139,91909,Closed Lost,1/23/2024,4/11/2024,79,Yes,No,Competitor selected
O00588,A0308,P002,Manufacturing,North America,Strategic,Direct,Expansion,268480,0.112,238410,Closed Lost,1/10/2026,6/28/2026,169,Yes,Yes,Timing
O00589,A0540,P008,Healthcare,APAC,Mid-Market,Inside Sales,New Logo,103586,0.097,93538,Closed Lost,5/20/2025,8/1/2025,73,No,Yes,Competitor selected
O00590,A0305,P006,Healthcare,Europe,Strategic,Direct,New Logo,255601,0.126,223395,Closed Lost,2/26/2025,8/16/2025,171,No,Yes,Limited budget
O00591,A0328,P001,Manufacturing,Europe,Mid-Market,Partner,New Logo,143492,0.2,114793,Closed Won,3/7/2024,5/7/2024,61,Yes,No,Bundle value
O00592,A0931,P006,Manufacturing,Middle East,Mid-Market,Partner,New Logo,133819,0.045,127797,Closed Won,4/9/2025,6/21/2025,73,No,Yes,Bundle value
O00593,A0222,P007,Financial Services,Europe,Enterprise,Direct,New Logo,103205,0.103,92574,Open Pipeline,8/19/2026,12/10/2026,113,No,Yes,In progress
O00594,A0078,P005,Healthcare,APAC,Strategic,Partner,Expansion,145774,0.225,112974,Open Pipeline,8/12/2026,12/14/2026,124,Yes,Yes,In progress
O00595,A0624,P008,Financial Services,Europe,Enterprise,Direct,New Logo,130010,0.115,115058,Closed Lost,5/16/2024,9/23/2024,130,No,No,Timing
O00596,A0244,P004,Financial Services,Middle East,Enterprise,Direct,New Logo,143946,0.1,129551,Closed Won,6/20/2024,11/14/2024,147,Yes,Yes,Executive alignment
O00597,A0352,P006,Financial Services,Europe,Strategic,Inside Sales,Renewal,314751,0.061,295551,Closed Lost,6/10/2025,11/11/2025,154,Yes,No,Limited budget
O00598,A0343,P008,Technology,North America,Enterprise,Partner,New Logo,133294,0.137,115032,Closed Won,4/30/2025,8/18/2025,110,No,Yes,Superior analytics
O00599,A0163,P007,Healthcare,APAC,Mid-Market,Inside Sales,New Logo,63516,0.097,57354,Closed Lost,5/12/2024,7/24/2024,73,No,No,Limited budget
O00600,A0746,P008,Financial Services,Middle East,Strategic,Partner,New Logo,225387,0.088,205552,Closed Won,12/14/2024,5/15/2025,152,Yes,No,Existing relationship
O00601,A0881,P005,Manufacturing,North America,Mid-Market,Inside Sales,New Logo,74547,0.076,68881,Closed Lost,3/24/2026,5/25/2026,62,Yes,No,Weak product fit
O00602,A0888,P001,Manufacturing,APAC,Enterprise,Partner,New Logo,228387,0.117,201665,Closed Won,7/5/2024,9/28/2024,85,No,No,Superior analytics
O00603,A0596,P007,Financial Services,North America,Enterprise,Direct,New Logo,112311,0.053,106358,Closed Won,12/1/2023,2/20/2024,81,Yes,Yes,Strong product fit
O00604,A0416,P007,Manufacturing,Europe,Mid-Market,Direct,New Logo,70480,0.138,60753,Closed Lost,5/29/2024,9/2/2024,96,Yes,No,Competitor selected
O00605,A0946,P001,Financial Services,Middle East,Enterprise,Direct,New Logo,196546,0.084,180036,Closed Lost,3/12/2024,6/27/2024,107,No,Yes,Competitor selected
O00606,A0504,P006,Financial Services,North America,Mid-Market,Inside Sales,New Logo,122038,0.042,116912,Closed Lost,12/29/2025,1/30/2026,32,No,Yes,Weak product fit
O00607,A0541,P005,Technology,APAC,Enterprise,Direct,New Logo,141014,0.082,129450,Closed Lost,2/23/2026,6/23/2026,120,No,Yes,Limited budget
O00608,A0934,P008,Financial Services,Middle East,Enterprise,Direct,Renewal,124944,0.09,113699,Closed Lost,4/22/2026,8/18/2026,118,Yes,Yes,No executive sponsor
O00609,A0309,P008,Technology,North America,Strategic,Partner,New Logo,212853,0.164,177945,Closed Won,12/15/2024,5/10/2025,146,No,No,Superior analytics
O00610,A0417,P002,Manufacturing,North America,Enterprise,Direct,Renewal,248795,0.162,208490,Closed Won,5/19/2025,8/31/2025,104,Yes,No,Existing relationship
O00611,A0181,P004,Financial Services,Middle East,Enterprise,Direct,Expansion,136462,0.144,116811,Closed Lost,5/1/2024,7/26/2024,86,Yes,No,Competitor selected
O00612,A0969,P004,Technology,North America,Enterprise,Direct,Expansion,148302,0.144,126946,Closed Lost,9/25/2024,1/10/2025,107,No,No,Timing
O00613,A0811,P006,Technology,North America,Mid-Market,Direct,Expansion,127878,0.105,114450,Closed Lost,8/11/2024,9/21/2024,41,No,Yes,Timing
O00614,A0021,P008,Technology,APAC,Enterprise,Inside Sales,New Logo,174233,0.117,153847,Closed Won,12/8/2024,3/29/2025,111,Yes,Yes,Existing relationship
O00615,A0777,P008,Financial Services,Europe,Mid-Market,Direct,New Logo,82142,0.119,72367,Closed Lost,1/20/2025,5/18/2025,118,Yes,Yes,Limited budget
O00616,A0050,P003,Manufacturing,Europe,Mid-Market,Partner,New Logo,136465,0.12,120089,Closed Won,1/10/2025,4/11/2025,91,Yes,No,Bundle value
O00617,A0979,P005,Technology,North America,Enterprise,Partner,New Logo,115154,0.188,93505,Closed Lost,12/5/2023,3/26/2024,112,Yes,Yes,Competitor selected
O00618,A0833,P006,Healthcare,APAC,Strategic,Partner,New Logo,301539,0.187,245151,Closed Lost,2/15/2024,7/28/2024,164,No,No,No executive sponsor
O00619,A0998,P006,Technology,Europe,Strategic,Partner,Expansion,343997,0.227,265909,Closed Lost,10/2/2023,1/31/2024,121,No,No,Price
O00620,A0342,P008,Manufacturing,North America,Enterprise,Inside Sales,New Logo,132792,0.175,109553,Closed Lost,5/24/2025,8/1/2025,69,Yes,No,Limited budget
O00621,A0252,P001,Financial Services,Europe,Enterprise,Inside Sales,New Logo,210800,0.115,186558,Closed Lost,1/17/2026,6/3/2026,137,Yes,Yes,Limited budget
O00622,A0244,P006,Financial Services,Middle East,Enterprise,Direct,New Logo,200324,0.115,177286,Closed Lost,5/15/2024,10/29/2024,167,Yes,No,Weak product fit
O00623,A0829,P006,Healthcare,Europe,Mid-Market,Direct,New Logo,162096,0.079,149290,Closed Won,12/27/2025,2/17/2026,52,Yes,No,Bundle value
O00624,A0039,P002,Manufacturing,Europe,Enterprise,Partner,Expansion,260219,0.179,213639,Closed Lost,11/18/2023,4/2/2024,136,No,No,Weak product fit
O00625,A0538,P002,Healthcare,North America,Enterprise,Inside Sales,Expansion,223410,0.101,200845,Closed Lost,10/17/2024,4/2/2025,167,Yes,No,Weak product fit
O00626,A0485,P006,Healthcare,North America,Enterprise,Inside Sales,Renewal,182381,0.067,170161,Closed Lost,2/17/2024,4/27/2024,70,Yes,Yes,Competitor selected
O00627,A0410,P003,Manufacturing,APAC,Mid-Market,Direct,New Logo,104505,0.118,92173,Closed Lost,10/6/2025,11/18/2025,43,Yes,No,No executive sponsor
O00628,A0685,P005,Manufacturing,APAC,Mid-Market,Direct,New Logo,79349,0.137,68478,Closed Won,2/21/2026,5/23/2026,91,No,No,Bundle value
O00629,A0228,P001,Manufacturing,Europe,Strategic,Direct,Expansion,288922,0.035,278809,Closed Won,11/16/2025,2/15/2026,91,No,Yes,Existing relationship
O00630,A0623,P004,Financial Services,North America,Enterprise,Direct,New Logo,156940,0.115,138891,Closed Lost,12/10/2025,3/23/2026,103,Yes,No,Price
O00631,A0890,P006,Manufacturing,North America,Enterprise,Direct,New Logo,223797,0.097,202088,Closed Lost,5/22/2026,9/23/2026,124,Yes,Yes,Timing
O00632,A0949,P002,Technology,APAC,Mid-Market,Direct,New Logo,161981,0.131,140761,Closed Lost,6/16/2026,10/14/2026,120,Yes,No,Limited budget
O00633,A0340,P004,Technology,North America,Mid-Market,Direct,New Logo,89806,0.033,86842,Closed Won,12/23/2024,3/19/2025,86,Yes,No,Strong product fit
O00634,A0860,P007,Healthcare,Europe,Enterprise,Partner,New Logo,96640,0.206,76732,Closed Lost,3/27/2024,6/23/2024,88,Yes,No,Competitor selected
O00635,A0346,P006,Healthcare,North America,Mid-Market,Direct,New Logo,151587,0,151587,Closed Lost,10/7/2023,11/1/2023,25,Yes,No,Timing
O00636,A0582,P008,Financial Services,APAC,Strategic,Direct,New Logo,198880,0.083,182372,Closed Lost,11/19/2025,4/3/2026,135,Yes,Yes,Competitor selected
O00637,A0255,P004,Healthcare,APAC,Mid-Market,Direct,New Logo,108245,0.121,95147,Closed Lost,12/19/2023,4/15/2024,118,Yes,Yes,No executive sponsor
O00638,A0285,P002,Financial Services,APAC,Mid-Market,Partner,New Logo,163773,0.157,138060,Closed Lost,2/1/2026,5/30/2026,118,Yes,No,Competitor selected
O00639,A0103,P007,Financial Services,Middle East,Mid-Market,Partner,New Logo,60387,0.183,49336,Closed Lost,7/6/2024,10/4/2024,90,Yes,Yes,Competitor selected
O00640,A0040,P006,Financial Services,APAC,Mid-Market,Inside Sales,New Logo,119790,0.025,116795,Closed Won,10/10/2025,12/27/2025,78,Yes,No,Existing relationship
O00641,A0105,P003,Financial Services,North America,Strategic,Direct,Expansion,214138,0.105,191653,Open Pipeline,6/23/2026,11/23/2026,153,Yes,Yes,In progress
O00642,A0594,P003,Healthcare,Middle East,Strategic,Direct,New Logo,258614,0.103,231976,Open Pipeline,5/15/2026,9/17/2026,125,No,Yes,In progress
O00643,A0486,P007,Technology,APAC,Mid-Market,Inside Sales,New Logo,63575,0,63575,Closed Lost,6/11/2025,9/25/2025,106,Yes,Yes,No executive sponsor
O00644,A0569,P003,Financial Services,North America,Mid-Market,Direct,New Logo,107662,0.088,98187,Closed Won,1/15/2025,2/9/2025,25,Yes,Yes,Executive alignment
O00645,A0858,P002,Financial Services,APAC,Mid-Market,Partner,New Logo,172288,0.166,143688,Open Pipeline,8/15/2026,11/19/2026,96,No,No,In progress
O00646,A0588,P007,Manufacturing,Middle East,Mid-Market,Direct,Renewal,58678,0.117,51812,Closed Won,9/2/2023,11/16/2023,75,Yes,No,Executive alignment
O00647,A0835,P003,Healthcare,APAC,Enterprise,Partner,Expansion,196768,0.12,173155,Closed Lost,5/26/2025,10/4/2025,131,Yes,No,Competitor selected
O00648,A0065,P001,Technology,North America,Mid-Market,Direct,New Logo,148724,0.15,126415,Closed Won,11/13/2024,1/30/2025,78,No,No,Executive alignment
O00649,A0972,P006,Manufacturing,APAC,Mid-Market,Direct,New Logo,147963,0.076,136717,Closed Lost,2/11/2024,4/23/2024,72,Yes,Yes,Limited budget
O00650,A0002,P005,Technology,Middle East,Enterprise,Direct,New Logo,134972,0.009,133757,Closed Won,11/25/2023,4/10/2024,137,Yes,Yes,Executive alignment
O00651,A0269,P006,Healthcare,North America,Mid-Market,Inside Sales,New Logo,131701,0.136,113789,Closed Lost,10/26/2025,1/9/2026,75,No,No,Limited budget
O00652,A0744,P005,Financial Services,North America,Mid-Market,Inside Sales,New Logo,81097,0.177,66742,Closed Won,10/14/2023,1/12/2024,90,No,No,Strong product fit
O00653,A0253,P002,Technology,North America,Strategic,Direct,New Logo,312348,0.192,252377,Closed Lost,11/30/2024,2/25/2025,87,Yes,Yes,Timing
O00654,A0172,P007,Manufacturing,Middle East,Enterprise,Partner,Expansion,99695,0.256,74173,Closed Won,2/28/2026,5/11/2026,72,No,Yes,Executive alignment
O00655,A0084,P001,Technology,APAC,Enterprise,Direct,Renewal,176517,0.067,164690,Closed Lost,8/17/2026,11/5/2026,80,Yes,Yes,Price
O00656,A0063,P005,Healthcare,Europe,Strategic,Direct,New Logo,172672,0.169,143490,Closed Lost,2/7/2026,6/27/2026,140,No,No,Weak product fit
O00657,A0279,P005,Healthcare,APAC,Strategic,Partner,New Logo,197320,0.163,165156,Open Pipeline,7/13/2026,12/14/2026,154,No,Yes,In progress
O00658,A0772,P002,Manufacturing,Middle East,Enterprise,Inside Sales,Expansion,217641,0.091,197835,Closed Lost,2/15/2026,3/27/2026,40,No,No,Price
O00659,A0455,P002,Healthcare,North America,Mid-Market,Direct,New Logo,127629,0.102,114610,Closed Lost,4/2/2024,7/1/2024,90,Yes,No,Price
O00660,A0275,P005,Manufacturing,North America,Strategic,Direct,New Logo,156380,0.179,128387,Closed Lost,4/12/2025,11/16/2025,218,Yes,No,No executive sponsor
O00661,A0579,P007,Healthcare,North America,Enterprise,Direct,New Logo,88162,0.131,76612,Closed Won,7/21/2025,10/31/2025,102,Yes,Yes,Executive alignment
O00662,A0898,P001,Manufacturing,APAC,Strategic,Direct,New Logo,262384,0.05,249264,Closed Lost,5/18/2025,9/5/2025,110,No,No,Weak product fit
O00663,A0490,P008,Healthcare,Europe,Mid-Market,Inside Sales,New Logo,103294,0.113,91621,Closed Lost,12/14/2024,3/30/2025,106,Yes,Yes,Timing
O00664,A0952,P004,Financial Services,Middle East,Mid-Market,Direct,Expansion,115959,0.07,107841,Closed Lost,8/3/2025,11/7/2025,96,Yes,Yes,Weak product fit
O00665,A0465,P002,Technology,Europe,Enterprise,Inside Sales,New Logo,202652,0,202652,Closed Lost,2/4/2025,5/2/2025,87,No,No,Price
O00666,A0441,P001,Financial Services,Europe,Mid-Market,Direct,New Logo,133891,0.164,111932,Closed Lost,9/6/2025,10/27/2025,51,Yes,No,Competitor selected
O00667,A0026,P007,Technology,APAC,Mid-Market,Direct,New Logo,70316,0.091,63917,Closed Won,9/7/2024,12/22/2024,106,No,Yes,Existing relationship
O00668,A0679,P006,Financial Services,Europe,Mid-Market,Direct,New Logo,122346,0.119,107786,Closed Lost,8/27/2025,9/21/2025,25,No,No,Limited budget
O00669,A0408,P003,Healthcare,North America,Enterprise,Inside Sales,New Logo,152957,0.141,131390,Closed Won,8/30/2025,12/5/2025,97,No,Yes,Executive alignment
O00670,A0683,P002,Manufacturing,Middle East,Enterprise,Direct,New Logo,198369,0.038,190830,Closed Won,4/3/2024,7/2/2024,90,No,Yes,Existing relationship
O00671,A0992,P002,Manufacturing,North America,Enterprise,Direct,Expansion,236918,0.078,218438,Closed Lost,5/31/2024,11/17/2024,170,Yes,No,Competitor selected
O00672,A0682,P007,Manufacturing,North America,Mid-Market,Inside Sales,New Logo,65948,0.004,65684,Closed Lost,12/2/2023,2/24/2024,84,Yes,No,Price
O00673,A0271,P005,Technology,North America,Strategic,Inside Sales,New Logo,176524,0.133,153046,Open Pipeline,8/7/2026,2/4/2027,181,Yes,No,In progress
O00674,A0325,P007,Technology,APAC,Mid-Market,Direct,New Logo,76978,0.094,69742,Closed Won,1/10/2024,3/17/2024,67,Yes,Yes,Superior analytics
O00675,A0842,P005,Financial Services,North America,Mid-Market,Partner,Renewal,71469,0.162,59891,Closed Won,4/24/2024,7/2/2024,69,Yes,Yes,Executive alignment
O00676,A0707,P007,Technology,Middle East,Mid-Market,Inside Sales,New Logo,76253,0.095,69008,Closed Lost,12/20/2024,2/20/2025,62,Yes,Yes,Timing
O00677,A0801,P002,Financial Services,North America,Strategic,Direct,New Logo,365527,0,365527,Closed Lost,11/29/2024,3/14/2025,105,No,No,Timing
O00678,A0390,P004,Financial Services,North America,Mid-Market,Partner,New Logo,116829,0.126,102108,Closed Lost,3/21/2026,5/4/2026,44,No,Yes,Limited budget
O00679,A0780,P005,Manufacturing,Middle East,Mid-Market,Partner,Expansion,82422,0.217,64536,Closed Lost,1/29/2025,4/7/2025,68,No,No,Price
O00680,A0894,P002,Manufacturing,North America,Mid-Market,Direct,New Logo,161352,0.234,123595,Closed Lost,1/19/2024,3/10/2024,51,Yes,No,Competitor selected
O00681,A0325,P006,Technology,APAC,Mid-Market,Partner,New Logo,138904,0.051,131819,Closed Won,12/12/2023,3/9/2024,88,No,Yes,Executive alignment
O00682,A0705,P003,Financial Services,North America,Enterprise,Direct,New Logo,177194,0.072,164436,Closed Won,9/21/2023,1/8/2024,109,No,No,Executive alignment
O00683,A0222,P003,Financial Services,Europe,Enterprise,Direct,New Logo,172968,0.148,147368,Closed Lost,9/12/2024,12/24/2024,103,No,No,Timing
O00684,A0739,P008,Financial Services,North America,Strategic,Direct,Expansion,226248,0.082,207695,Closed Lost,9/23/2024,1/28/2025,127,Yes,No,Competitor selected
O00685,A0738,P008,Healthcare,Europe,Mid-Market,Direct,New Logo,110833,0.092,100636,Closed Lost,2/21/2025,5/7/2025,75,Yes,No,Competitor selected
O00686,A0403,P008,Healthcare,APAC,Enterprise,Inside Sales,New Logo,167313,0.098,150916,Closed Won,1/18/2026,5/27/2026,129,Yes,Yes,Executive alignment
O00687,A0371,P007,Manufacturing,Europe,Strategic,Partner,New Logo,133730,0.184,109123,Closed Lost,1/11/2025,8/20/2025,221,No,Yes,Timing
O00688,A0819,P002,Manufacturing,North America,Enterprise,Direct,New Logo,206414,0.061,193822,Closed Lost,11/8/2023,4/5/2024,149,Yes,No,Competitor selected
O00689,A0558,P006,Technology,North America,Enterprise,Direct,Expansion,241291,0.162,202201,Closed Lost,6/20/2024,10/26/2024,128,No,Yes,No executive sponsor
O00690,A0072,P007,Manufacturing,North America,Mid-Market,Partner,New Logo,58066,0.165,48485,Closed Lost,7/13/2024,8/15/2024,33,No,No,Price
O00691,A0701,P001,Financial Services,North America,Mid-Market,Direct,New Logo,130815,0.082,120088,Closed Lost,9/26/2023,2/13/2024,140,Yes,Yes,Timing
O00692,A0213,P001,Financial Services,Europe,Mid-Market,Direct,New Logo,121310,0.117,107116,Closed Lost,9/15/2023,12/5/2023,81,Yes,No,No executive sponsor
O00693,A0927,P004,Healthcare,Europe,Strategic,Partner,New Logo,219656,0.067,204939,Closed Lost,2/26/2025,6/30/2025,124,No,No,Weak product fit
O00694,A0145,P001,Manufacturing,APAC,Mid-Market,Direct,Expansion,125898,0.053,119225,Closed Lost,4/5/2024,7/26/2024,112,Yes,No,Competitor selected
O00695,A0010,P004,Technology,North America,Enterprise,Direct,Expansion,154460,0.08,142103,Closed Lost,10/15/2024,2/21/2025,129,Yes,Yes,Price
O00696,A0703,P005,Healthcare,APAC,Strategic,Direct,New Logo,178127,0.066,166370,Closed Lost,4/5/2025,9/8/2025,156,Yes,Yes,Limited budget
O00697,A0851,P003,Technology,Middle East,Mid-Market,Direct,New Logo,98909,0.111,87930,Open Pipeline,7/11/2026,10/14/2026,95,No,No,In progress
O00698,A0723,P007,Manufacturing,APAC,Enterprise,Direct,Renewal,112646,0.025,109829,Closed Lost,3/9/2024,6/25/2024,108,Yes,No,Timing
O00699,A0677,P001,Manufacturing,APAC,Mid-Market,Inside Sales,New Logo,117464,0.079,108184,Closed Lost,6/14/2025,7/26/2025,42,No,No,No executive sponsor
O00700,A0314,P008,Technology,North America,Mid-Market,Inside Sales,New Logo,105845,0.121,93037,Closed Lost,11/25/2025,2/25/2026,92,Yes,No,Competitor selected
O00701,A0328,P007,Manufacturing,Europe,Mid-Market,Direct,New Logo,58444,0.128,50963,Closed Won,8/25/2024,9/28/2024,34,Yes,No,Strong product fit
O00702,A0021,P005,Technology,APAC,Enterprise,Partner,New Logo,120559,0.102,108261,Closed Lost,8/23/2025,12/27/2025,126,No,Yes,Competitor selected
O00703,A0847,P003,Technology,Middle East,Mid-Market,Direct,Expansion,129228,0.043,123671,Closed Lost,8/18/2024,9/17/2024,30,No,Yes,Price
O00704,A0334,P006,Technology,Middle East,Enterprise,Direct,New Logo,229178,0.129,199614,Closed Lost,11/30/2025,2/22/2026,84,No,No,Timing
O00705,A0019,P005,Financial Services,Middle East,Enterprise,Direct,New Logo,129372,0.137,111648,Closed Lost,6/28/2025,8/3/2025,36,Yes,Yes,Competitor selected
O00706,A0992,P008,Manufacturing,North America,Enterprise,Direct,Renewal,132497,0.087,120969,Closed Lost,11/7/2023,3/5/2024,119,Yes,Yes,Weak product fit
O00707,A0610,P007,Manufacturing,North America,Strategic,Direct,New Logo,127603,0.113,113183,Closed Lost,12/22/2023,6/24/2024,185,Yes,No,Weak product fit
O00708,A0739,P004,Financial Services,North America,Strategic,Direct,Renewal,241243,0.006,239795,Closed Lost,9/3/2023,1/4/2024,123,No,No,No executive sponsor
O00709,A0491,P003,Technology,Europe,Strategic,Direct,Expansion,214588,0.177,176605,Open Pipeline,4/1/2026,10/19/2026,201,No,No,In progress
O00710,A0694,P008,Healthcare,North America,Enterprise,Direct,New Logo,172070,0.017,169144,Open Pipeline,7/18/2026,10/13/2026,87,No,Yes,In progress
O00711,A0108,P005,Healthcare,North America,Enterprise,Partner,New Logo,138791,0.149,118111,Closed Lost,12/12/2024,5/9/2025,148,No,No,Limited budget
O00712,A0602,P005,Financial Services,APAC,Mid-Market,Partner,Expansion,72258,0.118,63731,Closed Lost,4/19/2025,7/13/2025,85,No,Yes,Price
O00713,A0463,P007,Technology,APAC,Enterprise,Partner,New Logo,95550,0.133,82841,Closed Lost,8/2/2024,11/24/2024,114,No,No,Price
O00714,A0706,P007,Healthcare,Middle East,Mid-Market,Direct,Expansion,77928,0.078,71849,Closed Lost,10/22/2023,2/23/2024,124,Yes,No,No executive sponsor
O00715,A0653,P001,Healthcare,North America,Mid-Market,Direct,New Logo,120957,0.038,116360,Closed Lost,3/23/2026,6/28/2026,97,Yes,Yes,Competitor selected
O00716,A0427,P002,Technology,APAC,Enterprise,Inside Sales,New Logo,231581,0.086,211665,Closed Lost,10/2/2025,12/30/2025,89,No,Yes,No executive sponsor
O00717,A0687,P002,Financial Services,Europe,Mid-Market,Inside Sales,Expansion,169190,0.091,153793,Closed Lost,3/31/2026,5/20/2026,50,Yes,Yes,Limited budget
O00718,A0521,P004,Manufacturing,Europe,Mid-Market,Direct,New Logo,86760,0.096,78431,Closed Lost,10/22/2025,12/26/2025,65,No,Yes,Competitor selected
O00719,A0134,P006,Healthcare,North America,Mid-Market,Partner,Expansion,148673,0.125,130088,Closed Lost,11/16/2023,2/1/2024,77,Yes,Yes,Competitor selected
O00720,A0712,P006,Manufacturing,APAC,Strategic,Direct,New Logo,347783,0.163,291094,Closed Won,4/19/2024,9/8/2024,142,Yes,Yes,Superior analytics
O00721,A0812,P006,Healthcare,Europe,Mid-Market,Direct,New Logo,163256,0.07,151828,Closed Won,10/27/2023,12/5/2023,39,No,Yes,Executive alignment
O00722,A0482,P005,Healthcare,Middle East,Enterprise,Direct,New Logo,112376,0.237,85742,Closed Lost,1/17/2024,6/7/2024,142,Yes,Yes,Price
O00723,A0565,P004,Technology,APAC,Strategic,Partner,New Logo,216731,0.152,183787,Closed Won,2/26/2024,8/10/2024,166,Yes,No,Strong product fit
O00724,A0173,P003,Healthcare,APAC,Mid-Market,Direct,New Logo,126269,0.051,119829,Closed Lost,12/17/2024,2/11/2025,56,Yes,Yes,Competitor selected
O00725,A0332,P006,Manufacturing,APAC,Enterprise,Direct,New Logo,215748,0.152,182954,Closed Lost,7/1/2025,1/7/2026,190,No,No,Timing
O00726,A0238,P003,Financial Services,Middle East,Strategic,Direct,Expansion,233144,0.188,189312,Closed Lost,5/15/2026,7/29/2026,75,No,Yes,No executive sponsor
O00727,A0760,P004,Financial Services,North America,Enterprise,Inside Sales,Renewal,185072,0.048,176188,Closed Won,11/16/2025,1/26/2026,71,Yes,No,Strong product fit
O00728,A0154,P001,Technology,Europe,Mid-Market,Direct,New Logo,108737,0.142,93296,Closed Won,2/14/2026,4/15/2026,60,No,No,Executive alignment
O00729,A0980,P006,Manufacturing,Europe,Enterprise,Direct,New Logo,201811,0.125,176584,Closed Lost,3/27/2024,7/24/2024,119,Yes,Yes,Timing
O00730,A0935,P002,Technology,Middle East,Enterprise,Partner,New Logo,257704,0.178,211832,Closed Lost,10/11/2025,2/7/2026,119,No,No,No executive sponsor
O00731,A0611,P003,Healthcare,APAC,Mid-Market,Direct,New Logo,117594,0.043,112537,Closed Won,10/1/2025,12/28/2025,88,Yes,No,Executive alignment
O00732,A0920,P003,Healthcare,Middle East,Mid-Market,Direct,New Logo,116529,0.105,104293,Closed Lost,6/12/2024,7/18/2024,36,Yes,Yes,Limited budget
O00733,A0753,P008,Manufacturing,APAC,Mid-Market,Direct,New Logo,102162,0.036,98484,Closed Won,7/26/2024,12/7/2024,134,No,No,Executive alignment
O00734,A0172,P007,Manufacturing,Middle East,Enterprise,Partner,New Logo,108023,0.138,93115,Closed Lost,12/6/2023,4/17/2024,133,Yes,No,Price
O00735,A0865,P007,Healthcare,Middle East,Enterprise,Inside Sales,Expansion,112159,0,112159,Closed Lost,9/28/2023,12/14/2023,77,Yes,No,Competitor selected
O00736,A0473,P004,Healthcare,Middle East,Enterprise,Direct,Expansion,162506,0.086,148530,Closed Lost,3/4/2026,5/14/2026,71,Yes,Yes,Weak product fit
O00737,A0280,P007,Financial Services,APAC,Mid-Market,Inside Sales,New Logo,77586,0.087,70836,Closed Lost,6/1/2025,7/18/2025,47,Yes,No,Timing
O00738,A0559,P005,Financial Services,North America,Mid-Market,Direct,Expansion,89532,0.121,78698,Closed Lost,7/2/2024,9/11/2024,71,No,Yes,Limited budget
O00739,A0264,P002,Manufacturing,North America,Mid-Market,Inside Sales,New Logo,146777,0.088,133860,Closed Lost,2/1/2026,5/19/2026,107,Yes,No,Weak product fit
O00740,A0011,P004,Technology,North America,Enterprise,Direct,New Logo,180791,0,180791,Closed Won,1/19/2024,4/14/2024,86,No,No,Bundle value
O00741,A0537,P004,Financial Services,Europe,Enterprise,Inside Sales,New Logo,146166,0.022,142950,Closed Won,4/28/2024,9/27/2024,152,Yes,No,Superior analytics
O00742,A0811,P001,Technology,North America,Mid-Market,Direct,Expansion,131626,0.1,118463,Closed Lost,2/9/2024,4/17/2024,68,Yes,Yes,Limited budget
O00743,A0002,P007,Technology,Middle East,Enterprise,Direct,Expansion,110510,0.093,100232,Closed Won,5/11/2026,9/12/2026,124,No,Yes,Executive alignment
O00744,A0292,P004,Technology,North America,Mid-Market,Direct,Expansion,99749,0.139,85883,Closed Lost,11/22/2024,1/7/2025,46,No,No,Price
O00745,A0686,P001,Healthcare,APAC,Enterprise,Inside Sales,New Logo,211254,0.076,195198,Closed Lost,6/20/2025,10/25/2025,127,Yes,Yes,Competitor selected
O00746,A0029,P003,Financial Services,Europe,Mid-Market,Partner,New Logo,129003,0.18,105782,Closed Lost,9/13/2023,11/20/2023,68,No,No,Price
O00747,A0084,P001,Technology,APAC,Enterprise,Direct,Expansion,206271,0.039,198226,Closed Lost,8/6/2024,10/14/2024,69,Yes,Yes,No executive sponsor
O00748,A0881,P006,Manufacturing,North America,Mid-Market,Direct,New Logo,130798,0.071,121511,Closed Won,12/3/2024,3/14/2025,101,No,Yes,Bundle value
O00749,A0782,P005,Healthcare,Middle East,Enterprise,Direct,New Logo,130867,0.117,115555,Closed Lost,7/24/2024,11/27/2024,126,Yes,Yes,No executive sponsor
O00750,A0872,P006,Financial Services,APAC,Enterprise,Direct,Renewal,251488,0.014,247967,Closed Lost,2/26/2024,9/7/2024,194,No,No,Limited budget
O00751,A0760,P008,Financial Services,North America,Enterprise,Inside Sales,Renewal,124174,0.063,116351,Closed Lost,10/4/2025,12/9/2025,66,Yes,Yes,Limited budget
O00752,A0309,P001,Technology,North America,Strategic,Direct,New Logo,285087,0.101,256293,Closed Lost,9/1/2025,12/18/2025,108,Yes,Yes,Competitor selected
O00753,A0516,P007,Healthcare,North America,Enterprise,Direct,New Logo,107496,0.125,94059,Closed Won,8/4/2024,11/25/2024,113,No,Yes,Existing relationship
O00754,A0784,P004,Financial Services,Europe,Strategic,Direct,New Logo,193748,0.153,164104,Closed Lost,5/30/2025,11/15/2025,169,No,Yes,Competitor selected
O00755,A0820,P002,Technology,North America,Mid-Market,Inside Sales,New Logo,162348,0.155,137184,Open Pipeline,8/18/2026,11/5/2026,79,No,No,In progress
O00756,A0366,P007,Technology,North America,Mid-Market,Partner,Expansion,72688,0.16,61057,Closed Lost,4/17/2024,6/15/2024,59,No,No,Price
O00757,A0899,P001,Technology,North America,Mid-Market,Direct,New Logo,149780,0.189,121471,Closed Won,7/4/2024,10/27/2024,115,Yes,No,Existing relationship
O00758,A0304,P003,Manufacturing,APAC,Enterprise,Inside Sales,New Logo,189500,0,189500,Closed Won,7/13/2026,12/21/2026,161,No,No,Superior analytics
O00759,A0996,P005,Manufacturing,North America,Mid-Market,Direct,Expansion,91279,0.126,79777,Closed Lost,3/15/2025,5/5/2025,51,Yes,No,Limited budget
O00760,A0814,P003,Manufacturing,North America,Mid-Market,Direct,New Logo,109147,0.13,94957,Closed Lost,2/1/2024,4/20/2024,79,No,No,Limited budget
O00761,A0457,P007,Technology,Middle East,Mid-Market,Direct,New Logo,67479,0.102,60596,Closed Won,6/16/2026,7/24/2026,38,Yes,Yes,Superior analytics
O00762,A0777,P005,Financial Services,Europe,Mid-Market,Inside Sales,New Logo,90664,0.085,82957,Closed Lost,1/8/2024,3/28/2024,80,No,No,Price
O00763,A0708,P006,Technology,North America,Enterprise,Partner,New Logo,230481,0.21,182079,Closed Won,1/26/2026,6/3/2026,128,Yes,Yes,Bundle value
O00764,A0028,P002,Manufacturing,Middle East,Mid-Market,Direct,New Logo,137421,0.029,133435,Closed Lost,6/28/2024,10/16/2024,110,No,No,Price
O00765,A0369,P007,Financial Services,APAC,Mid-Market,Inside Sales,New Logo,78447,0.1,70602,Closed Lost,11/20/2025,2/18/2026,90,Yes,No,Competitor selected
O00766,A0531,P001,Technology,North America,Enterprise,Direct,New Logo,228095,0.105,204145,Closed Lost,5/28/2025,10/3/2025,128,Yes,Yes,No executive sponsor
O00767,A0181,P008,Financial Services,Middle East,Enterprise,Direct,New Logo,168438,0.094,152604,Closed Won,1/5/2024,3/18/2024,73,Yes,Yes,Executive alignment
O00768,A0134,P002,Healthcare,North America,Mid-Market,Direct,Expansion,152711,0.108,136218,Closed Lost,10/22/2024,1/5/2025,75,No,No,Competitor selected
O00769,A0714,P005,Technology,APAC,Strategic,Direct,New Logo,159082,0.068,148264,Closed Lost,7/30/2025,12/1/2025,124,No,Yes,Timing
O00770,A0644,P003,Financial Services,APAC,Mid-Market,Inside Sales,New Logo,115670,0.171,95890,Closed Lost,7/13/2025,11/15/2025,125,Yes,No,Weak product fit
O00771,A0280,P007,Financial Services,APAC,Mid-Market,Direct,New Logo,68921,0.079,63476,Open Pipeline,8/1/2026,10/21/2026,81,Yes,No,In progress
O00772,A0046,P004,Healthcare,Europe,Strategic,Direct,New Logo,253740,0.026,247142,Closed Lost,1/29/2024,5/30/2024,122,Yes,No,Timing
O00773,A0764,P003,Financial Services,Europe,Enterprise,Direct,New Logo,200595,0.161,168299,Closed Lost,9/23/2023,1/24/2024,123,No,No,Timing
O00774,A0438,P006,Manufacturing,Europe,Enterprise,Partner,New Logo,190032,0.171,157536,Closed Lost,9/4/2024,11/21/2024,78,Yes,No,Timing
O00775,A0852,P005,Manufacturing,North America,Strategic,Direct,New Logo,187829,0.086,171675,Closed Won,2/1/2026,9/12/2026,223,Yes,No,Existing relationship
O00776,A0492,P004,Manufacturing,Europe,Enterprise,Inside Sales,New Logo,179107,0.06,168360,Closed Won,7/20/2025,11/26/2025,129,Yes,No,Existing relationship
O00777,A0339,P004,Technology,North America,Enterprise,Direct,New Logo,158447,0.095,143394,Closed Won,7/15/2025,9/21/2025,68,No,No,Bundle value
O00778,A0353,P008,Technology,North America,Strategic,Direct,Expansion,195589,0.138,168597,Closed Lost,10/5/2023,2/25/2024,143,Yes,No,No executive sponsor
O00779,A0809,P004,Manufacturing,North America,Mid-Market,Partner,New Logo,103208,0.071,95880,Closed Won,2/26/2026,7/22/2026,146,No,No,Bundle value
O00780,A0432,P005,Technology,Europe,Enterprise,Direct,Expansion,115253,0.069,107300,Closed Lost,11/15/2025,4/1/2026,137,No,Yes,Weak product fit
O00781,A0688,P005,Healthcare,North America,Mid-Market,Direct,New Logo,91452,0.11,81392,Closed Lost,1/19/2026,3/18/2026,58,Yes,No,Weak product fit
O00782,A0477,P008,Manufacturing,North America,Mid-Market,Inside Sales,New Logo,100664,0.086,92006,Closed Lost,10/18/2023,3/4/2024,138,No,No,Competitor selected
O00783,A0982,P003,Technology,APAC,Mid-Market,Direct,New Logo,100566,0.167,83771,Closed Won,12/30/2025,3/14/2026,74,Yes,No,Strong product fit
O00784,A0590,P001,Financial Services,Europe,Enterprise,Direct,New Logo,202274,0.23,155750,Closed Lost,4/16/2024,8/12/2024,118,Yes,Yes,Competitor selected
O00785,A0913,P002,Technology,North America,Enterprise,Direct,New Logo,215022,0.108,191799,Closed Lost,11/6/2023,2/23/2024,109,No,Yes,Timing
O00786,A0652,P008,Financial Services,Middle East,Mid-Market,Direct,New Logo,100439,0.184,81958,Open Pipeline,5/21/2026,9/3/2026,105,No,Yes,In progress
O00787,A0596,P005,Financial Services,North America,Enterprise,Direct,Expansion,102036,0.099,91934,Closed Won,8/12/2025,12/31/2025,141,Yes,No,Superior analytics
O00788,A0138,P002,Financial Services,Europe,Mid-Market,Inside Sales,Renewal,139676,0.12,122914,Closed Won,2/12/2026,5/30/2026,107,Yes,Yes,Strong product fit
O00789,A0707,P006,Technology,Middle East,Mid-Market,Direct,New Logo,137673,0.036,132716,Closed Lost,5/14/2024,7/29/2024,76,No,No,Timing
O00790,A0794,P002,Financial Services,North America,Enterprise,Direct,New Logo,216543,0.092,196621,Closed Lost,11/4/2025,2/19/2026,107,No,Yes,Competitor selected
O00791,A0153,P001,Financial Services,Europe,Mid-Market,Direct,New Logo,145983,0.133,126567,Closed Lost,10/11/2024,2/20/2025,132,Yes,Yes,Weak product fit
O00792,A0145,P005,Manufacturing,APAC,Mid-Market,Partner,New Logo,67917,0.235,51956,Closed Lost,12/14/2023,3/21/2024,98,Yes,No,Competitor selected
O00793,A0010,P003,Technology,North America,Enterprise,Direct,New Logo,187387,0.11,166774,Closed Won,10/3/2024,2/27/2025,147,Yes,No,Bundle value
O00794,A0923,P001,Manufacturing,APAC,Strategic,Direct,New Logo,235276,0.038,226335,Closed Lost,8/29/2025,1/17/2026,141,Yes,No,Competitor selected
O00795,A0091,P003,Manufacturing,APAC,Enterprise,Direct,Expansion,156893,0.085,143557,Closed Lost,12/16/2024,5/1/2025,136,No,Yes,No executive sponsor
O00796,A0987,P004,Manufacturing,North America,Enterprise,Direct,New Logo,170688,0.035,164713,Closed Lost,2/6/2025,6/15/2025,129,Yes,Yes,Weak product fit
O00797,A0426,P002,Financial Services,Middle East,Enterprise,Direct,Renewal,204745,0.112,181813,Closed Lost,9/3/2024,12/2/2024,90,No,No,No executive sponsor
O00798,A0209,P002,Manufacturing,North America,Strategic,Inside Sales,Expansion,285694,0.09,259981,Closed Lost,11/20/2024,5/13/2025,174,Yes,No,No executive sponsor
O00799,A0541,P002,Technology,APAC,Enterprise,Direct,New Logo,201328,0.072,186832,Closed Lost,10/5/2025,1/16/2026,103,No,No,Price
O00800,A0687,P004,Financial Services,Europe,Mid-Market,Partner,Expansion,89617,0.276,64882,Closed Won,9/16/2024,11/1/2024,46,No,Yes,Superior analytics
O00801,A0501,P001,Manufacturing,APAC,Mid-Market,Partner,New Logo,107600,0.147,91782,Closed Lost,4/26/2025,8/30/2025,126,No,No,Price
O00802,A0634,P002,Healthcare,APAC,Strategic,Direct,Renewal,271076,0.055,256166,Open Pipeline,6/21/2026,11/27/2026,159,Yes,Yes,In progress
O00803,A0782,P004,Healthcare,Middle East,Enterprise,Direct,New Logo,160136,0.099,144282,Closed Lost,2/27/2025,7/14/2025,137,Yes,Yes,Competitor selected
O00804,A0060,P008,Technology,North America,Enterprise,Direct,New Logo,135467,0.174,111895,Closed Won,3/6/2026,6/2/2026,88,No,No,Superior analytics
O00805,A0027,P004,Financial Services,Europe,Mid-Market,Direct,New Logo,112718,0.095,102009,Closed Lost,6/3/2026,9/25/2026,114,No,Yes,Limited budget
O00806,A1000,P001,Healthcare,North America,Enterprise,Direct,Renewal,169351,0.045,161730,Closed Won,9/7/2024,1/2/2025,117,Yes,Yes,Bundle value
O00807,A0623,P005,Financial Services,North America,Enterprise,Inside Sales,New Logo,136792,0.029,132825,Closed Won,11/21/2025,5/6/2026,166,Yes,No,Superior analytics
O00808,A0061,P001,Technology,Middle East,Mid-Market,Direct,New Logo,128950,0.157,108704,Open Pipeline,5/25/2026,9/17/2026,115,No,Yes,In progress
O00809,A0431,P004,Healthcare,APAC,Enterprise,Inside Sales,Renewal,155374,0.118,137039,Closed Lost,1/12/2025,5/17/2025,125,No,No,No executive sponsor
O00810,A0555,P004,Healthcare,APAC,Strategic,Partner,Renewal,222396,0.205,176804,Closed Lost,8/4/2024,1/2/2025,151,Yes,No,Weak product fit
O00811,A0859,P003,Technology,Europe,Strategic,Direct,New Logo,285761,0.096,258327,Closed Lost,9/23/2025,1/25/2026,124,Yes,No,Limited budget
O00812,A0801,P001,Financial Services,North America,Strategic,Direct,New Logo,280781,0.081,258037,Closed Lost,11/1/2024,5/1/2025,181,No,No,Limited budget
O00813,A0900,P004,Technology,APAC,Enterprise,Direct,New Logo,157170,0.092,142710,Closed Lost,6/12/2024,11/9/2024,150,Yes,Yes,Competitor selected
O00814,A0530,P007,Manufacturing,Europe,Enterprise,Direct,Expansion,90382,0.096,81705,Open Pipeline,4/28/2026,9/12/2026,137,Yes,Yes,In progress
O00815,A0354,P003,Manufacturing,Middle East,Mid-Market,Direct,Expansion,98371,0.112,87353,Closed Lost,2/10/2026,4/22/2026,71,Yes,No,Price
O00816,A0379,P008,Financial Services,Europe,Enterprise,Partner,Expansion,169430,0.139,145879,Closed Won,8/19/2024,10/27/2024,69,Yes,No,Existing relationship
O00817,A0396,P001,Healthcare,Europe,Enterprise,Direct,New Logo,166746,0.096,150738,Closed Lost,9/29/2024,1/30/2025,123,Yes,Yes,Limited budget
O00818,A0995,P006,Technology,Middle East,Mid-Market,Inside Sales,New Logo,152002,0.125,133001,Closed Lost,1/29/2025,5/2/2025,93,No,No,Timing
O00819,A0512,P008,Manufacturing,APAC,Mid-Market,Direct,New Logo,101224,0.104,90696,Closed Lost,2/19/2024,7/2/2024,134,Yes,No,Competitor selected
O00820,A0691,P007,Financial Services,North America,Enterprise,Direct,New Logo,108790,0.116,96170,Closed Won,1/4/2026,5/20/2026,136,Yes,No,Strong product fit
O00821,A0980,P004,Manufacturing,Europe,Enterprise,Inside Sales,Expansion,170954,0.127,149242,Closed Won,7/25/2026,10/19/2026,86,No,No,Strong product fit
O00822,A0400,P004,Technology,North America,Enterprise,Direct,New Logo,167694,0.175,138347,Open Pipeline,8/19/2026,11/6/2026,79,Yes,No,In progress
O00823,A0031,P002,Financial Services,North America,Enterprise,Direct,New Logo,207780,0.011,205494,Closed Lost,11/29/2025,2/25/2026,88,No,No,Price
O00824,A0247,P005,Financial Services,North America,Enterprise,Direct,Expansion,120683,0.064,112959,Open Pipeline,8/4/2026,10/31/2026,88,Yes,Yes,In progress
O00825,A0830,P008,Financial Services,Europe,Enterprise,Inside Sales,New Logo,154237,0.016,151769,Closed Lost,6/27/2025,10/10/2025,105,Yes,Yes,Limited budget
O00826,A0590,P006,Financial Services,Europe,Enterprise,Partner,New Logo,230471,0.176,189908,Closed Lost,4/12/2025,8/13/2025,123,Yes,Yes,Timing
O00827,A0513,P001,Financial Services,North America,Mid-Market,Partner,Renewal,148150,0.245,111853,Closed Lost,9/13/2023,1/30/2024,139,No,No,Competitor selected
O00828,A0314,P008,Technology,North America,Mid-Market,Direct,New Logo,93862,0.069,87385,Closed Won,3/24/2025,6/3/2025,71,Yes,Yes,Existing relationship
O00829,A0932,P008,Healthcare,North America,Enterprise,Direct,New Logo,124581,0.04,119597,Closed Won,2/22/2024,5/29/2024,97,No,No,Bundle value
O00830,A0291,P006,Financial Services,Europe,Enterprise,Partner,New Logo,252651,0.171,209447,Closed Lost,2/23/2026,6/8/2026,105,No,No,Price
O00831,A0716,P005,Financial Services,APAC,Strategic,Inside Sales,New Logo,160497,0.005,159694,Closed Lost,8/9/2024,11/22/2024,105,Yes,No,Weak product fit
O00832,A0207,P004,Technology,North America,Mid-Market,Direct,New Logo,100676,0.164,84165,Closed Won,5/5/2026,8/11/2026,98,Yes,No,Strong product fit
O00833,A0050,P003,Manufacturing,Europe,Mid-Market,Partner,New Logo,131644,0.128,114793,Closed Lost,12/16/2025,3/27/2026,101,Yes,No,No executive sponsor
O00834,A0067,P008,Financial Services,APAC,Mid-Market,Direct,New Logo,80392,0.056,75890,Closed Lost,11/4/2023,1/6/2024,63,No,Yes,Price
O00835,A0078,P005,Healthcare,APAC,Strategic,Partner,Renewal,197962,0.209,156587,Closed Lost,11/18/2025,4/15/2026,148,No,Yes,Limited budget
O00836,A0372,P005,Manufacturing,APAC,Enterprise,Inside Sales,New Logo,132980,0.038,127926,Closed Lost,8/7/2024,11/27/2024,112,Yes,No,Competitor selected
O00837,A0994,P003,Financial Services,Europe,Mid-Market,Direct,New Logo,137439,0.111,122183,Closed Lost,12/25/2024,1/26/2025,32,Yes,Yes,Weak product fit
O00838,A0909,P002,Healthcare,North America,Mid-Market,Inside Sales,New Logo,162357,0.106,145147,Closed Lost,6/16/2024,8/25/2024,70,No,Yes,Timing
O00839,A0416,P008,Manufacturing,Europe,Mid-Market,Direct,New Logo,92251,0.061,86623,Closed Lost,12/21/2023,2/5/2024,46,No,Yes,Weak product fit
O00840,A0663,P006,Healthcare,North America,Mid-Market,Partner,New Logo,121204,0.177,99750,Closed Lost,3/17/2026,6/28/2026,103,No,No,No executive sponsor
O00841,A0484,P001,Financial Services,APAC,Enterprise,Direct,Renewal,201146,0.14,172985,Closed Lost,10/2/2023,12/4/2023,63,Yes,No,No executive sponsor
O00842,A0783,P007,Manufacturing,Europe,Enterprise,Inside Sales,New Logo,121823,0.13,105986,Closed Lost,11/22/2024,4/4/2025,133,No,Yes,Weak product fit
O00843,A0159,P007,Manufacturing,Europe,Strategic,Inside Sales,Renewal,129903,0.019,127434,Open Pipeline,5/23/2026,10/13/2026,143,Yes,Yes,In progress
O00844,A0294,P005,Manufacturing,North America,Mid-Market,Direct,New Logo,67870,0.143,58164,Closed Won,7/16/2025,9/8/2025,54,No,Yes,Bundle value
O00845,A0278,P008,Technology,APAC,Mid-Market,Inside Sales,New Logo,105617,0.078,97378,Closed Lost,4/22/2026,7/8/2026,77,No,Yes,Timing
O00846,A0407,P004,Healthcare,North America,Enterprise,Direct,New Logo,142528,0.204,113452,Closed Won,12/17/2023,4/22/2024,127,No,No,Executive alignment
O00847,A0627,P001,Financial Services,North America,Mid-Market,Partner,New Logo,123906,0.067,115604,Closed Won,3/22/2026,6/11/2026,81,Yes,Yes,Strong product fit
O00848,A0279,P008,Healthcare,APAC,Strategic,Direct,New Logo,225993,0.062,211981,Closed Won,11/15/2025,4/13/2026,149,No,No,Existing relationship
O00849,A0861,P004,Healthcare,Europe,Mid-Market,Direct,New Logo,91106,0.026,88737,Closed Won,11/15/2025,1/25/2026,71,Yes,Yes,Strong product fit
O00850,A0546,P006,Technology,North America,Enterprise,Direct,Expansion,240403,0.212,189437,Closed Won,11/16/2025,4/19/2026,154,No,Yes,Existing relationship
O00851,A0769,P004,Technology,North America,Enterprise,Partner,Renewal,173304,0.18,142109,Closed Lost,3/15/2024,8/30/2024,168,No,Yes,Weak product fit
O00852,A0320,P003,Technology,APAC,Enterprise,Direct,Expansion,168128,0.216,131812,Closed Won,10/18/2024,2/9/2025,114,Yes,No,Executive alignment
O00853,A0648,P004,Manufacturing,APAC,Strategic,Partner,New Logo,221937,0.209,175552,Open Pipeline,8/16/2026,1/7/2027,144,Yes,No,In progress
O00854,A0225,P008,Healthcare,APAC,Mid-Market,Partner,Expansion,102734,0.111,91330,Closed Lost,3/13/2024,4/16/2024,34,Yes,Yes,Weak product fit
O00855,A0017,P007,Technology,APAC,Strategic,Direct,Expansion,155596,0.167,129611,Closed Lost,4/16/2025,8/11/2025,117,Yes,Yes,Timing
O00856,A0475,P003,Financial Services,North America,Enterprise,Partner,Expansion,179555,0.203,143105,Closed Lost,1/27/2026,5/15/2026,108,No,No,Weak product fit
O00857,A0543,P006,Healthcare,APAC,Enterprise,Direct,New Logo,221184,0.237,168763,Closed Lost,10/11/2024,1/27/2025,108,Yes,Yes,Limited budget
O00858,A0936,P004,Healthcare,Middle East,Mid-Market,Direct,New Logo,113187,0.133,98133,Closed Won,10/25/2024,2/7/2025,105,No,Yes,Existing relationship
O00859,A0799,P002,Financial Services,Europe,Mid-Market,Direct,Renewal,162839,0.116,143949,Closed Lost,10/20/2023,1/11/2024,83,Yes,No,Limited budget
O00860,A0662,P008,Healthcare,North America,Enterprise,Direct,New Logo,153374,0.107,136962,Closed Lost,11/19/2024,4/17/2025,149,Yes,Yes,Competitor selected
O00861,A0742,P002,Financial Services,Europe,Strategic,Direct,New Logo,284585,0.155,240474,Closed Lost,8/21/2023,1/21/2024,153,Yes,No,No executive sponsor
O00862,A0453,P005,Technology,Middle East,Mid-Market,Direct,New Logo,90161,0.046,86013,Closed Lost,10/14/2024,11/8/2024,25,Yes,Yes,Competitor selected
O00863,A0807,P005,Technology,APAC,Mid-Market,Partner,New Logo,79290,0.226,61370,Closed Lost,12/16/2025,1/31/2026,46,Yes,Yes,Price
O00864,A0017,P003,Technology,APAC,Strategic,Direct,Expansion,294658,0.092,267549,Closed Won,4/3/2026,9/27/2026,177,Yes,Yes,Strong product fit
O00865,A0738,P003,Healthcare,Europe,Mid-Market,Inside Sales,New Logo,122364,0.069,113920,Closed Won,8/2/2024,11/9/2024,99,Yes,No,Executive alignment
O00866,A0595,P002,Manufacturing,North America,Enterprise,Direct,Expansion,194598,0.084,178251,Closed Lost,10/27/2023,1/29/2024,94,Yes,No,Limited budget
O00867,A0317,P005,Healthcare,North America,Enterprise,Direct,Expansion,128608,0.047,122563,Closed Lost,2/21/2026,6/21/2026,120,Yes,No,Competitor selected
O00868,A0094,P008,Healthcare,Europe,Mid-Market,Direct,New Logo,83524,0.026,81352,Closed Lost,1/18/2026,4/22/2026,94,Yes,No,No executive sponsor
O00869,A0678,P006,Financial Services,APAC,Enterprise,Direct,New Logo,199051,0.114,176359,Closed Won,3/27/2024,8/16/2024,142,Yes,No,Superior analytics
O00870,A0812,P004,Healthcare,Europe,Mid-Market,Inside Sales,New Logo,119837,0.059,112766,Closed Lost,12/10/2024,1/9/2025,30,Yes,Yes,No executive sponsor
O00871,A0340,P007,Technology,North America,Mid-Market,Direct,New Logo,63575,0.232,48825,Closed Lost,1/30/2026,3/1/2026,30,Yes,Yes,Weak product fit
O00872,A0515,P004,Financial Services,Middle East,Mid-Market,Direct,New Logo,97604,0.201,77985,Closed Won,2/16/2026,4/28/2026,71,Yes,Yes,Existing relationship
O00873,A0060,P003,Technology,North America,Enterprise,Partner,New Logo,175998,0.188,142910,Closed Lost,12/22/2024,6/12/2025,172,No,No,Timing
O00874,A0306,P004,Manufacturing,APAC,Mid-Market,Direct,Renewal,92906,0.161,77948,Closed Won,8/22/2025,11/9/2025,79,Yes,Yes,Strong product fit
O00875,A0517,P008,Financial Services,APAC,Strategic,Direct,Renewal,201864,0.112,179255,Closed Lost,12/28/2023,7/2/2024,187,Yes,Yes,Weak product fit
O00876,A0822,P001,Manufacturing,North America,Mid-Market,Direct,Expansion,147407,0.116,130307,Closed Lost,10/27/2024,12/22/2024,56,Yes,No,Price
O00877,A0191,P003,Financial Services,North America,Enterprise,Partner,New Logo,176733,0.146,150929,Closed Lost,4/13/2024,8/9/2024,118,Yes,Yes,No executive sponsor
O00878,A0515,P002,Financial Services,Middle East,Mid-Market,Direct,New Logo,136097,0.135,117723,Closed Lost,11/18/2023,3/31/2024,134,Yes,No,No executive sponsor
O00879,A0411,P001,Healthcare,North America,Strategic,Direct,New Logo,311016,0.055,293910,Closed Lost,3/12/2024,8/23/2024,164,Yes,Yes,Timing
O00880,A0809,P001,Manufacturing,North America,Mid-Market,Direct,New Logo,144856,0.104,129790,Closed Lost,3/23/2024,8/12/2024,142,Yes,No,Weak product fit
O00881,A0057,P007,Manufacturing,Europe,Enterprise,Partner,Expansion,109670,0.121,96399,Closed Won,2/21/2024,5/12/2024,81,No,Yes,Executive alignment
O00882,A0590,P002,Financial Services,Europe,Enterprise,Direct,New Logo,245191,0.053,232195,Closed Won,11/17/2024,3/31/2025,134,Yes,Yes,Existing relationship
O00883,A0625,P003,Healthcare,North America,Strategic,Inside Sales,Renewal,288958,0,288958,Closed Lost,10/10/2024,2/23/2025,136,No,No,Price
O00884,A0503,P002,Manufacturing,Middle East,Enterprise,Direct,New Logo,208236,0.174,172002,Closed Won,1/1/2026,7/1/2026,181,No,Yes,Bundle value
O00885,A0893,P005,Manufacturing,Europe,Mid-Market,Inside Sales,New Logo,90665,0,90665,Closed Lost,11/12/2023,12/25/2023,43,Yes,Yes,Limited budget
O00886,A0159,P008,Manufacturing,Europe,Strategic,Direct,Expansion,235650,0.097,212791,Closed Lost,1/23/2025,5/24/2025,121,No,No,No executive sponsor
O00887,A0135,P001,Financial Services,Europe,Mid-Market,Direct,Expansion,126033,0.029,122378,Closed Won,12/2/2024,5/15/2025,164,Yes,Yes,Bundle value
O00888,A0442,P001,Technology,Middle East,Mid-Market,Partner,New Logo,135547,0.132,117654,Closed Lost,12/27/2023,1/21/2024,25,Yes,No,Timing
O00889,A0201,P001,Financial Services,Europe,Enterprise,Partner,New Logo,227515,0.219,177689,Closed Won,8/26/2024,12/1/2024,97,Yes,No,Existing relationship
O00890,A0836,P006,Technology,Europe,Strategic,Partner,Renewal,332107,0.134,287604,Closed Lost,1/17/2026,5/3/2026,106,No,No,No executive sponsor
O00891,A0111,P007,Manufacturing,APAC,Enterprise,Direct,New Logo,92272,0.1,83044,Closed Lost,11/27/2023,4/17/2024,142,Yes,Yes,Weak product fit
O00892,A0126,P007,Manufacturing,APAC,Strategic,Inside Sales,New Logo,158389,0,158389,Closed Lost,3/3/2025,8/11/2025,161,No,No,No executive sponsor
O00893,A0078,P008,Healthcare,APAC,Strategic,Direct,New Logo,202236,0.2,161788,Closed Lost,3/16/2024,8/10/2024,147,Yes,Yes,Price
O00894,A0840,P007,Manufacturing,Europe,Mid-Market,Partner,Expansion,57333,0.111,50969,Closed Lost,9/12/2023,10/15/2023,33,No,No,Competitor selected
O00895,A0408,P007,Healthcare,North America,Enterprise,Inside Sales,New Logo,110690,0.015,109029,Closed Lost,11/13/2024,2/18/2025,97,Yes,Yes,Price
O00896,A0313,P003,Healthcare,North America,Mid-Market,Inside Sales,New Logo,115601,0.126,101035,Closed Lost,9/21/2023,12/2/2023,72,Yes,Yes,Weak product fit
O00897,A0295,P008,Financial Services,North America,Enterprise,Inside Sales,New Logo,128814,0.012,127268,Closed Lost,11/28/2025,3/23/2026,115,No,No,Weak product fit
O00898,A0646,P007,Healthcare,Middle East,Mid-Market,Partner,Renewal,63976,0.168,53228,Closed Lost,4/28/2024,6/22/2024,55,No,Yes,No executive sponsor
O00899,A0397,P003,Financial Services,Europe,Mid-Market,Partner,New Logo,120010,0.154,101528,Closed Won,2/18/2026,5/21/2026,92,Yes,No,Bundle value
O00900,A0131,P005,Technology,Europe,Mid-Market,Partner,New Logo,82980,0.113,73603,Closed Won,11/16/2025,3/4/2026,108,Yes,Yes,Superior analytics
O00901,A0764,P008,Financial Services,Europe,Enterprise,Direct,Expansion,134456,0.115,118993,Closed Won,4/15/2025,8/18/2025,125,No,Yes,Strong product fit
O00902,A0985,P004,Technology,North America,Mid-Market,Direct,New Logo,112745,0.186,91774,Closed Lost,7/16/2025,11/5/2025,112,Yes,No,Price
O00903,A0464,P003,Technology,North America,Enterprise,Direct,New Logo,190509,0.184,155455,Closed Won,3/28/2024,6/13/2024,77,No,No,Executive alignment
O00904,A0193,P002,Healthcare,APAC,Enterprise,Direct,Expansion,258611,0.221,201457,Open Pipeline,7/9/2026,10/22/2026,105,Yes,No,In progress
O00905,A0130,P002,Financial Services,Europe,Enterprise,Inside Sales,Expansion,265525,0.017,261011,Closed Won,9/2/2023,11/6/2023,65,No,Yes,Existing relationship
O00906,A0931,P002,Manufacturing,Middle East,Mid-Market,Direct,New Logo,138596,0.041,132913,Closed Lost,3/17/2025,7/10/2025,115,No,No,No executive sponsor
O00907,A0477,P008,Manufacturing,North America,Mid-Market,Partner,New Logo,84120,0.121,73941,Closed Won,6/24/2024,9/2/2024,70,No,Yes,Superior analytics
O00908,A0638,P002,Healthcare,APAC,Enterprise,Direct,New Logo,261167,0.116,230871,Closed Lost,6/13/2026,10/10/2026,119,Yes,Yes,Weak product fit
O00909,A0791,P007,Healthcare,Europe,Enterprise,Direct,Renewal,115087,0.067,107376,Closed Lost,11/6/2024,2/16/2025,102,No,No,No executive sponsor
O00910,A0308,P003,Manufacturing,North America,Strategic,Inside Sales,New Logo,237299,0,237299,Closed Won,9/23/2024,2/19/2025,149,No,Yes,Existing relationship
O00911,A0120,P002,Financial Services,Europe,Enterprise,Partner,New Logo,270961,0.146,231400,Open Pipeline,3/31/2026,9/6/2026,159,Yes,Yes,In progress
O00912,A0540,P003,Healthcare,APAC,Mid-Market,Inside Sales,New Logo,113524,0.073,105236,Open Pipeline,7/1/2026,10/6/2026,97,Yes,Yes,In progress
O00913,A0560,P008,Financial Services,North America,Enterprise,Direct,New Logo,126768,0.18,103949,Closed Lost,4/23/2025,7/27/2025,95,Yes,Yes,Timing
O00914,A0734,P007,Healthcare,APAC,Enterprise,Partner,New Logo,90631,0.146,77398,Closed Won,8/26/2025,12/7/2025,103,No,Yes,Executive alignment
O00915,A0264,P005,Manufacturing,North America,Mid-Market,Direct,New Logo,73161,0.112,64966,Closed Lost,11/12/2024,3/27/2025,135,Yes,No,Competitor selected
O00916,A0361,P008,Healthcare,North America,Mid-Market,Direct,New Logo,83522,0.144,71494,Closed Won,5/19/2025,8/4/2025,77,Yes,No,Strong product fit
O00917,A0909,P005,Healthcare,North America,Mid-Market,Direct,New Logo,66681,0.156,56278,Closed Lost,2/28/2026,6/4/2026,96,Yes,No,Competitor selected
O00918,A0615,P008,Technology,Europe,Enterprise,Direct,Expansion,145023,0.048,138061,Closed Lost,9/4/2025,12/25/2025,112,Yes,No,Limited budget
O00919,A0525,P007,Technology,APAC,Enterprise,Partner,New Logo,108424,0.107,96822,Closed Won,12/7/2023,7/3/2024,209,Yes,Yes,Strong product fit
O00920,A0528,P003,Financial Services,APAC,Enterprise,Direct,New Logo,161460,0.072,149834,Open Pipeline,5/21/2026,10/15/2026,147,Yes,No,In progress
O00921,A0571,P001,Financial Services,North America,Enterprise,Partner,Renewal,215034,0.165,179553,Closed Lost,2/4/2026,7/1/2026,147,No,No,Limited budget
O00922,A0569,P008,Financial Services,North America,Mid-Market,Direct,New Logo,93643,0.13,81469,Closed Lost,5/15/2025,6/17/2025,33,Yes,No,Limited budget
O00923,A0013,P001,Financial Services,APAC,Enterprise,Direct,Renewal,223244,0.165,186408,Closed Lost,2/25/2026,5/16/2026,80,Yes,No,No executive sponsor
O00924,A0552,P003,Manufacturing,North America,Strategic,Inside Sales,New Logo,256908,0.024,250742,Closed Lost,4/23/2024,7/21/2024,89,Yes,No,Timing
O00925,A0437,P005,Financial Services,Middle East,Enterprise,Direct,New Logo,133381,0.091,121243,Closed Lost,11/3/2024,2/9/2025,98,No,No,Timing
O00926,A0679,P001,Financial Services,Europe,Mid-Market,Direct,New Logo,117314,0.186,95493,Closed Lost,11/20/2025,12/15/2025,25,Yes,Yes,Timing
O00927,A0349,P005,Healthcare,North America,Enterprise,Direct,New Logo,105058,0.149,89404,Closed Won,2/23/2024,7/14/2024,142,No,Yes,Superior analytics
O00928,A0768,P004,Healthcare,APAC,Enterprise,Partner,New Logo,172893,0.152,146613,Closed Lost,4/3/2026,7/14/2026,102,Yes,Yes,Weak product fit
O00929,A0098,P002,Healthcare,North America,Enterprise,Inside Sales,New Logo,256799,0.015,252947,Closed Won,12/8/2025,3/27/2026,109,No,No,Executive alignment
O00930,A0638,P004,Healthcare,APAC,Enterprise,Direct,New Logo,182964,0.095,165582,Open Pipeline,6/8/2026,9/13/2026,97,Yes,No,In progress
O00931,A0410,P008,Manufacturing,APAC,Mid-Market,Direct,New Logo,94386,0.103,84664,Closed Won,1/11/2026,2/26/2026,46,Yes,No,Existing relationship
O00932,A0610,P002,Manufacturing,North America,Strategic,Direct,New Logo,355889,0.2,284711,Closed Lost,7/28/2025,1/4/2026,160,Yes,No,Timing
O00933,A0206,P001,Manufacturing,North America,Enterprise,Inside Sales,New Logo,180477,0.06,169648,Closed Lost,5/19/2026,9/19/2026,123,Yes,Yes,Competitor selected
O00934,A0290,P003,Technology,North America,Enterprise,Direct,New Logo,187958,0.13,163523,Closed Lost,9/30/2024,1/3/2025,95,Yes,Yes,Limited budget
O00935,A0100,P007,Manufacturing,Europe,Strategic,Direct,Renewal,170040,0.041,163068,Closed Won,1/13/2025,7/3/2025,171,No,No,Superior analytics
O00936,A0230,P001,Financial Services,APAC,Strategic,Direct,New Logo,246652,0.144,211134,Closed Won,10/9/2025,12/30/2025,82,Yes,No,Strong product fit
O00937,A0780,P004,Manufacturing,Middle East,Mid-Market,Partner,New Logo,100021,0.199,80116,Closed Lost,3/15/2026,6/13/2026,90,No,No,Competitor selected
O00938,A0636,P008,Healthcare,APAC,Enterprise,Direct,New Logo,133904,0.038,128815,Closed Won,3/19/2024,6/16/2024,89,No,Yes,Executive alignment
O00939,A0698,P006,Financial Services,Europe,Mid-Market,Inside Sales,New Logo,154645,0.06,145366,Closed Won,5/12/2025,7/25/2025,74,No,No,Bundle value
O00940,A0435,P006,Technology,APAC,Mid-Market,Inside Sales,New Logo,119027,0.076,109980,Closed Lost,11/29/2025,1/2/2026,34,No,No,Limited budget
O00941,A0206,P006,Manufacturing,North America,Enterprise,Inside Sales,New Logo,200632,0.171,166323,Closed Won,6/10/2026,8/7/2026,58,Yes,No,Superior analytics
O00942,A0281,P005,Technology,North America,Enterprise,Direct,New Logo,118622,0.125,103794,Open Pipeline,6/1/2026,10/21/2026,142,No,No,In progress
O00943,A0828,P005,Manufacturing,APAC,Enterprise,Direct,Expansion,135045,0.102,121270,Closed Lost,7/5/2025,9/14/2025,71,No,No,Competitor selected
O00944,A0363,P004,Financial Services,North America,Strategic,Inside Sales,Expansion,239449,0,239449,Closed Won,3/5/2025,9/10/2025,189,Yes,Yes,Superior analytics
O00945,A0508,P003,Technology,Middle East,Mid-Market,Inside Sales,New Logo,133688,0.066,124864,Closed Lost,8/31/2023,10/27/2023,57,No,Yes,Timing
O00946,A0452,P006,Financial Services,North America,Enterprise,Partner,Expansion,179547,0.12,158001,Closed Lost,3/14/2025,4/30/2025,47,Yes,Yes,Competitor selected
O00947,A0948,P007,Technology,Europe,Mid-Market,Direct,New Logo,73756,0.173,60996,Closed Lost,9/9/2024,12/13/2024,95,Yes,No,Price
O00948,A0487,P004,Technology,Europe,Enterprise,Inside Sales,New Logo,181337,0.207,143800,Closed Lost,3/16/2026,7/29/2026,135,Yes,No,Price
O00949,A0322,P002,Healthcare,Europe,Mid-Market,Direct,New Logo,148203,0.013,146276,Closed Lost,11/21/2023,2/28/2024,99,No,Yes,Limited budget
O00950,A0479,P005,Healthcare,North America,Mid-Market,Partner,New Logo,85543,0.302,59709,Closed Lost,1/10/2026,3/22/2026,71,Yes,No,Limited budget
O00951,A0202,P008,Manufacturing,Europe,Enterprise,Partner,New Logo,138406,0.203,110309,Closed Won,2/11/2025,7/6/2025,145,No,Yes,Strong product fit
O00952,A0644,P008,Financial Services,APAC,Mid-Market,Direct,New Logo,93281,0.135,80688,Closed Lost,1/29/2026,6/10/2026,132,No,Yes,Limited budget
O00953,A0580,P008,Financial Services,Europe,Enterprise,Inside Sales,New Logo,128379,0.061,120547,Closed Lost,10/7/2024,11/1/2024,25,Yes,No,No executive sponsor
O00954,A0381,P005,Healthcare,North America,Mid-Market,Direct,Expansion,83470,0.104,74789,Closed Lost,4/14/2026,6/12/2026,59,No,No,Timing
O00955,A0779,P008,Financial Services,North America,Mid-Market,Direct,Expansion,95884,0.012,94733,Closed Lost,10/18/2023,12/28/2023,71,Yes,No,Weak product fit
O00956,A0697,P002,Manufacturing,North America,Mid-Market,Partner,New Logo,154275,0.138,132985,Closed Won,7/12/2024,9/12/2024,62,Yes,Yes,Bundle value
O00957,A0661,P005,Healthcare,APAC,Enterprise,Inside Sales,New Logo,121792,0,121792,Closed Lost,3/16/2024,6/14/2024,90,Yes,No,Price
O00958,A0502,P002,Financial Services,APAC,Enterprise,Inside Sales,New Logo,263146,0.02,257883,Closed Lost,11/19/2023,2/7/2024,80,No,Yes,Limited budget
O00959,A0541,P004,Technology,APAC,Enterprise,Direct,New Logo,147048,0.139,126608,Closed Won,4/28/2025,7/6/2025,69,No,Yes,Existing relationship
O00960,A0676,P005,Technology,APAC,Mid-Market,Partner,Expansion,79304,0.084,72642,Closed Lost,9/3/2023,1/2/2024,121,No,Yes,Weak product fit
O00961,A0890,P004,Manufacturing,North America,Enterprise,Partner,New Logo,161570,0.124,141535,Closed Won,10/26/2025,2/25/2026,122,No,Yes,Existing relationship
O00962,A0274,P001,Technology,North America,Mid-Market,Direct,Expansion,108585,0.109,96749,Closed Won,5/27/2025,9/23/2025,119,No,Yes,Existing relationship
O00963,A0159,P007,Manufacturing,Europe,Strategic,Direct,Renewal,123008,0.143,105417,Closed Lost,12/8/2023,5/26/2024,170,Yes,No,Limited budget
O00964,A0391,P004,Manufacturing,Europe,Enterprise,Inside Sales,New Logo,185964,0.089,169413,Closed Lost,11/10/2024,4/14/2025,155,Yes,No,Price
O00965,A0451,P002,Financial Services,Middle East,Mid-Market,Direct,New Logo,148766,0.198,119310,Closed Won,8/12/2025,10/22/2025,71,No,Yes,Bundle value
O00966,A0366,P004,Technology,North America,Mid-Market,Direct,New Logo,93396,0.07,86858,Closed Lost,2/27/2024,3/23/2024,25,No,No,No executive sponsor
O00967,A0875,P007,Financial Services,APAC,Mid-Market,Direct,New Logo,57282,0.188,46512,Closed Lost,7/14/2026,11/17/2026,126,Yes,No,Competitor selected
O00968,A0305,P005,Healthcare,Europe,Strategic,Direct,New Logo,191357,0.169,159017,Closed Lost,2/23/2026,7/30/2026,157,No,No,Competitor selected
O00969,A0851,P006,Technology,Middle East,Mid-Market,Direct,New Logo,122968,0.204,97882,Closed Lost,6/20/2025,9/12/2025,84,No,No,Limited budget
O00970,A0955,P005,Healthcare,North America,Enterprise,Direct,New Logo,137188,0.058,129231,Closed Lost,5/15/2024,7/17/2024,63,Yes,Yes,Weak product fit
O00971,A0803,P002,Manufacturing,Middle East,Enterprise,Direct,New Logo,226375,0.072,210076,Closed Won,7/9/2025,12/4/2025,148,No,No,Existing relationship
O00972,A0269,P008,Healthcare,North America,Mid-Market,Direct,Expansion,90054,0.164,75285,Closed Won,10/21/2025,2/20/2026,122,No,No,Existing relationship
O00973,A0755,P001,Financial Services,APAC,Mid-Market,Direct,Expansion,108911,0.078,100415,Closed Lost,6/30/2026,8/9/2026,40,No,Yes,Limited budget
O00974,A0610,P006,Manufacturing,North America,Strategic,Partner,New Logo,282679,0.094,256107,Closed Lost,7/29/2025,1/3/2026,158,Yes,No,No executive sponsor
O00975,A0138,P003,Financial Services,Europe,Mid-Market,Direct,Renewal,123545,0.127,107854,Closed Lost,2/19/2026,4/15/2026,55,No,Yes,Timing
O00976,A0379,P005,Financial Services,Europe,Enterprise,Direct,New Logo,125378,0.153,106195,Closed Won,4/16/2024,9/3/2024,140,No,Yes,Executive alignment
O00977,A0018,P008,Financial Services,Europe,Enterprise,Inside Sales,New Logo,166393,0,166393,Closed Lost,12/25/2023,4/3/2024,100,No,No,Competitor selected
O00978,A0945,P002,Healthcare,Middle East,Enterprise,Direct,New Logo,231563,0.125,202617,Closed Won,1/29/2026,5/6/2026,97,Yes,Yes,Executive alignment
O00979,A0953,P003,Manufacturing,North America,Mid-Market,Partner,New Logo,129796,0.176,106951,Closed Lost,2/27/2026,4/26/2026,58,No,No,No executive sponsor
O00980,A0495,P007,Financial Services,Europe,Enterprise,Direct,New Logo,91274,0.127,79682,Closed Lost,8/27/2025,12/23/2025,118,No,Yes,No executive sponsor
O00981,A0839,P001,Financial Services,APAC,Enterprise,Direct,New Logo,189438,0.218,148140,Closed Lost,12/12/2023,2/24/2024,74,No,No,Limited budget
O00982,A0821,P003,Manufacturing,Middle East,Mid-Market,Inside Sales,New Logo,113254,0.109,100909,Closed Lost,4/27/2024,6/11/2024,45,No,No,Limited budget
O00983,A0425,P001,Manufacturing,APAC,Mid-Market,Partner,New Logo,125506,0.118,110696,Closed Won,8/18/2025,11/7/2025,81,No,Yes,Executive alignment
O00984,A0380,P006,Financial Services,APAC,Enterprise,Direct,Expansion,212680,0.079,195878,Closed Lost,4/11/2026,6/17/2026,67,Yes,Yes,Price
O00985,A0798,P004,Financial Services,North America,Mid-Market,Direct,Renewal,117656,0.065,110008,Closed Lost,1/7/2024,3/11/2024,64,No,No,Price
O00986,A0091,P001,Manufacturing,APAC,Enterprise,Direct,New Logo,222476,0.171,184432,Closed Won,9/12/2025,11/30/2025,79,Yes,Yes,Executive alignment
O00987,A0626,P004,Technology,Middle East,Mid-Market,Direct,Expansion,87787,0,87787,Closed Lost,12/18/2024,2/17/2025,61,No,No,Weak product fit
O00988,A0574,P008,Manufacturing,Europe,Enterprise,Inside Sales,New Logo,150884,0.144,129156,Open Pipeline,7/17/2026,11/30/2026,136,Yes,No,In progress
O00989,A0771,P007,Healthcare,Europe,Enterprise,Inside Sales,New Logo,113752,0.096,102831,Closed Lost,3/4/2026,6/6/2026,94,Yes,Yes,Timing
O00990,A0302,P003,Technology,Europe,Mid-Market,Direct,Renewal,110583,0.133,95875,Closed Lost,11/25/2025,1/12/2026,48,No,Yes,Timing
O00991,A0785,P003,Manufacturing,APAC,Mid-Market,Direct,New Logo,119126,0.079,109715,Closed Lost,5/29/2026,7/22/2026,54,No,No,Competitor selected
O00992,A0280,P003,Financial Services,APAC,Mid-Market,Direct,New Logo,131139,0.145,112123,Closed Lost,5/18/2025,7/12/2025,55,Yes,No,Competitor selected
O00993,A0256,P002,Technology,APAC,Enterprise,Direct,New Logo,241602,0.157,203670,Closed Won,6/19/2025,9/26/2025,99,Yes,Yes,Bundle value
O00994,A0778,P001,Technology,Europe,Enterprise,Direct,Expansion,233007,0.234,178483,Closed Won,9/26/2025,1/10/2026,106,Yes,No,Bundle value
O00995,A0187,P003,Healthcare,APAC,Enterprise,Partner,New Logo,175401,0.246,132252,Closed Won,6/13/2024,10/8/2024,117,Yes,Yes,Superior analytics
O00996,A0213,P004,Financial Services,Europe,Mid-Market,Direct,Expansion,111579,0.027,108566,Closed Lost,5/11/2026,7/16/2026,66,Yes,Yes,No executive sponsor
O00997,A0905,P006,Healthcare,APAC,Enterprise,Direct,New Logo,229610,0.11,204352,Closed Won,5/31/2026,9/13/2026,105,No,Yes,Superior analytics
O00998,A0668,P006,Healthcare,APAC,Mid-Market,Direct,New Logo,156620,0.109,139548,Closed Lost,3/19/2026,4/29/2026,41,Yes,Yes,No executive sponsor
O00999,A0435,P005,Technology,APAC,Mid-Market,Inside Sales,New Logo,66431,0.066,62046,Closed Lost,1/24/2025,5/5/2025,101,Yes,Yes,Timing
O01000,A0904,P005,Financial Services,Europe,Mid-Market,Direct,New Logo,77390,0.126,67638,Closed Lost,1/19/2025,4/13/2025,84,Yes,Yes,Price
O01001,A0256,P006,Technology,APAC,Enterprise,Inside Sales,New Logo,248596,0.064,232685,Closed Won,2/5/2024,5/21/2024,106,Yes,Yes,Executive alignment
O01002,A0242,P004,Technology,Europe,Enterprise,Direct,New Logo,143388,0.067,133781,Closed Lost,5/29/2025,10/18/2025,142,Yes,Yes,Limited budget
O01003,A0921,P007,Healthcare,APAC,Enterprise,Inside Sales,New Logo,88920,0.047,84740,Closed Lost,12/8/2025,3/27/2026,109,Yes,Yes,Price
O01004,A0412,P001,Manufacturing,North America,Enterprise,Inside Sales,New Logo,189981,0.067,177252,Open Pipeline,6/20/2026,10/3/2026,105,Yes,Yes,In progress
O01005,A0471,P005,Technology,Europe,Enterprise,Direct,New Logo,108472,0.162,90899,Closed Lost,11/29/2025,2/25/2026,88,No,Yes,Competitor selected
O01006,A0221,P006,Healthcare,North America,Enterprise,Inside Sales,New Logo,232934,0.066,217560,Open Pipeline,6/16/2026,10/12/2026,118,No,Yes,In progress
O01007,A0439,P002,Healthcare,APAC,Mid-Market,Inside Sales,New Logo,155185,0.064,145253,Closed Won,9/11/2023,11/15/2023,65,Yes,No,Superior analytics
O01008,A0113,P005,Technology,Middle East,Enterprise,Direct,New Logo,119419,0.205,94938,Closed Lost,2/20/2026,6/18/2026,118,Yes,Yes,Limited budget
O01009,A0360,P007,Financial Services,North America,Enterprise,Direct,New Logo,105531,0.14,90756,Closed Lost,11/16/2023,3/19/2024,124,Yes,Yes,Competitor selected
O01010,A0347,P003,Healthcare,Europe,Enterprise,Direct,New Logo,180975,0.117,159800,Closed Won,12/29/2025,4/7/2026,99,Yes,Yes,Executive alignment
O01011,A0008,P006,Financial Services,North America,Strategic,Direct,Expansion,327720,0.106,292981,Closed Lost,1/30/2026,6/20/2026,141,No,Yes,Limited budget
O01012,A0465,P004,Technology,Europe,Enterprise,Partner,New Logo,171272,0.152,145238,Closed Lost,8/23/2024,1/13/2025,143,Yes,No,Weak product fit
O01013,A0289,P006,Manufacturing,Europe,Enterprise,Direct,New Logo,211616,0.072,196379,Closed Won,2/3/2024,6/18/2024,136,Yes,Yes,Bundle value
O01014,A0233,P001,Manufacturing,Middle East,Strategic,Direct,Expansion,303599,0.16,255023,Closed Lost,6/17/2024,11/9/2024,145,No,No,Weak product fit
O01015,A0026,P003,Technology,APAC,Mid-Market,Partner,New Logo,120181,0.253,89775,Closed Won,10/29/2023,12/28/2023,60,Yes,Yes,Strong product fit
O01016,A0195,P005,Technology,APAC,Mid-Market,Direct,Expansion,86038,0.031,83370,Closed Lost,10/29/2025,1/24/2026,87,Yes,Yes,No executive sponsor
O01017,A0310,P004,Manufacturing,APAC,Enterprise,Direct,Expansion,148555,0.094,134590,Closed Won,3/30/2026,7/19/2026,111,Yes,No,Superior analytics
O01018,A0034,P003,Financial Services,APAC,Enterprise,Inside Sales,New Logo,202545,0.073,187759,Closed Lost,3/3/2024,6/26/2024,115,Yes,No,Weak product fit
O01019,A0921,P004,Healthcare,APAC,Enterprise,Direct,New Logo,179181,0.076,165563,Closed Won,10/27/2024,3/28/2025,152,Yes,Yes,Superior analytics
O01020,A0620,P008,Healthcare,North America,Enterprise,Direct,Expansion,163438,0.126,142844,Closed Won,9/25/2025,2/26/2026,154,Yes,No,Executive alignment
O01021,A0703,P006,Healthcare,APAC,Strategic,Partner,Expansion,304746,0.118,268785,Closed Lost,9/1/2025,3/1/2026,181,Yes,No,Timing
O01022,A0911,P007,Healthcare,North America,Enterprise,Direct,New Logo,88759,0.101,79794,Closed Lost,3/30/2025,7/18/2025,110,Yes,No,Competitor selected
O01023,A0848,P003,Manufacturing,Middle East,Enterprise,Direct,New Logo,182496,0.06,171546,Closed Won,7/4/2025,8/25/2025,52,No,Yes,Bundle value
O01024,A0268,P007,Financial Services,Europe,Strategic,Inside Sales,New Logo,128466,0.039,123455,Closed Won,8/22/2024,2/11/2025,173,No,Yes,Strong product fit
O01025,A0421,P001,Healthcare,APAC,Enterprise,Partner,New Logo,169652,0.147,144713,Closed Lost,5/9/2024,10/26/2024,170,No,Yes,No executive sponsor
O01026,A0121,P001,Healthcare,North America,Enterprise,Partner,Expansion,222687,0.162,186611,Closed Lost,11/13/2024,3/5/2025,112,Yes,No,Price
O01027,A0051,P004,Technology,APAC,Enterprise,Direct,New Logo,184032,0.11,163788,Closed Lost,5/24/2024,8/16/2024,84,No,No,Limited budget
O01028,A0844,P008,Manufacturing,North America,Mid-Market,Partner,New Logo,97078,0.139,83584,Open Pipeline,5/31/2026,8/21/2026,82,No,Yes,In progress
O01029,A0438,P007,Manufacturing,Europe,Enterprise,Direct,Expansion,100210,0.162,83975,Closed Won,5/7/2025,6/20/2025,44,No,No,Bundle value
O01030,A0838,P003,Healthcare,Middle East,Enterprise,Inside Sales,New Logo,164234,0.103,147317,Closed Lost,6/20/2024,12/10/2024,173,Yes,No,Weak product fit
O01031,A0957,P008,Financial Services,North America,Strategic,Direct,New Logo,175577,0.023,171538,Closed Lost,3/20/2025,8/10/2025,143,Yes,Yes,No executive sponsor
O01032,A0538,P007,Healthcare,North America,Enterprise,Direct,Expansion,104808,0.168,87200,Closed Lost,4/14/2026,8/20/2026,128,Yes,Yes,Competitor selected
O01033,A0512,P008,Manufacturing,APAC,Mid-Market,Inside Sales,Expansion,101976,0.183,83314,Closed Lost,12/20/2024,1/14/2025,25,Yes,No,Weak product fit
O01034,A0593,P008,Manufacturing,Middle East,Mid-Market,Direct,New Logo,103379,0.135,89422,Closed Lost,4/30/2024,7/26/2024,87,No,Yes,Timing
O01035,A0391,P008,Manufacturing,Europe,Enterprise,Inside Sales,New Logo,136124,0.05,129317,Closed Lost,4/5/2024,6/24/2024,80,Yes,No,Weak product fit
O01036,A0490,P004,Healthcare,Europe,Mid-Market,Direct,New Logo,103236,0.155,87234,Closed Won,11/9/2023,1/15/2024,67,Yes,Yes,Superior analytics
O01037,A0707,P003,Technology,Middle East,Mid-Market,Partner,New Logo,118556,0.217,92829,Closed Lost,12/7/2023,3/25/2024,109,Yes,No,No executive sponsor
O01038,A0604,P004,Healthcare,APAC,Enterprise,Direct,New Logo,140643,0.084,128828,Closed Lost,4/5/2025,7/28/2025,114,Yes,Yes,Limited budget
O01039,A0344,P001,Financial Services,Europe,Enterprise,Partner,New Logo,216816,0.143,185811,Closed Lost,1/1/2025,4/3/2025,92,No,Yes,No executive sponsor
O01040,A0677,P008,Manufacturing,APAC,Mid-Market,Direct,Expansion,102462,0.047,97646,Closed Won,5/4/2026,7/30/2026,87,Yes,No,Strong product fit
O01041,A0515,P002,Financial Services,Middle East,Mid-Market,Direct,Expansion,148587,0.056,140266,Closed Won,1/7/2024,3/14/2024,67,Yes,Yes,Strong product fit
O01042,A0390,P006,Financial Services,North America,Mid-Market,Direct,Expansion,125440,0,125440,Closed Won,2/28/2026,3/25/2026,25,No,Yes,Superior analytics
O01043,A1000,P001,Healthcare,North America,Enterprise,Direct,Renewal,180741,0.1,162666,Open Pipeline,7/21/2026,10/18/2026,89,No,No,In progress
O01044,A0822,P002,Manufacturing,North America,Mid-Market,Direct,Renewal,165056,0.092,149870,Closed Won,12/21/2023,3/12/2024,82,No,Yes,Existing relationship
O01045,A0862,P003,Financial Services,APAC,Strategic,Inside Sales,Renewal,254114,0.079,234038,Closed Lost,4/10/2024,9/8/2024,151,No,No,Weak product fit
O01046,A0657,P002,Manufacturing,North America,Strategic,Inside Sales,Expansion,308510,0.059,290307,Closed Lost,10/31/2024,5/18/2025,199,No,Yes,Weak product fit
O01047,A0910,P002,Healthcare,Europe,Strategic,Direct,New Logo,311367,0.152,264039,Closed Lost,3/13/2024,9/19/2024,190,No,No,Competitor selected
O01048,A0862,P003,Financial Services,APAC,Strategic,Direct,New Logo,246430,0.197,197883,Closed Lost,10/15/2025,4/4/2026,171,Yes,No,Timing
O01049,A0350,P005,Financial Services,North America,Mid-Market,Direct,New Logo,78660,0.056,74255,Closed Won,10/25/2025,12/10/2025,46,No,No,Existing relationship
O01050,A0235,P005,Manufacturing,Middle East,Mid-Market,Inside Sales,New Logo,90410,0.092,82092,Closed Lost,10/16/2025,12/27/2025,72,Yes,Yes,Limited budget
O01051,A0052,P004,Technology,APAC,Enterprise,Direct,New Logo,154550,0.094,140022,Open Pipeline,7/31/2026,11/30/2026,122,Yes,Yes,In progress
O01052,A0756,P002,Technology,North America,Mid-Market,Direct,New Logo,142337,0.11,126679,Closed Lost,8/17/2024,11/23/2024,98,Yes,Yes,Competitor selected
O01053,A0447,P005,Manufacturing,Europe,Enterprise,Direct,New Logo,110058,0.088,100372,Closed Lost,2/11/2024,3/23/2024,41,Yes,Yes,Price
O01054,A0144,P006,Financial Services,Europe,Strategic,Partner,New Logo,314840,0.207,249668,Closed Lost,1/4/2024,5/17/2024,134,Yes,Yes,Timing
O01055,A0580,P001,Financial Services,Europe,Enterprise,Direct,New Logo,220654,0.191,178509,Closed Won,6/24/2025,11/9/2025,138,No,No,Existing relationship
O01056,A0164,P005,Manufacturing,Middle East,Mid-Market,Direct,New Logo,91361,0.126,79849,Open Pipeline,6/16/2026,9/14/2026,90,No,Yes,In progress
O01057,A0195,P002,Technology,APAC,Mid-Market,Direct,Renewal,167594,0.069,156030,Closed Lost,3/24/2025,6/30/2025,98,No,Yes,Price
O01058,A0156,P001,Manufacturing,North America,Strategic,Direct,New Logo,278694,0.048,265316,Open Pipeline,6/21/2026,10/20/2026,121,Yes,No,In progress
O01059,A0708,P003,Technology,North America,Enterprise,Direct,Expansion,179976,0.193,145240,Closed Lost,3/25/2026,8/7/2026,135,No,No,Limited budget
O01060,A0320,P005,Technology,APAC,Enterprise,Direct,New Logo,105706,0.107,94395,Closed Won,4/29/2024,11/8/2024,193,No,No,Executive alignment
O01061,A0530,P006,Manufacturing,Europe,Enterprise,Inside Sales,Expansion,191601,0.126,167459,Closed Lost,5/27/2024,9/24/2024,120,No,Yes,No executive sponsor
O01062,A0997,P001,Healthcare,APAC,Mid-Market,Partner,New Logo,124434,0.224,96560,Closed Lost,5/2/2024,8/18/2024,108,No,No,Timing
O01063,A0011,P003,Technology,North America,Enterprise,Partner,New Logo,177909,0.255,132542,Closed Lost,5/22/2025,9/15/2025,116,No,No,Price
O01064,A0319,P003,Manufacturing,North America,Strategic,Partner,Expansion,256742,0.102,230554,Closed Lost,9/28/2024,1/31/2025,125,No,No,Limited budget
O01065,A0932,P008,Healthcare,North America,Enterprise,Inside Sales,Renewal,148771,0.1,133893,Closed Lost,4/30/2025,9/27/2025,150,Yes,Yes,Timing
O01066,A0813,P005,Healthcare,North America,Enterprise,Partner,New Logo,104017,0.172,86126,Closed Lost,12/4/2023,5/23/2024,171,No,No,No executive sponsor
O01067,A0884,P008,Healthcare,North America,Enterprise,Inside Sales,New Logo,133260,0.134,115403,Closed Lost,6/11/2024,9/26/2024,107,Yes,No,No executive sponsor
O01068,A0545,P004,Financial Services,North America,Enterprise,Partner,Renewal,172001,0.169,142932,Closed Lost,8/18/2024,10/14/2024,57,Yes,No,Timing
O01069,A0569,P002,Financial Services,North America,Mid-Market,Direct,New Logo,159453,0.053,151001,Closed Lost,7/31/2024,10/29/2024,90,Yes,No,Limited budget
O01070,A0529,P001,Technology,North America,Mid-Market,Direct,New Logo,122635,0.056,115767,Closed Lost,4/25/2026,8/19/2026,116,No,No,Weak product fit
O01071,A0629,P006,Manufacturing,North America,Enterprise,Direct,Expansion,192800,0.119,169856,Closed Won,12/13/2024,4/18/2025,126,Yes,Yes,Superior analytics
O01072,A0738,P001,Healthcare,Europe,Mid-Market,Inside Sales,New Logo,123635,0.082,113496,Closed Lost,7/28/2025,11/18/2025,113,No,No,Competitor selected
O01073,A0580,P005,Financial Services,Europe,Enterprise,Direct,Expansion,140821,0.154,119134,Closed Lost,11/15/2025,3/18/2026,123,Yes,Yes,Price
O01074,A0832,P006,Financial Services,North America,Mid-Market,Direct,New Logo,133176,0.149,113332,Closed Won,8/23/2025,12/27/2025,126,No,Yes,Existing relationship
O01075,A0345,P002,Technology,APAC,Enterprise,Partner,Expansion,241387,0.075,223282,Closed Lost,9/24/2024,2/8/2025,137,Yes,Yes,No executive sponsor
O01076,A0706,P006,Healthcare,Middle East,Mid-Market,Inside Sales,New Logo,135647,0.043,129814,Closed Won,3/31/2024,7/30/2024,121,Yes,Yes,Superior analytics
O01077,A0235,P007,Manufacturing,Middle East,Mid-Market,Inside Sales,New Logo,67958,0.073,62997,Closed Won,8/17/2025,11/4/2025,79,Yes,No,Strong product fit
O01078,A0268,P003,Financial Services,Europe,Strategic,Direct,Renewal,285597,0.067,266462,Closed Won,12/26/2025,6/17/2026,173,No,No,Strong product fit
O01079,A0222,P002,Financial Services,Europe,Enterprise,Inside Sales,New Logo,244681,0.075,226329,Closed Lost,6/1/2024,8/22/2024,82,No,Yes,Competitor selected
O01080,A0691,P008,Financial Services,North America,Enterprise,Direct,Renewal,146446,0.023,143077,Closed Won,6/5/2025,11/20/2025,168,Yes,No,Superior analytics
O01081,A0913,P004,Technology,North America,Enterprise,Inside Sales,Expansion,182311,0.116,161162,Closed Won,1/11/2024,6/8/2024,149,No,Yes,Strong product fit
O01082,A0056,P007,Financial Services,APAC,Enterprise,Direct,New Logo,116442,0.045,111202,Closed Won,7/4/2025,11/3/2025,122,Yes,Yes,Superior analytics
O01083,A0305,P006,Healthcare,Europe,Strategic,Direct,New Logo,320944,0.01,317734,Closed Won,2/25/2024,6/24/2024,120,Yes,Yes,Bundle value
O01084,A0269,P007,Healthcare,North America,Mid-Market,Direct,Expansion,71242,0.139,61339,Closed Lost,12/26/2023,2/10/2024,46,Yes,Yes,Weak product fit
O01085,A0490,P001,Healthcare,Europe,Mid-Market,Direct,New Logo,118381,0,118381,Closed Won,10/22/2024,12/1/2024,40,No,Yes,Executive alignment
O01086,A0422,P006,Financial Services,Europe,Strategic,Direct,Expansion,255344,0.044,244108,Closed Won,1/2/2024,7/7/2024,187,No,Yes,Existing relationship
O01087,A0376,P006,Manufacturing,APAC,Strategic,Partner,Renewal,350847,0.148,298921,Closed Won,3/9/2026,7/22/2026,135,No,Yes,Existing relationship
O01088,A0434,P008,Technology,APAC,Mid-Market,Partner,New Logo,105603,0.112,93775,Closed Lost,5/13/2024,7/12/2024,60,No,No,Limited budget
O01089,A0733,P008,Healthcare,APAC,Enterprise,Inside Sales,New Logo,148443,0.118,130926,Closed Won,5/21/2026,7/31/2026,71,No,Yes,Bundle value
O01090,A0087,P004,Technology,Europe,Enterprise,Direct,New Logo,148177,0.04,142249,Closed Lost,3/11/2026,5/31/2026,81,Yes,Yes,Weak product fit
O01091,A0420,P002,Financial Services,North America,Enterprise,Direct,New Logo,232361,0.079,214004,Closed Lost,3/11/2026,7/14/2026,125,No,No,No executive sponsor
O01092,A0694,P001,Healthcare,North America,Enterprise,Direct,New Logo,187791,0.046,179152,Closed Lost,1/8/2025,3/26/2025,77,Yes,No,Weak product fit
O01093,A0653,P006,Healthcare,North America,Mid-Market,Direct,New Logo,144735,0.042,138656,Closed Lost,12/20/2024,2/12/2025,54,No,No,No executive sponsor
O01094,A0578,P006,Manufacturing,North America,Enterprise,Direct,Renewal,245084,0.12,215673,Closed Lost,1/16/2025,6/10/2025,145,Yes,No,No executive sponsor
O01095,A0077,P006,Technology,Europe,Mid-Market,Direct,New Logo,148628,0.129,129454,Closed Won,9/26/2024,11/2/2024,37,Yes,Yes,Existing relationship
O01096,A0274,P005,Technology,North America,Mid-Market,Direct,New Logo,78062,0.146,66664,Closed Lost,11/1/2023,11/26/2023,25,No,No,Weak product fit
O01097,A0950,P003,Financial Services,APAC,Mid-Market,Partner,New Logo,129691,0.146,110756,Closed Won,5/23/2024,10/3/2024,133,No,Yes,Bundle value
O01098,A0318,P008,Manufacturing,North America,Enterprise,Direct,New Logo,146566,0.103,131469,Closed Won,1/6/2024,6/21/2024,167,No,No,Existing relationship
O01099,A0098,P001,Healthcare,North America,Enterprise,Direct,Expansion,175373,0.094,158887,Closed Won,5/17/2025,8/10/2025,85,Yes,No,Superior analytics
O01100,A0061,P005,Technology,Middle East,Mid-Market,Direct,New Logo,86432,0.115,76492,Closed Lost,12/15/2025,2/18/2026,65,Yes,Yes,Price
O01101,A0710,P005,Healthcare,Middle East,Enterprise,Direct,New Logo,128398,0.193,103617,Closed Lost,4/12/2025,8/13/2025,123,No,No,Limited budget
O01102,A0674,P005,Technology,North America,Enterprise,Direct,Renewal,110442,0.039,106134,Closed Lost,12/20/2023,4/14/2024,116,No,No,Weak product fit
O01103,A0900,P003,Technology,APAC,Enterprise,Direct,New Logo,159029,0.147,135651,Closed Won,2/4/2025,4/27/2025,82,No,No,Bundle value
O01104,A0437,P005,Financial Services,Middle East,Enterprise,Direct,New Logo,116736,0.126,102027,Closed Won,1/2/2025,5/5/2025,123,Yes,Yes,Superior analytics
O01105,A0377,P002,Technology,APAC,Mid-Market,Direct,New Logo,162448,0.123,142466,Closed Lost,4/18/2026,7/28/2026,101,Yes,No,Limited budget
O01106,A0304,P001,Manufacturing,APAC,Enterprise,Direct,New Logo,173641,0.136,150025,Closed Lost,6/27/2025,10/24/2025,119,No,Yes,Price
O01107,A0607,P001,Technology,APAC,Enterprise,Direct,New Logo,179113,0.111,159231,Closed Won,5/27/2024,9/23/2024,119,No,Yes,Executive alignment
O01108,A0692,P005,Financial Services,North America,Mid-Market,Partner,Expansion,72035,0.246,54314,Closed Lost,2/12/2025,6/2/2025,110,No,No,No executive sponsor
O01109,A0140,P006,Financial Services,Europe,Enterprise,Direct,New Logo,224796,0.175,185456,Closed Lost,1/5/2026,6/10/2026,156,No,Yes,Limited budget
O01110,A0812,P002,Healthcare,Europe,Mid-Market,Direct,New Logo,170117,0.202,135753,Open Pipeline,8/17/2026,10/27/2026,71,Yes,Yes,In progress
O01111,A0738,P006,Healthcare,Europe,Mid-Market,Direct,New Logo,162246,0.102,145696,Closed Won,12/20/2023,2/14/2024,56,Yes,Yes,Bundle value
O01112,A0380,P004,Financial Services,APAC,Enterprise,Inside Sales,Expansion,167562,0.075,154994,Closed Lost,8/1/2025,10/8/2025,68,No,Yes,Competitor selected
O01113,A0029,P008,Financial Services,Europe,Mid-Market,Partner,New Logo,109818,0.177,90380,Closed Lost,5/28/2025,9/18/2025,113,No,No,Competitor selected
O01114,A0934,P003,Financial Services,Middle East,Enterprise,Direct,Expansion,167256,0.181,136982,Closed Lost,8/22/2025,1/3/2026,134,No,Yes,Weak product fit
O01115,A0252,P001,Financial Services,Europe,Enterprise,Direct,New Logo,203907,0.15,173320,Closed Lost,5/7/2025,7/12/2025,66,No,No,Weak product fit
O01116,A0445,P003,Healthcare,North America,Mid-Market,Direct,New Logo,133990,0.146,114427,Closed Lost,3/13/2026,5/13/2026,61,No,Yes,Competitor selected
O01117,A0669,P007,Technology,APAC,Enterprise,Direct,Renewal,88084,0.096,79627,Closed Lost,10/1/2023,1/9/2024,100,Yes,Yes,Competitor selected
O01118,A0749,P004,Technology,North America,Mid-Market,Direct,Renewal,108104,0.133,93726,Closed Lost,1/27/2026,6/4/2026,128,No,Yes,No executive sponsor
O01119,A0259,P008,Financial Services,North America,Mid-Market,Inside Sales,New Logo,111351,0.09,101329,Closed Won,10/22/2023,12/25/2023,64,No,No,Executive alignment
O01120,A0703,P007,Healthcare,APAC,Strategic,Partner,New Logo,155059,0.207,122961,Closed Won,12/14/2023,5/17/2024,155,No,No,Bundle value
O01121,A0521,P005,Manufacturing,Europe,Mid-Market,Direct,Expansion,76967,0.089,70116,Closed Lost,2/17/2025,6/7/2025,110,No,Yes,Weak product fit
O01122,A0425,P005,Manufacturing,APAC,Mid-Market,Partner,New Logo,74991,0.141,64417,Closed Won,7/8/2025,10/18/2025,102,Yes,Yes,Superior analytics
O01123,A0743,P004,Technology,APAC,Enterprise,Partner,Renewal,177013,0.164,147982,Closed Won,3/30/2024,5/22/2024,53,Yes,Yes,Strong product fit
O01124,A0955,P005,Healthcare,North America,Enterprise,Direct,Renewal,138993,0.167,115781,Closed Lost,10/7/2023,2/20/2024,136,Yes,Yes,Competitor selected
O01125,A0728,P001,Financial Services,Europe,Enterprise,Inside Sales,New Logo,190182,0.075,175918,Closed Lost,3/8/2025,7/25/2025,139,Yes,No,Price
O01126,A0980,P002,Manufacturing,Europe,Enterprise,Partner,Renewal,235001,0.255,175075,Closed Lost,9/21/2023,12/3/2023,73,No,Yes,Competitor selected
O01127,A0696,P006,Healthcare,APAC,Mid-Market,Direct,New Logo,153282,0.216,120173,Closed Lost,8/19/2025,12/12/2025,115,No,Yes,Timing
O01128,A0212,P004,Technology,Middle East,Mid-Market,Partner,Renewal,121614,0.127,106169,Closed Won,6/1/2025,8/13/2025,73,Yes,No,Superior analytics
O01129,A0533,P004,Technology,Middle East,Mid-Market,Direct,Renewal,90527,0.045,86453,Closed Lost,12/23/2025,3/17/2026,84,Yes,Yes,Timing
O01130,A0070,P005,Technology,Europe,Enterprise,Inside Sales,Expansion,117003,0.037,112673,Closed Lost,9/19/2024,2/14/2025,148,No,No,Competitor selected
O01131,A0222,P008,Financial Services,Europe,Enterprise,Direct,New Logo,124149,0.146,106023,Closed Lost,1/6/2024,4/11/2024,96,No,Yes,Timing
O01132,A0032,P006,Healthcare,North America,Enterprise,Direct,New Logo,195796,0.115,173279,Closed Lost,12/3/2023,3/6/2024,94,No,No,Competitor selected
O01133,A0964,P002,Technology,Middle East,Mid-Market,Inside Sales,New Logo,159413,0.078,146978,Closed Lost,5/18/2025,7/27/2025,70,No,No,No executive sponsor
O01134,A0028,P003,Manufacturing,Middle East,Mid-Market,Direct,New Logo,120844,0.107,107913,Closed Won,12/10/2025,2/22/2026,74,No,Yes,Executive alignment
O01135,A0535,P005,Manufacturing,Middle East,Mid-Market,Partner,New Logo,66468,0.221,51778,Closed Lost,7/31/2025,11/5/2025,97,Yes,Yes,Weak product fit
O01136,A0929,P008,Technology,North America,Enterprise,Partner,New Logo,124632,0.191,100827,Closed Won,8/7/2025,12/21/2025,136,No,No,Superior analytics
O01137,A0885,P001,Healthcare,North America,Mid-Market,Direct,New Logo,112469,0.089,102459,Closed Lost,3/21/2025,7/10/2025,111,Yes,Yes,No executive sponsor
O01138,A0560,P007,Financial Services,North America,Enterprise,Partner,New Logo,99350,0.111,88322,Open Pipeline,5/26/2026,8/27/2026,93,No,No,In progress
O01139,A0100,P005,Manufacturing,Europe,Strategic,Inside Sales,New Logo,154578,0.099,139274,Closed Won,7/6/2025,1/12/2026,190,Yes,Yes,Superior analytics
O01140,A0183,P007,Healthcare,APAC,Strategic,Direct,Expansion,123088,0.177,101301,Closed Lost,7/14/2025,2/1/2026,202,No,No,Competitor selected
O01141,A0784,P006,Financial Services,Europe,Strategic,Inside Sales,New Logo,298481,0.01,295496,Closed Lost,11/22/2023,4/1/2024,131,Yes,No,Weak product fit
O01142,A0891,P004,Financial Services,North America,Strategic,Inside Sales,Expansion,252371,0.134,218553,Closed Lost,3/28/2025,10/5/2025,191,Yes,No,No executive sponsor
O01143,A0574,P007,Manufacturing,Europe,Enterprise,Partner,New Logo,98509,0.06,92598,Closed Won,7/1/2026,10/18/2026,109,Yes,Yes,Executive alignment
O01144,A0405,P007,Healthcare,Europe,Enterprise,Direct,New Logo,103283,0.003,102973,Closed Lost,3/14/2026,5/15/2026,62,Yes,No,Competitor selected
O01145,A0222,P008,Financial Services,Europe,Enterprise,Direct,New Logo,145932,0.152,123750,Open Pipeline,4/14/2026,10/20/2026,189,Yes,No,In progress
O01146,A0151,P005,Healthcare,APAC,Enterprise,Direct,New Logo,121041,0.105,108331,Closed Won,1/6/2025,6/2/2025,147,No,Yes,Bundle value
O01147,A0859,P008,Technology,Europe,Strategic,Inside Sales,Renewal,236108,0.121,207538,Closed Lost,9/22/2025,1/18/2026,118,Yes,Yes,Timing
O01148,A0685,P003,Manufacturing,APAC,Mid-Market,Partner,New Logo,134194,0.122,117822,Open Pipeline,4/7/2026,9/7/2026,153,No,No,In progress
O01149,A0256,P001,Technology,APAC,Enterprise,Partner,Renewal,188980,0.145,161577,Closed Won,10/14/2023,1/11/2024,89,No,Yes,Existing relationship
O01150,A0186,P006,Healthcare,North America,Mid-Market,Direct,Expansion,116065,0.114,102833,Closed Lost,10/23/2025,1/8/2026,77,No,No,Timing
O01151,A0418,P001,Manufacturing,North America,Mid-Market,Direct,Expansion,143342,0.131,124564,Closed Won,10/13/2024,3/5/2025,143,Yes,No,Bundle value
O01152,A0331,P007,Financial Services,North America,Mid-Market,Inside Sales,New Logo,66793,0.03,64789,Closed Lost,2/16/2025,4/3/2025,46,No,No,Limited budget
O01153,A0046,P001,Healthcare,Europe,Strategic,Inside Sales,New Logo,271565,0.128,236804,Open Pipeline,6/6/2026,10/29/2026,145,No,No,In progress
O01154,A0082,P008,Technology,North America,Enterprise,Direct,Expansion,157626,0.084,144385,Closed Lost,5/13/2025,9/24/2025,134,No,No,Weak product fit
O01155,A0933,P008,Manufacturing,Europe,Strategic,Direct,New Logo,193461,0.129,168504,Closed Lost,1/30/2026,7/3/2026,154,Yes,Yes,Weak product fit
O01156,A0448,P007,Financial Services,North America,Strategic,Direct,New Logo,129620,0.104,116139,Closed Lost,4/25/2024,8/28/2024,125,Yes,No,Competitor selected
O01157,A0112,P008,Manufacturing,APAC,Enterprise,Partner,New Logo,156231,0.199,125141,Closed Lost,8/8/2024,10/20/2024,73,Yes,No,Weak product fit
O01158,A0855,P003,Healthcare,Middle East,Enterprise,Direct,New Logo,205180,0.191,165990,Closed Lost,4/27/2024,7/30/2024,94,Yes,No,Competitor selected
O01159,A0971,P005,Healthcare,Europe,Enterprise,Direct,New Logo,135392,0.165,113052,Closed Lost,8/8/2025,10/2/2025,55,Yes,No,No executive sponsor
O01160,A0389,P007,Healthcare,North America,Strategic,Direct,New Logo,126049,0.16,105881,Closed Won,9/3/2023,1/21/2024,140,No,No,Superior analytics
O01161,A0504,P008,Financial Services,North America,Mid-Market,Partner,New Logo,96222,0.122,84482,Closed Lost,11/15/2025,3/25/2026,130,Yes,No,Weak product fit
O01162,A0688,P006,Healthcare,North America,Mid-Market,Inside Sales,New Logo,133403,0.058,125665,Closed Lost,6/1/2024,7/28/2024,57,Yes,No,Weak product fit
O01163,A0138,P008,Financial Services,Europe,Mid-Market,Direct,New Logo,94584,0.118,83423,Closed Lost,6/9/2024,8/3/2024,55,No,No,Limited budget
O01164,A0912,P003,Healthcare,North America,Strategic,Direct,Renewal,234251,0.074,216916,Open Pipeline,4/3/2026,9/4/2026,154,Yes,No,In progress
O01165,A0425,P007,Manufacturing,APAC,Mid-Market,Partner,New Logo,61039,0.141,52432,Closed Lost,10/7/2024,12/6/2024,60,Yes,Yes,Timing
O01166,A0248,P001,Technology,North America,Mid-Market,Inside Sales,New Logo,108046,0.095,97781,Closed Won,1/28/2024,4/28/2024,91,Yes,Yes,Bundle value
O01167,A0511,P006,Technology,North America,Mid-Market,Direct,New Logo,129233,0.141,111011,Closed Won,9/18/2025,12/23/2025,96,Yes,Yes,Superior analytics
O01168,A0725,P004,Manufacturing,North America,Enterprise,Direct,New Logo,158118,0.134,136930,Closed Lost,5/30/2025,10/21/2025,144,No,No,Limited budget
O01169,A0979,P007,Technology,North America,Enterprise,Inside Sales,New Logo,116139,0.074,107544,Closed Lost,1/20/2026,6/6/2026,137,Yes,No,No executive sponsor
O01170,A0257,P002,Manufacturing,North America,Enterprise,Direct,Expansion,264536,0.017,260038,Closed Lost,3/27/2026,6/11/2026,76,No,No,Price
O01171,A0794,P007,Financial Services,North America,Enterprise,Direct,New Logo,121287,0.162,101638,Closed Lost,5/10/2024,8/30/2024,112,No,Yes,Weak product fit
O01172,A0291,P003,Financial Services,Europe,Enterprise,Direct,New Logo,178545,0.103,160154,Closed Lost,1/19/2026,4/15/2026,86,No,No,Price
O01173,A0093,P001,Healthcare,Europe,Mid-Market,Inside Sales,New Logo,109663,0,109663,Closed Lost,5/14/2024,6/24/2024,41,No,No,No executive sponsor
O01174,A0693,P003,Financial Services,Europe,Mid-Market,Direct,New Logo,103373,0.225,80114,Closed Lost,9/7/2023,12/24/2023,108,No,No,Weak product fit
O01175,A0043,P005,Financial Services,Middle East,Mid-Market,Inside Sales,Renewal,84938,0.031,82304,Closed Won,8/9/2025,10/24/2025,76,Yes,Yes,Superior analytics
O01176,A0345,P007,Technology,APAC,Enterprise,Direct,Renewal,99879,0.197,80202,Closed Lost,12/2/2025,4/6/2026,125,Yes,Yes,Limited budget
O01177,A0132,P006,Financial Services,North America,Mid-Market,Direct,New Logo,131020,0.091,119097,Closed Lost,12/24/2024,3/7/2025,73,No,No,Competitor selected
O01178,A0068,P005,Healthcare,North America,Enterprise,Direct,New Logo,140400,0.149,119480,Closed Won,7/11/2024,12/30/2024,172,Yes,Yes,Bundle value
O01179,A0218,P004,Financial Services,APAC,Enterprise,Partner,Renewal,166440,0.15,141474,Closed Won,8/31/2024,10/26/2024,56,Yes,Yes,Existing relationship
O01180,A0951,P004,Financial Services,Europe,Enterprise,Direct,New Logo,146023,0.12,128500,Closed Lost,2/12/2024,7/17/2024,156,Yes,No,Timing
O01181,A0775,P008,Manufacturing,Europe,Enterprise,Direct,New Logo,127240,0.084,116551,Closed Lost,4/18/2026,7/27/2026,100,Yes,Yes,Competitor selected
O01182,A0329,P005,Healthcare,North America,Enterprise,Direct,New Logo,115099,0.224,89316,Closed Lost,3/25/2024,7/1/2024,98,No,No,Weak product fit
O01183,A0763,P003,Technology,Middle East,Enterprise,Inside Sales,Renewal,173034,0.151,146905,Closed Lost,2/15/2025,6/30/2025,135,No,Yes,Timing
O01184,A0652,P004,Financial Services,Middle East,Mid-Market,Inside Sales,New Logo,117725,0.102,105717,Closed Lost,12/1/2023,1/18/2024,48,Yes,No,Limited budget
O01185,A0194,P004,Manufacturing,Europe,Mid-Market,Direct,New Logo,90251,0.051,85648,Closed Lost,1/10/2024,4/18/2024,99,No,Yes,Weak product fit
O01186,A0249,P006,Financial Services,North America,Enterprise,Inside Sales,Renewal,185221,0.107,165402,Closed Lost,5/26/2025,7/14/2025,49,No,Yes,Timing
O01187,A0035,P007,Technology,Middle East,Enterprise,Partner,New Logo,96230,0.151,81699,Closed Won,6/16/2025,10/1/2025,107,Yes,Yes,Strong product fit
O01188,A0767,P007,Technology,North America,Enterprise,Partner,New Logo,89234,0.189,72368,Closed Lost,2/26/2024,6/19/2024,114,No,Yes,Limited budget
O01189,A0408,P004,Healthcare,North America,Enterprise,Inside Sales,Expansion,181479,0.13,157886,Closed Lost,6/3/2025,10/15/2025,134,Yes,No,Price
O01190,A0058,P004,Technology,APAC,Enterprise,Direct,New Logo,135488,0.098,122210,Closed Lost,9/8/2024,12/3/2024,86,Yes,Yes,Timing
O01191,A0351,P007,Healthcare,APAC,Mid-Market,Direct,New Logo,67683,0.067,63148,Open Pipeline,4/20/2026,9/3/2026,136,No,Yes,In progress
O01192,A0029,P004,Financial Services,Europe,Mid-Market,Direct,New Logo,99722,0.162,83567,Closed Lost,4/3/2025,6/17/2025,75,No,No,Weak product fit
O01193,A0292,P002,Technology,North America,Mid-Market,Direct,New Logo,141033,0.159,118608,Closed Lost,7/4/2025,9/13/2025,71,Yes,No,Weak product fit
O01194,A0376,P002,Manufacturing,APAC,Strategic,Direct,Renewal,307542,0.156,259565,Open Pipeline,6/8/2026,9/30/2026,114,No,Yes,In progress
O01195,A0043,P004,Financial Services,Middle East,Mid-Market,Direct,Renewal,112448,0.124,98504,Closed Won,11/10/2024,1/4/2025,55,Yes,No,Bundle value
O01196,A0164,P003,Manufacturing,Middle East,Mid-Market,Direct,New Logo,113062,0.182,92484,Closed Won,5/7/2024,7/3/2024,57,No,Yes,Superior analytics
O01197,A0407,P007,Healthcare,North America,Enterprise,Inside Sales,New Logo,109432,0.121,96190,Closed Lost,11/20/2023,3/10/2024,111,Yes,No,Limited budget
O01198,A0159,P003,Manufacturing,Europe,Strategic,Direct,Expansion,223247,0.158,187973,Closed Lost,6/7/2024,12/4/2024,180,No,No,Timing
O01199,A0622,P006,Healthcare,North America,Enterprise,Partner,Renewal,220860,0.238,168295,Closed Won,10/26/2023,5/5/2024,192,No,No,Superior analytics
O01200,A0694,P006,Healthcare,North America,Enterprise,Direct,New Logo,227383,0.042,217832,Closed Lost,9/28/2024,11/28/2024,61,No,Yes,Price
O01201,A0052,P008,Technology,APAC,Enterprise,Direct,New Logo,159030,0.145,135970,Closed Won,6/20/2026,10/27/2026,129,Yes,No,Bundle value
O01202,A0649,P005,Technology,Europe,Enterprise,Inside Sales,Expansion,101661,0.073,94239,Closed Lost,10/23/2024,1/10/2025,79,Yes,No,No executive sponsor
O01203,A0438,P003,Manufacturing,Europe,Enterprise,Direct,New Logo,208420,0.063,195289,Closed Won,4/22/2026,8/22/2026,122,Yes,Yes,Superior analytics
O01204,A0251,P005,Healthcare,North America,Mid-Market,Direct,Expansion,85060,0.066,79446,Closed Lost,12/12/2025,4/19/2026,128,Yes,Yes,No executive sponsor
O01205,A0247,P005,Financial Services,North America,Enterprise,Direct,New Logo,115675,0.012,114286,Closed Lost,1/15/2025,7/7/2025,173,No,Yes,Limited budget
O01206,A0090,P001,Financial Services,Europe,Enterprise,Direct,New Logo,216012,0.073,200243,Closed Lost,10/3/2025,2/15/2026,135,No,No,Weak product fit
O01207,A0991,P003,Healthcare,Europe,Enterprise,Inside Sales,New Logo,193892,0.068,180707,Closed Lost,2/26/2025,7/31/2025,155,No,No,Competitor selected
O01208,A0086,P007,Technology,North America,Strategic,Partner,New Logo,163523,0.171,135560,Closed Lost,6/13/2025,10/29/2025,138,No,Yes,Price
O01209,A0558,P004,Technology,North America,Enterprise,Direct,Expansion,165207,0.155,139599,Closed Lost,10/15/2023,3/6/2024,143,No,No,Timing
O01210,A0506,P008,Technology,North America,Mid-Market,Partner,New Logo,102599,0.11,91313,Closed Won,1/8/2025,3/1/2025,52,Yes,No,Superior analytics
O01211,A0221,P002,Healthcare,North America,Enterprise,Direct,New Logo,221659,0.079,204147,Open Pipeline,6/11/2026,10/5/2026,116,Yes,No,In progress
O01212,A0846,P007,Manufacturing,Europe,Enterprise,Direct,Expansion,90066,0.073,83491,Closed Won,11/6/2024,2/18/2025,104,Yes,Yes,Bundle value
O01213,A0938,P007,Manufacturing,North America,Enterprise,Direct,New Logo,117667,0.197,94486,Open Pipeline,5/7/2026,9/20/2026,136,Yes,No,In progress
O01214,A0651,P006,Manufacturing,North America,Enterprise,Direct,Expansion,229889,0.066,214716,Closed Lost,11/13/2025,4/15/2026,153,No,No,Price
O01215,A0975,P008,Financial Services,APAC,Mid-Market,Inside Sales,New Logo,90049,0.009,89238,Closed Lost,9/28/2025,1/25/2026,119,Yes,Yes,Weak product fit
O01216,A0932,P008,Healthcare,North America,Enterprise,Direct,Expansion,146146,0.124,128023,Closed Lost,4/8/2024,7/23/2024,106,Yes,Yes,No executive sponsor
O01217,A0707,P008,Technology,Middle East,Mid-Market,Inside Sales,New Logo,82085,0.1,73876,Closed Lost,9/11/2023,12/11/2023,91,No,No,Weak product fit
O01218,A0010,P004,Technology,North America,Enterprise,Direct,New Logo,153961,0.064,144107,Closed Lost,3/21/2025,6/16/2025,87,No,Yes,No executive sponsor
O01219,A0220,P003,Financial Services,APAC,Enterprise,Direct,Expansion,173318,0.05,164652,Closed Won,2/13/2025,5/26/2025,102,No,Yes,Executive alignment
O01220,A0906,P003,Technology,Europe,Mid-Market,Direct,New Logo,119565,0.132,103782,Closed Lost,2/16/2024,5/8/2024,82,No,Yes,Limited budget
O01221,A0696,P001,Healthcare,APAC,Mid-Market,Direct,New Logo,150636,0.089,137229,Closed Lost,3/14/2024,6/1/2024,79,Yes,No,No executive sponsor
O01222,A0139,P001,Healthcare,North America,Enterprise,Direct,Renewal,216543,0.151,183845,Closed Won,8/21/2024,12/2/2024,103,Yes,Yes,Strong product fit
O01223,A0042,P005,Financial Services,Europe,Enterprise,Inside Sales,New Logo,112743,0.089,102708,Closed Won,2/7/2024,4/7/2024,60,No,Yes,Bundle value
O01224,A0535,P005,Manufacturing,Middle East,Mid-Market,Direct,New Logo,72442,0.127,63241,Closed Lost,1/19/2024,5/3/2024,105,Yes,No,Limited budget
O01225,A0458,P001,Healthcare,North America,Mid-Market,Direct,New Logo,107405,0.052,101819,Closed Won,12/8/2024,3/5/2025,87,No,Yes,Superior analytics
O01226,A0403,P005,Healthcare,APAC,Enterprise,Direct,New Logo,130829,0.07,121670,Closed Won,4/13/2025,8/19/2025,128,Yes,Yes,Strong product fit
O01227,A0466,P008,Manufacturing,North America,Mid-Market,Direct,New Logo,98421,0.098,88775,Closed Won,12/28/2024,4/1/2025,94,Yes,Yes,Strong product fit
O01228,A0065,P004,Technology,North America,Mid-Market,Inside Sales,New Logo,108227,0.098,97620,Closed Won,1/24/2025,6/15/2025,142,Yes,Yes,Superior analytics
O01229,A0323,P002,Financial Services,North America,Strategic,Inside Sales,New Logo,276309,0.017,271611,Closed Lost,1/2/2024,5/11/2024,130,Yes,Yes,Weak product fit
O01230,A0361,P008,Healthcare,North America,Mid-Market,Inside Sales,New Logo,109901,0.047,104735,Closed Won,1/28/2026,5/20/2026,112,No,Yes,Bundle value
O01231,A0026,P005,Technology,APAC,Mid-Market,Direct,New Logo,81014,0.105,72507,Closed Lost,4/20/2025,6/27/2025,68,No,Yes,Competitor selected
O01232,A0841,P006,Healthcare,Europe,Mid-Market,Direct,Expansion,119427,0.11,106290,Closed Lost,11/30/2025,1/2/2026,33,No,Yes,No executive sponsor
O01233,A0030,P002,Manufacturing,Middle East,Enterprise,Direct,Expansion,219063,0.117,193432,Closed Lost,5/7/2026,9/15/2026,131,No,Yes,Price
O01234,A0133,P003,Financial Services,North America,Mid-Market,Inside Sales,New Logo,118581,0.067,110636,Closed Won,10/14/2024,12/11/2024,58,Yes,Yes,Strong product fit
O01235,A0747,P003,Financial Services,APAC,Mid-Market,Direct,New Logo,119363,0.079,109933,Closed Lost,12/19/2023,2/16/2024,59,No,No,Weak product fit
O01236,A0511,P003,Technology,North America,Mid-Market,Inside Sales,New Logo,111897,0.062,104959,Closed Won,3/16/2026,7/14/2026,120,Yes,No,Existing relationship
O01237,A0031,P004,Financial Services,North America,Enterprise,Partner,Renewal,150009,0.191,121357,Open Pipeline,6/15/2026,9/12/2026,89,Yes,No,In progress
O01238,A0694,P008,Healthcare,North America,Enterprise,Partner,New Logo,130608,0.141,112192,Closed Lost,1/9/2025,4/15/2025,96,Yes,Yes,Limited budget
O01239,A0678,P008,Financial Services,APAC,Enterprise,Direct,New Logo,173971,0.225,134827,Closed Won,11/26/2025,4/30/2026,155,Yes,Yes,Executive alignment
O01240,A0962,P007,Manufacturing,North America,Enterprise,Direct,New Logo,115203,0.118,101609,Closed Won,7/8/2024,11/13/2024,128,Yes,No,Existing relationship
O01241,A0408,P004,Healthcare,North America,Enterprise,Direct,Renewal,144717,0.012,142980,Closed Lost,1/24/2025,7/22/2025,179,Yes,No,Timing
O01242,A0909,P004,Healthcare,North America,Mid-Market,Direct,New Logo,90438,0.12,79585,Closed Lost,9/22/2024,12/5/2024,74,No,No,Competitor selected
O01243,A0893,P005,Manufacturing,Europe,Mid-Market,Direct,New Logo,92174,0.122,80928,Closed Won,6/16/2024,9/16/2024,92,Yes,No,Executive alignment
O01244,A0647,P005,Technology,North America,Enterprise,Direct,Expansion,138370,0.043,132420,Closed Won,8/21/2024,1/14/2025,146,Yes,No,Superior analytics
O01245,A0280,P008,Financial Services,APAC,Mid-Market,Direct,New Logo,113092,0.068,105401,Closed Won,8/9/2024,12/3/2024,116,Yes,Yes,Strong product fit
O01246,A0668,P008,Healthcare,APAC,Mid-Market,Direct,New Logo,95695,0.045,91388,Closed Lost,9/25/2025,12/17/2025,83,No,Yes,No executive sponsor
O01247,A0078,P004,Healthcare,APAC,Strategic,Inside Sales,Renewal,188583,0.088,171987,Closed Lost,3/11/2025,6/30/2025,111,No,No,Competitor selected
O01248,A0333,P004,Healthcare,North America,Enterprise,Direct,Expansion,149545,0.12,131599,Closed Lost,1/23/2024,6/21/2024,150,No,No,No executive sponsor
O01249,A0846,P007,Manufacturing,Europe,Enterprise,Inside Sales,Expansion,120280,0.157,101396,Closed Won,7/29/2024,11/3/2024,97,No,Yes,Bundle value
O01250,A0399,P002,Financial Services,North America,Strategic,Partner,New Logo,301873,0.23,232442,Closed Lost,10/13/2023,1/27/2024,106,Yes,No,Price
O01251,A0532,P008,Financial Services,Europe,Mid-Market,Direct,New Logo,91901,0.114,81424,Closed Won,11/3/2023,1/18/2024,76,Yes,Yes,Executive alignment
O01252,A0143,P004,Financial Services,Europe,Enterprise,Direct,Expansion,159451,0.111,141751,Closed Lost,2/2/2024,5/25/2024,113,No,No,Weak product fit
O01253,A0986,P004,Healthcare,North America,Strategic,Direct,Renewal,204992,0.13,178343,Closed Won,5/19/2024,10/30/2024,164,No,No,Executive alignment
O01254,A0871,P008,Financial Services,North America,Mid-Market,Partner,Renewal,95296,0.091,86624,Closed Lost,11/6/2025,1/28/2026,83,No,Yes,No executive sponsor
O01255,A0070,P005,Technology,Europe,Enterprise,Direct,New Logo,120759,0.149,102765,Closed Lost,2/9/2024,5/29/2024,110,No,Yes,Weak product fit
O01256,A0940,P007,Financial Services,North America,Enterprise,Direct,Expansion,120484,0.064,112773,Closed Lost,1/5/2024,4/23/2024,109,Yes,No,Competitor selected
O01257,A0468,P006,Healthcare,North America,Mid-Market,Partner,Expansion,152567,0.127,133190,Closed Won,4/9/2026,6/21/2026,73,Yes,No,Existing relationship
O01258,A0511,P008,Technology,North America,Mid-Market,Direct,New Logo,94697,0.053,89678,Closed Won,4/6/2026,6/3/2026,58,Yes,No,Existing relationship
O01259,A0601,P004,Technology,APAC,Mid-Market,Direct,New Logo,94441,0.049,89813,Closed Lost,2/28/2025,5/14/2025,75,Yes,Yes,Limited budget
O01260,A0760,P001,Financial Services,North America,Enterprise,Partner,Expansion,230819,0.144,197581,Closed Lost,5/19/2024,7/22/2024,64,Yes,Yes,Timing
O01261,A0366,P005,Technology,North America,Mid-Market,Inside Sales,New Logo,67656,0.053,64070,Closed Lost,4/4/2026,7/18/2026,105,Yes,Yes,Timing
O01262,A0399,P003,Financial Services,North America,Strategic,Direct,New Logo,278380,0.175,229663,Closed Won,5/26/2024,9/11/2024,108,No,Yes,Bundle value
O01263,A0358,P004,Technology,North America,Mid-Market,Direct,New Logo,94949,0.131,82510,Closed Lost,6/8/2025,8/8/2025,61,No,No,Competitor selected
O01264,A0039,P008,Manufacturing,Europe,Enterprise,Partner,New Logo,169655,0.106,151671,Closed Lost,12/21/2025,6/14/2026,175,Yes,No,No executive sponsor
O01265,A0819,P006,Manufacturing,North America,Enterprise,Inside Sales,Renewal,233884,0.107,208858,Closed Lost,7/1/2024,10/15/2024,106,No,Yes,No executive sponsor
O01266,A0053,P002,Technology,APAC,Enterprise,Inside Sales,New Logo,243149,0,243149,Open Pipeline,5/23/2026,10/2/2026,132,Yes,Yes,In progress
O01267,A0868,P007,Financial Services,Middle East,Enterprise,Partner,New Logo,108210,0.136,93493,Closed Won,6/21/2025,10/28/2025,129,No,No,Strong product fit
O01268,A0681,P006,Technology,Middle East,Mid-Market,Direct,New Logo,150160,0.111,133492,Closed Won,2/21/2025,5/13/2025,81,No,Yes,Existing relationship
O01269,A0482,P006,Healthcare,Middle East,Enterprise,Direct,New Logo,223845,0.057,211085,Closed Lost,11/15/2024,3/29/2025,134,Yes,No,Weak product fit
O01270,A0292,P007,Technology,North America,Mid-Market,Partner,New Logo,57911,0.234,44359,Closed Lost,1/11/2024,3/12/2024,61,Yes,Yes,Timing
O01271,A0270,P007,Manufacturing,Europe,Enterprise,Direct,New Logo,92378,0.138,79629,Closed Lost,1/23/2024,6/22/2024,151,Yes,Yes,Weak product fit
O01272,A0915,P004,Manufacturing,APAC,Strategic,Direct,New Logo,191347,0.096,172977,Closed Lost,11/9/2024,4/4/2025,146,No,Yes,Timing
O01273,A0849,P004,Technology,Europe,Enterprise,Direct,Expansion,149627,0.109,133317,Closed Lost,12/23/2023,3/17/2024,85,Yes,No,No executive sponsor
O01274,A0186,P001,Healthcare,North America,Mid-Market,Direct,New Logo,114083,0.139,98225,Closed Won,9/30/2024,1/16/2025,108,No,Yes,Superior analytics
O01275,A0498,P007,Healthcare,North America,Mid-Market,Direct,New Logo,78732,0.078,72590,Open Pipeline,6/6/2026,10/12/2026,128,Yes,Yes,In progress
O01276,A0633,P001,Manufacturing,Europe,Enterprise,Direct,New Logo,223813,0.238,170545,Closed Lost,10/19/2024,2/10/2025,114,Yes,Yes,Price
O01277,A0111,P001,Manufacturing,APAC,Enterprise,Direct,New Logo,221208,0.133,191787,Closed Won,6/1/2024,9/9/2024,100,Yes,No,Strong product fit
O01278,A0194,P002,Manufacturing,Europe,Mid-Market,Direct,New Logo,142255,0.172,117787,Closed Won,10/14/2024,11/30/2024,47,No,Yes,Existing relationship
O01279,A0018,P007,Financial Services,Europe,Enterprise,Direct,New Logo,109913,0.06,103318,Closed Lost,5/29/2024,9/30/2024,124,Yes,No,Weak product fit
O01280,A0489,P007,Technology,Middle East,Enterprise,Inside Sales,New Logo,95996,0.153,81308,Closed Lost,7/6/2024,12/22/2024,169,No,No,Weak product fit
O01281,A0465,P004,Technology,Europe,Enterprise,Direct,New Logo,142366,0.146,121580,Closed Won,12/9/2023,4/13/2024,126,Yes,Yes,Existing relationship
O01282,A0520,P004,Manufacturing,APAC,Enterprise,Direct,New Logo,147605,0.116,130482,Closed Lost,3/6/2026,6/14/2026,100,No,No,Weak product fit
O01283,A0686,P005,Healthcare,APAC,Enterprise,Partner,New Logo,130371,0.145,111467,Closed Lost,8/22/2025,1/12/2026,143,No,Yes,No executive sponsor
O01284,A0301,P005,Manufacturing,APAC,Enterprise,Direct,New Logo,103996,0.154,87980,Closed Won,1/21/2026,5/15/2026,114,Yes,Yes,Bundle value
O01285,A0385,P008,Technology,North America,Enterprise,Direct,New Logo,162819,0.161,136605,Closed Won,9/6/2025,12/13/2025,98,No,Yes,Existing relationship
O01286,A0385,P008,Technology,North America,Enterprise,Partner,New Logo,156674,0.091,142416,Closed Won,11/17/2023,3/10/2024,114,Yes,Yes,Bundle value
O01287,A0715,P001,Technology,Europe,Mid-Market,Direct,New Logo,143643,0.069,133731,Closed Lost,12/15/2023,3/11/2024,87,Yes,Yes,Price
O01288,A0690,P004,Healthcare,Europe,Enterprise,Direct,Expansion,165305,0.128,144145,Closed Won,3/23/2024,6/27/2024,96,Yes,No,Existing relationship
O01289,A0359,P008,Healthcare,APAC,Mid-Market,Direct,New Logo,110806,0.062,103936,Closed Lost,6/12/2025,9/19/2025,99,No,No,Limited budget
O01290,A0502,P006,Financial Services,APAC,Enterprise,Direct,Renewal,217417,0.091,197632,Closed Lost,2/20/2024,7/27/2024,158,Yes,Yes,Price
O01291,A0710,P006,Healthcare,Middle East,Enterprise,Direct,New Logo,221928,0.045,211941,Closed Won,9/5/2025,1/21/2026,138,Yes,Yes,Strong product fit
O01292,A0398,P005,Manufacturing,Europe,Enterprise,Inside Sales,New Logo,105826,0.045,101063,Closed Lost,12/1/2025,3/8/2026,97,No,Yes,Limited budget
O01293,A0193,P003,Healthcare,APAC,Enterprise,Direct,New Logo,176101,0.158,148277,Closed Won,5/15/2024,9/5/2024,113,Yes,No,Strong product fit
O01294,A0657,P007,Manufacturing,North America,Strategic,Direct,Renewal,164883,0.023,161090,Open Pipeline,2/28/2026,9/1/2026,185,No,No,In progress
O01295,A0585,P007,Healthcare,North America,Enterprise,Direct,New Logo,89039,0.137,76840,Closed Lost,9/28/2024,2/17/2025,142,No,Yes,Timing
O01296,A0185,P006,Financial Services,Middle East,Enterprise,Direct,New Logo,208889,0.123,183195,Closed Won,1/27/2024,5/6/2024,100,No,No,Superior analytics
O01297,A0209,P002,Manufacturing,North America,Strategic,Direct,Expansion,342959,0.085,313807,Closed Lost,2/21/2024,6/17/2024,117,Yes,No,Timing
O01298,A0832,P007,Financial Services,North America,Mid-Market,Direct,Expansion,64631,0.124,56616,Closed Lost,8/29/2023,11/2/2023,65,Yes,No,Limited budget
O01299,A0383,P007,Technology,Europe,Mid-Market,Direct,New Logo,77004,0.169,63990,Closed Won,4/3/2025,7/12/2025,100,No,No,Strong product fit
O01300,A0481,P004,Financial Services,Europe,Enterprise,Partner,New Logo,157472,0.186,128182,Closed Won,9/26/2023,1/22/2024,118,No,No,Existing relationship
O01301,A0131,P004,Technology,Europe,Mid-Market,Direct,New Logo,120568,0.093,109355,Closed Lost,7/19/2025,10/13/2025,86,No,No,Limited budget
O01302,A0878,P006,Technology,Europe,Strategic,Direct,New Logo,282904,0.065,264515,Closed Lost,6/20/2026,11/1/2026,134,No,No,No executive sponsor
O01303,A0106,P002,Technology,Middle East,Mid-Market,Direct,New Logo,135708,0.11,120780,Closed Won,7/20/2024,9/25/2024,67,Yes,Yes,Bundle value
O01304,A0312,P008,Technology,Europe,Enterprise,Direct,Renewal,140584,0.107,125541,Closed Won,8/12/2024,10/22/2024,71,Yes,Yes,Superior analytics
O01305,A0626,P001,Technology,Middle East,Mid-Market,Inside Sales,New Logo,117018,0.021,114560,Closed Lost,8/8/2024,10/6/2024,59,Yes,Yes,No executive sponsor
O01306,A0761,P002,Technology,Europe,Enterprise,Direct,New Logo,247446,0.141,212556,Closed Lost,10/4/2024,2/8/2025,127,Yes,No,Competitor selected
O01307,A0049,P004,Manufacturing,Middle East,Enterprise,Direct,Expansion,136785,0.153,115856,Closed Lost,12/9/2023,3/8/2024,90,No,No,Competitor selected
O01308,A0870,P005,Healthcare,Europe,Enterprise,Partner,New Logo,121885,0.16,102383,Closed Lost,1/14/2024,4/20/2024,97,Yes,Yes,Competitor selected
O01309,A0124,P005,Financial Services,APAC,Strategic,Direct,New Logo,163824,0.128,142854,Closed Won,4/2/2026,8/1/2026,121,Yes,Yes,Bundle value
O01310,A0924,P003,Healthcare,Europe,Enterprise,Direct,Renewal,192354,0.023,187929,Closed Lost,5/20/2024,8/27/2024,99,No,No,Price
O01311,A0911,P003,Healthcare,North America,Enterprise,Partner,New Logo,202263,0.145,172934,Closed Lost,5/5/2025,8/6/2025,93,No,Yes,Limited budget
O01312,A0885,P007,Healthcare,North America,Mid-Market,Direct,New Logo,64437,0.074,59668,Closed Lost,1/24/2024,4/9/2024,76,No,No,No executive sponsor
O01313,A0917,P002,Technology,Europe,Mid-Market,Partner,Expansion,132237,0.115,117029,Closed Lost,9/10/2025,10/20/2025,40,Yes,No,Competitor selected
O01314,A0983,P004,Healthcare,North America,Enterprise,Direct,New Logo,141563,0.004,140996,Closed Won,10/13/2025,2/28/2026,138,Yes,Yes,Existing relationship
O01315,A0688,P004,Healthcare,North America,Mid-Market,Direct,New Logo,86300,0.123,75685,Closed Lost,12/6/2025,4/1/2026,116,Yes,No,No executive sponsor
O01316,A0730,P004,Healthcare,APAC,Enterprise,Partner,New Logo,179831,0.15,152856,Closed Won,3/12/2024,7/21/2024,131,Yes,Yes,Executive alignment
O01317,A0205,P008,Manufacturing,Europe,Enterprise,Direct,Renewal,142382,0.146,121594,Closed Won,11/19/2024,3/7/2025,108,Yes,Yes,Executive alignment
O01318,A0356,P007,Technology,APAC,Mid-Market,Inside Sales,New Logo,67657,0.082,62109,Closed Lost,6/17/2025,8/11/2025,55,Yes,Yes,Weak product fit
O01319,A0250,P002,Technology,North America,Enterprise,Direct,Expansion,219905,0.177,180981,Closed Lost,10/31/2025,2/22/2026,114,No,No,Limited budget
O01320,A0765,P004,Technology,APAC,Mid-Market,Direct,New Logo,91988,0.05,87388,Closed Lost,11/30/2023,2/19/2024,81,Yes,Yes,Timing
O01321,A0433,P007,Technology,North America,Enterprise,Partner,New Logo,107447,0.292,76072,Closed Lost,5/7/2024,7/26/2024,80,Yes,Yes,Competitor selected
O01322,A0396,P002,Healthcare,Europe,Enterprise,Partner,New Logo,238813,0.125,208961,Closed Won,5/27/2025,8/23/2025,88,Yes,No,Strong product fit
O01323,A0532,P006,Financial Services,Europe,Mid-Market,Partner,New Logo,129548,0.23,99751,Closed Lost,1/28/2025,2/24/2025,27,No,No,Weak product fit
O01324,A0652,P001,Financial Services,Middle East,Mid-Market,Direct,New Logo,110084,0.125,96323,Closed Lost,3/7/2025,6/6/2025,91,Yes,Yes,Competitor selected
O01325,A0301,P003,Manufacturing,APAC,Enterprise,Direct,New Logo,207789,0.045,198438,Closed Won,1/19/2025,4/17/2025,88,No,Yes,Existing relationship
O01326,A0881,P001,Manufacturing,North America,Mid-Market,Direct,New Logo,134505,0.167,112042,Closed Lost,4/12/2025,7/20/2025,99,No,No,Timing
O01327,A0779,P003,Financial Services,North America,Mid-Market,Partner,Renewal,113907,0.132,98871,Closed Lost,1/6/2025,2/10/2025,35,Yes,No,Timing
O01328,A0862,P006,Financial Services,APAC,Strategic,Inside Sales,New Logo,270374,0.026,263344,Closed Lost,1/12/2024,7/21/2024,191,No,No,Weak product fit
O01329,A0473,P005,Healthcare,Middle East,Enterprise,Direct,New Logo,109152,0.046,104131,Closed Lost,4/5/2025,7/7/2025,93,Yes,No,Timing
O01330,A0649,P008,Technology,Europe,Enterprise,Direct,New Logo,130176,0.186,105963,Closed Lost,9/6/2023,1/20/2024,136,No,No,Price
O01331,A0228,P004,Manufacturing,Europe,Strategic,Direct,New Logo,247998,0.136,214270,Closed Won,3/22/2024,9/17/2024,179,Yes,Yes,Strong product fit
O01332,A0722,P003,Manufacturing,Europe,Enterprise,Direct,Expansion,171402,0.098,154604,Closed Lost,10/27/2023,2/26/2024,122,Yes,Yes,Timing
O01333,A0244,P001,Financial Services,Middle East,Enterprise,Direct,New Logo,209017,0.134,181008,Closed Lost,10/21/2024,1/18/2025,89,Yes,No,Timing
O01334,A0388,P006,Manufacturing,Middle East,Enterprise,Direct,New Logo,209541,0.054,198225,Closed Won,7/19/2025,11/11/2025,115,No,No,Existing relationship
O01335,A0324,P004,Technology,Europe,Mid-Market,Direct,New Logo,114935,0.135,99418,Closed Lost,3/3/2026,5/10/2026,68,No,No,Timing
O01336,A0877,P006,Healthcare,Europe,Enterprise,Inside Sales,Expansion,182587,0.008,181126,Closed Lost,5/31/2024,9/14/2024,106,Yes,No,Price
O01337,A0839,P002,Financial Services,APAC,Enterprise,Direct,New Logo,198699,0.053,188167,Closed Lost,5/25/2025,9/13/2025,111,Yes,Yes,Price
O01338,A0665,P006,Manufacturing,APAC,Enterprise,Inside Sales,Expansion,219152,0.009,217179,Closed Won,12/21/2023,3/18/2024,88,Yes,Yes,Bundle value
O01339,A0229,P005,Technology,Middle East,Mid-Market,Partner,Expansion,66841,0.176,55076,Closed Lost,1/24/2026,4/9/2026,75,No,Yes,Competitor selected
O01340,A0386,P004,Financial Services,Europe,Mid-Market,Direct,New Logo,117740,0.041,112912,Closed Lost,12/25/2024,4/15/2025,111,Yes,No,Competitor selected
O01341,A0079,P006,Healthcare,Middle East,Strategic,Inside Sales,Expansion,289823,0,289823,Closed Lost,7/10/2025,11/26/2025,139,Yes,Yes,Timing
O01342,A0985,P005,Technology,North America,Mid-Market,Partner,New Logo,69780,0.171,57847,Closed Lost,6/12/2024,8/2/2024,51,No,Yes,Weak product fit
O01343,A0958,P008,Manufacturing,North America,Mid-Market,Direct,New Logo,95850,0.119,84443,Closed Lost,1/14/2025,2/15/2025,32,Yes,No,Competitor selected
O01344,A0481,P008,Financial Services,Europe,Enterprise,Inside Sales,New Logo,130199,0.092,118220,Closed Lost,9/2/2024,12/14/2024,103,No,Yes,Competitor selected
O01345,A0093,P003,Healthcare,Europe,Mid-Market,Direct,Expansion,114011,0.174,94173,Closed Lost,11/18/2024,3/10/2025,112,Yes,No,No executive sponsor
O01346,A0098,P006,Healthcare,North America,Enterprise,Inside Sales,New Logo,245167,0.114,217217,Closed Won,3/4/2025,6/13/2025,101,No,No,Executive alignment
O01347,A0053,P004,Technology,APAC,Enterprise,Inside Sales,New Logo,159136,0.087,145291,Closed Lost,7/30/2025,11/16/2025,109,Yes,Yes,Competitor selected
O01348,A0458,P007,Healthcare,North America,Mid-Market,Partner,New Logo,59766,0.178,49127,Closed Lost,8/26/2025,10/15/2025,50,Yes,No,Price
O01349,A0538,P007,Healthcare,North America,Enterprise,Direct,Expansion,121698,0.069,113300,Closed Won,8/7/2024,12/18/2024,133,Yes,Yes,Bundle value
O01350,A0844,P003,Manufacturing,North America,Mid-Market,Direct,New Logo,130168,0.114,115328,Closed Lost,10/24/2024,1/30/2025,98,No,Yes,No executive sponsor
O01351,A0219,P007,Healthcare,North America,Enterprise,Direct,New Logo,90913,0.126,79457,Closed Lost,10/21/2024,3/2/2025,132,Yes,Yes,Weak product fit
O01352,A0788,P001,Financial Services,APAC,Strategic,Direct,New Logo,306039,0.084,280331,Closed Won,12/14/2024,6/25/2025,193,No,No,Executive alignment
O01353,A0647,P002,Technology,North America,Enterprise,Inside Sales,Expansion,260923,0.045,249181,Closed Won,1/23/2026,5/25/2026,122,No,Yes,Executive alignment
O01354,A0398,P007,Manufacturing,Europe,Enterprise,Inside Sales,New Logo,100239,0.027,97532,Closed Lost,12/13/2024,4/10/2025,118,Yes,Yes,Weak product fit
O01355,A0651,P006,Manufacturing,North America,Enterprise,Inside Sales,New Logo,244985,0.004,244005,Closed Won,3/6/2026,5/8/2026,63,Yes,No,Executive alignment
O01356,A0524,P005,Healthcare,North America,Mid-Market,Partner,Renewal,85593,0.166,71384,Open Pipeline,8/3/2026,10/14/2026,72,No,No,In progress
O01357,A0399,P001,Financial Services,North America,Strategic,Direct,New Logo,248329,0.115,219771,Closed Lost,4/17/2025,9/9/2025,145,No,No,No executive sponsor
O01358,A0389,P003,Healthcare,North America,Strategic,Direct,New Logo,235313,0.237,179543,Closed Won,5/20/2025,10/3/2025,136,No,No,Strong product fit
O01359,A0931,P002,Manufacturing,Middle East,Mid-Market,Inside Sales,Expansion,164781,0.163,137921,Closed Lost,1/17/2026,3/2/2026,44,No,Yes,Price
O01360,A0472,P002,Healthcare,North America,Mid-Market,Direct,New Logo,126183,0.103,113186,Closed Lost,1/5/2024,3/21/2024,76,Yes,No,No executive sponsor
O01361,A0953,P001,Manufacturing,North America,Mid-Market,Direct,New Logo,115884,0.119,102093,Closed Won,1/7/2026,3/15/2026,67,Yes,No,Bundle value
O01362,A0779,P006,Financial Services,North America,Mid-Market,Direct,Renewal,157415,0.201,125774,Closed Lost,8/19/2025,11/5/2025,78,No,Yes,Timing
O01363,A0161,P001,Manufacturing,APAC,Mid-Market,Direct,New Logo,109197,0.106,97622,Closed Won,8/22/2024,9/26/2024,35,No,No,Executive alignment
O01364,A0866,P008,Manufacturing,APAC,Enterprise,Partner,New Logo,140982,0.153,119411,Closed Won,10/31/2025,2/8/2026,100,Yes,Yes,Strong product fit
O01365,A0730,P003,Healthcare,APAC,Enterprise,Direct,New Logo,166879,0.042,159870,Closed Won,3/12/2025,7/4/2025,114,No,No,Strong product fit
O01366,A0499,P005,Financial Services,Europe,Strategic,Direct,New Logo,195706,0.029,190030,Closed Lost,11/10/2025,4/29/2026,170,Yes,No,No executive sponsor
O01367,A0860,P004,Healthcare,Europe,Enterprise,Direct,New Logo,179313,0.073,166223,Closed Lost,5/2/2026,8/7/2026,97,No,Yes,Timing
O01368,A0231,P001,Healthcare,Europe,Mid-Market,Direct,New Logo,143680,0.13,125001,Open Pipeline,7/25/2026,9/23/2026,60,No,Yes,In progress
O01369,A0021,P006,Technology,APAC,Enterprise,Partner,New Logo,203671,0.12,179230,Closed Lost,12/15/2023,4/8/2024,115,Yes,Yes,Timing
O01370,A0478,P008,Technology,Middle East,Enterprise,Direct,New Logo,159185,0.152,134988,Closed Lost,8/2/2024,12/27/2024,147,No,No,Limited budget
O01371,A0963,P005,Financial Services,APAC,Mid-Market,Direct,Expansion,89426,0.125,78247,Closed Lost,9/9/2023,1/13/2024,126,No,No,Competitor selected
O01372,A0691,P008,Financial Services,North America,Enterprise,Direct,Expansion,172185,0.122,151178,Closed Won,10/19/2024,12/21/2024,63,Yes,Yes,Executive alignment
O01373,A0786,P005,Healthcare,North America,Enterprise,Direct,Expansion,109003,0.138,93960,Closed Lost,4/8/2026,7/30/2026,113,Yes,Yes,Competitor selected
O01374,A0861,P003,Healthcare,Europe,Mid-Market,Direct,New Logo,121656,0.05,115573,Open Pipeline,8/16/2026,10/17/2026,62,No,Yes,In progress
O01375,A0406,P006,Financial Services,Europe,Enterprise,Partner,Expansion,220334,0.152,186843,Open Pipeline,5/5/2026,9/25/2026,143,No,No,In progress
O01376,A0759,P002,Manufacturing,Middle East,Enterprise,Direct,New Logo,213547,0.163,178738,Closed Lost,1/11/2026,5/17/2026,126,No,Yes,Limited budget
O01377,A0395,P005,Technology,Middle East,Strategic,Direct,New Logo,152330,0.045,145475,Closed Won,7/5/2024,10/15/2024,102,No,No,Existing relationship
O01378,A0139,P007,Healthcare,North America,Enterprise,Direct,New Logo,116146,0.101,104415,Closed Won,11/13/2023,1/30/2024,78,No,No,Executive alignment
O01379,A0096,P002,Healthcare,Middle East,Enterprise,Inside Sales,Expansion,214397,0.034,207107,Closed Lost,1/21/2025,4/16/2025,85,Yes,No,Limited budget
O01380,A0038,P005,Manufacturing,APAC,Mid-Market,Direct,New Logo,86790,0.086,79326,Closed Lost,11/9/2023,12/31/2023,52,No,Yes,Limited budget
O01381,A0239,P007,Technology,North America,Enterprise,Direct,Expansion,87972,0.098,79350,Closed Lost,2/28/2024,6/23/2024,116,Yes,No,No executive sponsor
O01382,A0595,P002,Manufacturing,North America,Enterprise,Direct,New Logo,269490,0.1,242541,Closed Lost,12/2/2023,2/5/2024,65,Yes,No,Timing
O01383,A0033,P008,Manufacturing,Europe,Enterprise,Direct,New Logo,147093,0.01,145622,Closed Lost,7/15/2024,11/28/2024,136,Yes,No,Weak product fit
O01384,A0603,P002,Healthcare,North America,Enterprise,Direct,New Logo,202203,0.16,169850,Closed Lost,10/20/2025,1/28/2026,100,Yes,No,Weak product fit
O01385,A0940,P007,Financial Services,North America,Enterprise,Direct,New Logo,104341,0.1,93906,Closed Lost,2/25/2026,7/3/2026,128,Yes,No,Timing
O01386,A0862,P002,Financial Services,APAC,Strategic,Partner,Renewal,323855,0.092,294060,Closed Lost,7/25/2024,1/20/2025,179,No,Yes,No executive sponsor
O01387,A0597,P002,Healthcare,APAC,Strategic,Direct,Expansion,342431,0.12,301339,Closed Won,11/25/2025,5/30/2026,186,No,Yes,Superior analytics
O01388,A0731,P004,Healthcare,Middle East,Mid-Market,Direct,New Logo,97673,0.071,90738,Closed Won,12/24/2023,3/6/2024,73,No,No,Executive alignment
O01389,A0446,P005,Manufacturing,Europe,Mid-Market,Direct,Expansion,65511,0.077,60466,Closed Won,1/23/2025,2/17/2025,25,Yes,No,Superior analytics
O01390,A0379,P007,Financial Services,Europe,Enterprise,Inside Sales,New Logo,102393,0.149,87136,Closed Lost,11/20/2023,4/13/2024,145,No,Yes,Weak product fit
O01391,A0498,P003,Healthcare,North America,Mid-Market,Partner,Expansion,128459,0.156,108419,Closed Won,12/8/2025,2/8/2026,62,Yes,Yes,Existing relationship
O01392,A0265,P008,Technology,APAC,Enterprise,Partner,New Logo,159123,0.131,138277,Closed Lost,6/20/2024,11/5/2024,138,No,Yes,Competitor selected
O01393,A0283,P008,Healthcare,Europe,Enterprise,Inside Sales,Expansion,171899,0.075,159006,Closed Lost,9/8/2025,11/5/2025,58,No,Yes,Price
O01394,A0933,P001,Manufacturing,Europe,Strategic,Partner,New Logo,234711,0.221,182839,Closed Lost,6/10/2025,11/22/2025,165,Yes,No,Weak product fit
O01395,A0332,P004,Manufacturing,APAC,Enterprise,Direct,New Logo,147206,0.111,130866,Closed Won,11/18/2025,4/24/2026,157,No,Yes,Executive alignment
O01396,A0048,P005,Healthcare,Europe,Strategic,Partner,Renewal,167094,0.182,136682,Closed Won,4/23/2024,9/24/2024,154,Yes,No,Executive alignment
O01397,A0160,P008,Manufacturing,North America,Mid-Market,Partner,New Logo,106677,0.192,86195,Closed Lost,4/5/2026,7/19/2026,105,Yes,No,Weak product fit
O01398,A0738,P001,Healthcare,Europe,Mid-Market,Direct,New Logo,124635,0.171,103322,Closed Lost,4/13/2025,7/11/2025,89,No,Yes,Price
O01399,A0148,P006,Healthcare,APAC,Mid-Market,Partner,New Logo,131244,0.179,107751,Closed Lost,5/19/2025,8/7/2025,80,Yes,Yes,Timing
O01400,A0344,P007,Financial Services,Europe,Enterprise,Direct,New Logo,110672,0.066,103367,Closed Won,12/8/2023,4/14/2024,128,No,Yes,Executive alignment
O01401,A0328,P006,Manufacturing,Europe,Mid-Market,Inside Sales,New Logo,145828,0.053,138099,Closed Lost,10/26/2023,1/4/2024,70,No,Yes,Timing
O01402,A0812,P001,Healthcare,Europe,Mid-Market,Inside Sales,New Logo,117433,0.116,103810,Closed Lost,1/20/2026,3/17/2026,56,No,Yes,No executive sponsor
O01403,A0117,P007,Healthcare,North America,Mid-Market,Direct,New Logo,77786,0.145,66507,Closed Lost,3/10/2025,6/1/2025,83,Yes,No,Price
O01404,A0246,P001,Financial Services,Middle East,Strategic,Direct,Renewal,271418,0.119,239119,Closed Lost,7/1/2025,11/9/2025,131,No,No,Limited budget
O01405,A0304,P006,Manufacturing,APAC,Enterprise,Direct,New Logo,252196,0.087,230254,Closed Lost,6/30/2025,10/30/2025,122,Yes,Yes,Competitor selected
O01406,A0988,P003,Financial Services,North America,Mid-Market,Direct,Renewal,109869,0.121,96574,Closed Lost,9/22/2025,1/9/2026,109,Yes,Yes,Weak product fit
O01407,A0597,P007,Healthcare,APAC,Strategic,Direct,New Logo,141033,0.092,128057,Closed Lost,8/8/2024,1/28/2025,173,Yes,Yes,Timing
O01408,A0343,P006,Technology,North America,Enterprise,Partner,Expansion,234682,0.203,187041,Closed Lost,12/26/2023,3/27/2024,92,No,Yes,Timing
O01409,A0487,P005,Technology,Europe,Enterprise,Direct,New Logo,137083,0.203,109255,Closed Lost,7/5/2025,11/8/2025,126,No,Yes,No executive sponsor
O01410,A0068,P008,Healthcare,North America,Enterprise,Inside Sales,Expansion,128480,0.057,121156,Closed Won,1/2/2026,4/21/2026,109,Yes,Yes,Superior analytics
O01411,A0789,P006,Healthcare,North America,Mid-Market,Inside Sales,Expansion,152992,0.102,137386,Closed Won,1/9/2025,4/8/2025,89,Yes,No,Executive alignment
O01412,A0110,P005,Technology,North America,Mid-Market,Partner,New Logo,72793,0.132,63184,Closed Lost,8/5/2026,10/17/2026,73,No,No,No executive sponsor
O01413,A0258,P004,Manufacturing,Europe,Strategic,Direct,New Logo,240248,0,240248,Closed Won,2/21/2026,7/29/2026,158,No,Yes,Superior analytics
O01414,A0528,P002,Financial Services,APAC,Enterprise,Direct,New Logo,218469,0.042,209293,Closed Lost,5/14/2026,9/7/2026,116,Yes,No,Competitor selected
O01415,A0874,P001,Manufacturing,North America,Enterprise,Direct,Renewal,188367,0.143,161430,Closed Won,4/23/2024,8/13/2024,112,Yes,No,Executive alignment
O01416,A0348,P007,Technology,APAC,Strategic,Partner,Expansion,161541,0.22,126001,Closed Won,11/15/2024,3/21/2025,126,No,Yes,Executive alignment
O01417,A0797,P004,Healthcare,APAC,Enterprise,Direct,Expansion,185771,0.155,156976,Closed Lost,1/7/2024,6/8/2024,153,Yes,No,Limited budget
O01418,A0986,P008,Healthcare,North America,Strategic,Direct,Expansion,223444,0.082,205121,Closed Won,12/31/2025,6/1/2026,152,Yes,No,Strong product fit
O01419,A0053,P008,Technology,APAC,Enterprise,Partner,Expansion,160895,0.095,145609,Closed Won,2/17/2025,5/2/2025,74,No,No,Bundle value
O01420,A0153,P001,Financial Services,Europe,Mid-Market,Direct,New Logo,137390,0.189,111423,Closed Won,1/2/2025,3/30/2025,87,Yes,No,Superior analytics
O01421,A0401,P006,Healthcare,APAC,Mid-Market,Partner,New Logo,143481,0.07,133437,Open Pipeline,5/21/2026,9/17/2026,119,Yes,Yes,In progress
O01422,A0514,P007,Healthcare,APAC,Mid-Market,Direct,New Logo,73378,0.069,68314,Closed Lost,4/6/2025,6/7/2025,62,No,No,Timing
O01423,A0788,P003,Financial Services,APAC,Strategic,Inside Sales,Expansion,258242,0.104,231384,Closed Lost,11/25/2024,8/1/2025,249,Yes,Yes,Limited budget
O01424,A0102,P004,Healthcare,Europe,Mid-Market,Direct,New Logo,90487,0.003,90215,Closed Lost,9/3/2025,12/19/2025,107,No,No,Timing
O01425,A0591,P004,Financial Services,APAC,Mid-Market,Direct,New Logo,96195,0.101,86479,Closed Lost,5/20/2025,8/14/2025,86,Yes,No,Competitor selected
O01426,A0579,P002,Healthcare,North America,Enterprise,Direct,New Logo,245512,0.117,216787,Closed Lost,8/6/2024,1/9/2025,156,No,No,Limited budget
O01427,A0705,P003,Financial Services,North America,Enterprise,Direct,New Logo,207963,0.172,172193,Closed Lost,5/30/2024,9/24/2024,117,Yes,Yes,No executive sponsor
O01428,A0771,P006,Healthcare,Europe,Enterprise,Direct,Expansion,190877,0.068,177897,Closed Lost,7/14/2025,10/14/2025,92,No,No,Timing
O01429,A0916,P001,Technology,North America,Mid-Market,Partner,New Logo,120162,0.115,106343,Closed Lost,2/16/2024,5/28/2024,102,No,Yes,No executive sponsor
O01430,A0777,P005,Financial Services,Europe,Mid-Market,Partner,Expansion,88059,0.184,71856,Closed Won,2/17/2025,3/19/2025,30,Yes,Yes,Strong product fit
O01431,A0191,P004,Financial Services,North America,Enterprise,Partner,New Logo,164522,0.113,145931,Closed Lost,4/29/2024,9/5/2024,129,Yes,Yes,No executive sponsor
O01432,A0264,P008,Manufacturing,North America,Mid-Market,Direct,New Logo,109182,0.089,99464,Closed Lost,5/3/2026,7/12/2026,70,Yes,No,Timing
O01433,A0760,P008,Financial Services,North America,Enterprise,Partner,Expansion,160241,0.215,125789,Closed Lost,8/9/2024,10/21/2024,73,No,No,Timing
O01434,A0888,P005,Manufacturing,APAC,Enterprise,Direct,Expansion,106548,0.136,92057,Closed Lost,6/6/2024,10/12/2024,128,Yes,No,Limited budget
O01435,A0789,P003,Healthcare,North America,Mid-Market,Partner,Expansion,124789,0.173,103200,Closed Won,3/10/2026,5/1/2026,52,Yes,No,Executive alignment
O01436,A0959,P005,Manufacturing,North America,Strategic,Direct,New Logo,170929,0.263,125974,Closed Won,8/1/2026,11/23/2026,114,No,Yes,Superior analytics
O01437,A0556,P005,Healthcare,North America,Mid-Market,Partner,Expansion,77904,0.152,66062,Closed Lost,8/15/2024,11/5/2024,82,No,No,Weak product fit
O01438,A0253,P006,Technology,North America,Strategic,Partner,New Logo,320447,0.118,282634,Open Pipeline,6/15/2026,11/18/2026,156,No,Yes,In progress
O01439,A0539,P006,Technology,APAC,Enterprise,Direct,New Logo,209032,0.162,175168,Closed Lost,12/26/2024,5/19/2025,144,No,No,Limited budget
O01440,A0607,P005,Technology,APAC,Enterprise,Direct,New Logo,142296,0.056,134327,Closed Won,12/9/2025,4/2/2026,114,No,No,Superior analytics
O01441,A0765,P002,Technology,APAC,Mid-Market,Partner,New Logo,165347,0.128,144182,Closed Won,11/22/2024,2/28/2025,98,Yes,No,Bundle value
O01442,A0344,P008,Financial Services,Europe,Enterprise,Inside Sales,New Logo,147435,0.15,125319,Closed Won,8/8/2024,12/6/2024,120,Yes,No,Strong product fit
O01443,A0518,P007,Technology,North America,Enterprise,Inside Sales,New Logo,107685,0.202,85932,Closed Lost,8/12/2025,11/15/2025,95,No,No,Timing
O01444,A0021,P001,Technology,APAC,Enterprise,Partner,New Logo,210677,0.162,176547,Closed Won,4/28/2024,8/28/2024,122,No,Yes,Existing relationship
O01445,A0501,P006,Manufacturing,APAC,Mid-Market,Partner,New Logo,135017,0.223,104908,Closed Lost,7/16/2025,11/19/2025,126,Yes,No,Price
O01446,A0680,P001,Manufacturing,North America,Enterprise,Direct,Expansion,183807,0.041,176270,Closed Lost,8/23/2023,12/6/2023,105,No,Yes,No executive sponsor
O01447,A0301,P007,Manufacturing,APAC,Enterprise,Direct,New Logo,88821,0.169,73810,Closed Won,1/3/2026,4/2/2026,89,No,Yes,Superior analytics
O01448,A0160,P006,Manufacturing,North America,Mid-Market,Inside Sales,Expansion,131673,0.112,116925,Closed Lost,12/28/2023,3/25/2024,88,No,Yes,No executive sponsor
O01449,A0496,P008,Healthcare,Europe,Mid-Market,Partner,New Logo,106757,0.265,78466,Closed Lost,2/14/2026,5/20/2026,95,No,No,Price
O01450,A0212,P002,Technology,Middle East,Mid-Market,Direct,New Logo,125001,0.179,102625,Closed Lost,9/7/2023,11/12/2023,66,No,Yes,No executive sponsor
O01451,A0187,P001,Healthcare,APAC,Enterprise,Direct,New Logo,233038,0.148,198548,Closed Lost,12/12/2025,5/13/2026,152,Yes,No,Limited budget
O01452,A0853,P005,Technology,North America,Strategic,Inside Sales,New Logo,194288,0.159,163396,Open Pipeline,4/17/2026,10/17/2026,183,Yes,Yes,In progress
O01453,A0513,P004,Financial Services,North America,Mid-Market,Direct,Renewal,116384,0.155,98344,Closed Lost,12/1/2023,2/24/2024,85,No,No,Competitor selected
O01454,A0545,P008,Financial Services,North America,Enterprise,Direct,Renewal,162675,0.113,144292,Closed Won,10/5/2025,1/1/2026,88,No,No,Strong product fit
O01455,A0669,P005,Technology,APAC,Enterprise,Partner,Expansion,141110,0.127,123189,Closed Won,3/21/2026,7/26/2026,127,Yes,No,Bundle value
O01456,A0715,P004,Technology,Europe,Mid-Market,Partner,New Logo,118834,0.128,103623,Closed Won,11/26/2025,2/3/2026,69,Yes,No,Bundle value
O01457,A0889,P001,Financial Services,Middle East,Strategic,Direct,New Logo,323890,0.137,279517,Closed Won,6/2/2025,12/6/2025,187,Yes,Yes,Executive alignment
O01458,A0812,P001,Healthcare,Europe,Mid-Market,Direct,New Logo,149658,0.065,139930,Closed Won,8/23/2025,10/29/2025,67,No,No,Existing relationship
O01459,A0860,P002,Healthcare,Europe,Enterprise,Partner,New Logo,266777,0.23,205418,Closed Lost,2/21/2024,6/27/2024,127,No,No,No executive sponsor
O01460,A0253,P007,Technology,North America,Strategic,Partner,New Logo,136930,0.136,118307,Closed Lost,9/5/2025,3/5/2026,181,No,Yes,No executive sponsor
O01461,A0063,P006,Healthcare,Europe,Strategic,Partner,New Logo,257753,0.224,200016,Closed Lost,8/27/2025,1/12/2026,138,Yes,No,Weak product fit
O01462,A0784,P002,Financial Services,Europe,Strategic,Inside Sales,Renewal,268793,0.141,230893,Closed Won,6/16/2025,11/3/2025,140,No,No,Executive alignment
O01463,A0218,P003,Financial Services,APAC,Enterprise,Partner,Expansion,161237,0.158,135761,Closed Lost,10/28/2025,1/31/2026,95,Yes,No,Competitor selected
O01464,A0078,P006,Healthcare,APAC,Strategic,Partner,Renewal,302505,0.169,251381,Open Pipeline,6/8/2026,9/20/2026,104,Yes,No,In progress
O01465,A0740,P006,Technology,APAC,Mid-Market,Partner,New Logo,144691,0.103,129787,Closed Lost,12/14/2025,3/4/2026,80,Yes,No,Timing
O01466,A0708,P006,Technology,North America,Enterprise,Inside Sales,New Logo,236786,0,236786,Closed Lost,5/20/2026,8/13/2026,85,Yes,Yes,No executive sponsor
O01467,A0182,P004,Healthcare,North America,Mid-Market,Inside Sales,Expansion,103961,0.102,93356,Closed Lost,12/14/2024,2/21/2025,69,Yes,No,Weak product fit
O01468,A0665,P007,Manufacturing,APAC,Enterprise,Direct,New Logo,96765,0.113,85830,Closed Won,4/26/2025,8/1/2025,97,Yes,Yes,Strong product fit
O01469,A0919,P004,Financial Services,APAC,Enterprise,Direct,New Logo,170616,0,170616,Closed Lost,3/17/2024,7/13/2024,118,Yes,Yes,Competitor selected
O01470,A0413,P005,Financial Services,APAC,Mid-Market,Direct,New Logo,65772,0.027,63996,Closed Lost,8/7/2025,10/26/2025,80,Yes,Yes,No executive sponsor
O01471,A0570,P007,Technology,Europe,Enterprise,Direct,New Logo,94828,0.06,89138,Closed Lost,5/12/2026,7/21/2026,70,Yes,No,Limited budget
O01472,A0386,P004,Financial Services,Europe,Mid-Market,Partner,New Logo,96944,0.119,85407,Closed Lost,10/14/2025,1/7/2026,85,Yes,Yes,Timing
O01473,A0204,P008,Healthcare,North America,Enterprise,Partner,New Logo,129770,0.243,98235,Closed Won,6/17/2024,11/12/2024,148,No,Yes,Superior analytics
O01474,A0298,P004,Technology,Middle East,Mid-Market,Direct,Renewal,90371,0.257,67145,Open Pipeline,6/6/2026,8/27/2026,82,Yes,Yes,In progress
O01475,A0259,P008,Financial Services,North America,Mid-Market,Direct,Renewal,98968,0.098,89269,Closed Won,5/13/2024,8/1/2024,80,Yes,Yes,Bundle value
O01476,A0499,P008,Financial Services,Europe,Strategic,Direct,Expansion,224677,0.102,201759,Closed Lost,12/15/2024,6/13/2025,180,Yes,Yes,Limited budget
O01477,A0770,P005,Technology,Europe,Enterprise,Direct,New Logo,122964,0.105,110052,Open Pipeline,5/8/2026,9/21/2026,136,Yes,Yes,In progress
O01478,A0766,P006,Financial Services,APAC,Mid-Market,Partner,New Logo,128563,0.171,106578,Closed Lost,8/30/2025,10/27/2025,58,No,No,Price
O01479,A0941,P007,Financial Services,North America,Mid-Market,Direct,New Logo,62987,0.074,58325,Closed Won,12/29/2024,4/2/2025,94,Yes,Yes,Bundle value
O01480,A0281,P008,Technology,North America,Enterprise,Direct,New Logo,171274,0.189,138903,Closed Lost,2/15/2026,4/26/2026,70,No,No,Competitor selected
O01481,A0505,P004,Manufacturing,Middle East,Mid-Market,Direct,Renewal,118892,0.019,116633,Closed Won,5/5/2024,7/17/2024,73,Yes,Yes,Executive alignment
O01482,A0449,P004,Financial Services,APAC,Enterprise,Direct,Expansion,136790,0.153,115861,Closed Won,10/5/2025,1/15/2026,102,Yes,Yes,Superior analytics
O01483,A0129,P008,Technology,APAC,Mid-Market,Direct,Renewal,110432,0.106,98726,Closed Lost,3/18/2024,6/25/2024,99,No,No,Timing
O01484,A0381,P004,Healthcare,North America,Mid-Market,Inside Sales,New Logo,86990,0.043,83249,Closed Lost,9/12/2025,11/5/2025,54,Yes,No,No executive sponsor
O01485,A0721,P002,Financial Services,North America,Enterprise,Direct,Renewal,218595,0.079,201325,Closed Lost,11/23/2025,4/18/2026,146,Yes,No,No executive sponsor
O01486,A0806,P008,Technology,Europe,Strategic,Direct,New Logo,187681,0.136,162156,Closed Won,9/12/2024,12/1/2024,80,No,Yes,Superior analytics
O01487,A0866,P007,Manufacturing,APAC,Enterprise,Direct,New Logo,120603,0.12,106130,Closed Lost,12/10/2025,5/8/2026,149,No,No,No executive sponsor
O01488,A0659,P005,Manufacturing,APAC,Mid-Market,Direct,New Logo,90921,0.108,81101,Closed Lost,3/10/2025,7/12/2025,124,No,No,No executive sponsor
O01489,A0028,P002,Manufacturing,Middle East,Mid-Market,Partner,New Logo,143250,0.13,124627,Closed Lost,9/24/2023,1/19/2024,117,Yes,Yes,Timing
O01490,A0017,P006,Technology,APAC,Strategic,Direct,New Logo,295595,0.038,284362,Closed Lost,5/4/2025,9/7/2025,126,Yes,No,No executive sponsor
O01491,A0969,P008,Technology,North America,Enterprise,Direct,Expansion,154053,0.18,126323,Closed Lost,7/22/2024,11/6/2024,107,No,No,Weak product fit
O01492,A0688,P005,Healthcare,North America,Mid-Market,Partner,New Logo,75275,0.163,63005,Closed Lost,9/3/2023,10/5/2023,32,No,Yes,Timing
O01493,A0448,P004,Financial Services,North America,Strategic,Partner,New Logo,199329,0.171,165243,Closed Lost,9/17/2025,3/18/2026,182,Yes,No,Price
O01494,A0799,P003,Financial Services,Europe,Mid-Market,Direct,Expansion,99310,0.141,85307,Closed Lost,8/19/2026,11/30/2026,103,No,Yes,Competitor selected
O01495,A0230,P008,Financial Services,APAC,Strategic,Partner,New Logo,205658,0.249,154449,Closed Lost,7/3/2024,2/1/2025,213,Yes,Yes,No executive sponsor
O01496,A0197,P001,Manufacturing,Europe,Mid-Market,Direct,Expansion,116104,0.135,100429,Closed Won,8/7/2026,10/11/2026,65,No,No,Executive alignment
O01497,A0434,P008,Technology,APAC,Mid-Market,Direct,Expansion,96029,0.158,80856,Closed Lost,7/16/2024,10/13/2024,89,Yes,No,Limited budget
O01498,A0804,P004,Healthcare,APAC,Enterprise,Direct,New Logo,181799,0.198,145802,Closed Lost,6/19/2025,9/28/2025,101,Yes,No,Price
O01499,A0301,P001,Manufacturing,APAC,Enterprise,Partner,New Logo,202534,0.242,153520,Closed Lost,8/20/2024,11/16/2024,88,Yes,No,Competitor selected
O01500,A0542,P008,Healthcare,Middle East,Mid-Market,Direct,New Logo,95957,0.166,80028,Closed Won,6/24/2024,9/20/2024,88,Yes,No,Executive alignment
O01501,A0017,P005,Technology,APAC,Strategic,Partner,Renewal,157746,0.224,122410,Closed Won,2/11/2024,6/3/2024,113,Yes,Yes,Executive alignment
O01502,A0439,P002,Healthcare,APAC,Mid-Market,Direct,New Logo,139589,0.15,118650,Closed Lost,2/12/2024,4/16/2024,64,No,Yes,Price
O01503,A0044,P001,Financial Services,APAC,Enterprise,Inside Sales,New Logo,207846,0.116,183735,Closed Lost,5/19/2025,8/28/2025,101,Yes,No,No executive sponsor
O01504,A0039,P007,Manufacturing,Europe,Enterprise,Direct,Expansion,99716,0.083,91439,Closed Lost,5/16/2025,8/18/2025,94,No,No,Price
O01505,A0943,P004,Financial Services,North America,Enterprise,Direct,New Logo,152996,0.144,130964,Closed Won,11/3/2025,3/3/2026,120,No,No,Executive alignment
O01506,A0537,P004,Financial Services,Europe,Enterprise,Partner,New Logo,147395,0.231,113346,Closed Lost,12/14/2024,3/8/2025,84,No,No,No executive sponsor
O01507,A0417,P007,Manufacturing,North America,Enterprise,Direct,New Logo,100028,0.098,90225,Closed Lost,1/8/2025,4/29/2025,111,No,No,Competitor selected
O01508,A0719,P007,Healthcare,Middle East,Mid-Market,Direct,New Logo,59073,0.039,56769,Closed Lost,5/31/2026,7/11/2026,41,Yes,No,Limited budget
O01509,A0216,P002,Technology,North America,Enterprise,Direct,New Logo,225030,0,225030,Open Pipeline,6/4/2026,10/30/2026,148,Yes,No,In progress
O01510,A0019,P004,Financial Services,Middle East,Enterprise,Direct,New Logo,153993,0.126,134589,Closed Lost,4/13/2025,7/26/2025,104,Yes,No,Timing
O01511,A0379,P008,Financial Services,Europe,Enterprise,Direct,New Logo,146453,0.175,120823,Closed Won,12/6/2024,5/15/2025,160,No,Yes,Strong product fit
O01512,A0806,P006,Technology,Europe,Strategic,Inside Sales,New Logo,305481,0.011,302120,Open Pipeline,6/5/2026,11/13/2026,161,No,No,In progress
O01513,A0463,P002,Technology,APAC,Enterprise,Direct,New Logo,266828,0.069,248416,Open Pipeline,3/31/2026,8/28/2026,150,Yes,Yes,In progress
O01514,A0967,P002,Healthcare,North America,Mid-Market,Direct,New Logo,168588,0.036,162518,Closed Won,2/12/2025,5/28/2025,105,Yes,Yes,Existing relationship
O01515,A0291,P006,Financial Services,Europe,Enterprise,Inside Sales,New Logo,232700,0.052,220599,Open Pipeline,6/9/2026,9/30/2026,113,Yes,Yes,In progress
O01516,A0588,P002,Manufacturing,Middle East,Mid-Market,Direct,New Logo,150982,0.072,140111,Closed Lost,11/10/2024,3/20/2025,130,No,Yes,Weak product fit
O01517,A0828,P004,Manufacturing,APAC,Enterprise,Direct,New Logo,182381,0.16,153200,Closed Won,2/14/2026,6/9/2026,115,No,No,Superior analytics
O01518,A0289,P002,Manufacturing,Europe,Enterprise,Inside Sales,New Logo,206302,0.117,182164,Closed Won,5/17/2025,7/17/2025,61,No,Yes,Strong product fit
O01519,A0334,P006,Technology,Middle East,Enterprise,Direct,New Logo,240271,0.152,203749,Closed Won,7/19/2025,10/13/2025,86,Yes,Yes,Existing relationship
O01520,A0353,P002,Technology,North America,Strategic,Inside Sales,New Logo,352943,0.059,332119,Closed Won,9/7/2023,1/10/2024,125,No,Yes,Bundle value
O01521,A0516,P001,Healthcare,North America,Enterprise,Direct,New Logo,175878,0.069,163742,Open Pipeline,6/30/2026,11/27/2026,150,Yes,Yes,In progress
O01522,A0034,P003,Financial Services,APAC,Enterprise,Partner,New Logo,161346,0.168,134239,Closed Lost,10/26/2024,12/9/2024,44,Yes,Yes,Limited budget
O01523,A0458,P007,Healthcare,North America,Mid-Market,Direct,New Logo,59402,0.21,46927,Closed Lost,2/4/2026,4/9/2026,64,No,Yes,Limited budget
O01524,A0656,P008,Healthcare,Europe,Enterprise,Direct,New Logo,155087,0.096,140198,Closed Lost,4/13/2025,7/22/2025,100,No,Yes,No executive sponsor
O01525,A0907,P008,Technology,APAC,Enterprise,Partner,New Logo,160126,0.153,135626,Closed Lost,7/6/2024,12/24/2024,171,No,No,Competitor selected
O01526,A0236,P007,Financial Services,Europe,Strategic,Direct,New Logo,140917,0.067,131475,Closed Won,1/1/2026,7/4/2026,184,No,No,Executive alignment
O01527,A0496,P008,Healthcare,Europe,Mid-Market,Inside Sales,Expansion,97987,0.116,86620,Closed Won,9/19/2023,11/24/2023,66,Yes,Yes,Executive alignment
O01528,A0525,P001,Technology,APAC,Enterprise,Partner,New Logo,201828,0.184,164691,Closed Won,3/22/2024,6/25/2024,95,No,No,Bundle value
O01529,A0857,P006,Healthcare,APAC,Mid-Market,Partner,Expansion,127537,0.18,104580,Closed Lost,9/20/2024,1/3/2025,105,Yes,No,Timing
O01530,A0267,P002,Financial Services,North America,Enterprise,Partner,Renewal,193757,0.15,164693,Closed Lost,5/31/2025,9/11/2025,103,Yes,Yes,Competitor selected
O01531,A0062,P005,Healthcare,North America,Mid-Market,Inside Sales,New Logo,73829,0.087,67405,Closed Lost,11/10/2025,2/14/2026,96,No,No,Timing
O01532,A0956,P006,Financial Services,North America,Strategic,Partner,Renewal,340123,0.112,302029,Closed Lost,3/21/2024,7/24/2024,125,No,Yes,Timing
O01533,A0346,P001,Healthcare,North America,Mid-Market,Direct,New Logo,144335,0.123,126581,Closed Lost,12/18/2025,3/15/2026,87,No,Yes,Limited budget
O01534,A0140,P002,Financial Services,Europe,Enterprise,Partner,Expansion,234928,0.133,203682,Closed Lost,11/4/2023,1/20/2024,77,Yes,Yes,Timing
O01535,A0429,P002,Healthcare,Europe,Enterprise,Inside Sales,New Logo,268494,0.048,255606,Closed Lost,10/29/2025,12/31/2025,63,Yes,Yes,Limited budget
O01536,A0085,P005,Healthcare,APAC,Enterprise,Direct,New Logo,138959,0.094,125896,Closed Lost,9/27/2024,1/2/2025,97,Yes,No,Timing
O01537,A0408,P001,Healthcare,North America,Enterprise,Partner,New Logo,184659,0.161,154928,Open Pipeline,5/3/2026,9/13/2026,133,No,No,In progress
O01538,A0536,P003,Financial Services,North America,Enterprise,Direct,Expansion,160992,0.165,134428,Closed Won,12/27/2023,4/23/2024,118,No,Yes,Superior analytics
O01539,A0687,P003,Financial Services,Europe,Mid-Market,Direct,Renewal,108233,0.134,93729,Closed Won,6/21/2025,9/8/2025,79,No,No,Existing relationship
O01540,A0299,P004,Technology,Europe,Enterprise,Direct,Expansion,158022,0.108,140955,Closed Lost,2/10/2024,5/4/2024,84,Yes,Yes,Weak product fit
O01541,A0178,P005,Financial Services,APAC,Enterprise,Direct,New Logo,115549,0.16,97061,Closed Lost,1/13/2026,5/14/2026,121,No,No,Competitor selected
O01542,A0852,P006,Manufacturing,North America,Strategic,Direct,New Logo,347857,0.098,313767,Closed Won,12/31/2024,5/2/2025,122,No,Yes,Superior analytics
O01543,A0809,P003,Manufacturing,North America,Mid-Market,Direct,New Logo,118400,0.095,107152,Closed Won,3/1/2024,5/11/2024,71,Yes,Yes,Existing relationship
O01544,A0690,P007,Healthcare,Europe,Enterprise,Direct,Expansion,90464,0.135,78251,Closed Lost,12/28/2025,4/20/2026,113,No,Yes,Timing
O01545,A0335,P003,Technology,APAC,Enterprise,Inside Sales,New Logo,194291,0.037,187102,Closed Lost,9/3/2023,1/14/2024,133,Yes,No,Timing
O01546,A0779,P007,Financial Services,North America,Mid-Market,Direct,New Logo,57746,0.079,53184,Closed Won,11/13/2025,2/12/2026,91,Yes,Yes,Executive alignment
O01547,A0487,P002,Technology,Europe,Enterprise,Direct,New Logo,196447,0.171,162854,Closed Lost,2/24/2026,7/27/2026,153,No,No,Competitor selected
O01548,A0030,P002,Manufacturing,Middle East,Enterprise,Partner,Expansion,227784,0.163,190655,Closed Won,9/12/2023,3/1/2024,171,No,No,Superior analytics
O01549,A0232,P006,Manufacturing,North America,Mid-Market,Direct,New Logo,147181,0.157,124073,Closed Lost,9/13/2025,1/16/2026,125,Yes,No,Weak product fit
O01550,A0803,P007,Manufacturing,Middle East,Enterprise,Direct,New Logo,97798,0.109,87138,Closed Lost,4/26/2026,8/29/2026,125,Yes,Yes,Limited budget
O01551,A0455,P005,Healthcare,North America,Mid-Market,Direct,New Logo,69523,0.053,65838,Closed Lost,2/2/2024,4/1/2024,59,No,No,Weak product fit
O01552,A0868,P008,Financial Services,Middle East,Enterprise,Direct,Expansion,155795,0.234,119338,Closed Lost,8/1/2025,1/8/2026,160,No,No,No executive sponsor
O01553,A0119,P007,Technology,APAC,Mid-Market,Direct,Renewal,58703,0.187,47725,Closed Won,1/11/2025,6/4/2025,144,Yes,No,Existing relationship
O01554,A0719,P005,Healthcare,Middle East,Mid-Market,Direct,New Logo,70944,0.025,69170,Closed Lost,9/4/2025,1/21/2026,139,Yes,No,No executive sponsor
O01555,A0271,P002,Technology,North America,Strategic,Direct,New Logo,273648,0.064,256134,Closed Won,8/21/2023,1/5/2024,137,Yes,No,Existing relationship
O01556,A0008,P002,Financial Services,North America,Strategic,Inside Sales,New Logo,290494,0.059,273354,Closed Lost,2/21/2024,8/16/2024,177,No,Yes,Limited budget
O01557,A0219,P004,Healthcare,North America,Enterprise,Inside Sales,New Logo,184495,0.028,179329,Closed Won,2/21/2024,5/27/2024,96,No,Yes,Superior analytics
O01558,A0266,P001,Financial Services,APAC,Enterprise,Partner,New Logo,186821,0.167,155621,Closed Lost,10/21/2023,2/23/2024,125,No,No,No executive sponsor
O01559,A0916,P008,Technology,North America,Mid-Market,Direct,New Logo,103097,0.094,93405,Closed Lost,6/19/2024,9/14/2024,87,Yes,No,Price
O01560,A0857,P002,Healthcare,APAC,Mid-Market,Inside Sales,Expansion,173448,0.041,166336,Closed Lost,1/20/2025,5/4/2025,104,Yes,No,Timing
O01561,A0235,P001,Manufacturing,Middle East,Mid-Market,Direct,New Logo,147696,0.046,140901,Closed Lost,1/7/2026,5/15/2026,128,Yes,Yes,Weak product fit
O01562,A0829,P006,Healthcare,Europe,Mid-Market,Direct,New Logo,134700,0.077,124328,Closed Lost,3/7/2024,5/7/2024,61,Yes,No,Limited budget
O01563,A0264,P006,Manufacturing,North America,Mid-Market,Inside Sales,New Logo,153887,0.044,147115,Closed Won,9/8/2024,11/28/2024,81,Yes,Yes,Existing relationship
O01564,A0106,P002,Technology,Middle East,Mid-Market,Partner,New Logo,139901,0.189,113459,Closed Won,10/29/2024,11/23/2024,25,Yes,No,Executive alignment
O01565,A0776,P001,Financial Services,APAC,Mid-Market,Direct,New Logo,143950,0.084,131858,Closed Won,6/1/2026,6/26/2026,25,No,Yes,Executive alignment
O01566,A0571,P004,Financial Services,North America,Enterprise,Direct,Renewal,148364,0.186,120768,Closed Lost,9/17/2023,1/2/2024,107,Yes,Yes,Timing
O01567,A0274,P004,Technology,North America,Mid-Market,Inside Sales,New Logo,107695,0.072,99940,Closed Lost,9/18/2025,2/1/2026,136,Yes,No,Competitor selected
O01568,A0160,P006,Manufacturing,North America,Mid-Market,Partner,New Logo,128165,0.202,102275,Closed Lost,12/26/2024,5/3/2025,128,Yes,No,Price
O01569,A0934,P002,Financial Services,Middle East,Enterprise,Direct,Expansion,243921,0.155,206113,Open Pipeline,7/16/2026,10/24/2026,100,No,Yes,In progress
O01570,A0336,P006,Financial Services,Europe,Enterprise,Direct,Expansion,218123,0.077,201327,Closed Lost,10/25/2023,1/19/2024,86,Yes,Yes,Price
O01571,A0407,P004,Healthcare,North America,Enterprise,Partner,New Logo,147876,0.211,116674,Closed Lost,8/6/2024,11/21/2024,107,No,No,No executive sponsor
O01572,A0850,P007,Technology,APAC,Mid-Market,Inside Sales,Expansion,68407,0.02,67038,Closed Lost,8/17/2024,11/2/2024,77,Yes,No,Limited budget
O01573,A0515,P004,Financial Services,Middle East,Mid-Market,Partner,Expansion,98077,0.132,85130,Closed Lost,2/18/2024,5/9/2024,81,Yes,No,Timing
O01574,A0215,P004,Healthcare,APAC,Mid-Market,Direct,New Logo,111442,0.156,94057,Closed Lost,2/2/2024,5/3/2024,91,Yes,No,Limited budget
O01575,A0127,P007,Healthcare,Europe,Mid-Market,Inside Sales,New Logo,74939,0.008,74339,Closed Lost,8/12/2024,10/13/2024,62,Yes,No,Timing
O01576,A0324,P008,Technology,Europe,Mid-Market,Direct,Renewal,102691,0.015,101150,Closed Lost,12/8/2024,2/7/2025,61,Yes,Yes,Timing
O01577,A0036,P008,Technology,APAC,Enterprise,Direct,New Logo,160105,0.086,146335,Closed Lost,12/20/2024,5/2/2025,133,Yes,Yes,No executive sponsor
O01578,A0338,P003,Healthcare,APAC,Mid-Market,Partner,New Logo,121406,0.26,89840,Closed Lost,6/25/2025,9/22/2025,89,Yes,No,Limited budget
O01579,A0507,P004,Technology,Europe,Enterprise,Direct,New Logo,141274,0.194,113866,Closed Lost,11/6/2025,2/14/2026,100,Yes,No,No executive sponsor
O01580,A0804,P002,Healthcare,APAC,Enterprise,Direct,Expansion,198626,0.099,178962,Closed Won,5/7/2024,8/19/2024,104,No,Yes,Existing relationship
O01581,A0193,P006,Healthcare,APAC,Enterprise,Inside Sales,New Logo,217727,0.115,192688,Closed Lost,11/18/2023,3/22/2024,125,No,Yes,Price
O01582,A0175,P004,Technology,Europe,Strategic,Direct,New Logo,187416,0.087,171110,Closed Lost,5/31/2024,11/3/2024,156,Yes,Yes,No executive sponsor
O01583,A0881,P008,Manufacturing,North America,Mid-Market,Partner,New Logo,107901,0.13,93873,Closed Lost,12/19/2023,4/24/2024,127,Yes,Yes,Competitor selected
O01584,A0576,P008,Healthcare,Europe,Mid-Market,Direct,Renewal,84016,0.177,69145,Open Pipeline,7/18/2026,10/17/2026,91,No,No,In progress
O01585,A0385,P001,Technology,North America,Enterprise,Direct,New Logo,207737,0.117,183431,Open Pipeline,7/11/2026,2/9/2027,213,Yes,Yes,In progress
O01586,A0277,P004,Healthcare,North America,Mid-Market,Inside Sales,Expansion,112578,0.147,96029,Closed Won,8/26/2023,11/27/2023,93,Yes,Yes,Strong product fit
O01587,A0457,P001,Technology,Middle East,Mid-Market,Direct,New Logo,126487,0.087,115482,Closed Won,1/13/2025,3/7/2025,53,Yes,No,Strong product fit
O01588,A0941,P006,Financial Services,North America,Mid-Market,Direct,New Logo,150592,0.062,141255,Closed Won,6/9/2025,8/7/2025,59,No,No,Bundle value
O01589,A0831,P003,Manufacturing,North America,Mid-Market,Partner,Expansion,109507,0.155,92533,Closed Lost,12/7/2024,1/29/2025,53,Yes,No,Competitor selected
O01590,A0528,P008,Financial Services,APAC,Enterprise,Direct,New Logo,169053,0.129,147245,Closed Lost,8/14/2025,12/9/2025,117,No,Yes,Limited budget
O01591,A0791,P001,Healthcare,Europe,Enterprise,Direct,Expansion,210316,0.15,178768,Closed Won,10/8/2025,12/23/2025,76,Yes,No,Executive alignment
O01592,A0587,P002,Healthcare,APAC,Enterprise,Inside Sales,Expansion,219527,0,219527,Closed Lost,1/18/2026,4/6/2026,78,Yes,No,No executive sponsor
O01593,A0117,P004,Healthcare,North America,Mid-Market,Direct,New Logo,113769,0.077,105008,Closed Lost,1/24/2025,4/5/2025,71,Yes,No,Price
O01594,A0425,P002,Manufacturing,APAC,Mid-Market,Direct,New Logo,127269,0.037,122560,Closed Won,5/26/2024,9/29/2024,126,Yes,Yes,Existing relationship
O01595,A0460,P005,Healthcare,Europe,Enterprise,Inside Sales,New Logo,133800,0.141,114934,Closed Lost,5/6/2024,8/17/2024,103,Yes,No,Timing
O01596,A0590,P001,Financial Services,Europe,Enterprise,Partner,New Logo,173380,0.126,151534,Closed Won,7/6/2025,10/24/2025,110,Yes,Yes,Executive alignment
O01597,A0637,P006,Technology,APAC,Mid-Market,Direct,New Logo,162620,0.088,148309,Closed Lost,4/22/2026,5/29/2026,37,Yes,No,Weak product fit
O01598,A0619,P007,Manufacturing,North America,Enterprise,Inside Sales,Expansion,112240,0.133,97312,Closed Lost,2/8/2025,5/28/2025,109,Yes,Yes,Competitor selected
O01599,A0302,P003,Technology,Europe,Mid-Market,Inside Sales,Expansion,134726,0.073,124891,Closed Lost,10/27/2023,2/6/2024,102,No,No,No executive sponsor
O01600,A0334,P007,Technology,Middle East,Enterprise,Direct,New Logo,101342,0.071,94146,Open Pipeline,5/7/2026,9/6/2026,122,Yes,Yes,In progress
O01601,A0696,P004,Healthcare,APAC,Mid-Market,Direct,New Logo,97046,0.105,86856,Closed Lost,10/31/2023,1/24/2024,85,Yes,No,Limited budget
O01602,A0646,P008,Healthcare,Middle East,Mid-Market,Partner,New Logo,94659,0.119,83394,Closed Lost,9/28/2023,10/25/2023,27,Yes,Yes,Price
O01603,A0042,P005,Financial Services,Europe,Enterprise,Direct,New Logo,116990,0.121,102834,Closed Lost,11/4/2023,4/13/2024,161,No,Yes,Limited budget
O01604,A0360,P003,Financial Services,North America,Enterprise,Inside Sales,New Logo,169059,0.103,151645,Closed Lost,8/28/2025,11/30/2025,94,Yes,Yes,Price
O01605,A0990,P004,Manufacturing,Europe,Strategic,Direct,New Logo,260066,0.124,227817,Open Pipeline,8/10/2026,2/8/2027,182,Yes,No,In progress
O01606,A0834,P007,Manufacturing,APAC,Mid-Market,Direct,Expansion,65093,0.176,53636,Closed Lost,8/11/2025,11/18/2025,99,Yes,Yes,Competitor selected
O01607,A0963,P001,Financial Services,APAC,Mid-Market,Direct,Expansion,110237,0.025,107481,Closed Lost,2/4/2026,6/10/2026,126,Yes,Yes,Limited budget
O01608,A0878,P007,Technology,Europe,Strategic,Direct,New Logo,169125,0.024,165066,Closed Lost,9/9/2024,3/1/2025,173,Yes,No,Price
O01609,A0598,P008,Financial Services,Europe,Mid-Market,Direct,New Logo,88725,0.115,78521,Closed Lost,11/20/2025,1/21/2026,62,Yes,Yes,Competitor selected
O01610,A0780,P003,Manufacturing,Middle East,Mid-Market,Partner,New Logo,129409,0.141,111162,Closed Lost,1/15/2025,3/30/2025,74,No,No,Limited budget
O01611,A0648,P003,Manufacturing,APAC,Strategic,Direct,New Logo,281149,0.083,257813,Closed Lost,2/26/2025,9/6/2025,192,Yes,No,Competitor selected
O01612,A0589,P002,Financial Services,Middle East,Enterprise,Direct,Expansion,194368,0.089,177069,Closed Lost,2/15/2025,7/1/2025,136,Yes,No,Weak product fit
O01613,A0262,P007,Manufacturing,Europe,Enterprise,Direct,Expansion,107332,0.05,101965,Closed Lost,12/12/2024,5/15/2025,154,No,Yes,No executive sponsor
O01614,A0981,P008,Financial Services,North America,Enterprise,Partner,Expansion,164897,0.17,136864,Closed Won,12/31/2024,3/11/2025,70,No,Yes,Bundle value
O01615,A0047,P006,Manufacturing,Europe,Enterprise,Direct,New Logo,218667,0.138,188490,Closed Lost,1/9/2025,5/1/2025,112,Yes,Yes,Limited budget
O01616,A0314,P008,Technology,North America,Mid-Market,Partner,New Logo,100521,0.11,89463,Closed Lost,1/27/2026,4/28/2026,91,No,No,Timing
O01617,A0390,P005,Financial Services,North America,Mid-Market,Direct,New Logo,77179,0.171,63981,Closed Lost,5/4/2024,6/28/2024,55,No,No,Weak product fit
O01618,A0813,P006,Healthcare,North America,Enterprise,Direct,New Logo,227113,0.056,214394,Closed Lost,12/28/2025,4/22/2026,115,No,Yes,Weak product fit
O01619,A0668,P007,Healthcare,APAC,Mid-Market,Direct,Expansion,77861,0.122,68361,Open Pipeline,5/9/2026,8/21/2026,104,No,Yes,In progress
O01620,A0462,P008,Manufacturing,Europe,Mid-Market,Inside Sales,New Logo,83154,0.116,73508,Closed Lost,12/11/2023,3/18/2024,98,Yes,Yes,Price
O01621,A0656,P006,Healthcare,Europe,Enterprise,Direct,Expansion,215172,0.085,196882,Closed Lost,3/15/2026,7/14/2026,121,No,Yes,Competitor selected
O01622,A0366,P006,Technology,North America,Mid-Market,Direct,Renewal,151991,0.039,146063,Closed Lost,7/9/2025,9/15/2025,68,Yes,Yes,Competitor selected
O01623,A0995,P003,Technology,Middle East,Mid-Market,Direct,Expansion,111978,0,111978,Closed Lost,8/26/2023,10/22/2023,57,Yes,Yes,Limited budget
O01624,A0951,P008,Financial Services,Europe,Enterprise,Partner,New Logo,158234,0.146,135131,Closed Lost,5/13/2024,7/20/2024,68,No,Yes,Weak product fit
O01625,A0596,P005,Financial Services,North America,Enterprise,Direct,New Logo,139446,0.038,134147,Closed Lost,7/7/2024,10/26/2024,111,No,No,Timing
O01626,A0797,P008,Healthcare,APAC,Enterprise,Direct,New Logo,173042,0.071,160756,Closed Lost,1/27/2026,5/11/2026,104,No,Yes,Price
O01627,A0058,P008,Technology,APAC,Enterprise,Direct,Expansion,163780,0.06,153953,Closed Won,11/12/2025,3/17/2026,125,No,Yes,Executive alignment
O01628,A0431,P005,Healthcare,APAC,Enterprise,Inside Sales,Expansion,114854,0.054,108651,Closed Lost,12/30/2023,3/28/2024,89,No,No,Competitor selected
O01629,A0622,P003,Healthcare,North America,Enterprise,Direct,Expansion,181185,0.121,159261,Closed Won,7/25/2025,12/15/2025,143,Yes,No,Executive alignment
O01630,A0490,P001,Healthcare,Europe,Mid-Market,Partner,New Logo,132656,0.155,112094,Closed Lost,10/2/2023,12/1/2023,60,Yes,No,Timing
O01631,A0183,P007,Healthcare,APAC,Strategic,Direct,Expansion,125628,0.07,116834,Closed Lost,8/13/2024,1/11/2025,151,Yes,No,Weak product fit
O01632,A0628,P002,Manufacturing,APAC,Enterprise,Inside Sales,Expansion,213644,0.056,201679,Closed Lost,4/17/2024,7/29/2024,103,Yes,No,Weak product fit
O01633,A0474,P002,Technology,North America,Mid-Market,Direct,New Logo,126364,0.129,110063,Closed Lost,2/8/2025,4/3/2025,54,Yes,Yes,No executive sponsor
O01634,A0061,P006,Technology,Middle East,Mid-Market,Partner,New Logo,161289,0.152,136773,Closed Lost,10/16/2025,2/18/2026,125,Yes,Yes,No executive sponsor
O01635,A0494,P006,Technology,APAC,Mid-Market,Direct,New Logo,150399,0.07,139871,Closed Lost,3/29/2025,7/14/2025,107,Yes,No,Competitor selected
O01636,A0055,P004,Financial Services,Europe,Mid-Market,Inside Sales,New Logo,114442,0.006,113755,Closed Lost,9/8/2023,12/16/2023,99,No,No,Limited budget
O01637,A0163,P006,Healthcare,APAC,Mid-Market,Direct,New Logo,122985,0.096,111178,Closed Won,11/23/2023,3/7/2024,105,No,No,Bundle value
O01638,A0252,P008,Financial Services,Europe,Enterprise,Direct,Expansion,153996,0.149,131050,Closed Lost,6/9/2024,9/1/2024,84,Yes,Yes,Weak product fit
O01639,A0853,P005,Technology,North America,Strategic,Inside Sales,New Logo,167977,0,167977,Closed Lost,1/29/2024,7/15/2024,168,Yes,No,Price
O01640,A0054,P005,Healthcare,North America,Enterprise,Inside Sales,New Logo,116662,0.107,104179,Closed Won,9/25/2023,12/5/2023,71,No,No,Existing relationship
O01641,A0103,P006,Financial Services,Middle East,Mid-Market,Direct,New Logo,119727,0.183,97816,Closed Won,5/11/2026,8/7/2026,88,No,Yes,Executive alignment
O01642,A0138,P005,Financial Services,Europe,Mid-Market,Direct,Renewal,76831,0.073,71222,Closed Won,1/11/2025,4/6/2025,85,Yes,No,Superior analytics
O01643,A0228,P006,Manufacturing,Europe,Strategic,Direct,Renewal,316368,0.122,277771,Closed Won,5/31/2025,12/5/2025,188,Yes,Yes,Existing relationship
O01644,A0379,P007,Financial Services,Europe,Enterprise,Direct,New Logo,89276,0.007,88651,Closed Won,2/12/2026,7/18/2026,156,Yes,No,Superior analytics
O01645,A0282,P004,Financial Services,North America,Enterprise,Direct,New Logo,145892,0.079,134366,Closed Lost,2/24/2024,7/15/2024,142,Yes,Yes,Limited budget
O01646,A0219,P008,Healthcare,North America,Enterprise,Partner,New Logo,169124,0.227,130732,Closed Lost,10/29/2024,2/24/2025,118,Yes,No,Weak product fit
O01647,A0176,P007,Healthcare,North America,Enterprise,Direct,Expansion,92930,0.152,78804,Closed Won,7/5/2024,12/14/2024,162,No,No,Executive alignment
O01648,A0426,P002,Financial Services,Middle East,Enterprise,Inside Sales,Expansion,266328,0.073,246886,Closed Lost,10/20/2024,1/16/2025,88,Yes,No,Price
O01649,A1000,P005,Healthcare,North America,Enterprise,Inside Sales,Renewal,104450,0.147,89095,Closed Won,1/12/2025,4/10/2025,88,No,No,Executive alignment
O01650,A0980,P005,Manufacturing,Europe,Enterprise,Partner,Renewal,130407,0.194,105108,Closed Lost,7/14/2025,1/5/2026,175,No,Yes,No executive sponsor
O01651,A0417,P001,Manufacturing,North America,Enterprise,Direct,Renewal,223918,0.118,197495,Closed Lost,6/24/2024,9/6/2024,74,No,No,Limited budget
O01652,A0622,P007,Healthcare,North America,Enterprise,Inside Sales,Renewal,99142,0.094,89822,Closed Won,12/21/2025,5/10/2026,140,Yes,Yes,Existing relationship
O01653,A0174,P003,Technology,North America,Mid-Market,Direct,Expansion,108825,0.133,94351,Closed Lost,5/15/2025,7/15/2025,61,No,Yes,No executive sponsor
O01654,A0779,P008,Financial Services,North America,Mid-Market,Partner,New Logo,106030,0.078,97759,Closed Lost,7/11/2025,11/5/2025,117,Yes,Yes,Price
O01655,A0392,P001,Financial Services,Middle East,Mid-Market,Direct,Expansion,141748,0.108,126439,Closed Won,9/13/2025,12/8/2025,86,Yes,No,Strong product fit
O01656,A0412,P008,Manufacturing,North America,Enterprise,Direct,New Logo,138712,0.074,128447,Closed Won,10/9/2025,2/16/2026,130,No,No,Strong product fit
O01657,A0640,P005,Financial Services,Europe,Mid-Market,Partner,Expansion,67082,0.102,60239,Closed Won,6/11/2024,8/29/2024,79,Yes,Yes,Executive alignment
O01658,A0233,P008,Manufacturing,Middle East,Strategic,Inside Sales,Expansion,189990,0,189990,Open Pipeline,7/3/2026,10/15/2026,104,No,No,In progress
O01659,A0147,P005,Manufacturing,Middle East,Mid-Market,Direct,New Logo,90430,0.144,77408,Closed Lost,12/26/2023,2/11/2024,47,Yes,Yes,Limited budget
O01660,A0670,P001,Technology,APAC,Strategic,Direct,New Logo,244068,0.119,215023,Closed Lost,11/18/2023,4/5/2024,139,No,No,Limited budget
O01661,A0401,P007,Healthcare,APAC,Mid-Market,Direct,New Logo,57403,0.07,53384,Closed Won,3/21/2024,5/29/2024,69,No,Yes,Superior analytics
O01662,A0357,P002,Healthcare,Europe,Mid-Market,Direct,New Logo,151030,0.112,134114,Closed Won,9/1/2023,12/22/2023,112,No,Yes,Bundle value
O01663,A0641,P007,Healthcare,Europe,Mid-Market,Direct,New Logo,73425,0.112,65201,Closed Lost,5/5/2026,7/14/2026,70,No,Yes,Competitor selected
O01664,A0601,P002,Technology,APAC,Mid-Market,Direct,New Logo,148229,0.228,114432,Closed Lost,1/31/2025,5/11/2025,100,Yes,Yes,Timing
O01665,A0201,P007,Financial Services,Europe,Enterprise,Partner,New Logo,90882,0.139,78249,Closed Lost,3/26/2026,8/8/2026,135,No,Yes,Competitor selected
O01666,A0828,P005,Manufacturing,APAC,Enterprise,Direct,Renewal,142101,0.048,135280,Closed Lost,3/29/2026,6/16/2026,79,Yes,Yes,Timing
O01667,A0351,P007,Healthcare,APAC,Mid-Market,Direct,New Logo,57416,0.123,50353,Closed Won,5/10/2024,8/17/2024,99,Yes,No,Executive alignment
O01668,A0871,P007,Financial Services,North America,Mid-Market,Direct,New Logo,57974,0.03,56234,Closed Lost,7/29/2024,10/7/2024,70,No,No,Weak product fit
O01669,A0109,P006,Financial Services,Middle East,Enterprise,Partner,Expansion,209478,0.228,161717,Closed Lost,4/28/2024,7/2/2024,65,No,Yes,Competitor selected
O01670,A0555,P007,Healthcare,APAC,Strategic,Direct,New Logo,170043,0.207,134844,Closed Lost,9/17/2024,12/9/2024,83,Yes,Yes,Price
O01671,A0634,P003,Healthcare,APAC,Strategic,Direct,Expansion,292256,0.146,249586,Closed Won,8/18/2024,1/3/2025,138,Yes,No,Superior analytics
O01672,A0573,P008,Healthcare,North America,Strategic,Inside Sales,Expansion,178992,0,178992,Closed Lost,10/11/2024,4/7/2025,178,No,No,Competitor selected
O01673,A0914,P002,Healthcare,North America,Strategic,Direct,New Logo,300039,0.102,269435,Closed Lost,12/12/2023,6/21/2024,192,Yes,No,No executive sponsor
O01674,A0774,P004,Financial Services,Europe,Enterprise,Direct,Expansion,150275,0.07,139755,Closed Lost,10/14/2023,2/6/2024,115,No,Yes,Weak product fit
O01675,A0714,P008,Technology,APAC,Strategic,Inside Sales,New Logo,228598,0.123,200480,Closed Lost,11/6/2023,3/6/2024,121,Yes,Yes,Price
O01676,A0651,P006,Manufacturing,North America,Enterprise,Direct,Expansion,221536,0.13,192736,Closed Won,12/28/2024,5/23/2025,146,Yes,Yes,Executive alignment
O01677,A0193,P001,Healthcare,APAC,Enterprise,Direct,Renewal,226137,0.174,186789,Closed Lost,11/25/2023,2/29/2024,96,Yes,No,Competitor selected
O01678,A0306,P008,Manufacturing,APAC,Mid-Market,Direct,New Logo,96356,0.076,89032,Closed Won,10/22/2024,2/8/2025,109,Yes,Yes,Existing relationship
O01679,A0803,P001,Manufacturing,Middle East,Enterprise,Direct,New Logo,201726,0.147,172072,Closed Lost,2/15/2026,6/23/2026,128,Yes,No,Price
O01680,A0194,P006,Manufacturing,Europe,Mid-Market,Partner,New Logo,152370,0.18,124943,Closed Lost,7/6/2024,9/23/2024,79,No,Yes,Timing
O01681,A0887,P002,Technology,North America,Mid-Market,Direct,New Logo,130189,0.094,117951,Closed Won,8/10/2026,10/20/2026,71,Yes,No,Superior analytics
O01682,A0265,P001,Technology,APAC,Enterprise,Direct,Expansion,179721,0.062,168578,Closed Won,3/4/2025,6/24/2025,112,No,Yes,Bundle value
O01683,A0149,P007,Technology,APAC,Enterprise,Inside Sales,New Logo,92627,0.099,83456,Closed Lost,2/13/2025,5/5/2025,81,Yes,No,Limited budget
O01684,A0053,P006,Technology,APAC,Enterprise,Direct,New Logo,241490,0.197,193916,Closed Lost,12/12/2025,4/23/2026,132,Yes,Yes,Weak product fit
O01685,A0089,P003,Healthcare,North America,Enterprise,Direct,New Logo,169380,0.09,154135,Closed Lost,5/21/2025,7/21/2025,61,Yes,Yes,Competitor selected
O01686,A0695,P004,Manufacturing,APAC,Enterprise,Inside Sales,Expansion,165786,0,165786,Closed Won,2/8/2024,4/27/2024,79,No,Yes,Executive alignment
O01687,A0377,P001,Technology,APAC,Mid-Market,Direct,New Logo,150264,0.105,134486,Closed Lost,6/4/2025,10/28/2025,146,Yes,No,Limited budget
O01688,A0800,P004,Manufacturing,North America,Strategic,Direct,New Logo,247654,0.097,223631,Closed Lost,12/23/2024,7/11/2025,200,Yes,Yes,No executive sponsor
O01689,A0778,P004,Technology,Europe,Enterprise,Partner,New Logo,166576,0.118,146920,Closed Won,3/19/2024,6/26/2024,99,No,Yes,Executive alignment
O01690,A0025,P005,Financial Services,Middle East,Enterprise,Direct,New Logo,122397,0.048,116521,Closed Lost,1/3/2025,5/3/2025,120,Yes,No,Limited budget
O01691,A0044,P003,Financial Services,APAC,Enterprise,Direct,New Logo,182871,0.185,149039,Closed Lost,3/27/2026,6/30/2026,95,Yes,No,Weak product fit
O01692,A0060,P003,Technology,North America,Enterprise,Direct,New Logo,213414,0.201,170517,Closed Lost,10/5/2024,2/18/2025,136,Yes,Yes,No executive sponsor
O01693,A0704,P008,Financial Services,North America,Enterprise,Direct,New Logo,157621,0.155,133189,Closed Lost,8/30/2025,1/29/2026,152,No,No,Timing
O01694,A0414,P008,Healthcare,North America,Mid-Market,Direct,New Logo,98332,0.08,90465,Open Pipeline,8/4/2026,12/3/2026,121,No,Yes,In progress
O01695,A0906,P007,Technology,Europe,Mid-Market,Inside Sales,New Logo,63776,0.025,62181,Open Pipeline,6/17/2026,8/20/2026,64,No,Yes,In progress
O01696,A0273,P007,Financial Services,North America,Mid-Market,Direct,New Logo,59647,0.11,53085,Closed Lost,6/10/2025,8/22/2025,73,No,Yes,Limited budget
O01697,A0620,P008,Healthcare,North America,Enterprise,Direct,New Logo,124153,0.124,108758,Closed Lost,9/6/2023,12/31/2023,116,Yes,No,Competitor selected
O01698,A0264,P008,Manufacturing,North America,Mid-Market,Direct,New Logo,88758,0.079,81746,Closed Won,11/19/2023,3/28/2024,130,No,Yes,Superior analytics
O01699,A0938,P003,Manufacturing,North America,Enterprise,Direct,New Logo,177812,0.118,156830,Closed Lost,10/20/2025,2/24/2026,127,Yes,No,Competitor selected
O01700,A0945,P008,Healthcare,Middle East,Enterprise,Direct,New Logo,134730,0.121,118427,Closed Lost,5/2/2025,8/26/2025,116,Yes,No,Competitor selected
O01701,A0723,P004,Manufacturing,APAC,Enterprise,Inside Sales,Expansion,160322,0.112,142365,Closed Lost,2/3/2026,6/22/2026,139,Yes,No,Competitor selected
O01702,A0499,P002,Financial Services,Europe,Strategic,Partner,New Logo,286171,0.12,251830,Closed Lost,12/13/2024,4/20/2025,128,No,No,Limited budget
O01703,A0141,P005,Healthcare,North America,Enterprise,Partner,New Logo,121636,0.138,104850,Closed Lost,4/30/2026,8/3/2026,95,Yes,Yes,Price
O01704,A0361,P008,Healthcare,North America,Mid-Market,Direct,Expansion,97552,0.115,86333,Closed Lost,12/3/2025,2/13/2026,72,No,Yes,Price
O01705,A0341,P008,Healthcare,North America,Enterprise,Direct,New Logo,150006,0.238,114304,Closed Lost,2/24/2026,5/28/2026,93,Yes,Yes,Competitor selected
O01706,A0925,P006,Manufacturing,North America,Enterprise,Partner,New Logo,192178,0.196,154511,Closed Won,4/26/2025,9/3/2025,130,No,No,Superior analytics
O01707,A0484,P005,Financial Services,APAC,Enterprise,Direct,Renewal,105313,0.114,93307,Closed Lost,11/17/2023,3/5/2024,109,Yes,Yes,Timing
O01708,A0571,P007,Financial Services,North America,Enterprise,Direct,New Logo,106471,0.146,90926,Open Pipeline,7/31/2026,11/27/2026,119,No,No,In progress
O01709,A0367,P005,Financial Services,Europe,Mid-Market,Direct,New Logo,67791,0.044,64808,Closed Lost,1/2/2026,2/21/2026,50,Yes,Yes,No executive sponsor
O01710,A0568,P001,Technology,North America,Mid-Market,Direct,New Logo,114197,0.179,93755,Closed Lost,5/20/2025,8/21/2025,93,Yes,Yes,No executive sponsor
O01711,A0409,P001,Healthcare,APAC,Mid-Market,Direct,Renewal,144821,0.082,132945,Closed Lost,12/5/2023,2/20/2024,77,No,Yes,Price
O01712,A0292,P001,Technology,North America,Mid-Market,Direct,New Logo,136470,0.113,121048,Closed Lost,2/7/2024,6/6/2024,120,No,Yes,No executive sponsor
O01713,A0255,P001,Healthcare,APAC,Mid-Market,Inside Sales,New Logo,139522,0.139,120128,Closed Lost,12/9/2023,4/18/2024,131,Yes,Yes,No executive sponsor
O01714,A0161,P001,Manufacturing,APAC,Mid-Market,Direct,New Logo,148286,0.182,121297,Closed Won,5/25/2025,9/1/2025,99,Yes,No,Superior analytics
O01715,A0793,P004,Technology,Middle East,Strategic,Direct,Renewal,215314,0.208,170528,Closed Won,7/8/2024,2/15/2025,222,No,Yes,Bundle value
O01716,A0696,P007,Healthcare,APAC,Mid-Market,Direct,New Logo,71405,0.041,68477,Closed Lost,1/1/2024,4/26/2024,116,Yes,No,Timing
O01717,A0152,P008,Manufacturing,North America,Mid-Market,Direct,New Logo,102533,0.089,93407,Closed Lost,12/28/2025,4/6/2026,99,Yes,No,Competitor selected
O01718,A0063,P006,Healthcare,Europe,Strategic,Partner,New Logo,256988,0.262,189657,Closed Lost,9/17/2024,1/31/2025,136,Yes,Yes,Weak product fit
O01719,A0899,P006,Technology,North America,Mid-Market,Inside Sales,Expansion,139842,0,139842,Closed Lost,9/16/2024,11/17/2024,62,Yes,No,Competitor selected
O01720,A0578,P003,Manufacturing,North America,Enterprise,Direct,New Logo,211486,0.129,184204,Closed Lost,12/19/2023,4/11/2024,114,No,No,Timing
O01721,A0782,P004,Healthcare,Middle East,Enterprise,Inside Sales,New Logo,145770,0.059,137169,Closed Lost,11/29/2023,3/27/2024,119,No,Yes,Timing
O01722,A0618,P008,Technology,North America,Mid-Market,Partner,New Logo,112581,0.12,99071,Closed Lost,3/14/2026,5/25/2026,72,No,Yes,Weak product fit
O01723,A0439,P008,Healthcare,APAC,Mid-Market,Inside Sales,Expansion,84607,0.068,78853,Closed Lost,3/20/2025,6/15/2025,87,No,No,Weak product fit
O01724,A0493,P003,Technology,APAC,Enterprise,Direct,New Logo,190627,0.194,153645,Open Pipeline,6/29/2026,11/3/2026,127,No,No,In progress
O01725,A0611,P008,Healthcare,APAC,Mid-Market,Direct,New Logo,92869,0.14,79867,Closed Lost,4/8/2025,6/22/2025,75,Yes,Yes,Limited budget
O01726,A0365,P006,Manufacturing,North America,Mid-Market,Inside Sales,Renewal,129601,0.077,119621,Closed Lost,4/8/2026,7/6/2026,89,No,Yes,Limited budget
O01727,A0578,P002,Manufacturing,North America,Enterprise,Partner,New Logo,246643,0.067,230117,Closed Lost,8/29/2025,12/28/2025,121,Yes,Yes,No executive sponsor
O01728,A0151,P004,Healthcare,APAC,Enterprise,Direct,New Logo,161288,0.148,137417,Closed Won,3/29/2025,7/28/2025,121,Yes,No,Strong product fit
O01729,A0606,P006,Financial Services,North America,Enterprise,Direct,Renewal,246556,0.226,190834,Closed Lost,4/9/2025,8/6/2025,119,No,No,Timing
O01730,A0708,P002,Technology,North America,Enterprise,Direct,New Logo,224012,0.107,200042,Closed Lost,7/4/2024,10/15/2024,103,No,Yes,Price
O01731,A0328,P005,Manufacturing,Europe,Mid-Market,Direct,New Logo,91634,0,91634,Closed Lost,2/7/2025,5/7/2025,89,Yes,Yes,Limited budget
O01732,A0026,P006,Technology,APAC,Mid-Market,Direct,New Logo,124591,0.021,121974,Closed Lost,9/29/2023,11/3/2023,35,Yes,No,Timing
O01733,A0134,P007,Healthcare,North America,Mid-Market,Partner,New Logo,73718,0.161,61849,Closed Lost,7/5/2025,9/20/2025,77,Yes,Yes,No executive sponsor
O01734,A0869,P004,Financial Services,Europe,Enterprise,Direct,New Logo,171497,0.073,158977,Closed Lost,2/8/2026,5/5/2026,86,No,No,Timing
O01735,A0399,P002,Financial Services,North America,Strategic,Direct,New Logo,342017,0.148,291398,Open Pipeline,7/18/2026,12/7/2026,142,No,No,In progress
O01736,A0736,P003,Healthcare,APAC,Enterprise,Partner,New Logo,177628,0.238,135352,Open Pipeline,8/3/2026,12/23/2026,142,No,Yes,In progress
O01737,A0592,P006,Technology,Europe,Mid-Market,Inside Sales,Expansion,151425,0.085,138553,Closed Lost,7/24/2024,9/17/2024,55,Yes,Yes,No executive sponsor
O01738,A0230,P004,Financial Services,APAC,Strategic,Direct,New Logo,235508,0.141,202301,Closed Won,10/12/2024,4/19/2025,189,No,No,Superior analytics
O01739,A0901,P002,Financial Services,Middle East,Mid-Market,Direct,New Logo,166245,0.011,164416,Closed Won,1/2/2026,3/22/2026,79,No,No,Bundle value
O01740,A0435,P005,Technology,APAC,Mid-Market,Partner,New Logo,66970,0.1,60273,Closed Won,8/19/2025,12/19/2025,122,Yes,Yes,Existing relationship
O01741,A0233,P001,Manufacturing,Middle East,Strategic,Direct,Renewal,313333,0.175,258499,Closed Lost,12/30/2025,6/12/2026,164,No,Yes,Timing
O01742,A0748,P008,Healthcare,Europe,Enterprise,Direct,New Logo,163463,0,163463,Closed Lost,7/28/2024,11/2/2024,97,Yes,No,Limited budget
O01743,A0325,P004,Technology,APAC,Mid-Market,Direct,New Logo,105425,0.158,88767,Closed Lost,2/17/2024,6/30/2024,134,Yes,No,Limited budget
O01744,A0618,P004,Technology,North America,Mid-Market,Direct,New Logo,114669,0.177,94372,Closed Lost,3/5/2024,5/7/2024,63,No,No,Competitor selected
O01745,A0993,P007,Technology,North America,Mid-Market,Direct,New Logo,78221,0.055,73918,Closed Lost,8/14/2024,10/3/2024,50,No,No,No executive sponsor
O01746,A0077,P006,Technology,Europe,Mid-Market,Partner,New Logo,137270,0.131,119287,Closed Lost,2/27/2026,5/31/2026,93,Yes,Yes,Competitor selected
O01747,A0091,P002,Manufacturing,APAC,Enterprise,Direct,Expansion,230633,0.102,207108,Closed Lost,10/21/2023,2/25/2024,127,No,Yes,Competitor selected
O01748,A0425,P007,Manufacturing,APAC,Mid-Market,Partner,New Logo,79069,0.098,71320,Closed Won,1/25/2024,3/5/2024,40,No,Yes,Existing relationship
O01749,A0002,P002,Technology,Middle East,Enterprise,Direct,Expansion,247900,0.106,221622,Closed Lost,8/22/2023,1/13/2024,144,Yes,Yes,Limited budget
O01750,A0372,P008,Manufacturing,APAC,Enterprise,Direct,New Logo,126923,0.044,121338,Closed Lost,9/17/2024,1/3/2025,108,Yes,Yes,No executive sponsor
O01751,A0156,P004,Manufacturing,North America,Strategic,Inside Sales,New Logo,193802,0.109,172677,Closed Lost,12/31/2024,7/18/2025,199,No,No,Price
O01752,A0858,P007,Financial Services,APAC,Mid-Market,Direct,New Logo,64019,0.204,50959,Closed Won,7/4/2025,10/2/2025,90,No,No,Bundle value
O01753,A0001,P008,Healthcare,APAC,Enterprise,Direct,New Logo,153297,0.155,129535,Closed Won,8/5/2026,1/24/2027,172,No,Yes,Superior analytics
O01754,A0115,P001,Manufacturing,Middle East,Strategic,Direct,New Logo,234950,0.14,202057,Closed Won,1/20/2026,5/25/2026,125,No,Yes,Bundle value
O01755,A0656,P008,Healthcare,Europe,Enterprise,Direct,Expansion,138478,0.063,129753,Closed Lost,2/12/2026,5/3/2026,80,Yes,No,No executive sponsor
O01756,A0050,P008,Manufacturing,Europe,Mid-Market,Inside Sales,New Logo,97235,0.018,95484,Closed Lost,2/25/2025,4/4/2025,38,Yes,No,Weak product fit
O01757,A0319,P008,Manufacturing,North America,Strategic,Inside Sales,New Logo,227243,0.03,220425,Closed Lost,3/3/2026,8/21/2026,171,Yes,No,No executive sponsor
O01758,A0402,P007,Healthcare,North America,Mid-Market,Direct,Renewal,61979,0.123,54355,Closed Lost,8/16/2024,10/13/2024,58,No,No,Limited budget
O01759,A0067,P006,Financial Services,APAC,Mid-Market,Inside Sales,New Logo,125312,0.083,114911,Closed Lost,1/28/2025,3/22/2025,53,No,No,Timing
O01760,A0745,P002,Technology,North America,Enterprise,Partner,New Logo,194190,0.118,171275,Closed Lost,1/1/2024,5/10/2024,130,Yes,No,Limited budget
O01761,A0316,P002,Technology,North America,Enterprise,Direct,Expansion,245973,0.126,214980,Closed Won,12/23/2024,3/18/2025,85,Yes,No,Executive alignment
O01762,A0383,P007,Technology,Europe,Mid-Market,Partner,New Logo,70751,0.172,58581,Closed Won,12/14/2024,1/26/2025,43,Yes,Yes,Strong product fit
O01763,A0391,P001,Manufacturing,Europe,Enterprise,Direct,New Logo,205956,0.163,172385,Closed Lost,10/12/2023,1/29/2024,109,Yes,Yes,Price
O01764,A0337,P002,Healthcare,North America,Enterprise,Direct,Expansion,200172,0.037,192765,Closed Won,11/18/2024,1/23/2025,66,No,No,Strong product fit
O01765,A0445,P001,Healthcare,North America,Mid-Market,Direct,New Logo,143564,0.042,137534,Closed Lost,10/2/2023,11/9/2023,38,Yes,No,Competitor selected
O01766,A0881,P002,Manufacturing,North America,Mid-Market,Partner,New Logo,148956,0.128,129889,Closed Won,1/14/2026,4/29/2026,105,Yes,No,Executive alignment
O01767,A0420,P008,Financial Services,North America,Enterprise,Partner,New Logo,131767,0.156,111211,Closed Lost,11/30/2023,3/17/2024,108,No,Yes,Limited budget
O01768,A0497,P006,Healthcare,APAC,Enterprise,Direct,New Logo,183764,0.271,133963,Open Pipeline,5/7/2026,10/17/2026,163,No,No,In progress
O01769,A0356,P007,Technology,APAC,Mid-Market,Direct,New Logo,62668,0.035,60474,Closed Lost,8/18/2024,11/12/2024,86,No,No,Competitor selected
O01770,A0885,P004,Healthcare,North America,Mid-Market,Direct,New Logo,116869,0.109,104130,Closed Lost,8/24/2024,11/23/2024,91,Yes,Yes,Timing
O01771,A0149,P008,Technology,APAC,Enterprise,Direct,New Logo,132371,0.056,124958,Open Pipeline,5/11/2026,8/22/2026,103,Yes,Yes,In progress
O01772,A0370,P006,Financial Services,Europe,Enterprise,Direct,New Logo,196777,0.148,167654,Closed Won,2/10/2025,6/12/2025,122,No,Yes,Existing relationship
O01773,A0489,P007,Technology,Middle East,Enterprise,Direct,New Logo,106804,0.037,102852,Closed Lost,3/8/2025,7/9/2025,123,No,No,Timing
O01774,A0161,P004,Manufacturing,APAC,Mid-Market,Direct,New Logo,97629,0.155,82496,Closed Lost,4/9/2026,6/5/2026,57,Yes,Yes,No executive sponsor
O01775,A0226,P003,Financial Services,North America,Mid-Market,Direct,New Logo,112300,0.187,91299,Closed Lost,3/12/2025,6/4/2025,84,No,No,Competitor selected
O01776,A0966,P007,Manufacturing,North America,Enterprise,Inside Sales,New Logo,112686,0.061,105812,Closed Won,7/24/2024,10/13/2024,81,No,Yes,Bundle value
O01777,A0046,P005,Healthcare,Europe,Strategic,Direct,New Logo,170244,0.203,135684,Open Pipeline,7/16/2026,1/12/2027,180,Yes,No,In progress
O01778,A0767,P003,Technology,North America,Enterprise,Direct,New Logo,190765,0.048,181608,Closed Lost,9/10/2024,2/5/2025,148,Yes,Yes,Timing
O01779,A0390,P001,Financial Services,North America,Mid-Market,Direct,Expansion,125536,0.127,109592,Open Pipeline,7/27/2026,11/9/2026,105,No,No,In progress
O01780,A0996,P007,Manufacturing,North America,Mid-Market,Direct,New Logo,78429,0.117,69252,Closed Won,3/19/2026,6/2/2026,75,No,No,Existing relationship
O01781,A0786,P002,Healthcare,North America,Enterprise,Inside Sales,Renewal,260346,0.059,244985,Closed Lost,3/26/2025,8/18/2025,145,Yes,No,No executive sponsor
O01782,A0500,P002,Healthcare,Europe,Enterprise,Direct,New Logo,261183,0.098,235587,Closed Lost,12/16/2024,7/7/2025,203,No,No,Timing
O01783,A0553,P002,Technology,Europe,Enterprise,Partner,New Logo,223765,0.09,203626,Closed Lost,8/14/2024,11/24/2024,102,No,Yes,Timing
O01784,A0778,P008,Technology,Europe,Enterprise,Direct,Expansion,171222,0.151,145367,Closed Won,10/24/2025,2/12/2026,111,Yes,Yes,Strong product fit
O01785,A0804,P005,Healthcare,APAC,Enterprise,Partner,New Logo,131491,0.094,119130,Closed Lost,12/2/2025,4/17/2026,136,Yes,Yes,Weak product fit
O01786,A0695,P007,Manufacturing,APAC,Enterprise,Direct,Expansion,108943,0.083,99900,Closed Lost,11/18/2023,4/8/2024,142,Yes,Yes,No executive sponsor
O01787,A0870,P004,Healthcare,Europe,Enterprise,Direct,New Logo,187916,0.042,180023,Open Pipeline,7/17/2026,11/1/2026,107,Yes,Yes,In progress
O01788,A0520,P006,Manufacturing,APAC,Enterprise,Direct,Expansion,193062,0.087,176265,Open Pipeline,5/30/2026,9/25/2026,118,Yes,Yes,In progress
O01789,A0977,P007,Manufacturing,Middle East,Enterprise,Direct,New Logo,94903,0.122,83324,Closed Lost,8/14/2024,12/3/2024,111,Yes,No,No executive sponsor
O01790,A0813,P001,Healthcare,North America,Enterprise,Direct,New Logo,225414,0.05,214143,Open Pipeline,7/8/2026,11/2/2026,117,Yes,Yes,In progress
O01791,A0179,P004,Manufacturing,North America,Enterprise,Direct,New Logo,186909,0.124,163732,Closed Lost,11/16/2025,5/1/2026,166,No,Yes,Competitor selected
O01792,A0215,P008,Healthcare,APAC,Mid-Market,Direct,New Logo,96675,0.016,95128,Closed Lost,5/21/2024,8/19/2024,90,Yes,Yes,Timing
O01793,A0795,P002,Financial Services,APAC,Mid-Market,Partner,New Logo,170838,0.106,152729,Closed Lost,1/22/2024,3/27/2024,65,No,Yes,Limited budget
O01794,A0584,P008,Healthcare,APAC,Mid-Market,Partner,New Logo,84202,0.148,71740,Closed Won,6/24/2025,10/10/2025,108,Yes,No,Bundle value
O01795,A0869,P008,Financial Services,Europe,Enterprise,Partner,Expansion,135585,0.176,111722,Closed Lost,3/13/2025,5/27/2025,75,Yes,No,No executive sponsor
O01796,A0452,P005,Financial Services,North America,Enterprise,Partner,New Logo,103980,0.161,87239,Closed Lost,10/21/2025,2/23/2026,125,Yes,Yes,Competitor selected
O01797,A0182,P004,Healthcare,North America,Mid-Market,Direct,New Logo,89094,0.112,79115,Closed Won,6/2/2024,7/25/2024,53,Yes,No,Strong product fit
O01798,A0025,P005,Financial Services,Middle East,Enterprise,Direct,Renewal,104698,0.128,91296,Closed Lost,4/14/2024,7/26/2024,103,No,Yes,Timing
O01799,A0100,P001,Manufacturing,Europe,Strategic,Direct,Expansion,246592,0.095,223165,Closed Lost,9/27/2023,4/19/2024,205,Yes,Yes,Timing
O01800,A0160,P004,Manufacturing,North America,Mid-Market,Inside Sales,New Logo,109461,0.114,96982,Closed Lost,9/25/2023,1/22/2024,119,No,No,Competitor selected
O01801,A0006,P002,Manufacturing,North America,Mid-Market,Inside Sales,New Logo,145683,0.112,129366,Closed Lost,3/9/2025,5/5/2025,57,No,Yes,Timing
O01802,A0038,P005,Manufacturing,APAC,Mid-Market,Inside Sales,New Logo,89598,0.104,80279,Closed Lost,9/4/2025,1/7/2026,125,No,No,Timing
O01803,A0984,P004,Technology,Europe,Enterprise,Partner,Expansion,150948,0.181,123626,Closed Lost,8/31/2025,3/7/2026,188,Yes,Yes,Competitor selected
O01804,A0387,P002,Healthcare,North America,Enterprise,Direct,New Logo,250665,0.213,197273,Open Pipeline,5/9/2026,9/3/2026,117,Yes,Yes,In progress
O01805,A0031,P007,Financial Services,North America,Enterprise,Inside Sales,Renewal,116908,0.176,96332,Closed Lost,2/12/2026,6/24/2026,132,Yes,No,Price
O01806,A0654,P004,Healthcare,Europe,Mid-Market,Direct,New Logo,94172,0.079,86732,Closed Lost,7/12/2025,8/19/2025,38,Yes,No,Competitor selected
O01807,A0493,P005,Technology,APAC,Enterprise,Direct,New Logo,102130,0.133,88546,Closed Won,10/3/2024,1/28/2025,117,No,Yes,Superior analytics
O01808,A0500,P006,Healthcare,Europe,Enterprise,Direct,New Logo,205746,0.134,178176,Closed Won,11/17/2023,4/1/2024,136,No,No,Existing relationship
O01809,A0787,P006,Financial Services,North America,Mid-Market,Partner,New Logo,129763,0.155,109649,Closed Won,8/27/2025,10/1/2025,35,Yes,Yes,Bundle value
O01810,A0022,P003,Healthcare,North America,Strategic,Inside Sales,New Logo,291050,0.1,261945,Closed Lost,10/30/2024,4/4/2025,156,Yes,No,Price
O01811,A0873,P008,Technology,Europe,Mid-Market,Direct,New Logo,85667,0.137,73930,Closed Lost,8/3/2025,1/7/2026,157,No,Yes,Price
O01812,A0288,P007,Healthcare,APAC,Mid-Market,Partner,Expansion,71125,0.112,63159,Closed Lost,2/28/2024,6/19/2024,112,Yes,Yes,Limited budget
O01813,A0355,P007,Healthcare,Europe,Mid-Market,Direct,New Logo,78536,0.081,72174,Open Pipeline,6/7/2026,8/29/2026,83,No,Yes,In progress
O01814,A0233,P007,Manufacturing,Middle East,Strategic,Partner,New Logo,135662,0.217,106223,Closed Lost,7/15/2025,12/16/2025,154,Yes,No,Limited budget
O01815,A0118,P008,Manufacturing,Europe,Strategic,Direct,Expansion,197294,0.126,172434,Closed Won,4/16/2025,9/7/2025,144,No,No,Bundle value
O01816,A0920,P001,Healthcare,Middle East,Mid-Market,Direct,Renewal,125830,0.064,117776,Closed Lost,1/9/2026,3/24/2026,74,No,Yes,Timing
O01817,A0608,P005,Manufacturing,Europe,Enterprise,Inside Sales,Expansion,124493,0.091,113164,Closed Won,10/9/2024,1/20/2025,103,No,Yes,Bundle value
O01818,A0120,P005,Financial Services,Europe,Enterprise,Direct,New Logo,113271,0.064,106021,Closed Won,1/17/2026,4/25/2026,98,Yes,No,Strong product fit
O01819,A0372,P003,Manufacturing,APAC,Enterprise,Partner,New Logo,157289,0.26,116393,Closed Lost,7/7/2025,9/30/2025,85,Yes,No,Weak product fit
O01820,A0355,P005,Healthcare,Europe,Mid-Market,Direct,Expansion,77554,0.112,68867,Closed Won,1/8/2024,3/4/2024,56,Yes,No,Strong product fit
O01821,A0567,P002,Manufacturing,Middle East,Enterprise,Partner,New Logo,242835,0.191,196453,Closed Lost,2/17/2026,6/19/2026,122,Yes,No,Weak product fit
O01822,A0168,P007,Manufacturing,Middle East,Strategic,Partner,Renewal,168134,0.17,139551,Closed Lost,8/13/2025,12/27/2025,136,Yes,Yes,Limited budget
O01823,A0386,P005,Financial Services,Europe,Mid-Market,Direct,New Logo,90289,0.094,81801,Closed Lost,3/26/2026,5/18/2026,53,Yes,No,Competitor selected
O01824,A0254,P003,Financial Services,Europe,Enterprise,Direct,New Logo,158942,0.112,141140,Closed Lost,8/18/2025,12/5/2025,109,Yes,Yes,Price
O01825,A0257,P004,Manufacturing,North America,Enterprise,Partner,New Logo,146599,0.134,126954,Open Pipeline,8/6/2026,11/21/2026,107,No,No,In progress
O01826,A0780,P007,Manufacturing,Middle East,Mid-Market,Partner,New Logo,74950,0.138,64606,Closed Lost,7/10/2025,10/5/2025,87,Yes,No,Timing
O01827,A0829,P001,Healthcare,Europe,Mid-Market,Direct,New Logo,130969,0.235,100191,Closed Lost,7/13/2025,10/28/2025,107,No,Yes,Competitor selected
O01828,A0020,P002,Healthcare,APAC,Mid-Market,Direct,New Logo,128302,0.068,119577,Closed Won,1/18/2026,3/17/2026,58,No,Yes,Executive alignment
O01829,A0865,P008,Healthcare,Middle East,Enterprise,Direct,Expansion,173508,0.104,155463,Closed Lost,3/14/2024,6/29/2024,107,No,Yes,Price
O01830,A0871,P007,Financial Services,North America,Mid-Market,Direct,Expansion,61348,0.086,56072,Closed Lost,4/14/2024,7/20/2024,97,No,Yes,No executive sponsor
O01831,A0326,P006,Financial Services,APAC,Enterprise,Direct,New Logo,206808,0.112,183645,Closed Lost,12/13/2025,2/24/2026,73,No,Yes,Timing
O01832,A0172,P005,Manufacturing,Middle East,Enterprise,Partner,Expansion,104258,0.161,87472,Closed Lost,11/29/2024,3/15/2025,106,No,Yes,Competitor selected
O01833,A0700,P002,Technology,North America,Enterprise,Direct,Renewal,224307,0.124,196492,Closed Lost,2/13/2025,6/28/2025,135,No,Yes,Weak product fit
O01834,A0455,P007,Healthcare,North America,Mid-Market,Direct,New Logo,58544,0.046,55850,Closed Lost,2/11/2024,3/30/2024,48,Yes,No,Competitor selected
O01835,A0191,P004,Financial Services,North America,Enterprise,Partner,New Logo,135590,0.106,121217,Closed Lost,1/12/2026,5/6/2026,114,Yes,Yes,Timing
O01836,A0295,P002,Financial Services,North America,Enterprise,Partner,New Logo,204122,0.222,158806,Closed Lost,9/8/2024,12/6/2024,89,Yes,Yes,Limited budget
O01837,A0391,P003,Manufacturing,Europe,Enterprise,Direct,New Logo,197186,0.123,172932,Closed Lost,10/10/2023,1/11/2024,93,Yes,Yes,Competitor selected
O01838,A0813,P007,Healthcare,North America,Enterprise,Direct,New Logo,105590,0.145,90279,Closed Lost,5/6/2025,6/22/2025,47,Yes,Yes,Limited budget
O01839,A0653,P001,Healthcare,North America,Mid-Market,Inside Sales,New Logo,109099,0.06,102553,Closed Lost,9/17/2023,10/25/2023,38,Yes,No,No executive sponsor
O01840,A0912,P002,Healthcare,North America,Strategic,Direct,Renewal,365876,0.148,311726,Closed Won,11/25/2025,4/1/2026,127,No,Yes,Bundle value
O01841,A0039,P003,Manufacturing,Europe,Enterprise,Partner,Expansion,200227,0.21,158179,Closed Lost,3/18/2025,7/4/2025,108,Yes,Yes,Limited budget
O01842,A0035,P008,Technology,Middle East,Enterprise,Direct,New Logo,128710,0.057,121373,Closed Won,11/7/2024,3/4/2025,117,Yes,Yes,Strong product fit
O01843,A0604,P004,Healthcare,APAC,Enterprise,Direct,New Logo,182334,0.104,163371,Open Pipeline,7/20/2026,11/11/2026,114,Yes,No,In progress
O01844,A0115,P002,Manufacturing,Middle East,Strategic,Direct,New Logo,343870,0.16,288850,Closed Lost,11/19/2025,4/11/2026,143,Yes,No,Timing
O01845,A0949,P008,Technology,APAC,Mid-Market,Direct,New Logo,98789,0.091,89799,Closed Lost,5/15/2024,8/16/2024,93,Yes,No,Timing
O01846,A0374,P004,Financial Services,Europe,Enterprise,Direct,New Logo,146183,0.101,131418,Closed Lost,10/28/2023,3/2/2024,126,Yes,Yes,Weak product fit
O01847,A0466,P007,Manufacturing,North America,Mid-Market,Direct,New Logo,77783,0.158,65493,Closed Won,9/16/2023,12/24/2023,99,No,No,Existing relationship
O01848,A0712,P001,Manufacturing,APAC,Strategic,Direct,New Logo,252496,0.083,231538,Closed Lost,1/9/2025,5/12/2025,123,No,Yes,Competitor selected
O01849,A0928,P004,Healthcare,North America,Enterprise,Inside Sales,Renewal,176253,0,176253,Closed Won,12/16/2023,4/19/2024,125,No,Yes,Bundle value
O01850,A0357,P004,Healthcare,Europe,Mid-Market,Direct,Expansion,94906,0.196,76304,Closed Won,5/29/2025,8/18/2025,81,No,Yes,Existing relationship
O01851,A0834,P007,Manufacturing,APAC,Mid-Market,Direct,Renewal,75877,0.094,68744,Closed Lost,3/10/2024,6/6/2024,88,No,Yes,No executive sponsor
O01852,A0399,P008,Financial Services,North America,Strategic,Direct,New Logo,222003,0.136,191810,Closed Lost,10/19/2023,4/22/2024,186,Yes,Yes,Price
O01853,A0262,P005,Manufacturing,Europe,Enterprise,Inside Sales,New Logo,124341,0.169,103327,Closed Lost,2/1/2026,8/3/2026,183,No,Yes,Competitor selected
O01854,A0516,P006,Healthcare,North America,Enterprise,Direct,New Logo,184186,0.195,148269,Closed Won,11/21/2025,4/6/2026,136,No,No,Superior analytics
O01855,A0471,P007,Technology,Europe,Enterprise,Direct,New Logo,110214,0,110214,Closed Lost,10/10/2023,1/9/2024,91,No,Yes,Weak product fit
O01856,A0051,P007,Technology,APAC,Enterprise,Partner,Expansion,96223,0.119,84772,Closed Lost,8/25/2025,12/21/2025,118,Yes,No,No executive sponsor
O01857,A0250,P004,Technology,North America,Enterprise,Direct,New Logo,180281,0.016,177396,Closed Lost,4/20/2026,8/9/2026,111,Yes,Yes,Limited budget
O01858,A0732,P008,Healthcare,Europe,Enterprise,Direct,Renewal,149705,0.131,130093,Open Pipeline,7/29/2026,11/10/2026,104,Yes,No,In progress
O01859,A0824,P004,Financial Services,North America,Strategic,Direct,New Logo,242622,0.17,201376,Closed Won,2/5/2026,6/25/2026,140,No,Yes,Existing relationship
O01860,A0274,P006,Technology,North America,Mid-Market,Direct,New Logo,163135,0.196,131160,Closed Won,8/28/2023,12/9/2023,103,No,Yes,Bundle value
O01861,A0569,P002,Financial Services,North America,Mid-Market,Inside Sales,New Logo,164260,0,164260,Closed Lost,11/12/2025,2/2/2026,82,No,Yes,Weak product fit
O01862,A0840,P001,Manufacturing,Europe,Mid-Market,Partner,Expansion,131307,0.197,105439,Closed Lost,5/3/2025,7/27/2025,85,Yes,No,Price
O01863,A0016,P007,Manufacturing,APAC,Mid-Market,Inside Sales,New Logo,73408,0.036,70765,Closed Lost,3/15/2024,5/3/2024,49,Yes,No,Price
O01864,A0241,P003,Technology,Europe,Enterprise,Partner,Expansion,162797,0.175,134307,Closed Lost,5/3/2025,10/9/2025,159,No,Yes,Competitor selected
O01865,A0460,P006,Healthcare,Europe,Enterprise,Direct,New Logo,250696,0.148,213592,Closed Lost,9/5/2025,12/18/2025,104,No,No,Price
O01866,A0804,P006,Healthcare,APAC,Enterprise,Inside Sales,New Logo,225119,0.118,198554,Closed Won,11/4/2025,4/26/2026,173,No,Yes,Superior analytics
O01867,A0007,P001,Technology,Europe,Enterprise,Direct,New Logo,169787,0.069,158071,Closed Lost,1/19/2026,7/3/2026,165,Yes,No,Limited budget
O01868,A0022,P003,Healthcare,North America,Strategic,Direct,New Logo,217705,0.157,183525,Closed Lost,4/11/2025,8/31/2025,142,Yes,No,Limited budget
O01869,A0888,P008,Manufacturing,APAC,Enterprise,Direct,Expansion,124782,0.135,107936,Closed Lost,6/22/2025,8/19/2025,58,No,Yes,Limited budget
O01870,A0022,P006,Healthcare,North America,Strategic,Direct,New Logo,308905,0.171,256082,Closed Lost,9/21/2024,2/21/2025,153,Yes,Yes,Weak product fit
O01871,A0722,P002,Manufacturing,Europe,Enterprise,Direct,New Logo,194339,0.119,171212,Open Pipeline,7/7/2026,10/4/2026,89,Yes,Yes,In progress
O01872,A0456,P005,Technology,Middle East,Mid-Market,Direct,Renewal,89161,0.165,74449,Closed Lost,7/3/2025,11/2/2025,122,No,No,Timing
O01873,A0671,P004,Healthcare,Europe,Mid-Market,Direct,New Logo,92077,0.065,86091,Closed Lost,10/4/2023,11/16/2023,43,No,Yes,Competitor selected
O01874,A0339,P008,Technology,North America,Enterprise,Direct,New Logo,162497,0.083,149009,Closed Won,10/21/2023,3/13/2024,144,Yes,No,Strong product fit
O01875,A0964,P007,Technology,Middle East,Mid-Market,Direct,New Logo,65143,0.13,56674,Closed Won,8/2/2025,9/16/2025,45,No,Yes,Superior analytics
O01876,A0498,P008,Healthcare,North America,Mid-Market,Direct,New Logo,101617,0.062,95316,Open Pipeline,5/5/2026,10/29/2026,177,No,No,In progress
O01877,A0892,P007,Healthcare,Europe,Mid-Market,Direct,New Logo,74667,0.13,64960,Closed Won,4/27/2026,7/18/2026,82,No,Yes,Bundle value
O01878,A0314,P006,Technology,North America,Mid-Market,Direct,New Logo,159125,0.011,157374,Closed Lost,2/10/2025,3/29/2025,47,Yes,No,Limited budget
O01879,A0861,P008,Healthcare,Europe,Mid-Market,Direct,Expansion,96429,0.056,91028,Closed Lost,11/23/2025,12/18/2025,25,No,No,Weak product fit
O01880,A0598,P007,Financial Services,Europe,Mid-Market,Direct,New Logo,78732,0.103,70622,Closed Lost,9/5/2023,10/20/2023,45,Yes,No,Price
O01881,A0764,P005,Financial Services,Europe,Enterprise,Direct,New Logo,119804,0.029,116329,Closed Lost,12/6/2023,3/9/2024,94,Yes,Yes,Limited budget
O01882,A0575,P007,Manufacturing,APAC,Enterprise,Direct,New Logo,97166,0.127,84825,Closed Won,12/28/2023,5/16/2024,140,Yes,Yes,Bundle value
O01883,A0252,P002,Financial Services,Europe,Enterprise,Direct,New Logo,237141,0.114,210106,Closed Won,1/18/2025,5/10/2025,112,No,Yes,Bundle value
O01884,A0624,P002,Financial Services,Europe,Enterprise,Direct,Expansion,192813,0.084,176616,Closed Won,9/27/2023,12/10/2023,74,No,Yes,Bundle value
O01885,A0670,P004,Technology,APAC,Strategic,Inside Sales,Expansion,260986,0.075,241412,Closed Lost,8/9/2024,2/4/2025,179,Yes,No,Limited budget
O01886,A0835,P004,Healthcare,APAC,Enterprise,Direct,New Logo,155384,0.053,147148,Closed Lost,2/24/2024,6/20/2024,117,Yes,No,Price
O01887,A0414,P004,Healthcare,North America,Mid-Market,Partner,New Logo,93304,0.11,83040,Closed Won,11/25/2024,2/15/2025,82,No,Yes,Bundle value
O01888,A0529,P007,Technology,North America,Mid-Market,Direct,New Logo,67848,0.116,59977,Closed Lost,5/1/2025,8/11/2025,102,Yes,Yes,Competitor selected
O01889,A0987,P004,Manufacturing,North America,Enterprise,Direct,New Logo,153953,0.095,139327,Closed Won,1/26/2025,7/2/2025,157,Yes,No,Executive alignment
O01890,A0718,P003,Financial Services,North America,Enterprise,Inside Sales,New Logo,152040,0.009,150671,Open Pipeline,8/11/2026,10/17/2026,67,Yes,No,In progress
O01891,A0020,P006,Healthcare,APAC,Mid-Market,Direct,New Logo,145597,0.076,134531,Closed Won,1/5/2025,4/11/2025,96,No,Yes,Strong product fit
O01892,A0898,P004,Manufacturing,APAC,Strategic,Direct,Expansion,252804,0.168,210332,Closed Lost,9/8/2024,4/1/2025,205,Yes,Yes,Weak product fit
O01893,A0707,P005,Technology,Middle East,Mid-Market,Inside Sales,New Logo,78396,0.094,71026,Closed Lost,6/12/2024,7/26/2024,44,No,No,No executive sponsor
O01894,A0871,P004,Financial Services,North America,Mid-Market,Direct,Renewal,97313,0.203,77558,Closed Won,12/26/2024,3/24/2025,88,Yes,Yes,Existing relationship
O01895,A0459,P007,Financial Services,Europe,Mid-Market,Partner,Renewal,77105,0.211,60835,Closed Lost,10/2/2025,2/11/2026,132,No,No,Price
O01896,A0749,P007,Technology,North America,Mid-Market,Direct,New Logo,71667,0.124,62780,Closed Won,3/18/2025,6/25/2025,99,No,Yes,Strong product fit
O01897,A0654,P007,Healthcare,Europe,Mid-Market,Partner,New Logo,77414,0.129,67427,Closed Won,9/12/2025,12/10/2025,89,Yes,No,Executive alignment
O01898,A0226,P005,Financial Services,North America,Mid-Market,Direct,Expansion,67501,0.119,59468,Closed Lost,12/9/2025,2/9/2026,62,No,No,Timing
O01899,A0723,P002,Manufacturing,APAC,Enterprise,Inside Sales,New Logo,257498,0,257498,Closed Lost,4/25/2025,7/24/2025,90,Yes,Yes,Limited budget
O01900,A0129,P007,Technology,APAC,Mid-Market,Direct,Renewal,74730,0.113,66285,Closed Lost,8/24/2023,9/18/2023,25,No,Yes,Competitor selected
O01901,A0868,P002,Financial Services,Middle East,Enterprise,Direct,New Logo,232707,0.072,215952,Closed Lost,1/2/2025,4/25/2025,113,No,Yes,Weak product fit
O01902,A0906,P003,Technology,Europe,Mid-Market,Inside Sales,New Logo,112377,0.095,101701,Closed Won,2/3/2025,5/20/2025,106,Yes,Yes,Superior analytics
O01903,A0112,P002,Manufacturing,APAC,Enterprise,Partner,New Logo,211704,0.105,189475,Closed Lost,8/3/2025,11/30/2025,119,Yes,Yes,Limited budget
O01904,A0317,P004,Healthcare,North America,Enterprise,Direct,New Logo,150672,0.204,119934,Closed Lost,1/13/2025,4/30/2025,107,No,Yes,No executive sponsor
O01905,A0773,P004,Financial Services,Middle East,Enterprise,Direct,New Logo,133937,0.057,126302,Closed Lost,3/27/2024,5/18/2024,52,No,No,Price
O01906,A0246,P005,Financial Services,Middle East,Strategic,Direct,Expansion,141699,0.082,130079,Closed Lost,10/21/2024,5/5/2025,196,Yes,Yes,No executive sponsor
O01907,A0355,P007,Healthcare,Europe,Mid-Market,Direct,New Logo,78033,0.083,71556,Closed Lost,6/17/2024,9/24/2024,99,Yes,Yes,Timing
O01908,A0609,P004,Healthcare,North America,Enterprise,Partner,New Logo,162679,0.172,134698,Closed Lost,4/3/2025,7/28/2025,116,Yes,No,Weak product fit
O01909,A0944,P003,Financial Services,Europe,Enterprise,Inside Sales,New Logo,205673,0.077,189836,Open Pipeline,8/8/2026,12/5/2026,119,Yes,No,In progress
O01910,A0013,P002,Financial Services,APAC,Enterprise,Direct,Renewal,234266,0.045,223724,Closed Lost,1/21/2026,6/1/2026,131,Yes,No,Price
O01911,A0853,P008,Technology,North America,Strategic,Partner,New Logo,205277,0.204,163400,Closed Lost,4/9/2025,8/19/2025,132,No,No,Weak product fit
O01912,A0827,P008,Manufacturing,North America,Enterprise,Direct,New Logo,157841,0.098,142372,Closed Lost,8/19/2025,10/17/2025,59,Yes,Yes,Timing
O01913,A0047,P005,Manufacturing,Europe,Enterprise,Direct,Expansion,112935,0.046,107739,Closed Lost,11/16/2025,3/21/2026,125,No,No,Weak product fit
O01914,A0258,P008,Manufacturing,Europe,Strategic,Direct,New Logo,235636,0.138,203118,Open Pipeline,5/29/2026,11/1/2026,156,Yes,No,In progress
O01915,A0104,P008,Technology,APAC,Mid-Market,Partner,New Logo,82240,0.121,72288,Closed Lost,2/1/2024,5/27/2024,116,Yes,Yes,Weak product fit
O01916,A0698,P002,Financial Services,Europe,Mid-Market,Inside Sales,New Logo,157807,0.032,152757,Closed Lost,11/5/2025,12/23/2025,48,No,Yes,Limited budget
O01917,A0068,P001,Healthcare,North America,Enterprise,Direct,New Logo,190188,0.077,175543,Open Pipeline,5/16/2026,8/31/2026,107,No,No,In progress
O01918,A0109,P004,Financial Services,Middle East,Enterprise,Direct,Expansion,161879,0.094,146662,Closed Lost,9/12/2023,12/29/2023,108,Yes,Yes,Price
O01919,A0061,P008,Technology,Middle East,Mid-Market,Inside Sales,New Logo,111726,0.115,98877,Closed Lost,4/15/2025,8/17/2025,124,Yes,Yes,Weak product fit
O01920,A0878,P004,Technology,Europe,Strategic,Direct,Renewal,213953,0.126,186994,Closed Lost,3/4/2024,7/18/2024,136,No,No,Price
O01921,A0390,P001,Financial Services,North America,Mid-Market,Partner,Expansion,127082,0.181,104080,Closed Won,11/2/2025,2/20/2026,110,Yes,No,Executive alignment
O01922,A0557,P002,Technology,APAC,Enterprise,Direct,New Logo,242047,0.121,212759,Closed Won,11/8/2023,3/18/2024,131,No,No,Executive alignment
O01923,A0672,P002,Manufacturing,North America,Enterprise,Direct,New Logo,226799,0.127,197995,Closed Lost,3/11/2026,7/29/2026,140,Yes,No,Competitor selected
O01924,A0461,P001,Financial Services,Europe,Enterprise,Partner,Renewal,187026,0.126,163460,Closed Won,11/23/2024,3/25/2025,122,No,No,Superior analytics
O01925,A0955,P002,Healthcare,North America,Enterprise,Partner,Expansion,242457,0.083,222333,Closed Lost,10/1/2023,2/14/2024,136,No,No,Weak product fit
O01926,A0734,P007,Healthcare,APAC,Enterprise,Direct,New Logo,94162,0.183,76930,Closed Lost,5/25/2025,10/13/2025,141,No,Yes,Weak product fit
O01927,A0179,P001,Manufacturing,North America,Enterprise,Direct,New Logo,188206,0.107,168067,Closed Lost,3/25/2026,7/19/2026,116,Yes,Yes,Weak product fit
O01928,A0445,P005,Healthcare,North America,Mid-Market,Direct,New Logo,87511,0.099,78847,Closed Won,2/19/2024,5/28/2024,99,No,No,Existing relationship
O01929,A0520,P003,Manufacturing,APAC,Enterprise,Inside Sales,Renewal,194203,0.1,174782,Closed Lost,2/19/2024,3/30/2024,40,No,No,No executive sponsor
O01930,A0941,P005,Financial Services,North America,Mid-Market,Partner,New Logo,69930,0.143,59930,Closed Won,9/15/2023,10/20/2023,35,Yes,Yes,Strong product fit
O01931,A0062,P007,Healthcare,North America,Mid-Market,Inside Sales,New Logo,66887,0.001,66820,Closed Won,6/2/2025,7/30/2025,58,No,Yes,Bundle value
O01932,A0922,P002,Manufacturing,APAC,Enterprise,Inside Sales,Renewal,202995,0.079,186958,Open Pipeline,3/6/2026,9/1/2026,179,Yes,No,In progress
O01933,A0848,P008,Manufacturing,Middle East,Enterprise,Direct,Expansion,144872,0.134,125459,Closed Lost,4/10/2024,9/1/2024,144,No,Yes,Competitor selected
O01934,A0104,P005,Technology,APAC,Mid-Market,Direct,New Logo,74496,0.08,68536,Closed Won,4/14/2026,7/24/2026,101,No,Yes,Strong product fit
O01935,A0326,P008,Financial Services,APAC,Enterprise,Inside Sales,New Logo,148546,0.052,140821,Closed Lost,2/14/2026,7/12/2026,148,No,No,Price
O01936,A0398,P007,Manufacturing,Europe,Enterprise,Partner,New Logo,116969,0.189,94861,Closed Won,10/28/2023,2/22/2024,117,Yes,No,Bundle value
O01937,A0362,P001,Healthcare,North America,Enterprise,Direct,Renewal,171880,0.023,167926,Closed Lost,2/5/2026,6/15/2026,130,No,Yes,No executive sponsor
O01938,A0228,P003,Manufacturing,Europe,Strategic,Inside Sales,New Logo,272548,0.095,246655,Closed Lost,11/19/2024,5/12/2025,174,Yes,No,No executive sponsor
O01939,A0624,P006,Financial Services,Europe,Enterprise,Partner,New Logo,188275,0.246,141959,Closed Lost,12/2/2024,4/2/2025,121,No,No,Price
O01940,A0445,P003,Healthcare,North America,Mid-Market,Partner,New Logo,130174,0.201,104009,Open Pipeline,6/27/2026,10/25/2026,120,Yes,No,In progress
O01941,A0060,P006,Technology,North America,Enterprise,Inside Sales,New Logo,209040,0.053,197960,Closed Lost,2/7/2024,5/18/2024,101,Yes,No,Weak product fit
O01942,A0511,P008,Technology,North America,Mid-Market,Inside Sales,New Logo,95664,0.107,85427,Closed Lost,1/10/2025,3/27/2025,76,Yes,No,Competitor selected
O01943,A0248,P001,Technology,North America,Mid-Market,Direct,New Logo,124336,0.151,105561,Closed Lost,11/30/2025,2/12/2026,74,Yes,Yes,Weak product fit
O01944,A0737,P003,Financial Services,APAC,Enterprise,Direct,Expansion,186178,0.155,157320,Closed Won,7/7/2025,12/4/2025,150,Yes,No,Strong product fit
O01945,A0449,P008,Financial Services,APAC,Enterprise,Direct,Expansion,130596,0.208,103432,Closed Lost,10/14/2024,2/15/2025,124,No,No,Limited budget
O01946,A0413,P004,Financial Services,APAC,Mid-Market,Partner,Renewal,112644,0.164,94170,Closed Lost,2/14/2025,6/27/2025,133,Yes,No,No executive sponsor
O01947,A0187,P003,Healthcare,APAC,Enterprise,Direct,New Logo,177180,0.15,150603,Closed Won,5/2/2025,7/22/2025,81,Yes,Yes,Executive alignment
O01948,A0254,P006,Financial Services,Europe,Enterprise,Direct,New Logo,240484,0.08,221245,Closed Lost,6/9/2024,9/14/2024,97,Yes,Yes,Limited budget
O01949,A0267,P006,Financial Services,North America,Enterprise,Direct,Expansion,217166,0.094,196752,Open Pipeline,8/2/2026,12/28/2026,148,Yes,No,In progress
O01950,A0184,P008,Manufacturing,North America,Mid-Market,Direct,New Logo,89789,0.128,78296,Closed Lost,1/28/2026,5/23/2026,115,Yes,No,Competitor selected
O01951,A0372,P003,Manufacturing,APAC,Enterprise,Direct,New Logo,192843,0.03,187057,Closed Lost,3/29/2025,8/15/2025,139,No,No,Limited budget
O01952,A0435,P006,Technology,APAC,Mid-Market,Direct,New Logo,121242,0.16,101843,Closed Lost,5/18/2025,6/21/2025,34,No,Yes,Timing
O01953,A0582,P002,Financial Services,APAC,Strategic,Partner,Renewal,302300,0.108,269651,Closed Lost,7/31/2024,1/13/2025,166,Yes,No,Price
O01954,A0691,P002,Financial Services,North America,Enterprise,Inside Sales,Renewal,248132,0.085,227040,Closed Lost,5/21/2024,9/1/2024,103,No,Yes,Competitor selected
O01955,A0200,P001,Healthcare,North America,Strategic,Direct,Renewal,253352,0.073,234857,Closed Won,3/3/2024,7/20/2024,139,No,Yes,Bundle value
O01956,A0610,P003,Manufacturing,North America,Strategic,Direct,New Logo,276543,0.104,247782,Closed Won,7/26/2024,12/14/2024,141,Yes,No,Bundle value
O01957,A0251,P008,Healthcare,North America,Mid-Market,Direct,New Logo,84608,0.136,73101,Closed Lost,12/28/2025,3/17/2026,79,Yes,Yes,Limited budget
O01958,A0328,P007,Manufacturing,Europe,Mid-Market,Direct,New Logo,57123,0.109,50896,Closed Lost,8/19/2024,11/15/2024,88,No,No,Weak product fit
O01959,A0014,P001,Technology,Europe,Mid-Market,Direct,New Logo,124620,0.11,110911,Closed Won,1/7/2025,4/23/2025,106,Yes,Yes,Strong product fit
O01960,A0053,P004,Technology,APAC,Enterprise,Inside Sales,New Logo,164412,0.085,150436,Closed Lost,9/9/2023,12/22/2023,104,Yes,Yes,Weak product fit
O01961,A0479,P007,Healthcare,North America,Mid-Market,Direct,New Logo,79230,0.151,67266,Closed Won,10/29/2025,1/31/2026,94,No,Yes,Strong product fit
O01962,A0466,P003,Manufacturing,North America,Mid-Market,Direct,New Logo,120756,0.043,115563,Closed Lost,7/26/2024,11/5/2024,102,Yes,No,Competitor selected
O01963,A0598,P003,Financial Services,Europe,Mid-Market,Inside Sales,New Logo,124653,0.143,106827,Closed Won,10/27/2025,1/27/2026,92,No,Yes,Bundle value
O01964,A0145,P004,Manufacturing,APAC,Mid-Market,Direct,Expansion,117971,0.185,96146,Closed Lost,12/23/2024,2/3/2025,42,No,Yes,No executive sponsor
O01965,A0529,P002,Technology,North America,Mid-Market,Direct,New Logo,143764,0.143,123205,Closed Lost,1/26/2026,5/21/2026,115,Yes,No,Price
O01966,A0279,P001,Healthcare,APAC,Strategic,Direct,New Logo,247181,0.132,214553,Closed Lost,4/20/2025,10/17/2025,180,No,No,No executive sponsor
O01967,A0707,P002,Technology,Middle East,Mid-Market,Direct,New Logo,156641,0.144,134084,Closed Lost,3/4/2025,5/11/2025,68,Yes,No,Competitor selected
O01968,A0802,P005,Healthcare,North America,Enterprise,Inside Sales,New Logo,108624,0.118,95806,Open Pipeline,5/6/2026,8/26/2026,112,No,Yes,In progress
O01969,A0753,P001,Manufacturing,APAC,Mid-Market,Inside Sales,New Logo,122777,0,122777,Closed Lost,5/26/2026,6/26/2026,31,No,Yes,Competitor selected
O01970,A0885,P004,Healthcare,North America,Mid-Market,Partner,New Logo,121603,0.185,99106,Closed Lost,6/9/2025,7/15/2025,36,No,No,Limited budget
O01971,A0513,P001,Financial Services,North America,Mid-Market,Direct,New Logo,137730,0.141,118310,Closed Won,2/19/2025,4/3/2025,43,No,Yes,Strong product fit
O01972,A0280,P003,Financial Services,APAC,Mid-Market,Direct,New Logo,103649,0.013,102301,Closed Lost,4/11/2025,5/6/2025,25,No,Yes,Limited budget
O01973,A0918,P008,Manufacturing,APAC,Enterprise,Direct,New Logo,173009,0.147,147576,Closed Lost,5/30/2024,9/13/2024,106,No,No,Weak product fit
O01974,A0491,P008,Technology,Europe,Strategic,Inside Sales,New Logo,220759,0.09,200890,Closed Lost,4/2/2025,8/8/2025,128,Yes,Yes,Weak product fit
O01975,A0031,P002,Financial Services,North America,Enterprise,Direct,New Logo,229310,0.128,199958,Closed Lost,12/14/2023,5/21/2024,159,No,No,Competitor selected
O01976,A0911,P003,Healthcare,North America,Enterprise,Direct,New Logo,206083,0.084,188772,Closed Lost,11/21/2023,3/7/2024,107,Yes,Yes,Limited budget
O01977,A0569,P003,Financial Services,North America,Mid-Market,Inside Sales,New Logo,103785,0.04,99633,Closed Lost,6/11/2026,9/16/2026,97,Yes,No,Weak product fit
O01978,A0369,P001,Financial Services,APAC,Mid-Market,Inside Sales,New Logo,124777,0.041,119661,Closed Won,1/8/2026,3/30/2026,81,No,Yes,Executive alignment
O01979,A0053,P001,Technology,APAC,Enterprise,Partner,New Logo,184679,0.192,149220,Closed Lost,8/13/2024,11/23/2024,102,No,Yes,No executive sponsor
O01980,A0642,P005,Technology,North America,Strategic,Direct,New Logo,159246,0.121,139977,Closed Won,3/31/2025,8/4/2025,126,No,Yes,Executive alignment
O01981,A0438,P006,Manufacturing,Europe,Enterprise,Direct,New Logo,226548,0.061,212728,Closed Lost,3/23/2024,8/6/2024,136,No,Yes,Competitor selected
O01982,A0578,P005,Manufacturing,North America,Enterprise,Direct,New Logo,137757,0.165,115027,Closed Lost,7/19/2024,11/26/2024,130,No,Yes,Weak product fit
O01983,A0472,P008,Healthcare,North America,Mid-Market,Direct,New Logo,106248,0.113,94241,Closed Lost,2/14/2024,5/6/2024,82,Yes,No,Competitor selected
O01984,A0559,P001,Financial Services,North America,Mid-Market,Direct,New Logo,132388,0.135,114515,Open Pipeline,7/19/2026,9/28/2026,71,Yes,Yes,In progress
O01985,A0993,P005,Technology,North America,Mid-Market,Direct,New Logo,67646,0.187,54996,Closed Lost,4/28/2026,5/23/2026,25,No,Yes,No executive sponsor
O01986,A0493,P008,Technology,APAC,Enterprise,Direct,New Logo,128078,0.185,104383,Closed Won,10/12/2025,1/18/2026,98,No,No,Executive alignment
O01987,A0927,P008,Healthcare,Europe,Strategic,Direct,Expansion,181633,0.101,163288,Closed Lost,11/2/2023,3/26/2024,145,Yes,Yes,Limited budget
O01988,A0307,P001,Healthcare,APAC,Strategic,Direct,Expansion,288200,0.02,282436,Closed Lost,6/1/2024,1/18/2025,231,Yes,No,Weak product fit
O01989,A0329,P006,Healthcare,North America,Enterprise,Direct,New Logo,212254,0.07,197396,Closed Lost,2/28/2024,6/2/2024,95,Yes,No,Timing
O01990,A0357,P005,Healthcare,Europe,Mid-Market,Partner,New Logo,81161,0.192,65578,Closed Won,3/30/2024,6/28/2024,90,Yes,Yes,Bundle value
O01991,A0058,P003,Technology,APAC,Enterprise,Direct,New Logo,175370,0.188,142400,Closed Won,4/2/2025,6/23/2025,82,Yes,No,Strong product fit
O01992,A0341,P002,Healthcare,North America,Enterprise,Direct,New Logo,204993,0.076,189413,Closed Lost,3/21/2025,6/14/2025,85,Yes,Yes,Price
O01993,A0133,P002,Financial Services,North America,Mid-Market,Partner,New Logo,140217,0.159,117922,Closed Lost,11/19/2023,2/9/2024,82,Yes,Yes,Timing
O01994,A0666,P007,Manufacturing,APAC,Enterprise,Direct,New Logo,108483,0.158,91342,Closed Won,10/19/2024,2/11/2025,115,Yes,No,Strong product fit
O01995,A0339,P003,Technology,North America,Enterprise,Direct,Expansion,165675,0.172,137178,Closed Lost,2/29/2024,5/23/2024,84,Yes,No,No executive sponsor
O01996,A0203,P007,Manufacturing,Europe,Enterprise,Partner,New Logo,93295,0.189,75662,Open Pipeline,6/24/2026,10/1/2026,99,Yes,No,In progress
O01997,A0740,P004,Technology,APAC,Mid-Market,Inside Sales,Expansion,119228,0.135,103132,Closed Lost,7/3/2025,9/13/2025,72,No,No,Price
O01998,A0783,P007,Manufacturing,Europe,Enterprise,Direct,New Logo,106271,0.072,98619,Closed Lost,1/24/2024,8/18/2024,207,No,Yes,Timing
O01999,A0202,P005,Manufacturing,Europe,Enterprise,Direct,Expansion,142253,0.109,126747,Closed Lost,12/3/2023,3/18/2024,106,Yes,Yes,Limited budget
O02000,A0246,P006,Financial Services,Middle East,Strategic,Direct,New Logo,306347,0.105,274180,Closed Lost,12/27/2023,5/7/2024,132,Yes,No,Weak product fit
O02001,A0044,P001,Financial Services,APAC,Enterprise,Inside Sales,New Logo,226982,0.023,221761,Closed Lost,7/27/2025,11/11/2025,107,Yes,No,Timing
O02002,A0416,P007,Manufacturing,Europe,Mid-Market,Direct,Expansion,57135,0.091,51935,Closed Lost,8/21/2023,10/18/2023,58,Yes,Yes,No executive sponsor
O02003,A0859,P007,Technology,Europe,Strategic,Partner,Expansion,158411,0.101,142411,Closed Lost,7/30/2025,1/3/2026,157,No,Yes,Weak product fit
O02004,A0509,P003,Manufacturing,Middle East,Mid-Market,Direct,New Logo,107839,0.149,91770,Closed Won,7/20/2024,10/15/2024,87,Yes,Yes,Superior analytics
O02005,A0874,P008,Manufacturing,North America,Enterprise,Partner,New Logo,127937,0.122,112328,Closed Lost,3/13/2024,7/4/2024,113,No,No,No executive sponsor
O02006,A0151,P001,Healthcare,APAC,Enterprise,Partner,New Logo,211461,0.153,179107,Closed Won,6/30/2024,10/9/2024,101,No,No,Strong product fit
O02007,A0652,P005,Financial Services,Middle East,Mid-Market,Partner,New Logo,66052,0.187,53700,Closed Lost,6/25/2025,9/8/2025,75,Yes,Yes,Price
O02008,A0028,P002,Manufacturing,Middle East,Mid-Market,Direct,New Logo,138571,0.154,117231,Closed Lost,9/13/2024,12/27/2024,105,Yes,Yes,Limited budget
O02009,A0581,P002,Manufacturing,North America,Mid-Market,Direct,New Logo,173363,0.182,141810,Closed Won,12/9/2024,2/1/2025,54,No,Yes,Bundle value
O02010,A0282,P007,Financial Services,North America,Enterprise,Inside Sales,Expansion,118107,0.041,113264,Closed Lost,5/15/2026,9/14/2026,122,No,Yes,Timing
O02011,A0385,P002,Technology,North America,Enterprise,Partner,New Logo,212306,0.161,178124,Closed Won,3/5/2025,7/17/2025,134,No,Yes,Strong product fit
O02012,A0932,P002,Healthcare,North America,Enterprise,Direct,New Logo,251988,0.154,213181,Closed Won,7/4/2025,9/6/2025,64,No,Yes,Strong product fit
O02013,A0299,P006,Technology,Europe,Enterprise,Direct,Expansion,192447,0.013,189945,Closed Won,4/9/2026,7/17/2026,99,Yes,No,Existing relationship
O02014,A0443,P003,Manufacturing,North America,Mid-Market,Inside Sales,Renewal,106130,0.213,83524,Closed Lost,7/12/2024,11/15/2024,126,No,Yes,Competitor selected
O02015,A0181,P003,Financial Services,Middle East,Enterprise,Direct,Expansion,153179,0.247,115343,Closed Lost,11/7/2024,1/10/2025,64,No,No,Price
O02016,A0899,P002,Technology,North America,Mid-Market,Direct,New Logo,155319,0.139,133729,Closed Lost,3/11/2025,5/24/2025,74,Yes,No,No executive sponsor
O02017,A0027,P004,Financial Services,Europe,Mid-Market,Direct,Expansion,110934,0.067,103501,Closed Lost,11/26/2024,3/24/2025,118,No,Yes,Limited budget
O02018,A0286,P002,Financial Services,Europe,Strategic,Direct,Expansion,362987,0.064,339755,Closed Lost,8/10/2025,2/28/2026,202,Yes,No,Weak product fit
O02019,A0374,P002,Financial Services,Europe,Enterprise,Direct,New Logo,231058,0.181,189236,Closed Lost,10/3/2023,12/29/2023,87,No,Yes,Timing
O02020,A0354,P008,Manufacturing,Middle East,Mid-Market,Partner,New Logo,96268,0.241,73067,Closed Won,5/10/2024,8/5/2024,87,No,No,Superior analytics
O02021,A0618,P005,Technology,North America,Mid-Market,Direct,New Logo,74884,0.066,69941,Open Pipeline,6/15/2026,9/16/2026,93,No,Yes,In progress
O02022,A0758,P006,Healthcare,North America,Strategic,Partner,Expansion,262586,0.149,223460,Closed Lost,10/7/2025,3/11/2026,155,No,Yes,No executive sponsor
O02023,A0001,P003,Healthcare,APAC,Enterprise,Direct,New Logo,167947,0.042,160893,Closed Lost,7/1/2025,11/11/2025,133,No,No,Price
O02024,A0914,P006,Healthcare,North America,Strategic,Direct,New Logo,291911,0.079,268850,Closed Lost,8/16/2025,1/11/2026,148,Yes,Yes,Price
O02025,A0805,P005,Technology,North America,Mid-Market,Direct,New Logo,70850,0.045,67661,Closed Won,11/29/2023,2/14/2024,77,No,Yes,Existing relationship
O02026,A0778,P004,Technology,Europe,Enterprise,Inside Sales,Expansion,140796,0.086,128687,Closed Lost,7/4/2024,11/22/2024,141,Yes,Yes,Competitor selected
O02027,A0890,P001,Manufacturing,North America,Enterprise,Inside Sales,New Logo,173388,0.086,158476,Closed Lost,10/18/2024,1/13/2025,87,No,Yes,Limited budget
O02028,A0547,P004,Technology,Middle East,Mid-Market,Direct,Expansion,112827,0.038,108539,Closed Won,10/20/2023,11/22/2023,33,Yes,No,Superior analytics
O02029,A0283,P008,Healthcare,Europe,Enterprise,Direct,Expansion,158017,0.131,137316,Closed Lost,3/18/2025,6/10/2025,84,Yes,Yes,Timing
O02030,A0038,P008,Manufacturing,APAC,Mid-Market,Direct,New Logo,84796,0.115,75044,Closed Lost,10/20/2023,12/27/2023,68,No,No,Price
O02031,A0381,P007,Healthcare,North America,Mid-Market,Partner,New Logo,71721,0.152,60819,Closed Won,4/19/2025,7/21/2025,93,Yes,Yes,Executive alignment
O02032,A0674,P001,Technology,North America,Enterprise,Direct,Renewal,185205,0.139,159461,Closed Won,2/4/2026,6/8/2026,124,No,No,Bundle value
O02033,A0213,P001,Financial Services,Europe,Mid-Market,Direct,New Logo,127316,0.212,100325,Closed Lost,12/15/2025,2/17/2026,64,No,Yes,Price
O02034,A0030,P006,Manufacturing,Middle East,Enterprise,Direct,Expansion,212600,0.076,196442,Closed Won,9/16/2025,1/13/2026,119,Yes,Yes,Superior analytics
O02035,A0456,P006,Technology,Middle East,Mid-Market,Direct,Renewal,131892,0.149,112240,Closed Won,4/13/2024,6/29/2024,77,Yes,Yes,Strong product fit
O02036,A0954,P008,Manufacturing,Middle East,Mid-Market,Direct,New Logo,83788,0.119,73817,Closed Lost,4/17/2026,7/22/2026,96,Yes,Yes,Limited budget
O02037,A0179,P008,Manufacturing,North America,Enterprise,Direct,New Logo,129290,0.193,104337,Closed Won,3/4/2024,6/25/2024,113,No,No,Existing relationship
O02038,A0977,P008,Manufacturing,Middle East,Enterprise,Direct,New Logo,149407,0.095,135213,Closed Lost,9/5/2024,1/24/2025,141,Yes,Yes,Competitor selected
O02039,A0752,P001,Manufacturing,Europe,Mid-Market,Direct,Renewal,131301,0.182,107404,Closed Lost,5/8/2025,7/6/2025,59,Yes,No,Limited budget
O02040,A0691,P003,Financial Services,North America,Enterprise,Direct,New Logo,193392,0.074,179080,Closed Lost,5/31/2025,9/25/2025,117,No,No,Weak product fit
O02041,A0244,P002,Financial Services,Middle East,Enterprise,Direct,New Logo,241293,0.083,221265,Closed Lost,3/8/2024,8/14/2024,159,Yes,Yes,Weak product fit
O02042,A0463,P002,Technology,APAC,Enterprise,Partner,New Logo,264113,0.078,243512,Closed Lost,5/23/2024,8/15/2024,84,No,Yes,Competitor selected
O02043,A0638,P003,Healthcare,APAC,Enterprise,Partner,New Logo,178062,0.192,143874,Closed Lost,8/17/2025,12/8/2025,113,No,Yes,No executive sponsor
O02044,A0444,P007,Manufacturing,North America,Enterprise,Inside Sales,New Logo,114714,0.041,110010,Closed Lost,1/31/2026,6/24/2026,144,No,No,Limited budget
O02045,A0152,P005,Manufacturing,North America,Mid-Market,Direct,New Logo,75836,0.116,67039,Closed Lost,9/10/2024,12/30/2024,111,Yes,Yes,Weak product fit
O02046,A0708,P003,Technology,North America,Enterprise,Partner,Expansion,156661,0.146,133788,Closed Won,1/15/2025,6/13/2025,149,No,No,Executive alignment
O02047,A0364,P008,Financial Services,North America,Strategic,Direct,Expansion,178071,0.121,156524,Closed Won,8/19/2024,2/2/2025,167,No,No,Superior analytics
O02048,A0847,P003,Technology,Middle East,Mid-Market,Direct,New Logo,133814,0.035,129130,Closed Lost,6/16/2025,8/30/2025,75,No,No,Limited budget
O02049,A0795,P002,Financial Services,APAC,Mid-Market,Direct,Expansion,157095,0.102,141071,Closed Lost,2/15/2024,5/8/2024,83,No,Yes,Limited budget
O02050,A0401,P008,Healthcare,APAC,Mid-Market,Direct,New Logo,87553,0.1,78797,Closed Lost,11/5/2024,1/24/2025,80,No,No,Limited budget
O02051,A0401,P007,Healthcare,APAC,Mid-Market,Direct,New Logo,71621,0.149,60949,Closed Lost,5/26/2026,6/27/2026,32,Yes,No,Price
O02052,A0562,P004,Manufacturing,North America,Enterprise,Direct,Expansion,165477,0.145,141482,Closed Lost,11/16/2023,2/2/2024,78,Yes,Yes,Competitor selected
O02053,A0913,P007,Technology,North America,Enterprise,Direct,New Logo,91763,0.129,79925,Closed Won,4/15/2025,8/3/2025,110,Yes,Yes,Executive alignment
O02054,A0716,P003,Financial Services,APAC,Strategic,Direct,New Logo,288186,0.118,254180,Closed Lost,11/14/2023,3/30/2024,137,Yes,No,Limited budget
O02055,A0535,P005,Manufacturing,Middle East,Mid-Market,Direct,New Logo,91205,0.205,72507,Closed Lost,9/18/2023,12/11/2023,84,Yes,Yes,Limited budget
O02056,A0341,P006,Healthcare,North America,Enterprise,Partner,New Logo,203997,0.127,178089,Closed Won,10/6/2023,5/7/2024,214,No,No,Superior analytics
O02057,A0363,P003,Financial Services,North America,Strategic,Direct,Renewal,244476,0.099,220272,Closed Won,8/17/2024,1/6/2025,142,No,No,Superior analytics
O02058,A0508,P005,Technology,Middle East,Mid-Market,Direct,New Logo,86255,0.127,75300,Closed Won,1/15/2026,3/9/2026,53,Yes,Yes,Existing relationship
O02059,A0678,P008,Financial Services,APAC,Enterprise,Direct,Expansion,132644,0.221,103329,Closed Lost,3/24/2025,8/6/2025,135,Yes,Yes,Price
O02060,A0213,P008,Financial Services,Europe,Mid-Market,Direct,New Logo,108949,0.091,99034,Closed Lost,2/18/2024,5/17/2024,89,Yes,No,Price
O02061,A0833,P007,Healthcare,APAC,Strategic,Direct,New Logo,147796,0.07,137450,Closed Won,9/8/2023,1/2/2024,116,No,Yes,Executive alignment
O02062,A0577,P001,Technology,North America,Mid-Market,Direct,New Logo,141677,0.083,129917,Closed Lost,6/6/2026,9/11/2026,97,Yes,No,Limited budget
O02063,A0735,P002,Technology,APAC,Strategic,Partner,Renewal,343802,0.153,291200,Closed Won,1/25/2026,7/10/2026,166,No,Yes,Existing relationship
O02064,A0276,P001,Technology,North America,Enterprise,Inside Sales,New Logo,219345,0.07,203990,Closed Won,7/31/2024,11/22/2024,114,Yes,Yes,Executive alignment
O02065,A0725,P006,Manufacturing,North America,Enterprise,Inside Sales,New Logo,245176,0.057,231200,Closed Lost,10/12/2025,12/13/2025,62,No,No,Competitor selected
O02066,A0361,P004,Healthcare,North America,Mid-Market,Direct,New Logo,114158,0.104,102285,Closed Lost,12/27/2023,2/26/2024,61,Yes,Yes,Timing
O02067,A0686,P008,Healthcare,APAC,Enterprise,Direct,New Logo,140733,0.16,118215,Closed Lost,12/6/2024,2/27/2025,83,Yes,No,Competitor selected
O02068,A0454,P007,Technology,Middle East,Strategic,Partner,New Logo,149674,0.208,118541,Closed Lost,11/4/2024,5/10/2025,187,Yes,Yes,No executive sponsor
O02069,A0499,P006,Financial Services,Europe,Strategic,Partner,Expansion,281113,0.126,245692,Closed Won,7/6/2024,12/17/2024,164,No,No,Superior analytics
O02070,A0504,P007,Financial Services,North America,Mid-Market,Direct,New Logo,77290,0.005,76903,Closed Lost,8/29/2023,12/16/2023,109,No,Yes,Weak product fit
O02071,A0694,P003,Healthcare,North America,Enterprise,Direct,New Logo,165099,0.145,141159,Closed Lost,5/16/2025,9/27/2025,134,No,Yes,Price
O02072,A0644,P005,Financial Services,APAC,Mid-Market,Direct,New Logo,79652,0.103,71447,Closed Lost,4/14/2025,6/29/2025,76,No,No,Limited budget
O02073,A0618,P001,Technology,North America,Mid-Market,Direct,New Logo,133781,0.136,115586,Open Pipeline,7/26/2026,10/30/2026,96,Yes,Yes,In progress
O02074,A0704,P004,Financial Services,North America,Enterprise,Direct,Expansion,176843,0.207,140236,Closed Won,1/24/2024,4/8/2024,75,Yes,Yes,Bundle value
O02075,A0713,P008,Financial Services,Middle East,Enterprise,Direct,Expansion,162975,0.115,144232,Open Pipeline,7/12/2026,10/29/2026,109,No,No,In progress
O02076,A0284,P006,Healthcare,North America,Mid-Market,Direct,New Logo,129085,0.165,107785,Closed Lost,1/11/2024,4/15/2024,95,Yes,Yes,Weak product fit
O02077,A0534,P002,Manufacturing,North America,Mid-Market,Partner,New Logo,148506,0.092,134843,Closed Lost,5/4/2025,6/23/2025,50,No,Yes,Price
O02078,A0841,P004,Healthcare,Europe,Mid-Market,Partner,New Logo,104334,0.144,89309,Closed Lost,8/17/2025,11/9/2025,84,Yes,No,Price
O02079,A0796,P006,Technology,North America,Enterprise,Partner,New Logo,239335,0.152,202956,Closed Lost,9/12/2024,1/30/2025,140,No,No,Limited budget
O02080,A0214,P004,Financial Services,North America,Enterprise,Direct,Expansion,175011,0.123,153484,Closed Won,10/24/2025,3/5/2026,132,Yes,Yes,Bundle value
O02081,A0324,P007,Technology,Europe,Mid-Market,Direct,Renewal,75039,0.041,71962,Closed Lost,12/18/2025,2/24/2026,68,Yes,No,Limited budget
O02082,A0309,P006,Technology,North America,Strategic,Direct,New Logo,269403,0.12,237074,Closed Lost,1/20/2024,6/1/2024,133,No,Yes,Limited budget
O02083,A0031,P002,Financial Services,North America,Enterprise,Direct,New Logo,264075,0.035,254832,Open Pipeline,5/24/2026,8/22/2026,90,Yes,No,In progress
O02084,A0336,P007,Financial Services,Europe,Enterprise,Partner,Renewal,110722,0.055,104632,Open Pipeline,7/1/2026,11/9/2026,131,Yes,Yes,In progress
O02085,A0641,P008,Healthcare,Europe,Mid-Market,Direct,Expansion,95906,0.116,84780,Closed Lost,4/24/2026,6/16/2026,53,Yes,Yes,Limited budget
O02086,A0280,P001,Financial Services,APAC,Mid-Market,Direct,New Logo,141123,0.093,127998,Closed Won,5/7/2024,6/4/2024,28,No,Yes,Superior analytics
O02087,A0491,P006,Technology,Europe,Strategic,Direct,Expansion,275084,0.153,232996,Closed Lost,10/23/2025,4/3/2026,162,Yes,Yes,Weak product fit
O02088,A0775,P004,Manufacturing,Europe,Enterprise,Direct,New Logo,142400,0.146,121609,Closed Won,2/24/2026,5/31/2026,96,No,No,Executive alignment
O02089,A0340,P005,Technology,North America,Mid-Market,Direct,New Logo,83279,0.112,73951,Closed Won,2/2/2025,3/23/2025,49,No,No,Bundle value
O02090,A0747,P008,Financial Services,APAC,Mid-Market,Direct,New Logo,88262,0.009,87467,Closed Lost,10/16/2025,1/12/2026,88,Yes,No,Weak product fit
O02091,A0462,P002,Manufacturing,Europe,Mid-Market,Direct,Renewal,164990,0.05,156740,Closed Lost,8/12/2025,11/4/2025,84,Yes,Yes,No executive sponsor
O02092,A0679,P008,Financial Services,Europe,Mid-Market,Inside Sales,New Logo,85479,0.067,79751,Closed Lost,12/23/2024,2/16/2025,55,No,No,Weak product fit
O02093,A0784,P001,Financial Services,Europe,Strategic,Direct,Expansion,288830,0.053,273522,Closed Lost,4/28/2025,9/13/2025,138,No,No,Weak product fit
O02094,A0730,P008,Healthcare,APAC,Enterprise,Direct,New Logo,139613,0.211,110154,Closed Won,11/17/2025,4/1/2026,135,No,Yes,Bundle value
O02095,A0468,P004,Healthcare,North America,Mid-Market,Direct,Expansion,116076,0.049,110388,Closed Lost,4/29/2026,7/25/2026,87,Yes,Yes,Limited budget
O02096,A0955,P008,Healthcare,North America,Enterprise,Direct,New Logo,124953,0.171,103586,Closed Won,2/11/2024,6/8/2024,118,No,Yes,Executive alignment
O02097,A0408,P007,Healthcare,North America,Enterprise,Direct,New Logo,111425,0.051,105742,Closed Lost,12/17/2025,5/13/2026,147,Yes,No,Weak product fit
O02098,A0659,P007,Manufacturing,APAC,Mid-Market,Inside Sales,New Logo,63787,0.046,60852,Closed Lost,4/28/2026,8/7/2026,101,No,No,Competitor selected
O02099,A0506,P007,Technology,North America,Mid-Market,Direct,Expansion,66838,0.164,55876,Closed Lost,1/3/2026,1/28/2026,25,No,Yes,Limited budget
O02100,A0625,P003,Healthcare,North America,Strategic,Direct,Renewal,296704,0.123,260209,Closed Lost,7/3/2025,11/2/2025,122,No,Yes,Weak product fit
O02101,A0194,P005,Manufacturing,Europe,Mid-Market,Direct,Expansion,78341,0.163,65571,Closed Lost,1/10/2024,4/4/2024,85,No,No,Competitor selected
O02102,A0897,P006,Technology,Europe,Mid-Market,Inside Sales,New Logo,131945,0.075,122049,Closed Lost,7/15/2026,12/1/2026,139,Yes,No,Limited budget
O02103,A0843,P001,Technology,North America,Mid-Market,Inside Sales,New Logo,112258,0.1,101032,Closed Lost,1/26/2026,3/4/2026,37,Yes,No,Competitor selected
O02104,A0321,P004,Healthcare,Europe,Enterprise,Direct,New Logo,133554,0.208,105774,Closed Won,9/25/2024,2/9/2025,137,Yes,Yes,Strong product fit
O02105,A0835,P002,Healthcare,APAC,Enterprise,Direct,New Logo,260715,0.137,224997,Closed Lost,10/26/2023,3/10/2024,136,Yes,No,Competitor selected
O02106,A0870,P008,Healthcare,Europe,Enterprise,Partner,New Logo,157505,0.166,131359,Closed Won,4/11/2026,8/16/2026,127,Yes,No,Executive alignment
O02107,A0921,P005,Healthcare,APAC,Enterprise,Partner,New Logo,137353,0.202,109607,Closed Lost,11/5/2024,2/14/2025,101,No,Yes,Timing
O02108,A0448,P007,Financial Services,North America,Strategic,Direct,New Logo,165900,0.157,139853,Closed Lost,12/13/2024,3/21/2025,98,Yes,Yes,Timing
O02109,A0770,P003,Technology,Europe,Enterprise,Direct,New Logo,195734,0.045,186925,Closed Lost,12/11/2025,5/7/2026,147,Yes,Yes,Competitor selected
O02110,A0151,P003,Healthcare,APAC,Enterprise,Direct,New Logo,198946,0.16,167114,Closed Lost,1/23/2024,7/3/2024,162,No,Yes,Limited budget
O02111,A0555,P003,Healthcare,APAC,Strategic,Direct,New Logo,220654,0.072,204766,Closed Lost,12/20/2023,4/4/2024,106,Yes,Yes,No executive sponsor
O02112,A0607,P004,Technology,APAC,Enterprise,Partner,New Logo,153255,0.224,118925,Closed Lost,11/11/2023,4/23/2024,164,Yes,Yes,Price
O02113,A0446,P001,Manufacturing,Europe,Mid-Market,Direct,Expansion,144802,0.1,130321,Closed Lost,10/23/2025,11/17/2025,25,Yes,No,No executive sponsor
O02114,A0277,P007,Healthcare,North America,Mid-Market,Partner,New Logo,76755,0.17,63706,Open Pipeline,7/21/2026,12/1/2026,133,Yes,No,In progress
O02115,A0938,P006,Manufacturing,North America,Enterprise,Partner,Expansion,204368,0.192,165129,Open Pipeline,5/26/2026,9/16/2026,113,No,No,In progress
O02116,A0663,P003,Healthcare,North America,Mid-Market,Partner,New Logo,138243,0.103,124003,Closed Won,2/3/2024,4/24/2024,81,No,No,Executive alignment
O02117,A0241,P007,Technology,Europe,Enterprise,Direct,Expansion,91836,0.139,79070,Closed Lost,4/10/2025,9/11/2025,154,No,No,Competitor selected
O02118,A0556,P004,Healthcare,North America,Mid-Market,Direct,Renewal,88922,0.12,78251,Closed Lost,11/11/2025,3/9/2026,118,No,Yes,Competitor selected
O02119,A0916,P004,Technology,North America,Mid-Market,Direct,New Logo,121197,0.116,107138,Closed Lost,12/19/2025,4/7/2026,109,No,No,Timing
O02120,A0061,P001,Technology,Middle East,Mid-Market,Direct,New Logo,150078,0.115,132819,Closed Lost,12/14/2025,3/18/2026,94,Yes,Yes,Competitor selected
O02121,A0989,P007,Financial Services,APAC,Enterprise,Inside Sales,New Logo,110438,0.047,105247,Closed Won,8/7/2024,1/9/2025,155,No,No,Existing relationship
O02122,A0611,P008,Healthcare,APAC,Mid-Market,Inside Sales,New Logo,113094,0.12,99522,Closed Won,11/16/2023,2/1/2024,77,No,No,Existing relationship
O02123,A0033,P006,Manufacturing,Europe,Enterprise,Partner,Expansion,220711,0.085,201950,Closed Lost,2/27/2026,6/23/2026,116,Yes,No,Timing
O02124,A0526,P002,Healthcare,APAC,Mid-Market,Direct,New Logo,175575,0.064,164338,Closed Lost,11/8/2025,2/7/2026,91,Yes,No,Competitor selected
O02125,A0693,P007,Financial Services,Europe,Mid-Market,Partner,New Logo,62586,0.15,53198,Closed Won,8/10/2026,11/4/2026,86,No,Yes,Bundle value
O02126,A0602,P003,Financial Services,APAC,Mid-Market,Inside Sales,New Logo,118950,0,118950,Closed Lost,6/18/2025,9/13/2025,87,Yes,No,Price
O02127,A0197,P008,Manufacturing,Europe,Mid-Market,Partner,New Logo,98575,0.215,77381,Closed Lost,10/7/2023,1/2/2024,87,No,No,Weak product fit
O02128,A0364,P004,Financial Services,North America,Strategic,Inside Sales,New Logo,199252,0.096,180123,Closed Won,12/24/2023,4/16/2024,114,No,No,Executive alignment
O02129,A0947,P005,Manufacturing,North America,Enterprise,Direct,New Logo,136094,0.185,110916,Closed Won,9/18/2023,12/21/2023,94,Yes,Yes,Executive alignment
O02130,A0992,P005,Manufacturing,North America,Enterprise,Partner,Expansion,133036,0.121,116938,Open Pipeline,7/9/2026,11/11/2026,125,No,No,In progress
O02131,A0519,P002,Financial Services,APAC,Enterprise,Partner,New Logo,212546,0.113,188528,Closed Lost,9/6/2023,1/26/2024,142,No,Yes,Limited budget
O02132,A0081,P005,Technology,Europe,Enterprise,Inside Sales,Renewal,133394,0.097,120454,Closed Won,2/20/2025,6/29/2025,129,No,No,Executive alignment
O02133,A0627,P004,Financial Services,North America,Mid-Market,Direct,Expansion,101597,0.129,88490,Closed Won,5/10/2024,8/10/2024,92,Yes,No,Strong product fit
O02134,A0162,P005,Healthcare,North America,Enterprise,Inside Sales,New Logo,134799,0.032,130485,Closed Lost,11/5/2023,1/18/2024,74,Yes,Yes,No executive sponsor
O02135,A0578,P005,Manufacturing,North America,Enterprise,Partner,New Logo,103652,0.201,82817,Open Pipeline,7/12/2026,12/13/2026,154,No,Yes,In progress
O02136,A0126,P007,Manufacturing,APAC,Strategic,Inside Sales,New Logo,144301,0.056,136220,Closed Lost,3/8/2026,7/10/2026,124,Yes,Yes,Timing
O02137,A0398,P005,Manufacturing,Europe,Enterprise,Direct,New Logo,101920,0.151,86530,Closed Lost,3/10/2024,6/26/2024,108,Yes,No,Competitor selected
O02138,A0205,P001,Manufacturing,Europe,Enterprise,Direct,Renewal,214868,0.063,201331,Closed Won,7/21/2025,11/9/2025,111,Yes,No,Bundle value
O02139,A0237,P007,Healthcare,North America,Mid-Market,Direct,New Logo,68207,0.157,57498,Closed Lost,6/27/2024,8/30/2024,64,Yes,Yes,Price
O02140,A0853,P006,Technology,North America,Strategic,Partner,New Logo,325172,0.105,291028,Closed Won,1/29/2024,8/23/2024,207,No,Yes,Executive alignment
O02141,A0566,P005,Technology,Middle East,Strategic,Direct,New Logo,158581,0.023,154933,Closed Won,8/20/2025,1/6/2026,139,Yes,Yes,Existing relationship
O02142,A0145,P005,Manufacturing,APAC,Mid-Market,Direct,New Logo,66056,0.119,58195,Closed Lost,7/29/2026,9/4/2026,37,Yes,Yes,Timing
O02143,A0394,P006,Technology,Europe,Enterprise,Direct,New Logo,241000,0.079,221961,Closed Lost,3/24/2024,7/4/2024,102,Yes,Yes,Price
O02144,A0298,P006,Technology,Middle East,Mid-Market,Direct,New Logo,122641,0.147,104612,Closed Won,10/5/2025,1/11/2026,98,No,Yes,Executive alignment
O02145,A0216,P002,Technology,North America,Enterprise,Direct,New Logo,230733,0.153,195430,Closed Lost,3/18/2025,5/21/2025,64,No,No,Competitor selected
O02146,A0344,P003,Financial Services,Europe,Enterprise,Direct,New Logo,197654,0.028,192119,Closed Lost,5/18/2024,11/9/2024,175,No,Yes,Limited budget
O02147,A0628,P008,Manufacturing,APAC,Enterprise,Direct,Renewal,127902,0.17,106158,Closed Lost,8/30/2024,11/26/2024,88,Yes,Yes,Limited budget
O02148,A0806,P005,Technology,Europe,Strategic,Partner,New Logo,169473,0.183,138459,Closed Lost,10/6/2025,1/19/2026,105,No,Yes,Weak product fit
O02149,A0885,P005,Healthcare,North America,Mid-Market,Partner,New Logo,68014,0.227,52574,Closed Lost,6/7/2026,8/8/2026,62,Yes,No,Price
O02150,A0750,P005,Financial Services,North America,Mid-Market,Inside Sales,Expansion,71795,0.136,62030,Closed Lost,6/6/2024,9/26/2024,112,No,Yes,Price
O02151,A0828,P005,Manufacturing,APAC,Enterprise,Inside Sales,New Logo,141929,0.13,123478,Closed Lost,12/7/2024,4/8/2025,122,No,No,Competitor selected
O02152,A0695,P005,Manufacturing,APAC,Enterprise,Direct,Expansion,122894,0.103,110235,Closed Won,12/13/2025,3/30/2026,107,No,Yes,Executive alignment
O02153,A0121,P006,Healthcare,North America,Enterprise,Direct,New Logo,193549,0.095,175161,Closed Lost,5/27/2026,8/18/2026,83,Yes,No,Weak product fit
O02154,A0411,P001,Healthcare,North America,Strategic,Direct,New Logo,308929,0.125,270312,Closed Lost,8/26/2024,1/10/2025,137,Yes,Yes,Competitor selected
O02155,A0729,P007,Manufacturing,Europe,Enterprise,Direct,New Logo,88136,0.14,75796,Closed Lost,10/15/2024,12/17/2024,63,No,Yes,No executive sponsor
O02156,A0068,P002,Healthcare,North America,Enterprise,Direct,New Logo,250989,0.097,226643,Closed Lost,6/4/2026,8/16/2026,73,No,No,Timing
O02157,A0283,P005,Healthcare,Europe,Enterprise,Direct,Expansion,103148,0.144,88294,Closed Lost,12/5/2024,2/5/2025,62,Yes,No,No executive sponsor
O02158,A0470,P002,Healthcare,Europe,Enterprise,Direct,New Logo,227749,0.105,203835,Closed Lost,4/20/2024,8/1/2024,103,Yes,No,Weak product fit
O02159,A0428,P008,Healthcare,APAC,Strategic,Direct,New Logo,189301,0.062,177564,Open Pipeline,7/15/2026,12/10/2026,148,No,Yes,In progress
O02160,A0823,P002,Healthcare,North America,Enterprise,Direct,New Logo,214790,0.133,186222,Closed Lost,5/31/2025,8/30/2025,91,No,No,Limited budget
O02161,A0612,P008,Healthcare,North America,Mid-Market,Partner,Expansion,94943,0.093,86113,Closed Lost,10/20/2023,1/1/2024,73,Yes,Yes,Competitor selected
O02162,A0992,P004,Manufacturing,North America,Enterprise,Direct,Renewal,147480,0.109,131404,Closed Lost,10/13/2023,2/16/2024,126,Yes,Yes,Timing
O02163,A0112,P003,Manufacturing,APAC,Enterprise,Direct,New Logo,172796,0.162,144803,Closed Won,8/20/2025,11/9/2025,81,No,No,Executive alignment
O02164,A0511,P008,Technology,North America,Mid-Market,Direct,New Logo,110507,0.075,102218,Closed Won,4/2/2025,6/2/2025,61,No,No,Existing relationship
O02165,A0159,P003,Manufacturing,Europe,Strategic,Direct,New Logo,235718,0.114,208846,Closed Won,6/30/2024,12/12/2024,165,No,Yes,Existing relationship
O02166,A0161,P001,Manufacturing,APAC,Mid-Market,Direct,New Logo,117325,0.051,111341,Closed Lost,3/25/2024,6/7/2024,74,Yes,Yes,Timing
O02167,A0998,P002,Technology,Europe,Strategic,Partner,New Logo,348504,0.221,271484,Closed Lost,7/21/2025,11/3/2025,105,Yes,Yes,Weak product fit
O02168,A0398,P002,Manufacturing,Europe,Enterprise,Direct,New Logo,212628,0.079,195830,Closed Lost,7/7/2025,11/30/2025,146,No,Yes,Price
O02169,A0820,P001,Technology,North America,Mid-Market,Direct,New Logo,148891,0.123,130577,Closed Won,8/3/2024,11/29/2024,118,Yes,Yes,Existing relationship
O02170,A0123,P008,Technology,APAC,Mid-Market,Direct,New Logo,81233,0.144,69535,Closed Won,5/26/2025,9/3/2025,100,Yes,Yes,Existing relationship
O02171,A0696,P004,Healthcare,APAC,Mid-Market,Direct,New Logo,89069,0.091,80963,Closed Lost,2/23/2025,5/29/2025,95,No,No,Timing
O02172,A0147,P008,Manufacturing,Middle East,Mid-Market,Inside Sales,New Logo,104597,0,104597,Closed Lost,1/20/2025,2/14/2025,25,Yes,Yes,Limited budget
O02173,A0034,P002,Financial Services,APAC,Enterprise,Partner,New Logo,228518,0.017,224633,Closed Lost,5/11/2026,9/15/2026,127,Yes,Yes,Price
O02174,A0121,P002,Healthcare,North America,Enterprise,Direct,Expansion,238862,0.098,215453,Closed Lost,12/28/2023,4/23/2024,117,No,No,Timing
O02175,A0152,P004,Manufacturing,North America,Mid-Market,Direct,New Logo,109472,0.111,97320,Closed Lost,3/30/2026,6/8/2026,70,No,Yes,Weak product fit
O02176,A0409,P005,Healthcare,APAC,Mid-Market,Inside Sales,Expansion,76718,0.101,68969,Closed Lost,12/6/2025,4/21/2026,136,Yes,No,Competitor selected
O02177,A0133,P008,Financial Services,North America,Mid-Market,Direct,Expansion,90175,0.173,74574,Closed Lost,1/8/2025,4/11/2025,93,Yes,No,No executive sponsor
O02178,A0777,P001,Financial Services,Europe,Mid-Market,Direct,New Logo,136294,0.118,120211,Closed Won,5/19/2025,7/9/2025,51,No,No,Executive alignment
O02179,A0602,P001,Financial Services,APAC,Mid-Market,Direct,Expansion,125376,0.163,104939,Closed Won,2/13/2025,5/14/2025,90,No,Yes,Existing relationship
O02180,A0424,P003,Healthcare,Middle East,Enterprise,Inside Sales,New Logo,193104,0.051,183255,Closed Lost,12/18/2024,6/3/2025,167,No,No,Price
O02181,A0302,P006,Technology,Europe,Mid-Market,Inside Sales,New Logo,134796,0.114,119429,Closed Lost,2/12/2024,6/5/2024,114,Yes,No,Limited budget
O02182,A0620,P002,Healthcare,North America,Enterprise,Direct,New Logo,206382,0.137,178107,Closed Lost,4/12/2024,9/4/2024,145,Yes,No,Limited budget
O02183,A0612,P005,Healthcare,North America,Mid-Market,Inside Sales,New Logo,74832,0.054,70791,Closed Lost,5/31/2024,8/20/2024,81,Yes,Yes,Limited budget
O02184,A0990,P007,Manufacturing,Europe,Strategic,Direct,New Logo,134010,0.113,118866,Closed Won,2/13/2024,6/13/2024,121,No,Yes,Bundle value
O02185,A0884,P004,Healthcare,North America,Enterprise,Direct,New Logo,169443,0.134,146737,Closed Lost,1/28/2026,4/20/2026,82,Yes,Yes,Timing
O02186,A0484,P004,Financial Services,APAC,Enterprise,Inside Sales,Expansion,179802,0.06,169013,Closed Lost,10/31/2025,3/3/2026,123,Yes,Yes,Price
O02187,A0556,P001,Healthcare,North America,Mid-Market,Direct,New Logo,115320,0.082,105863,Closed Won,5/1/2026,6/23/2026,53,Yes,No,Strong product fit
O02188,A0709,P007,Technology,APAC,Mid-Market,Direct,Expansion,61991,0.21,48972,Closed Won,9/21/2023,11/28/2023,68,Yes,No,Executive alignment
O02189,A0222,P008,Financial Services,Europe,Enterprise,Inside Sales,New Logo,131272,0.09,119457,Closed Lost,4/2/2025,7/8/2025,97,Yes,No,Competitor selected
O02190,A0896,P006,Manufacturing,APAC,Mid-Market,Partner,New Logo,150848,0.238,114946,Closed Lost,2/2/2025,5/23/2025,110,Yes,Yes,Weak product fit
O02191,A0220,P003,Financial Services,APAC,Enterprise,Partner,Expansion,200242,0.171,166000,Closed Won,5/14/2025,10/9/2025,148,No,Yes,Superior analytics
O02192,A0943,P002,Financial Services,North America,Enterprise,Partner,New Logo,250237,0.174,206695,Open Pipeline,6/11/2026,11/26/2026,168,Yes,No,In progress
O02193,A0741,P003,Financial Services,Europe,Enterprise,Direct,New Logo,173885,0.141,149367,Closed Won,2/1/2026,6/10/2026,129,Yes,Yes,Strong product fit
O02194,A0707,P008,Technology,Middle East,Mid-Market,Partner,New Logo,90911,0.186,74001,Closed Lost,8/21/2024,11/15/2024,86,No,Yes,Timing
O02195,A0796,P003,Technology,North America,Enterprise,Partner,New Logo,213134,0.183,174130,Closed Lost,2/11/2026,6/5/2026,114,No,Yes,Timing
O02196,A0794,P005,Financial Services,North America,Enterprise,Direct,New Logo,140453,0.085,128514,Closed Lost,6/15/2025,10/23/2025,130,No,No,Timing
O02197,A0657,P007,Manufacturing,North America,Strategic,Direct,Renewal,125788,0.001,125662,Closed Won,11/6/2025,4/2/2026,147,Yes,No,Executive alignment
O02198,A0465,P003,Technology,Europe,Enterprise,Partner,Expansion,172028,0.135,148804,Closed Lost,9/18/2024,1/9/2025,113,Yes,Yes,Timing
O02199,A0444,P006,Manufacturing,North America,Enterprise,Partner,New Logo,205191,0.15,174412,Closed Won,12/27/2023,5/22/2024,147,No,No,Bundle value
O02200,A0389,P007,Healthcare,North America,Strategic,Direct,Expansion,149658,0.156,126311,Closed Lost,2/11/2026,5/31/2026,109,No,No,Competitor selected
O02201,A0241,P008,Technology,Europe,Enterprise,Partner,Renewal,139073,0.127,121410,Closed Lost,8/29/2023,12/20/2023,113,Yes,Yes,Price
O02202,A0510,P008,Financial Services,Europe,Strategic,Direct,New Logo,179124,0.032,173392,Closed Lost,4/7/2026,9/8/2026,154,Yes,Yes,Price
O02203,A0830,P008,Financial Services,Europe,Enterprise,Partner,New Logo,170712,0.156,144080,Closed Won,9/15/2024,1/21/2025,128,Yes,Yes,Executive alignment
O02204,A0033,P003,Manufacturing,Europe,Enterprise,Direct,New Logo,161966,0.09,147389,Closed Won,9/6/2025,11/13/2025,68,Yes,Yes,Existing relationship
O02205,A0090,P004,Financial Services,Europe,Enterprise,Inside Sales,Expansion,136696,0.014,134782,Closed Lost,5/31/2025,8/25/2025,86,Yes,Yes,No executive sponsor
O02206,A0990,P002,Manufacturing,Europe,Strategic,Partner,New Logo,337011,0.25,252758,Closed Lost,10/7/2025,3/12/2026,156,No,No,Timing
O02207,A0249,P003,Financial Services,North America,Enterprise,Direct,Expansion,160248,0.164,133967,Closed Lost,6/12/2025,9/23/2025,103,No,Yes,Timing
O02208,A0584,P005,Healthcare,APAC,Mid-Market,Direct,Expansion,73633,0.034,71129,Closed Lost,7/18/2025,10/12/2025,86,Yes,No,No executive sponsor
O02209,A0103,P002,Financial Services,Middle East,Mid-Market,Direct,New Logo,140510,0.062,131798,Closed Won,1/10/2026,3/29/2026,78,Yes,Yes,Strong product fit
O02210,A0943,P007,Financial Services,North America,Enterprise,Partner,New Logo,90817,0.11,80827,Closed Won,4/3/2024,8/3/2024,122,No,Yes,Superior analytics
O02211,A0699,P001,Technology,APAC,Enterprise,Inside Sales,New Logo,199134,0,199134,Open Pipeline,5/7/2026,8/30/2026,115,Yes,Yes,In progress
O02212,A0937,P006,Healthcare,North America,Enterprise,Direct,New Logo,201312,0.081,185005,Closed Lost,12/22/2024,4/22/2025,121,Yes,No,Limited budget
O02213,A0144,P007,Financial Services,Europe,Strategic,Direct,New Logo,130869,0.101,117651,Open Pipeline,2/19/2026,9/15/2026,208,No,No,In progress
O02214,A0911,P008,Healthcare,North America,Enterprise,Direct,New Logo,137120,0.18,112438,Closed Lost,3/3/2026,6/8/2026,97,No,No,Timing
O02215,A0654,P006,Healthcare,Europe,Mid-Market,Inside Sales,New Logo,134709,0.105,120564,Closed Lost,7/25/2025,10/13/2025,80,Yes,Yes,Weak product fit
O02216,A0866,P005,Manufacturing,APAC,Enterprise,Direct,New Logo,115353,0.21,91128,Closed Won,11/28/2023,3/30/2024,123,Yes,No,Existing relationship
O02217,A0092,P005,Manufacturing,APAC,Enterprise,Direct,New Logo,129138,0.168,107442,Closed Lost,5/11/2024,8/6/2024,87,Yes,Yes,Timing
O02218,A0520,P003,Manufacturing,APAC,Enterprise,Direct,Renewal,181793,0.133,157614,Closed Lost,9/11/2024,1/19/2025,130,Yes,No,Competitor selected
O02219,A0549,P006,Technology,North America,Mid-Market,Partner,Expansion,140497,0.12,123637,Closed Lost,3/28/2024,7/9/2024,103,Yes,Yes,Weak product fit
O02220,A0152,P003,Manufacturing,North America,Mid-Market,Direct,New Logo,115191,0.035,111159,Closed Won,7/4/2025,9/11/2025,69,Yes,Yes,Executive alignment
O02221,A0989,P007,Financial Services,APAC,Enterprise,Direct,New Logo,94222,0.011,93185,Closed Won,9/17/2025,3/1/2026,165,Yes,Yes,Bundle value
O02222,A0534,P006,Manufacturing,North America,Mid-Market,Direct,New Logo,118945,0.084,108953,Open Pipeline,6/14/2026,9/4/2026,82,No,Yes,In progress
O02223,A0342,P006,Manufacturing,North America,Enterprise,Partner,New Logo,195177,0.206,154970,Closed Lost,3/8/2025,7/29/2025,143,Yes,No,Timing
O02224,A0933,P002,Manufacturing,Europe,Strategic,Inside Sales,New Logo,360650,0.16,302946,Closed Lost,8/18/2025,1/14/2026,149,Yes,No,Competitor selected
O02225,A0507,P005,Technology,Europe,Enterprise,Direct,New Logo,127450,0.223,99028,Closed Won,10/26/2023,1/22/2024,88,Yes,No,Existing relationship
O02226,A0258,P008,Manufacturing,Europe,Strategic,Partner,New Logo,240490,0.223,186860,Closed Lost,1/18/2026,5/7/2026,109,No,No,Competitor selected
O02227,A0079,P001,Healthcare,Middle East,Strategic,Partner,Renewal,238804,0.205,189849,Closed Won,10/16/2023,2/8/2024,115,No,Yes,Strong product fit
O02228,A0288,P007,Healthcare,APAC,Mid-Market,Direct,New Logo,68473,0.121,60187,Closed Lost,3/17/2024,5/30/2024,74,No,Yes,Competitor selected
O02229,A0091,P004,Manufacturing,APAC,Enterprise,Direct,New Logo,149764,0.112,132990,Closed Lost,10/17/2023,3/19/2024,154,Yes,No,Timing
O02230,A0632,P001,Technology,North America,Strategic,Direct,New Logo,232137,0.11,206601,Closed Lost,7/31/2025,1/23/2026,176,No,No,No executive sponsor
O02231,A0789,P005,Healthcare,North America,Mid-Market,Direct,New Logo,71129,0.154,60175,Closed Lost,5/22/2025,7/14/2025,53,No,No,Weak product fit
O02232,A0558,P005,Technology,North America,Enterprise,Direct,Expansion,124325,0.164,103935,Closed Lost,12/15/2025,3/18/2026,93,No,No,Timing
O02233,A0043,P002,Financial Services,Middle East,Mid-Market,Partner,New Logo,169078,0.111,150310,Closed Lost,12/31/2025,3/29/2026,88,Yes,No,No executive sponsor
O02234,A0763,P004,Technology,Middle East,Enterprise,Direct,Expansion,181567,0.099,163591,Closed Lost,4/6/2025,8/12/2025,128,No,Yes,No executive sponsor
O02235,A0240,P001,Technology,APAC,Enterprise,Direct,New Logo,201390,0.161,168966,Closed Won,3/6/2026,8/4/2026,151,Yes,Yes,Superior analytics
O02236,A0682,P004,Manufacturing,North America,Mid-Market,Inside Sales,New Logo,104784,0.076,96820,Closed Lost,7/22/2024,10/20/2024,90,No,No,Weak product fit
O02237,A0822,P001,Manufacturing,North America,Mid-Market,Direct,New Logo,124701,0.093,113103,Closed Won,6/30/2024,10/7/2024,99,No,Yes,Strong product fit
O02238,A0817,P006,Technology,North America,Mid-Market,Partner,New Logo,119074,0.133,103237,Closed Lost,2/26/2026,4/26/2026,59,Yes,No,Competitor selected
O02239,A0932,P008,Healthcare,North America,Enterprise,Inside Sales,Expansion,132224,0.074,122439,Closed Won,9/1/2024,12/2/2024,92,No,No,Existing relationship
O02240,A0992,P003,Manufacturing,North America,Enterprise,Direct,New Logo,171476,0.166,143010,Closed Won,12/15/2023,4/13/2024,120,No,No,Strong product fit
O02241,A0638,P006,Healthcare,APAC,Enterprise,Direct,New Logo,249091,0.191,201514,Open Pipeline,4/27/2026,9/30/2026,156,No,No,In progress
O02242,A0393,P008,Financial Services,North America,Mid-Market,Direct,Expansion,107447,0.22,83808,Closed Lost,11/25/2024,2/25/2025,92,No,Yes,Timing
O02243,A0709,P005,Technology,APAC,Mid-Market,Partner,New Logo,80470,0.204,64054,Closed Lost,10/25/2025,12/11/2025,47,Yes,No,Price
O02244,A0076,P001,Technology,APAC,Enterprise,Inside Sales,New Logo,211408,0.071,196398,Closed Lost,4/5/2024,9/13/2024,161,Yes,Yes,Limited budget
O02245,A0609,P003,Healthcare,North America,Enterprise,Direct,Expansion,194590,0.116,172017,Closed Lost,8/28/2023,12/11/2023,105,No,Yes,No executive sponsor
O02246,A0138,P003,Financial Services,Europe,Mid-Market,Direct,Expansion,103589,0.056,97788,Closed Lost,3/17/2024,5/30/2024,74,No,No,Weak product fit
O02247,A0247,P002,Financial Services,North America,Enterprise,Direct,New Logo,250180,0.102,224661,Closed Lost,10/12/2023,2/23/2024,134,Yes,Yes,Price
O02248,A0057,P003,Manufacturing,Europe,Enterprise,Inside Sales,New Logo,211910,0.12,186480,Closed Won,3/6/2026,7/11/2026,127,Yes,Yes,Executive alignment
O02249,A0506,P007,Technology,North America,Mid-Market,Direct,New Logo,67393,0.12,59305,Closed Lost,10/26/2024,1/15/2025,81,Yes,No,Timing
O02250,A0121,P003,Healthcare,North America,Enterprise,Inside Sales,New Logo,174198,0.109,155210,Open Pipeline,5/17/2026,9/5/2026,111,No,Yes,In progress
O02251,A0638,P006,Healthcare,APAC,Enterprise,Direct,New Logo,232477,0.091,211321,Closed Lost,11/11/2025,4/2/2026,142,No,Yes,Weak product fit
O02252,A0312,P005,Technology,Europe,Enterprise,Inside Sales,Renewal,118759,0.021,116265,Closed Lost,1/20/2024,5/14/2024,115,Yes,Yes,No executive sponsor
O02253,A0843,P003,Technology,North America,Mid-Market,Partner,New Logo,110776,0.132,96153,Closed Lost,8/3/2025,12/29/2025,148,Yes,Yes,No executive sponsor
O02254,A0332,P008,Manufacturing,APAC,Enterprise,Direct,Expansion,126596,0.067,118114,Open Pipeline,5/11/2026,8/29/2026,110,Yes,No,In progress
O02255,A0946,P005,Financial Services,Middle East,Enterprise,Partner,New Logo,142465,0.18,116821,Closed Won,7/10/2025,11/28/2025,141,Yes,Yes,Strong product fit
O02256,A0435,P005,Technology,APAC,Mid-Market,Direct,New Logo,86609,0.094,78467,Closed Lost,10/1/2025,1/23/2026,114,Yes,Yes,No executive sponsor
O02257,A0975,P007,Financial Services,APAC,Mid-Market,Inside Sales,New Logo,63408,0.076,58588,Closed Lost,11/13/2024,12/10/2024,27,Yes,No,No executive sponsor
O02258,A0655,P003,Technology,Europe,Enterprise,Direct,New Logo,202205,0.087,184613,Closed Lost,10/15/2023,1/26/2024,103,No,Yes,No executive sponsor
O02259,A0289,P005,Manufacturing,Europe,Enterprise,Direct,Expansion,111103,0.097,100326,Closed Lost,10/10/2025,4/4/2026,176,No,Yes,Weak product fit
O02260,A0476,P005,Healthcare,Middle East,Mid-Market,Direct,Expansion,72882,0.078,67197,Closed Won,4/11/2026,6/12/2026,62,No,No,Bundle value
O02261,A0321,P004,Healthcare,Europe,Enterprise,Direct,Expansion,178930,0.197,143680,Closed Won,11/26/2024,2/19/2025,85,No,No,Bundle value
O02262,A0356,P004,Technology,APAC,Mid-Market,Direct,New Logo,111692,0.076,103203,Closed Won,8/2/2025,11/28/2025,118,No,Yes,Executive alignment
O02263,A0586,P001,Healthcare,Middle East,Enterprise,Direct,New Logo,169544,0.093,153776,Closed Lost,1/1/2024,3/22/2024,81,Yes,No,Timing
O02264,A0434,P001,Technology,APAC,Mid-Market,Partner,Expansion,121310,0.153,102749,Closed Won,3/4/2024,6/1/2024,89,No,No,Superior analytics
O02265,A0922,P005,Manufacturing,APAC,Enterprise,Direct,New Logo,122594,0.124,107392,Closed Lost,12/24/2023,6/2/2024,161,Yes,No,Weak product fit
O02266,A0754,P005,Manufacturing,APAC,Enterprise,Direct,Expansion,134811,0.152,114319,Closed Lost,7/29/2024,12/31/2024,155,No,Yes,Limited budget
O02267,A0329,P005,Healthcare,North America,Enterprise,Direct,New Logo,113904,0.055,107639,Closed Lost,11/1/2023,3/13/2024,133,Yes,No,Weak product fit
O02268,A0210,P008,Manufacturing,North America,Enterprise,Inside Sales,New Logo,166203,0.007,165039,Closed Lost,9/15/2025,2/2/2026,140,No,Yes,No executive sponsor
O02269,A0412,P002,Manufacturing,North America,Enterprise,Partner,Renewal,206420,0.147,176076,Closed Lost,1/3/2026,4/15/2026,102,Yes,No,Limited budget
O02270,A0869,P006,Financial Services,Europe,Enterprise,Inside Sales,Expansion,233338,0.055,220504,Closed Lost,8/26/2025,11/24/2025,90,No,No,Timing
O02271,A0426,P002,Financial Services,Middle East,Enterprise,Inside Sales,Expansion,227307,0.128,198211,Closed Won,9/25/2025,12/14/2025,80,Yes,No,Superior analytics
O02272,A0128,P001,Technology,North America,Mid-Market,Partner,New Logo,134614,0.191,108902,Closed Lost,9/11/2023,12/10/2023,90,No,Yes,Limited budget
O02273,A0598,P002,Financial Services,Europe,Mid-Market,Partner,Expansion,153889,0.143,131882,Closed Won,7/4/2025,10/24/2025,112,No,No,Superior analytics
O02274,A0368,P005,Manufacturing,Europe,Mid-Market,Direct,Expansion,78871,0.172,65305,Closed Won,2/10/2024,5/1/2024,81,Yes,No,Executive alignment
O02275,A0123,P004,Technology,APAC,Mid-Market,Inside Sales,New Logo,89605,0.014,88350,Closed Lost,12/10/2024,3/11/2025,91,Yes,Yes,Limited budget
O02276,A0013,P008,Financial Services,APAC,Enterprise,Partner,Expansion,136467,0.207,108218,Closed Lost,3/8/2024,7/22/2024,136,Yes,No,Price
O02277,A0862,P002,Financial Services,APAC,Strategic,Partner,Renewal,371190,0.133,321821,Closed Won,9/16/2024,2/4/2025,141,Yes,Yes,Existing relationship
O02278,A0675,P004,Technology,North America,Mid-Market,Partner,New Logo,117562,0.198,94284,Closed Lost,6/1/2025,9/15/2025,106,No,Yes,Price
O02279,A0821,P005,Manufacturing,Middle East,Mid-Market,Partner,New Logo,84404,0.12,74275,Closed Won,6/4/2024,8/9/2024,66,No,Yes,Strong product fit
O02280,A0282,P002,Financial Services,North America,Enterprise,Partner,Expansion,210493,0.167,175340,Open Pipeline,6/6/2026,10/13/2026,129,No,Yes,In progress
O02281,A0693,P005,Financial Services,Europe,Mid-Market,Inside Sales,New Logo,74650,0.116,65990,Closed Lost,10/22/2024,1/9/2025,79,No,No,No executive sponsor
O02282,A0094,P008,Healthcare,Europe,Mid-Market,Direct,New Logo,105463,0.221,82155,Closed Lost,11/19/2024,2/18/2025,91,Yes,No,Timing
O02283,A0628,P008,Manufacturing,APAC,Enterprise,Direct,New Logo,143595,0.048,136702,Closed Lost,12/23/2025,1/17/2026,25,Yes,No,Price
O02284,A0527,P003,Technology,North America,Mid-Market,Direct,New Logo,109675,0.075,101449,Closed Lost,3/23/2024,6/21/2024,90,No,Yes,Limited budget
O02285,A0157,P003,Technology,Middle East,Mid-Market,Partner,New Logo,102414,0.123,89817,Closed Lost,4/14/2024,7/3/2024,80,Yes,No,No executive sponsor
O02286,A0904,P006,Financial Services,Europe,Mid-Market,Direct,New Logo,160957,0.06,151299,Closed Won,10/14/2023,11/16/2023,33,No,Yes,Bundle value
O02287,A0285,P008,Financial Services,APAC,Mid-Market,Direct,New Logo,96515,0.155,81555,Closed Won,6/3/2024,8/1/2024,59,No,Yes,Executive alignment
O02288,A0459,P006,Financial Services,Europe,Mid-Market,Direct,New Logo,134383,0.148,114494,Closed Won,12/10/2025,3/2/2026,82,Yes,Yes,Superior analytics
O02289,A0711,P006,Technology,Europe,Enterprise,Direct,New Logo,230851,0.127,201532,Open Pipeline,5/9/2026,8/27/2026,110,Yes,Yes,In progress
O02290,A0404,P005,Technology,APAC,Enterprise,Direct,New Logo,110885,0.118,97800,Closed Lost,10/4/2025,1/24/2026,112,Yes,No,Price
O02291,A0244,P002,Financial Services,Middle East,Enterprise,Direct,New Logo,210147,0.033,203212,Closed Lost,11/20/2024,3/22/2025,122,Yes,Yes,Timing
O02292,A0767,P008,Technology,North America,Enterprise,Direct,New Logo,140123,0.11,124709,Closed Lost,4/25/2024,9/9/2024,137,No,No,Weak product fit
O02293,A0694,P004,Healthcare,North America,Enterprise,Direct,Expansion,179998,0.078,165958,Closed Won,3/5/2025,6/28/2025,115,No,Yes,Executive alignment
O02294,A0614,P008,Healthcare,North America,Mid-Market,Inside Sales,New Logo,85656,0.136,74006,Closed Lost,7/27/2025,10/22/2025,87,No,No,No executive sponsor
O02295,A0569,P008,Financial Services,North America,Mid-Market,Direct,New Logo,110623,0.231,85069,Closed Lost,3/10/2026,6/16/2026,98,Yes,No,No executive sponsor
O02296,A0952,P003,Financial Services,Middle East,Mid-Market,Direct,Expansion,130518,0.1,117466,Closed Won,12/17/2025,3/23/2026,96,No,Yes,Executive alignment
O02297,A0571,P006,Financial Services,North America,Enterprise,Direct,Expansion,185889,0.08,171017,Closed Lost,6/24/2026,9/4/2026,72,Yes,Yes,Weak product fit
O02298,A0277,P003,Healthcare,North America,Mid-Market,Direct,New Logo,129707,0.112,115179,Closed Won,4/21/2024,5/16/2024,25,Yes,Yes,Bundle value
O02299,A0764,P006,Financial Services,Europe,Enterprise,Direct,New Logo,186291,0.15,158347,Closed Won,7/15/2025,11/16/2025,124,No,Yes,Executive alignment
O02300,A0849,P004,Technology,Europe,Enterprise,Direct,Expansion,175431,0.149,149291,Closed Lost,9/2/2024,12/19/2024,108,No,No,Price
O02301,A0698,P008,Financial Services,Europe,Mid-Market,Direct,New Logo,97384,0.131,84626,Closed Lost,11/22/2024,2/24/2025,94,No,Yes,Competitor selected
O02302,A0261,P008,Technology,North America,Enterprise,Direct,Expansion,128194,0.175,105760,Open Pipeline,6/14/2026,10/9/2026,117,No,Yes,In progress
O02303,A0553,P007,Technology,Europe,Enterprise,Direct,New Logo,110876,0.123,97238,Closed Won,1/26/2024,6/13/2024,139,Yes,Yes,Bundle value
O02304,A0369,P003,Financial Services,APAC,Mid-Market,Partner,New Logo,134800,0.184,109996,Closed Lost,11/4/2023,12/17/2023,43,Yes,Yes,Limited budget
O02305,A0505,P006,Manufacturing,Middle East,Mid-Market,Inside Sales,Renewal,158030,0.101,142068,Closed Won,3/25/2024,5/18/2024,54,Yes,Yes,Executive alignment
O02306,A0770,P003,Technology,Europe,Enterprise,Partner,New Logo,160053,0.167,133324,Closed Won,4/1/2026,7/15/2026,105,No,Yes,Executive alignment
O02307,A0020,P004,Healthcare,APAC,Mid-Market,Direct,New Logo,113939,0.046,108697,Closed Won,10/18/2025,2/6/2026,111,No,No,Existing relationship
O02308,A0879,P008,Manufacturing,North America,Enterprise,Partner,New Logo,127733,0.097,115342,Closed Lost,2/22/2024,6/14/2024,113,Yes,No,Price
O02309,A0179,P002,Manufacturing,North America,Enterprise,Inside Sales,New Logo,201766,0.111,179369,Closed Lost,7/10/2024,11/9/2024,122,Yes,No,No executive sponsor
O02310,A0892,P004,Healthcare,Europe,Mid-Market,Direct,New Logo,87591,0.126,76554,Closed Lost,2/13/2024,5/30/2024,107,No,No,Timing
O02311,A0693,P006,Financial Services,Europe,Mid-Market,Direct,New Logo,158539,0.088,144587,Closed Lost,7/12/2024,10/11/2024,91,Yes,No,No executive sponsor
O02312,A0286,P008,Financial Services,Europe,Strategic,Direct,New Logo,214307,0.13,186447,Closed Won,9/28/2025,2/27/2026,152,No,Yes,Existing relationship
O02313,A0766,P005,Financial Services,APAC,Mid-Market,Direct,New Logo,77628,0.081,71340,Closed Won,7/9/2024,10/7/2024,90,Yes,No,Superior analytics
O02314,A0400,P002,Technology,North America,Enterprise,Direct,Expansion,219398,0.161,184074,Open Pipeline,5/25/2026,9/6/2026,104,Yes,Yes,In progress
O02315,A0175,P001,Technology,Europe,Strategic,Inside Sales,New Logo,256808,0.05,243967,Closed Won,8/26/2025,12/28/2025,124,Yes,Yes,Superior analytics
O02316,A0086,P007,Technology,North America,Strategic,Inside Sales,Renewal,152165,0.05,144556,Closed Won,11/9/2023,3/31/2024,143,No,Yes,Executive alignment
O02317,A0126,P006,Manufacturing,APAC,Strategic,Inside Sales,New Logo,258035,0.05,245133,Closed Lost,10/6/2025,3/17/2026,162,No,No,Competitor selected
O02318,A0287,P003,Technology,Europe,Enterprise,Partner,New Logo,203899,0.161,171071,Closed Won,1/23/2025,6/14/2025,142,Yes,No,Bundle value
O02319,A0426,P001,Financial Services,Middle East,Enterprise,Direct,Expansion,225959,0.075,209012,Closed Lost,8/11/2026,12/11/2026,122,No,No,Limited budget
O02320,A0268,P006,Financial Services,Europe,Strategic,Partner,Expansion,306482,0.119,270010,Closed Won,2/8/2025,6/16/2025,128,No,Yes,Existing relationship
O02321,A0945,P003,Healthcare,Middle East,Enterprise,Direct,New Logo,171841,0.014,169435,Closed Lost,12/16/2023,4/2/2024,108,Yes,No,No executive sponsor
O02322,A0541,P006,Technology,APAC,Enterprise,Direct,New Logo,245894,0.012,242943,Closed Lost,12/24/2023,5/9/2024,137,Yes,Yes,Price
O02323,A0778,P002,Technology,Europe,Enterprise,Direct,Expansion,246334,0.098,222193,Closed Lost,7/3/2025,9/19/2025,78,No,No,Price
O02324,A0867,P004,Technology,Europe,Enterprise,Direct,New Logo,165634,0.061,155530,Closed Lost,7/10/2024,11/12/2024,125,Yes,Yes,Price
O02325,A0021,P001,Technology,APAC,Enterprise,Partner,New Logo,178203,0.091,161986,Closed Lost,6/15/2024,10/2/2024,109,Yes,No,Competitor selected
O02326,A0464,P001,Technology,North America,Enterprise,Direct,New Logo,170431,0.14,146570,Closed Won,9/8/2025,1/6/2026,120,No,Yes,Superior analytics
O02327,A0281,P002,Technology,North America,Enterprise,Inside Sales,New Logo,209555,0.134,181474,Open Pipeline,5/3/2026,9/16/2026,136,Yes,No,In progress
O02328,A0582,P004,Financial Services,APAC,Strategic,Partner,Renewal,205137,0.077,189341,Closed Won,6/29/2024,11/12/2024,136,Yes,Yes,Strong product fit
O02329,A0906,P001,Technology,Europe,Mid-Market,Direct,New Logo,143857,0.092,130622,Closed Lost,1/9/2025,5/1/2025,112,No,No,No executive sponsor
O02330,A0240,P008,Technology,APAC,Enterprise,Direct,New Logo,141537,0.106,126534,Closed Lost,11/4/2024,3/12/2025,128,Yes,Yes,Price
O02331,A0045,P001,Technology,Europe,Strategic,Partner,Expansion,234370,0.076,216557,Closed Won,11/15/2025,3/1/2026,106,No,Yes,Strong product fit
O02332,A0136,P006,Financial Services,North America,Strategic,Direct,New Logo,248955,0.178,204641,Closed Lost,11/12/2025,2/25/2026,105,No,No,Price
O02333,A0007,P008,Technology,Europe,Enterprise,Inside Sales,New Logo,129886,0.06,122092,Closed Won,12/25/2023,4/24/2024,121,No,No,Bundle value
O02334,A0043,P006,Financial Services,Middle East,Mid-Market,Inside Sales,Renewal,152399,0.069,141883,Closed Lost,3/3/2024,5/26/2024,84,No,No,Weak product fit
O02335,A0201,P005,Financial Services,Europe,Enterprise,Direct,Expansion,136035,0.112,120799,Closed Won,4/5/2024,8/27/2024,144,Yes,No,Existing relationship
O02336,A0082,P002,Technology,North America,Enterprise,Direct,New Logo,201676,0.141,173239,Closed Lost,1/7/2026,5/4/2026,117,Yes,No,Weak product fit
O02337,A0960,P006,Financial Services,APAC,Mid-Market,Direct,Expansion,139180,0.091,126514,Open Pipeline,6/23/2026,8/31/2026,69,No,Yes,In progress
O02338,A0875,P005,Financial Services,APAC,Mid-Market,Direct,New Logo,89733,0.122,78785,Closed Lost,10/27/2025,1/11/2026,76,Yes,Yes,Timing
O02339,A0938,P006,Manufacturing,North America,Enterprise,Partner,New Logo,250575,0.148,213489,Closed Lost,2/9/2025,5/28/2025,108,Yes,No,Competitor selected
O02340,A0667,P003,Manufacturing,North America,Enterprise,Direct,New Logo,180343,0.236,137782,Closed Lost,12/24/2025,5/4/2026,131,Yes,Yes,Price
O02341,A0865,P004,Healthcare,Middle East,Enterprise,Direct,New Logo,177066,0.11,157588,Closed Lost,6/29/2024,10/27/2024,120,Yes,Yes,Limited budget
O02342,A0461,P007,Financial Services,Europe,Enterprise,Direct,Expansion,104777,0.169,87069,Closed Lost,3/23/2026,7/9/2026,108,Yes,No,Price
O02343,A0944,P005,Financial Services,Europe,Enterprise,Inside Sales,New Logo,132482,0.157,111682,Closed Won,1/21/2026,5/21/2026,120,Yes,No,Strong product fit
O02344,A0971,P007,Healthcare,Europe,Enterprise,Inside Sales,Expansion,96439,0.024,94124,Closed Won,5/19/2025,10/3/2025,137,No,Yes,Bundle value
O02345,A0336,P005,Financial Services,Europe,Enterprise,Partner,Renewal,115290,0.086,105375,Closed Lost,6/6/2025,8/22/2025,77,Yes,No,No executive sponsor
O02346,A0462,P002,Manufacturing,Europe,Mid-Market,Direct,Expansion,157652,0.139,135738,Closed Lost,7/25/2025,10/18/2025,85,Yes,No,Timing
O02347,A0150,P003,Healthcare,Middle East,Enterprise,Direct,New Logo,169528,0.058,159695,Closed Lost,4/5/2026,8/1/2026,118,Yes,Yes,Competitor selected
O02348,A0439,P005,Healthcare,APAC,Mid-Market,Direct,New Logo,69635,0.058,65596,Closed Won,7/21/2025,9/8/2025,49,Yes,Yes,Existing relationship
O02349,A0775,P005,Manufacturing,Europe,Enterprise,Inside Sales,Expansion,106653,0.06,100253,Closed Lost,8/24/2025,1/2/2026,131,Yes,No,Timing
O02350,A0224,P006,Healthcare,Europe,Enterprise,Inside Sales,Renewal,217623,0.125,190420,Closed Lost,10/21/2025,12/27/2025,67,No,No,Limited budget
O02351,A0687,P006,Financial Services,Europe,Mid-Market,Partner,Renewal,162738,0.117,143697,Closed Won,5/2/2025,6/17/2025,46,No,No,Strong product fit
O02352,A0239,P008,Technology,North America,Enterprise,Inside Sales,Expansion,148517,0.111,132031,Closed Lost,11/9/2025,4/9/2026,151,Yes,No,Price
O02353,A0948,P002,Technology,Europe,Mid-Market,Partner,New Logo,143145,0.099,128973,Closed Won,8/18/2025,11/5/2025,79,No,Yes,Existing relationship
O02354,A0559,P008,Financial Services,North America,Mid-Market,Direct,New Logo,109447,0.166,91278,Closed Lost,11/26/2025,1/24/2026,59,Yes,Yes,No executive sponsor
O02355,A0621,P003,Technology,North America,Strategic,Direct,New Logo,218385,0.075,202006,Closed Lost,4/23/2024,10/9/2024,169,Yes,No,Timing
O02356,A0016,P001,Manufacturing,APAC,Mid-Market,Partner,New Logo,132054,0.169,109736,Closed Lost,5/30/2024,7/28/2024,59,Yes,No,Weak product fit
O02357,A0009,P003,Healthcare,North America,Enterprise,Inside Sales,Renewal,177489,0,177489,Closed Won,10/11/2025,3/20/2026,160,Yes,No,Strong product fit
O02358,A0082,P001,Technology,North America,Enterprise,Direct,Renewal,223831,0.194,180407,Closed Won,3/16/2026,6/7/2026,83,No,Yes,Strong product fit
O02359,A0443,P005,Manufacturing,North America,Mid-Market,Direct,Renewal,72383,0.103,64927,Closed Lost,5/20/2024,8/1/2024,73,Yes,Yes,Weak product fit
O02360,A0752,P004,Manufacturing,Europe,Mid-Market,Direct,Expansion,91048,0.097,82216,Open Pipeline,6/21/2026,9/16/2026,87,Yes,No,In progress
O02361,A0319,P001,Manufacturing,North America,Strategic,Direct,Expansion,284683,0.095,257638,Closed Lost,8/17/2025,12/2/2025,107,Yes,Yes,Weak product fit
O02362,A0496,P003,Healthcare,Europe,Mid-Market,Inside Sales,Expansion,122009,0.139,105049,Closed Lost,5/6/2025,7/4/2025,59,Yes,No,Competitor selected
O02363,A0709,P005,Technology,APAC,Mid-Market,Direct,New Logo,68489,0,68489,Closed Won,10/13/2023,12/22/2023,70,No,No,Superior analytics
O02364,A0457,P006,Technology,Middle East,Mid-Market,Inside Sales,New Logo,149632,0.127,130628,Closed Won,3/14/2025,5/6/2025,53,Yes,Yes,Superior analytics
O02365,A0609,P003,Healthcare,North America,Enterprise,Direct,Renewal,203551,0.155,172000,Closed Lost,11/2/2024,2/27/2025,117,Yes,No,No executive sponsor
O02366,A0355,P006,Healthcare,Europe,Mid-Market,Direct,New Logo,125873,0.054,119075,Closed Lost,9/23/2024,10/23/2024,30,No,Yes,Price
O02367,A0180,P006,Healthcare,APAC,Mid-Market,Inside Sales,New Logo,163791,0.137,141351,Closed Lost,7/8/2024,9/12/2024,66,No,Yes,Price
O02368,A0503,P004,Manufacturing,Middle East,Enterprise,Direct,New Logo,142776,0.135,123501,Closed Lost,10/15/2024,1/24/2025,101,Yes,Yes,Competitor selected
O02369,A0226,P008,Financial Services,North America,Mid-Market,Direct,Renewal,109563,0.159,92142,Open Pipeline,4/20/2026,9/9/2026,142,Yes,No,In progress
O02370,A0698,P002,Financial Services,Europe,Mid-Market,Direct,New Logo,133907,0.065,125203,Closed Lost,12/13/2023,4/15/2024,124,Yes,No,Weak product fit
O02371,A0435,P005,Technology,APAC,Mid-Market,Direct,New Logo,82808,0.08,76183,Closed Lost,9/30/2024,12/9/2024,70,No,No,Weak product fit
O02372,A0678,P008,Financial Services,APAC,Enterprise,Direct,New Logo,135270,0.173,111868,Closed Won,4/11/2025,8/30/2025,141,No,No,Bundle value
O02373,A0451,P006,Financial Services,Middle East,Mid-Market,Direct,Expansion,146679,0.067,136851,Closed Lost,11/1/2023,2/2/2024,93,No,No,No executive sponsor
O02374,A0406,P006,Financial Services,Europe,Enterprise,Inside Sales,New Logo,186333,0.13,162109,Closed Won,3/5/2025,6/19/2025,106,No,Yes,Bundle value
O02375,A0326,P005,Financial Services,APAC,Enterprise,Direct,New Logo,129802,0.183,106048,Closed Lost,10/17/2023,3/3/2024,138,No,No,Limited budget
O02376,A0256,P003,Technology,APAC,Enterprise,Direct,Renewal,160489,0.035,154871,Closed Won,12/4/2024,3/9/2025,95,No,Yes,Executive alignment
O02377,A0205,P001,Manufacturing,Europe,Enterprise,Partner,Renewal,170583,0.123,149601,Closed Lost,2/6/2026,5/29/2026,112,No,Yes,Competitor selected
O02378,A0316,P004,Technology,North America,Enterprise,Partner,Renewal,174946,0.162,146604,Closed Lost,10/19/2023,3/25/2024,158,No,No,Competitor selected
O02379,A0125,P005,Manufacturing,APAC,Strategic,Partner,Renewal,169207,0.085,154824,Closed Lost,12/27/2025,6/16/2026,171,Yes,Yes,Competitor selected
O02380,A0228,P004,Manufacturing,Europe,Strategic,Partner,Expansion,223367,0.202,178246,Closed Lost,1/23/2026,6/30/2026,158,Yes,No,Price
O02381,A0192,P006,Technology,APAC,Enterprise,Direct,New Logo,226238,0.15,192302,Closed Lost,10/6/2023,11/3/2023,28,Yes,Yes,Timing
O02382,A0437,P002,Financial Services,Middle East,Enterprise,Direct,Renewal,251144,0.143,215230,Closed Won,11/24/2023,2/10/2024,78,Yes,No,Existing relationship
O02383,A0887,P002,Technology,North America,Mid-Market,Direct,New Logo,154215,0.139,132779,Closed Won,2/1/2025,6/2/2025,121,Yes,Yes,Bundle value
O02384,A0807,P007,Technology,APAC,Mid-Market,Direct,New Logo,68480,0.115,60604,Closed Lost,11/30/2023,4/19/2024,141,Yes,No,Weak product fit
O02385,A0125,P004,Manufacturing,APAC,Strategic,Direct,Expansion,201651,0.119,177654,Closed Lost,6/12/2024,10/1/2024,111,No,Yes,Limited budget
O02386,A0897,P003,Technology,Europe,Mid-Market,Inside Sales,New Logo,112810,0.082,103559,Closed Lost,3/4/2024,5/21/2024,78,Yes,Yes,Weak product fit
O02387,A0442,P008,Technology,Middle East,Mid-Market,Direct,New Logo,84581,0.084,77476,Closed Lost,6/4/2025,8/22/2025,79,Yes,Yes,Limited budget
O02388,A0894,P007,Manufacturing,North America,Mid-Market,Inside Sales,New Logo,76209,0.06,71636,Closed Won,7/10/2025,10/1/2025,83,No,Yes,Strong product fit
O02389,A0119,P004,Technology,APAC,Mid-Market,Partner,Expansion,101434,0.261,74959,Closed Lost,6/17/2025,10/26/2025,131,Yes,No,Timing
O02390,A0976,P008,Technology,North America,Enterprise,Inside Sales,New Logo,162378,0.065,151823,Closed Won,1/2/2026,4/21/2026,109,Yes,No,Strong product fit
O02391,A0611,P002,Healthcare,APAC,Mid-Market,Direct,New Logo,133807,0.13,116412,Closed Lost,3/10/2026,6/4/2026,86,Yes,No,Competitor selected
O02392,A0125,P004,Manufacturing,APAC,Strategic,Direct,Expansion,208562,0.115,184577,Closed Lost,7/3/2025,12/19/2025,169,No,No,Limited budget
O02393,A0334,P008,Technology,Middle East,Enterprise,Partner,New Logo,131197,0.127,114534,Closed Lost,4/28/2025,8/5/2025,99,Yes,No,Timing
O02394,A0630,P003,Financial Services,North America,Strategic,Inside Sales,Expansion,291753,0,291753,Closed Won,3/23/2024,8/23/2024,153,No,Yes,Existing relationship
O02395,A0060,P004,Technology,North America,Enterprise,Partner,New Logo,171730,0.189,139273,Closed Lost,12/31/2023,4/12/2024,103,Yes,No,Limited budget
O02396,A0707,P004,Technology,Middle East,Mid-Market,Inside Sales,New Logo,92148,0.04,88462,Closed Lost,5/20/2026,8/14/2026,86,No,No,No executive sponsor
O02397,A0945,P004,Healthcare,Middle East,Enterprise,Direct,New Logo,140528,0.094,127318,Closed Lost,2/9/2025,6/12/2025,123,No,No,Limited budget
O02398,A0432,P007,Technology,Europe,Enterprise,Partner,New Logo,105123,0.174,86831,Closed Lost,9/8/2025,12/16/2025,99,Yes,Yes,Timing
O02399,A0385,P008,Technology,North America,Enterprise,Direct,Expansion,158819,0.122,139443,Closed Lost,5/13/2026,8/11/2026,90,Yes,No,No executive sponsor
O02400,A0791,P002,Healthcare,Europe,Enterprise,Inside Sales,New Logo,265580,0.152,225211,Open Pipeline,7/19/2026,11/29/2026,133,Yes,No,In progress
O02401,A0755,P003,Financial Services,APAC,Mid-Market,Inside Sales,New Logo,127680,0.056,120529,Closed Won,4/23/2026,7/10/2026,78,Yes,No,Executive alignment
O02402,A0681,P001,Technology,Middle East,Mid-Market,Direct,New Logo,129218,0.134,111902,Closed Lost,1/31/2026,4/1/2026,60,Yes,Yes,No executive sponsor
O02403,A0928,P008,Healthcare,North America,Enterprise,Direct,Expansion,159882,0.065,149489,Open Pipeline,8/1/2026,8/30/2026,29,Yes,No,In progress
O02404,A0718,P008,Financial Services,North America,Enterprise,Direct,Renewal,154630,0.169,128497,Closed Lost,2/10/2024,7/23/2024,164,Yes,Yes,Price
O02405,A0954,P007,Manufacturing,Middle East,Mid-Market,Direct,New Logo,76548,0.042,73332,Closed Lost,8/16/2024,11/17/2024,93,No,No,Timing
O02406,A0972,P003,Manufacturing,APAC,Mid-Market,Direct,New Logo,124866,0,124866,Closed Won,5/26/2026,7/8/2026,43,No,No,Executive alignment
O02407,A0235,P003,Manufacturing,Middle East,Mid-Market,Partner,New Logo,135198,0.143,115864,Closed Lost,10/17/2025,1/29/2026,104,Yes,Yes,Price
O02408,A0752,P008,Manufacturing,Europe,Mid-Market,Partner,New Logo,86205,0.176,71032,Closed Lost,11/30/2025,2/8/2026,70,No,No,Price
O02409,A0255,P007,Healthcare,APAC,Mid-Market,Partner,New Logo,60355,0.158,50818,Closed Won,1/11/2024,5/7/2024,117,No,Yes,Existing relationship
O02410,A0211,P007,Technology,APAC,Mid-Market,Partner,New Logo,60070,0.177,49437,Closed Won,2/14/2026,4/21/2026,66,No,No,Existing relationship
O02411,A0647,P006,Technology,North America,Enterprise,Partner,Renewal,187891,0.002,187515,Closed Lost,11/24/2025,3/19/2026,115,No,No,No executive sponsor
O02412,A0196,P005,Healthcare,Middle East,Mid-Market,Direct,New Logo,79458,0.225,61579,Closed Lost,8/31/2025,11/21/2025,82,Yes,No,Price
O02413,A0889,P003,Financial Services,Middle East,Strategic,Direct,New Logo,286990,0.156,242219,Closed Won,3/14/2025,9/15/2025,185,No,No,Strong product fit
O02414,A0307,P003,Healthcare,APAC,Strategic,Direct,New Logo,252158,0.15,214334,Closed Won,5/18/2025,12/11/2025,207,No,Yes,Superior analytics
O02415,A0803,P008,Manufacturing,Middle East,Enterprise,Partner,New Logo,129217,0.033,124952,Closed Lost,4/13/2025,7/26/2025,104,Yes,No,Timing
O02416,A0083,P006,Manufacturing,North America,Enterprise,Inside Sales,New Logo,220835,0.031,213989,Closed Won,2/13/2024,7/18/2024,156,Yes,Yes,Executive alignment
O02417,A0679,P005,Financial Services,Europe,Mid-Market,Direct,New Logo,67931,0.046,64806,Closed Won,10/25/2025,1/29/2026,96,Yes,Yes,Existing relationship
O02418,A0496,P001,Healthcare,Europe,Mid-Market,Inside Sales,Expansion,129478,0.15,110056,Closed Lost,1/4/2026,3/6/2026,61,Yes,No,Limited budget
O02419,A0524,P006,Healthcare,North America,Mid-Market,Inside Sales,New Logo,119170,0.098,107491,Closed Lost,2/23/2026,3/31/2026,36,No,No,No executive sponsor
O02420,A0893,P002,Manufacturing,Europe,Mid-Market,Direct,Expansion,157720,0.167,131380,Closed Lost,5/24/2026,7/7/2026,44,Yes,Yes,Limited budget
O02421,A0794,P003,Financial Services,North America,Enterprise,Direct,Expansion,151474,0.14,130267,Closed Lost,3/8/2025,6/24/2025,108,No,Yes,Weak product fit
O02422,A0653,P001,Healthcare,North America,Mid-Market,Direct,New Logo,120661,0.1,108594,Closed Lost,12/27/2025,6/3/2026,158,No,No,Limited budget
O02423,A0556,P005,Healthcare,North America,Mid-Market,Partner,Expansion,65657,0.163,54954,Open Pipeline,7/1/2026,8/26/2026,56,No,Yes,In progress
O02424,A0880,P007,Financial Services,APAC,Mid-Market,Direct,Expansion,73699,0.123,64634,Closed Lost,6/11/2026,7/18/2026,37,Yes,Yes,Competitor selected
O02425,A0496,P007,Healthcare,Europe,Mid-Market,Direct,Renewal,63225,0.174,52223,Closed Won,6/14/2025,9/10/2025,88,Yes,Yes,Strong product fit
O02426,A0178,P006,Financial Services,APAC,Enterprise,Direct,New Logo,196592,0.138,169462,Closed Won,3/20/2026,6/27/2026,99,No,No,Existing relationship
O02427,A0859,P006,Technology,Europe,Strategic,Direct,New Logo,327463,0.095,296354,Closed Lost,9/15/2025,3/26/2026,192,Yes,No,Timing
O02428,A0828,P005,Manufacturing,APAC,Enterprise,Inside Sales,New Logo,129269,0.081,118798,Open Pipeline,5/22/2026,9/12/2026,113,Yes,Yes,In progress
O02429,A0051,P003,Technology,APAC,Enterprise,Partner,Expansion,178200,0.239,135610,Closed Lost,1/23/2025,4/27/2025,94,Yes,Yes,Weak product fit
O02430,A0618,P007,Technology,North America,Mid-Market,Partner,New Logo,75039,0.116,66334,Closed Won,4/25/2026,6/8/2026,44,No,Yes,Strong product fit
O02431,A0540,P008,Healthcare,APAC,Mid-Market,Partner,New Logo,97832,0.149,83255,Closed Lost,1/15/2026,3/16/2026,60,Yes,Yes,Weak product fit
O02432,A0892,P007,Healthcare,Europe,Mid-Market,Direct,New Logo,64266,0.084,58867,Closed Lost,3/16/2024,6/28/2024,104,Yes,No,No executive sponsor
O02433,A0647,P004,Technology,North America,Enterprise,Partner,New Logo,139358,0.144,119290,Closed Lost,4/28/2026,7/18/2026,81,No,Yes,Competitor selected
O02434,A0946,P007,Financial Services,Middle East,Enterprise,Inside Sales,Expansion,115219,0,115219,Closed Lost,10/21/2023,1/9/2024,80,No,Yes,Timing
O02435,A0737,P003,Financial Services,APAC,Enterprise,Direct,Renewal,179506,0.064,168017,Closed Lost,12/3/2025,3/11/2026,98,Yes,No,Weak product fit
O02436,A0874,P007,Manufacturing,North America,Enterprise,Direct,New Logo,122971,0.078,113379,Closed Lost,2/12/2026,5/27/2026,104,No,Yes,Limited budget
O02437,A0272,P007,Healthcare,APAC,Mid-Market,Direct,New Logo,64940,0.09,59095,Open Pipeline,6/11/2026,10/6/2026,117,No,Yes,In progress
O02438,A0162,P005,Healthcare,North America,Enterprise,Direct,Expansion,129791,0.121,114086,Closed Won,6/2/2024,9/17/2024,107,Yes,Yes,Bundle value
O02439,A0281,P002,Technology,North America,Enterprise,Direct,New Logo,267747,0.089,243917,Closed Won,12/4/2025,3/29/2026,115,No,Yes,Strong product fit
O02440,A0614,P006,Healthcare,North America,Mid-Market,Partner,New Logo,138243,0.07,128565,Closed Lost,4/20/2026,7/14/2026,85,No,No,Timing
O02441,A0521,P006,Manufacturing,Europe,Mid-Market,Direct,New Logo,140436,0.022,137346,Open Pipeline,7/29/2026,10/25/2026,88,Yes,No,In progress
O02442,A0165,P005,Healthcare,North America,Strategic,Direct,New Logo,141907,0.003,141481,Closed Won,5/22/2025,9/23/2025,124,Yes,Yes,Bundle value
O02443,A0500,P006,Healthcare,Europe,Enterprise,Partner,New Logo,200656,0.201,160324,Closed Won,3/1/2025,6/27/2025,118,No,Yes,Superior analytics
O02444,A0739,P008,Financial Services,North America,Strategic,Partner,New Logo,236440,0.183,193171,Closed Lost,3/11/2026,8/19/2026,161,No,Yes,Timing
O02445,A0243,P001,Healthcare,APAC,Enterprise,Direct,New Logo,169314,0.116,149673,Closed Lost,9/10/2023,1/5/2024,117,No,No,Weak product fit
O02446,A0482,P007,Healthcare,Middle East,Enterprise,Inside Sales,New Logo,118481,0.02,116111,Closed Won,12/30/2024,5/22/2025,143,Yes,No,Superior analytics
O02447,A0529,P002,Technology,North America,Mid-Market,Direct,New Logo,145660,0.006,144786,Closed Lost,7/2/2024,9/24/2024,84,No,No,Competitor selected
O02448,A0375,P006,Healthcare,Middle East,Strategic,Direct,New Logo,281264,0.031,272544,Closed Won,11/10/2024,5/21/2025,192,No,Yes,Strong product fit
O02449,A0099,P005,Healthcare,APAC,Enterprise,Partner,Renewal,124871,0.181,102269,Closed Lost,5/14/2025,9/3/2025,112,No,No,Weak product fit
O02450,A0204,P004,Healthcare,North America,Enterprise,Direct,Expansion,159507,0.13,138771,Closed Lost,12/4/2023,3/28/2024,115,Yes,No,Weak product fit
O02451,A0379,P002,Financial Services,Europe,Enterprise,Direct,Renewal,244439,0.031,236861,Closed Lost,9/15/2023,2/6/2024,144,Yes,Yes,Competitor selected
O02452,A0043,P002,Financial Services,Middle East,Mid-Market,Direct,New Logo,165843,0.119,146107,Closed Won,12/28/2023,2/27/2024,61,Yes,No,Existing relationship
O02453,A0136,P008,Financial Services,North America,Strategic,Inside Sales,Expansion,207939,0.038,200037,Closed Won,7/18/2026,11/1/2026,106,No,Yes,Strong product fit
O02454,A0566,P005,Technology,Middle East,Strategic,Direct,New Logo,172568,0.125,150997,Closed Won,12/13/2023,5/3/2024,142,Yes,Yes,Superior analytics
O02455,A0055,P005,Financial Services,Europe,Mid-Market,Direct,Expansion,67281,0.049,63984,Closed Won,8/13/2025,10/30/2025,78,No,Yes,Strong product fit
O02456,A0557,P007,Technology,APAC,Enterprise,Partner,New Logo,117534,0.157,99081,Closed Won,8/12/2025,1/7/2026,148,Yes,No,Superior analytics
O02457,A0314,P008,Technology,North America,Mid-Market,Direct,Expansion,81889,0.152,69441,Closed Lost,11/3/2023,1/6/2024,64,Yes,No,Competitor selected
O02458,A0279,P007,Healthcare,APAC,Strategic,Direct,New Logo,159959,0.186,130206,Closed Lost,3/28/2024,7/17/2024,111,Yes,Yes,No executive sponsor
O02459,A0384,P007,Financial Services,APAC,Strategic,Inside Sales,New Logo,122163,0,122163,Closed Won,1/22/2026,7/20/2026,179,Yes,Yes,Superior analytics
O02460,A0439,P006,Healthcare,APAC,Mid-Market,Inside Sales,New Logo,127904,0.065,119590,Closed Lost,5/8/2026,6/18/2026,41,Yes,No,Timing
O02461,A0473,P003,Healthcare,Middle East,Enterprise,Direct,Expansion,199306,0.067,185952,Closed Lost,11/13/2023,2/28/2024,107,No,No,Price
O02462,A0607,P002,Technology,APAC,Enterprise,Partner,Expansion,253846,0.2,203076,Closed Lost,10/14/2023,2/26/2024,135,Yes,Yes,Timing
O02463,A0083,P002,Manufacturing,North America,Enterprise,Direct,New Logo,203389,0.049,193422,Closed Lost,1/19/2024,5/28/2024,130,Yes,Yes,Weak product fit
O02464,A0112,P004,Manufacturing,APAC,Enterprise,Direct,New Logo,147534,0.115,130567,Closed Lost,1/11/2025,7/10/2025,180,No,Yes,Price
O02465,A0213,P005,Financial Services,Europe,Mid-Market,Inside Sales,Expansion,72572,0.112,64443,Closed Lost,10/18/2025,1/10/2026,84,Yes,Yes,Weak product fit
O02466,A0403,P007,Healthcare,APAC,Enterprise,Direct,Expansion,88336,0.126,77205,Open Pipeline,8/12/2026,1/16/2027,157,No,No,In progress
O02467,A0359,P004,Healthcare,APAC,Mid-Market,Inside Sales,New Logo,97428,0.163,81547,Closed Lost,4/13/2024,6/5/2024,53,Yes,No,Competitor selected
O02468,A0465,P002,Technology,Europe,Enterprise,Inside Sales,New Logo,266317,0.067,248473,Closed Lost,11/29/2023,4/24/2024,147,No,No,Weak product fit
O02469,A0893,P002,Manufacturing,Europe,Mid-Market,Inside Sales,Expansion,138898,0,138898,Closed Lost,7/31/2025,9/21/2025,52,Yes,No,Competitor selected
O02470,A0259,P002,Financial Services,North America,Mid-Market,Inside Sales,Renewal,146303,0.082,134306,Closed Lost,3/7/2026,5/28/2026,82,Yes,Yes,Weak product fit
O02471,A0371,P005,Manufacturing,Europe,Strategic,Inside Sales,New Logo,194024,0.048,184710,Closed Lost,5/23/2025,10/9/2025,139,Yes,Yes,Competitor selected
O02472,A0634,P001,Healthcare,APAC,Strategic,Inside Sales,Renewal,251517,0.046,239947,Closed Won,7/30/2024,12/14/2024,137,No,Yes,Strong product fit
O02473,A0391,P007,Manufacturing,Europe,Enterprise,Partner,New Logo,98415,0.157,82963,Closed Lost,2/21/2025,5/21/2025,89,No,No,Timing
O02474,A0730,P006,Healthcare,APAC,Enterprise,Direct,New Logo,193727,0.04,185977,Closed Won,12/20/2023,3/16/2024,87,No,Yes,Executive alignment
O02475,A0969,P008,Technology,North America,Enterprise,Direct,New Logo,147211,0.161,123510,Closed Lost,8/29/2023,1/9/2024,133,No,No,No executive sponsor
O02476,A0180,P004,Healthcare,APAC,Mid-Market,Direct,New Logo,91976,0.115,81398,Closed Lost,4/1/2024,5/21/2024,50,Yes,No,Weak product fit
O02477,A0971,P005,Healthcare,Europe,Enterprise,Partner,Expansion,129287,0.209,102266,Closed Lost,9/26/2024,2/19/2025,146,Yes,No,Competitor selected
O02478,A0029,P008,Financial Services,Europe,Mid-Market,Partner,New Logo,93797,0.142,80477,Closed Lost,9/22/2024,11/27/2024,66,Yes,No,Price
O02479,A0395,P002,Technology,Middle East,Strategic,Direct,New Logo,271893,0.061,255307,Open Pipeline,6/22/2026,12/28/2026,189,Yes,Yes,In progress
O02480,A0920,P003,Healthcare,Middle East,Mid-Market,Direct,Expansion,110758,0.179,90932,Closed Lost,4/3/2025,8/14/2025,133,Yes,Yes,Price
O02481,A0687,P008,Financial Services,Europe,Mid-Market,Direct,Expansion,84204,0.064,78814,Closed Won,11/26/2023,3/18/2024,113,Yes,Yes,Existing relationship
O02482,A0864,P003,Healthcare,North America,Enterprise,Direct,New Logo,210146,0.137,181355,Closed Won,9/30/2023,2/15/2024,138,Yes,No,Executive alignment
O02483,A0360,P008,Financial Services,North America,Enterprise,Inside Sales,New Logo,128452,0.129,111881,Closed Lost,11/28/2024,4/4/2025,127,Yes,No,Price
O02484,A0634,P001,Healthcare,APAC,Strategic,Partner,Expansion,257764,0.191,208531,Open Pipeline,5/13/2026,11/1/2026,172,Yes,Yes,In progress
O02485,A0287,P006,Technology,Europe,Enterprise,Direct,New Logo,219480,0.103,196873,Closed Lost,6/19/2025,9/22/2025,95,No,Yes,Limited budget
O02486,A0744,P002,Financial Services,North America,Mid-Market,Inside Sales,New Logo,167539,0.092,152125,Open Pipeline,7/14/2026,10/24/2026,102,Yes,Yes,In progress
O02487,A0174,P004,Technology,North America,Mid-Market,Direct,New Logo,97349,0.049,92578,Closed Won,10/6/2023,1/12/2024,98,No,Yes,Strong product fit
O02488,A0023,P001,Technology,APAC,Enterprise,Partner,New Logo,168477,0.126,147248,Closed Won,10/1/2025,1/12/2026,103,Yes,Yes,Executive alignment
O02489,A0030,P003,Manufacturing,Middle East,Enterprise,Partner,New Logo,213765,0.123,187471,Open Pipeline,5/25/2026,8/29/2026,96,Yes,Yes,In progress
O02490,A0853,P007,Technology,North America,Strategic,Direct,Expansion,137681,0.144,117854,Closed Lost,6/13/2025,1/1/2026,202,Yes,Yes,Competitor selected
O02491,A0864,P003,Healthcare,North America,Enterprise,Inside Sales,New Logo,164320,0.126,143615,Closed Won,7/21/2024,9/25/2024,66,No,No,Strong product fit
O02492,A0985,P008,Technology,North America,Mid-Market,Direct,New Logo,100652,0.014,99242,Closed Won,9/11/2024,12/6/2024,86,Yes,Yes,Superior analytics
O02493,A0844,P001,Manufacturing,North America,Mid-Market,Direct,Expansion,137998,0.066,128890,Closed Won,10/11/2023,11/27/2023,47,Yes,No,Superior analytics
O02494,A0298,P002,Technology,Middle East,Mid-Market,Partner,Expansion,146553,0.098,132190,Closed Lost,1/8/2024,2/11/2024,34,No,No,Timing
O02495,A0715,P006,Technology,Europe,Mid-Market,Direct,New Logo,146884,0.09,133664,Closed Lost,4/1/2025,7/3/2025,93,No,Yes,Timing
O02496,A0369,P008,Financial Services,APAC,Mid-Market,Inside Sales,New Logo,98922,0.064,92590,Closed Lost,9/7/2024,10/17/2024,40,Yes,Yes,Competitor selected
O02497,A0889,P008,Financial Services,Middle East,Strategic,Direct,New Logo,179363,0.146,153176,Closed Lost,6/9/2025,11/16/2025,160,Yes,No,Weak product fit
O02498,A0688,P006,Healthcare,North America,Mid-Market,Direct,New Logo,118806,0.141,102054,Closed Won,1/28/2026,4/23/2026,85,Yes,Yes,Executive alignment
O02499,A0252,P004,Financial Services,Europe,Enterprise,Partner,Expansion,147454,0.164,123271,Open Pipeline,7/11/2026,9/11/2026,62,Yes,Yes,In progress
O02500,A0845,P006,Technology,Europe,Strategic,Partner,New Logo,302512,0.085,276798,Closed Lost,4/1/2025,8/6/2025,127,No,No,Timing
O02501,A0576,P003,Healthcare,Europe,Mid-Market,Direct,Expansion,105948,0.192,85605,Closed Lost,8/30/2025,12/23/2025,115,Yes,Yes,Timing
O02502,A0988,P002,Financial Services,North America,Mid-Market,Inside Sales,Renewal,146557,0.093,132927,Closed Lost,8/9/2025,11/15/2025,98,No,No,Weak product fit
O02503,A0742,P003,Financial Services,Europe,Strategic,Direct,Expansion,211863,0.134,183473,Closed Won,1/24/2025,4/8/2025,74,Yes,No,Strong product fit
O02504,A0839,P001,Financial Services,APAC,Enterprise,Direct,Expansion,172493,0.131,149896,Closed Lost,7/17/2024,11/14/2024,120,Yes,No,Timing
O02505,A0140,P004,Financial Services,Europe,Enterprise,Direct,Expansion,155542,0.072,144342,Closed Lost,6/28/2024,8/19/2024,52,Yes,Yes,No executive sponsor
O02506,A0131,P002,Technology,Europe,Mid-Market,Direct,New Logo,141509,0.144,121131,Closed Lost,4/15/2025,7/2/2025,78,No,Yes,Limited budget
O02507,A0506,P001,Technology,North America,Mid-Market,Partner,New Logo,114976,0.096,103938,Closed Lost,1/27/2024,3/28/2024,61,Yes,Yes,No executive sponsor
O02508,A0703,P007,Healthcare,APAC,Strategic,Direct,Expansion,131480,0.186,107024,Closed Lost,9/12/2024,1/12/2025,122,No,No,Timing
O02509,A0089,P001,Healthcare,North America,Enterprise,Direct,New Logo,189326,0.132,164334,Closed Lost,7/18/2025,10/4/2025,78,Yes,Yes,Weak product fit
O02510,A0748,P008,Healthcare,Europe,Enterprise,Direct,New Logo,140756,0.087,128510,Closed Lost,1/31/2026,5/14/2026,103,Yes,No,Price
O02511,A0638,P007,Healthcare,APAC,Enterprise,Partner,New Logo,102889,0.147,87764,Open Pipeline,6/27/2026,10/10/2026,105,No,No,In progress
O02512,A0622,P004,Healthcare,North America,Enterprise,Inside Sales,New Logo,182145,0.025,177591,Closed Won,7/29/2026,3/4/2027,218,No,No,Superior analytics
O02513,A0280,P007,Financial Services,APAC,Mid-Market,Direct,New Logo,59830,0.224,46428,Closed Lost,4/17/2024,8/10/2024,115,Yes,Yes,Competitor selected
O02514,A0533,P007,Technology,Middle East,Mid-Market,Direct,New Logo,60384,0.043,57787,Closed Lost,11/7/2024,3/21/2025,134,Yes,Yes,Weak product fit
O02515,A0620,P007,Healthcare,North America,Enterprise,Partner,New Logo,106577,0.146,91016,Closed Won,12/3/2025,5/1/2026,149,No,Yes,Strong product fit
O02516,A0936,P002,Healthcare,Middle East,Mid-Market,Direct,New Logo,161004,0.035,155368,Closed Lost,12/19/2023,2/26/2024,69,Yes,Yes,Limited budget
O02517,A0752,P006,Manufacturing,Europe,Mid-Market,Direct,Expansion,119196,0.09,108468,Closed Won,4/5/2025,6/23/2025,79,Yes,Yes,Strong product fit
O02518,A0473,P006,Healthcare,Middle East,Enterprise,Direct,Expansion,203383,0.139,175112,Closed Won,12/15/2025,6/13/2026,180,Yes,Yes,Existing relationship
O02519,A0889,P005,Financial Services,Middle East,Strategic,Direct,New Logo,149898,0.14,128912,Closed Lost,10/10/2024,3/8/2025,149,Yes,Yes,Weak product fit
O02520,A0444,P001,Manufacturing,North America,Enterprise,Direct,New Logo,202767,0.211,159983,Closed Lost,1/4/2026,6/18/2026,165,No,Yes,No executive sponsor
O02521,A0747,P002,Financial Services,APAC,Mid-Market,Partner,New Logo,128015,0.251,95883,Closed Lost,5/30/2025,10/12/2025,135,Yes,No,No executive sponsor
O02522,A0273,P008,Financial Services,North America,Mid-Market,Partner,New Logo,88747,0.031,85995,Closed Lost,2/28/2025,5/1/2025,62,No,Yes,Limited budget
O02523,A0139,P006,Healthcare,North America,Enterprise,Partner,New Logo,204113,0.088,186151,Closed Won,2/16/2025,5/24/2025,97,No,No,Existing relationship
O02524,A0130,P005,Financial Services,Europe,Enterprise,Direct,Expansion,106727,0.105,95520,Closed Lost,10/12/2023,1/22/2024,102,No,No,No executive sponsor
O02525,A0825,P007,Healthcare,Europe,Mid-Market,Direct,Expansion,66591,0.042,63794,Open Pipeline,8/5/2026,9/24/2026,50,No,Yes,In progress
O02526,A0664,P002,Financial Services,Europe,Enterprise,Partner,Expansion,262929,0.232,201929,Closed Lost,7/23/2024,12/15/2024,145,No,No,Limited budget
O02527,A0002,P003,Technology,Middle East,Enterprise,Direct,New Logo,178621,0.05,169689,Closed Won,9/5/2023,11/14/2023,70,Yes,No,Existing relationship
O02528,A0638,P002,Healthcare,APAC,Enterprise,Direct,New Logo,259902,0.124,227674,Closed Lost,1/20/2024,4/1/2024,72,No,Yes,Price
O02529,A0545,P007,Financial Services,North America,Enterprise,Direct,Expansion,99619,0.177,81986,Closed Won,12/3/2023,3/11/2024,99,Yes,No,Executive alignment
O02530,A0505,P003,Manufacturing,Middle East,Mid-Market,Direct,New Logo,106247,0.069,98915,Closed Won,10/31/2023,1/8/2024,69,No,Yes,Superior analytics
O02531,A0279,P008,Healthcare,APAC,Strategic,Inside Sales,Expansion,197411,0.071,183394,Closed Lost,1/15/2025,6/23/2025,159,No,Yes,Weak product fit
O02532,A0769,P005,Technology,North America,Enterprise,Direct,New Logo,137708,0.167,114710,Closed Lost,7/8/2024,11/27/2024,142,Yes,No,Timing
O02533,A0658,P005,Financial Services,North America,Strategic,Direct,New Logo,181222,0.157,152770,Closed Lost,4/16/2024,9/13/2024,150,Yes,Yes,Limited budget
O02534,A0903,P004,Financial Services,Europe,Mid-Market,Direct,New Logo,91094,0.167,75881,Closed Won,6/23/2025,11/9/2025,139,Yes,Yes,Existing relationship
O02535,A0524,P006,Healthcare,North America,Mid-Market,Partner,Expansion,150042,0.1,135037,Closed Lost,9/5/2024,12/12/2024,98,No,Yes,Limited budget
O02536,A0323,P004,Financial Services,North America,Strategic,Direct,New Logo,207270,0.131,180117,Closed Won,11/15/2024,4/5/2025,141,No,Yes,Executive alignment
O02537,A0332,P005,Manufacturing,APAC,Enterprise,Direct,Expansion,119796,0.142,102784,Closed Won,11/11/2023,3/18/2024,128,Yes,Yes,Superior analytics
O02538,A0650,P001,Financial Services,Europe,Enterprise,Direct,Renewal,211218,0.057,199178,Closed Lost,9/11/2024,12/12/2024,92,Yes,No,Timing
O02539,A0841,P007,Healthcare,Europe,Mid-Market,Partner,New Logo,76861,0.261,56800,Closed Won,4/20/2025,8/12/2025,114,No,Yes,Existing relationship
O02540,A0208,P007,Manufacturing,North America,Enterprise,Partner,New Logo,110878,0.196,89145,Closed Lost,5/12/2026,7/28/2026,77,Yes,No,Limited budget
O02541,A0611,P007,Healthcare,APAC,Mid-Market,Partner,New Logo,70840,0.163,59293,Closed Lost,9/21/2024,1/31/2025,132,No,No,Timing
O02542,A0832,P002,Financial Services,North America,Mid-Market,Direct,Renewal,131156,0.111,116597,Closed Lost,3/3/2026,7/3/2026,122,No,Yes,Competitor selected
O02543,A0639,P002,Technology,North America,Enterprise,Direct,Renewal,270149,0.166,225304,Closed Lost,8/9/2025,1/6/2026,150,No,No,Weak product fit
O02544,A0972,P006,Manufacturing,APAC,Mid-Market,Direct,New Logo,139995,0.165,116895,Closed Won,6/22/2024,7/27/2024,35,No,No,Executive alignment
O02545,A0772,P001,Manufacturing,Middle East,Enterprise,Direct,New Logo,225137,0.16,189115,Closed Lost,10/6/2025,12/26/2025,81,Yes,Yes,Weak product fit
O02546,A0614,P001,Healthcare,North America,Mid-Market,Direct,New Logo,138122,0.2,110497,Closed Lost,6/18/2026,8/5/2026,48,No,Yes,Limited budget
O02547,A0755,P002,Financial Services,APAC,Mid-Market,Direct,Renewal,158391,0.135,137008,Closed Lost,1/27/2024,4/22/2024,86,No,No,Competitor selected
O02548,A0654,P006,Healthcare,Europe,Mid-Market,Partner,New Logo,123308,0.134,106784,Closed Won,3/6/2024,5/19/2024,74,Yes,No,Bundle value
O02549,A0154,P004,Technology,Europe,Mid-Market,Direct,New Logo,94839,0.078,87441,Closed Lost,11/21/2024,1/3/2025,43,No,No,No executive sponsor
O02550,A0481,P004,Financial Services,Europe,Enterprise,Inside Sales,Expansion,157095,0.048,149554,Closed Lost,3/14/2026,6/11/2026,89,Yes,Yes,No executive sponsor
O02551,A0565,P005,Technology,APAC,Strategic,Partner,New Logo,159251,0.223,123738,Closed Lost,8/27/2024,2/28/2025,185,Yes,No,Limited budget
O02552,A0347,P008,Healthcare,Europe,Enterprise,Direct,New Logo,139719,0.211,110238,Closed Lost,2/24/2025,7/9/2025,135,No,No,Weak product fit
O02553,A0630,P002,Financial Services,North America,Strategic,Direct,Expansion,276474,0.084,253250,Open Pipeline,6/20/2026,11/12/2026,145,Yes,No,In progress
O02554,A0244,P004,Financial Services,Middle East,Enterprise,Direct,New Logo,137246,0.11,122148,Closed Lost,4/21/2024,10/17/2024,179,No,Yes,Timing
O02555,A0022,P006,Healthcare,North America,Strategic,Direct,New Logo,277524,0.109,247273,Closed Lost,8/22/2023,3/9/2024,200,Yes,No,Weak product fit
O02556,A0171,P001,Technology,APAC,Mid-Market,Inside Sales,Expansion,142211,0.041,136380,Closed Lost,6/5/2024,8/17/2024,73,Yes,No,No executive sponsor
O02557,A0985,P007,Technology,North America,Mid-Market,Partner,Expansion,59193,0.177,48715,Closed Won,8/20/2024,11/6/2024,78,No,No,Strong product fit
O02558,A0519,P002,Financial Services,APAC,Enterprise,Partner,New Logo,198849,0.169,165243,Closed Won,9/24/2024,10/25/2024,31,Yes,Yes,Superior analytics
O02559,A0874,P006,Manufacturing,North America,Enterprise,Direct,Renewal,218375,0.141,187584,Closed Lost,2/18/2025,7/2/2025,134,Yes,Yes,Competitor selected
O02560,A0505,P002,Manufacturing,Middle East,Mid-Market,Direct,Expansion,167268,0.157,141006,Closed Lost,4/18/2024,5/23/2024,35,Yes,Yes,Timing
O02561,A0702,P001,Manufacturing,North America,Mid-Market,Inside Sales,Expansion,130094,0,130094,Closed Lost,3/12/2024,6/10/2024,90,No,No,No executive sponsor
O02562,A0124,P002,Financial Services,APAC,Strategic,Inside Sales,New Logo,272782,0.062,255869,Closed Won,9/10/2025,12/3/2025,84,Yes,No,Existing relationship
O02563,A0650,P007,Financial Services,Europe,Enterprise,Direct,New Logo,88937,0.167,74084,Open Pipeline,6/28/2026,11/10/2026,135,Yes,Yes,In progress
O02564,A0440,P004,Manufacturing,Europe,Enterprise,Direct,New Logo,163857,0.165,136820,Closed Lost,2/3/2024,4/13/2024,70,Yes,No,Weak product fit
O02565,A0282,P008,Financial Services,North America,Enterprise,Inside Sales,New Logo,134072,0,134072,Open Pipeline,7/4/2026,11/3/2026,122,No,Yes,In progress
O02566,A0920,P008,Healthcare,Middle East,Mid-Market,Partner,Renewal,104025,0.178,85508,Closed Lost,11/21/2023,2/1/2024,72,Yes,No,Weak product fit
O02567,A0032,P003,Healthcare,North America,Enterprise,Direct,New Logo,183351,0.129,159698,Open Pipeline,7/14/2026,11/12/2026,121,Yes,No,In progress
O02568,A0758,P005,Healthcare,North America,Strategic,Direct,Expansion,171003,0.121,150311,Closed Won,12/11/2024,6/29/2025,200,No,Yes,Superior analytics
O02569,A0227,P005,Healthcare,Europe,Enterprise,Direct,New Logo,126304,0,126304,Closed Won,9/21/2023,1/18/2024,119,Yes,Yes,Executive alignment
O02570,A0634,P006,Healthcare,APAC,Strategic,Direct,New Logo,328073,0.081,301499,Closed Won,2/18/2024,7/7/2024,140,No,Yes,Executive alignment
O02571,A0398,P007,Manufacturing,Europe,Enterprise,Partner,New Logo,110227,0.126,96338,Closed Lost,2/18/2025,6/28/2025,130,Yes,No,Weak product fit
O02572,A0317,P002,Healthcare,North America,Enterprise,Direct,New Logo,254755,0.141,218834,Open Pipeline,7/3/2026,11/18/2026,138,Yes,Yes,In progress
O02573,A0451,P003,Financial Services,Middle East,Mid-Market,Direct,New Logo,121245,0.111,107786,Closed Lost,5/14/2025,6/29/2025,46,No,No,Price
O02574,A0725,P002,Manufacturing,North America,Enterprise,Direct,New Logo,201473,0.114,178505,Closed Won,12/2/2025,5/10/2026,159,No,Yes,Bundle value
O02575,A0030,P002,Manufacturing,Middle East,Enterprise,Direct,Renewal,265942,0.141,228444,Closed Won,2/3/2026,7/18/2026,165,Yes,Yes,Bundle value
O02576,A0813,P006,Healthcare,North America,Enterprise,Direct,New Logo,182769,0.06,171802,Closed Lost,11/3/2024,3/17/2025,134,No,Yes,Competitor selected
O02577,A0711,P008,Technology,Europe,Enterprise,Inside Sales,Expansion,143530,0,143530,Closed Lost,2/16/2024,7/5/2024,140,No,Yes,Competitor selected
O02578,A0405,P007,Healthcare,Europe,Enterprise,Partner,Renewal,122083,0.172,101084,Closed Lost,12/26/2025,3/24/2026,88,No,Yes,Price
O02579,A0108,P001,Healthcare,North America,Enterprise,Direct,New Logo,194004,0.049,184497,Closed Lost,7/11/2025,9/27/2025,78,No,No,Limited budget
O02580,A0187,P006,Healthcare,APAC,Enterprise,Direct,New Logo,241420,0.152,204724,Closed Lost,7/14/2025,11/27/2025,136,No,Yes,Weak product fit
O02581,A0818,P005,Technology,North America,Enterprise,Direct,New Logo,127412,0.066,119002,Closed Won,11/24/2023,4/3/2024,131,No,Yes,Existing relationship
O02582,A0210,P005,Manufacturing,North America,Enterprise,Partner,New Logo,106417,0.218,83218,Closed Won,6/12/2024,10/26/2024,136,No,No,Strong product fit
O02583,A0225,P004,Healthcare,APAC,Mid-Market,Direct,New Logo,101208,0.094,91694,Closed Lost,9/8/2023,11/4/2023,57,No,No,No executive sponsor
O02584,A0581,P001,Manufacturing,North America,Mid-Market,Direct,New Logo,143883,0.101,129350,Closed Lost,3/24/2024,6/18/2024,86,Yes,Yes,Weak product fit
O02585,A0048,P006,Healthcare,Europe,Strategic,Partner,Expansion,276392,0.247,208123,Closed Won,12/13/2023,6/21/2024,191,Yes,No,Bundle value
O02586,A0782,P002,Healthcare,Middle East,Enterprise,Direct,New Logo,252646,0.025,246329,Open Pipeline,7/12/2026,11/8/2026,119,Yes,Yes,In progress
O02587,A0972,P007,Manufacturing,APAC,Mid-Market,Inside Sales,New Logo,58072,0.097,52439,Closed Won,1/29/2024,4/1/2024,63,No,Yes,Superior analytics
O02588,A0734,P005,Healthcare,APAC,Enterprise,Direct,New Logo,126514,0.045,120820,Closed Won,8/22/2024,11/29/2024,99,No,No,Existing relationship
O02589,A0099,P003,Healthcare,APAC,Enterprise,Direct,Renewal,153680,0.136,132779,Closed Lost,1/29/2025,5/15/2025,106,Yes,No,Competitor selected
O02590,A0955,P006,Healthcare,North America,Enterprise,Direct,Renewal,184932,0.137,159596,Closed Lost,11/11/2023,2/26/2024,107,No,No,No executive sponsor
O02591,A0550,P007,Technology,Europe,Enterprise,Direct,New Logo,107821,0.103,96715,Closed Lost,2/10/2026,4/26/2026,75,No,Yes,Limited budget
O02592,A0944,P005,Financial Services,Europe,Enterprise,Direct,New Logo,128268,0.139,110438,Closed Lost,2/1/2024,5/20/2024,109,Yes,Yes,No executive sponsor
O02593,A0179,P002,Manufacturing,North America,Enterprise,Direct,New Logo,208340,0.115,184380,Closed Lost,5/17/2025,10/8/2025,144,Yes,Yes,Timing
O02594,A0421,P003,Healthcare,APAC,Enterprise,Direct,New Logo,171335,0.092,155572,Open Pipeline,5/2/2026,9/12/2026,133,Yes,Yes,In progress
O02595,A0823,P004,Healthcare,North America,Enterprise,Inside Sales,Expansion,150752,0,150752,Closed Lost,8/19/2024,1/22/2025,156,No,Yes,Limited budget
O02596,A0472,P004,Healthcare,North America,Mid-Market,Inside Sales,New Logo,117194,0.025,114264,Closed Lost,12/15/2023,3/10/2024,86,No,No,No executive sponsor
O02597,A0812,P005,Healthcare,Europe,Mid-Market,Direct,New Logo,85725,0.116,75780,Closed Lost,11/9/2025,1/17/2026,69,Yes,No,Timing
O02598,A0327,P008,Technology,APAC,Enterprise,Inside Sales,New Logo,150806,0.093,136781,Closed Lost,11/11/2025,3/12/2026,121,Yes,No,No executive sponsor
O02599,A0352,P006,Financial Services,Europe,Strategic,Direct,New Logo,283881,0.113,251802,Closed Won,10/6/2023,3/13/2024,159,No,No,Strong product fit
O02600,A0043,P006,Financial Services,Middle East,Mid-Market,Direct,Renewal,159267,0.074,147481,Closed Lost,2/24/2026,6/11/2026,107,Yes,Yes,Weak product fit
O02601,A0582,P003,Financial Services,APAC,Strategic,Direct,New Logo,274848,0.106,245714,Closed Lost,10/27/2024,3/20/2025,144,No,No,Price
O02602,A0990,P008,Manufacturing,Europe,Strategic,Direct,Expansion,208938,0.113,185328,Closed Won,9/1/2024,3/26/2025,206,No,No,Superior analytics
O02603,A0913,P008,Technology,North America,Enterprise,Inside Sales,New Logo,151756,0.107,135518,Closed Won,9/6/2025,11/30/2025,85,Yes,Yes,Existing relationship
O02604,A0518,P005,Technology,North America,Enterprise,Direct,New Logo,137882,0.177,113476,Closed Lost,7/4/2024,8/16/2024,43,Yes,Yes,Competitor selected
O02605,A0448,P006,Financial Services,North America,Strategic,Direct,New Logo,257609,0.181,210981,Open Pipeline,8/8/2026,12/9/2026,123,No,Yes,In progress
O02606,A0582,P004,Financial Services,APAC,Strategic,Inside Sales,Expansion,227466,0.13,197895,Closed Won,2/13/2025,6/8/2025,115,Yes,Yes,Bundle value
O02607,A0503,P004,Manufacturing,Middle East,Enterprise,Direct,New Logo,167479,0.15,142357,Closed Lost,6/18/2025,11/9/2025,144,Yes,No,Limited budget
O02608,A0452,P005,Financial Services,North America,Enterprise,Direct,Expansion,104196,0.078,96068,Closed Won,2/16/2026,7/29/2026,163,No,Yes,Bundle value
O02609,A0450,P003,Financial Services,Europe,Enterprise,Direct,New Logo,185110,0.116,163637,Closed Lost,6/3/2026,8/18/2026,76,No,No,No executive sponsor
O02610,A0802,P005,Healthcare,North America,Enterprise,Partner,New Logo,120550,0.147,102829,Closed Won,8/11/2024,12/29/2024,140,No,Yes,Executive alignment
O02611,A0415,P004,Healthcare,APAC,Enterprise,Direct,New Logo,139319,0.066,130123,Closed Lost,2/6/2025,6/4/2025,118,Yes,Yes,Price
O02612,A0693,P004,Financial Services,Europe,Mid-Market,Partner,Expansion,87941,0.209,69561,Open Pipeline,7/22/2026,11/8/2026,109,No,No,In progress
O02613,A0438,P006,Manufacturing,Europe,Enterprise,Inside Sales,New Logo,186564,0.062,174997,Closed Lost,3/28/2024,8/10/2024,135,Yes,No,Timing
O02614,A0629,P007,Manufacturing,North America,Enterprise,Partner,New Logo,112059,0.198,89871,Open Pipeline,3/25/2026,10/22/2026,211,Yes,Yes,In progress
O02615,A0137,P005,Technology,Europe,Enterprise,Direct,New Logo,116002,0.097,104749,Closed Lost,10/18/2025,3/9/2026,142,Yes,Yes,Timing
O02616,A0942,P006,Financial Services,North America,Mid-Market,Direct,New Logo,158240,0.135,136877,Closed Lost,4/10/2024,6/12/2024,63,No,Yes,Weak product fit
O02617,A0052,P001,Technology,APAC,Enterprise,Direct,New Logo,201544,0.13,175343,Closed Lost,6/8/2024,10/22/2024,136,Yes,No,Competitor selected
O02618,A0369,P008,Financial Services,APAC,Mid-Market,Direct,New Logo,100382,0.186,81710,Closed Lost,5/11/2026,7/30/2026,80,Yes,No,Price
O02619,A0563,P004,Financial Services,Europe,Mid-Market,Inside Sales,New Logo,107150,0.138,92363,Closed Won,12/18/2025,1/24/2026,37,No,No,Bundle value
O02620,A0833,P008,Healthcare,APAC,Strategic,Direct,New Logo,195861,0.217,153359,Closed Lost,10/15/2024,5/7/2025,204,Yes,Yes,Limited budget
O02621,A0055,P003,Financial Services,Europe,Mid-Market,Direct,New Logo,137688,0.085,125984,Closed Won,2/1/2025,5/17/2025,105,No,No,Executive alignment
O02622,A0588,P005,Manufacturing,Middle East,Mid-Market,Partner,New Logo,88211,0.139,75949,Closed Lost,4/3/2026,4/28/2026,25,Yes,No,Weak product fit
O02623,A0945,P008,Healthcare,Middle East,Enterprise,Direct,Expansion,128119,0.107,114410,Closed Lost,8/17/2024,1/2/2025,138,No,No,No executive sponsor
O02624,A0952,P001,Financial Services,Middle East,Mid-Market,Partner,Renewal,133070,0.177,109516,Closed Won,8/7/2024,9/17/2024,41,Yes,Yes,Strong product fit
O02625,A0981,P002,Financial Services,North America,Enterprise,Partner,Expansion,198992,0.037,191629,Closed Won,7/18/2025,9/21/2025,65,Yes,Yes,Executive alignment
O02626,A0733,P007,Healthcare,APAC,Enterprise,Direct,New Logo,103442,0.141,88856,Closed Won,6/29/2025,11/2/2025,126,Yes,Yes,Executive alignment
O02627,A0211,P003,Technology,APAC,Mid-Market,Direct,New Logo,118770,0.098,107130,Closed Lost,7/9/2024,10/28/2024,111,Yes,Yes,Competitor selected
O02628,A0902,P005,Manufacturing,APAC,Enterprise,Direct,New Logo,109664,0.18,89924,Closed Lost,12/31/2025,4/19/2026,109,Yes,Yes,Competitor selected
O02629,A0831,P005,Manufacturing,North America,Mid-Market,Inside Sales,New Logo,80218,0.098,72356,Closed Lost,12/29/2024,2/16/2025,49,Yes,Yes,No executive sponsor
O02630,A0285,P006,Financial Services,APAC,Mid-Market,Direct,New Logo,158031,0.102,141911,Closed Lost,12/26/2025,2/28/2026,64,Yes,No,Weak product fit
O02631,A0514,P004,Healthcare,APAC,Mid-Market,Direct,New Logo,113826,0.1,102443,Closed Lost,7/29/2024,10/14/2024,77,Yes,Yes,Price
O02632,A0469,P008,Healthcare,Middle East,Enterprise,Inside Sales,New Logo,166066,0.045,158593,Closed Lost,9/4/2024,1/10/2025,128,Yes,No,Price
O02633,A0106,P004,Technology,Middle East,Mid-Market,Inside Sales,New Logo,93766,0.14,80638,Closed Won,4/1/2024,5/15/2024,44,No,Yes,Existing relationship
O02634,A0325,P007,Technology,APAC,Mid-Market,Direct,New Logo,73021,0.092,66303,Closed Won,12/4/2024,1/31/2025,58,No,No,Existing relationship
O02635,A0569,P006,Financial Services,North America,Mid-Market,Direct,New Logo,132744,0.084,121593,Open Pipeline,6/16/2026,8/31/2026,76,No,Yes,In progress
O02636,A0159,P007,Manufacturing,Europe,Strategic,Direct,Expansion,143013,0.186,116412,Closed Lost,5/7/2025,10/23/2025,169,Yes,No,Weak product fit
O02637,A0032,P008,Healthcare,North America,Enterprise,Partner,New Logo,152971,0.181,125283,Closed Lost,1/11/2025,4/7/2025,86,Yes,Yes,Competitor selected
O02638,A0593,P001,Manufacturing,Middle East,Mid-Market,Partner,New Logo,150980,0.14,129842,Closed Won,4/15/2024,6/5/2024,51,Yes,Yes,Existing relationship
O02639,A0808,P001,Healthcare,North America,Mid-Market,Direct,New Logo,107336,0.119,94563,Closed Lost,8/6/2024,11/4/2024,90,Yes,Yes,Timing
O02640,A0184,P003,Manufacturing,North America,Mid-Market,Direct,Expansion,107676,0.131,93570,Closed Lost,12/10/2023,2/17/2024,69,No,Yes,Weak product fit
O02641,A0585,P001,Healthcare,North America,Enterprise,Direct,New Logo,171510,0.119,151100,Closed Won,4/7/2025,7/20/2025,104,Yes,No,Superior analytics
O02642,A0845,P006,Technology,Europe,Strategic,Direct,New Logo,281814,0.002,281250,Closed Lost,3/11/2024,8/15/2024,157,No,Yes,Weak product fit
O02643,A0374,P008,Financial Services,Europe,Enterprise,Inside Sales,New Logo,136107,0.049,129437,Closed Lost,1/15/2026,5/13/2026,118,No,Yes,Competitor selected
O02644,A0016,P007,Manufacturing,APAC,Mid-Market,Inside Sales,New Logo,72173,0.12,63512,Closed Lost,10/1/2024,1/12/2025,103,Yes,No,No executive sponsor
O02645,A0994,P007,Financial Services,Europe,Mid-Market,Direct,New Logo,66200,0.04,63552,Closed Lost,1/27/2025,4/24/2025,87,Yes,No,No executive sponsor
O02646,A0729,P005,Manufacturing,Europe,Enterprise,Direct,New Logo,101701,0.033,98344,Closed Lost,12/10/2025,2/9/2026,61,No,No,Price
O02647,A0217,P008,Technology,APAC,Enterprise,Direct,New Logo,162606,0.166,135613,Closed Won,2/8/2025,6/15/2025,127,Yes,No,Strong product fit
O02648,A0151,P006,Healthcare,APAC,Enterprise,Partner,New Logo,243205,0.212,191645,Closed Won,11/18/2024,3/18/2025,120,Yes,Yes,Executive alignment
O02649,A0351,P005,Healthcare,APAC,Mid-Market,Direct,Expansion,77229,0.119,68038,Closed Won,4/18/2024,6/6/2024,49,Yes,No,Existing relationship
O02650,A0613,P002,Financial Services,APAC,Strategic,Partner,New Logo,334825,0.151,284266,Closed Lost,4/27/2024,8/26/2024,121,Yes,Yes,Competitor selected
O02651,A0521,P002,Manufacturing,Europe,Mid-Market,Direct,Expansion,171016,0.127,149296,Closed Lost,3/26/2025,7/12/2025,108,Yes,Yes,No executive sponsor
O02652,A0360,P001,Financial Services,North America,Enterprise,Partner,New Logo,212160,0.159,178426,Closed Lost,9/27/2023,12/22/2023,86,Yes,No,No executive sponsor
O02653,A0565,P003,Technology,APAC,Strategic,Direct,New Logo,291180,0.114,257985,Closed Won,9/17/2024,12/31/2024,105,Yes,Yes,Bundle value
O02654,A0090,P004,Financial Services,Europe,Enterprise,Partner,New Logo,150029,0.27,109521,Closed Won,6/22/2026,8/16/2026,55,No,Yes,Existing relationship
O02655,A0331,P008,Financial Services,North America,Mid-Market,Inside Sales,New Logo,108140,0.12,95163,Closed Won,11/22/2023,4/4/2024,134,Yes,Yes,Existing relationship
O02656,A0198,P007,Financial Services,North America,Mid-Market,Inside Sales,New Logo,69968,0.153,59262,Closed Won,11/18/2023,1/6/2024,49,Yes,Yes,Superior analytics
O02657,A0169,P008,Financial Services,APAC,Enterprise,Inside Sales,New Logo,162177,0.17,134606,Closed Won,4/4/2026,7/5/2026,92,Yes,Yes,Superior analytics
O02658,A0632,P007,Technology,North America,Strategic,Direct,New Logo,157883,0.08,145252,Closed Won,9/10/2023,1/16/2024,128,No,No,Executive alignment
O02659,A0724,P001,Technology,APAC,Enterprise,Direct,Expansion,181396,0.159,152554,Closed Lost,4/30/2026,8/10/2026,102,No,Yes,No executive sponsor
O02660,A0387,P004,Healthcare,North America,Enterprise,Inside Sales,New Logo,167611,0.063,157051,Closed Lost,4/7/2024,9/7/2024,153,Yes,No,Limited budget
O02661,A0123,P008,Technology,APAC,Mid-Market,Direct,New Logo,106738,0.06,100333,Closed Lost,6/4/2025,7/31/2025,57,No,No,Timing
O02662,A0177,P001,Healthcare,APAC,Strategic,Inside Sales,Expansion,243974,0,243974,Closed Won,12/19/2025,6/5/2026,168,No,No,Executive alignment
O02663,A0203,P006,Manufacturing,Europe,Enterprise,Direct,New Logo,251676,0.138,216944,Open Pipeline,8/19/2026,1/24/2027,158,Yes,No,In progress
O02664,A0737,P001,Financial Services,APAC,Enterprise,Direct,Expansion,202412,0.099,182373,Closed Lost,6/23/2026,8/19/2026,57,No,No,Timing
O02665,A0452,P003,Financial Services,North America,Enterprise,Direct,Renewal,169467,0.035,163535,Closed Lost,3/4/2026,7/27/2026,145,Yes,No,Timing
O02666,A0141,P002,Healthcare,North America,Enterprise,Inside Sales,New Logo,202242,0.117,178579,Closed Won,2/18/2024,5/17/2024,89,Yes,Yes,Superior analytics
O02667,A0893,P004,Manufacturing,Europe,Mid-Market,Direct,New Logo,108535,0.127,94751,Closed Lost,1/30/2026,5/13/2026,103,Yes,Yes,Price
O02668,A0812,P001,Healthcare,Europe,Mid-Market,Direct,New Logo,137407,0.008,136307,Closed Lost,10/16/2023,1/4/2024,80,Yes,Yes,Weak product fit
O02669,A0019,P005,Financial Services,Middle East,Enterprise,Inside Sales,New Logo,124710,0.119,109869,Closed Lost,9/5/2023,2/9/2024,157,Yes,No,No executive sponsor
O02670,A0901,P002,Financial Services,Middle East,Mid-Market,Direct,New Logo,161514,0.122,141809,Closed Won,6/22/2024,8/6/2024,45,No,Yes,Existing relationship
O02671,A0437,P002,Financial Services,Middle East,Enterprise,Partner,New Logo,265182,0.12,233360,Closed Lost,9/22/2025,2/19/2026,150,No,No,Limited budget
O02672,A0906,P001,Technology,Europe,Mid-Market,Inside Sales,New Logo,136792,0.134,118461,Closed Lost,3/20/2024,5/30/2024,71,No,No,Timing
O02673,A0966,P003,Manufacturing,North America,Enterprise,Direct,New Logo,175083,0.131,152147,Closed Won,9/27/2025,1/11/2026,106,No,Yes,Bundle value
O02674,A0595,P002,Manufacturing,North America,Enterprise,Direct,New Logo,229101,0.045,218791,Closed Lost,10/16/2025,2/3/2026,110,Yes,Yes,No executive sponsor
O02675,A0435,P007,Technology,APAC,Mid-Market,Direct,New Logo,76073,0.14,65422,Closed Lost,8/16/2025,9/10/2025,25,Yes,No,Limited budget
O02676,A0503,P007,Manufacturing,Middle East,Enterprise,Partner,New Logo,103813,0.232,79728,Open Pipeline,5/3/2026,9/4/2026,124,Yes,No,In progress
O02677,A0197,P004,Manufacturing,Europe,Mid-Market,Direct,New Logo,110830,0.217,86779,Closed Lost,4/18/2026,7/13/2026,86,No,No,Weak product fit
O02678,A0513,P007,Financial Services,North America,Mid-Market,Partner,Expansion,78390,0.177,64514,Closed Lost,7/11/2025,8/29/2025,49,Yes,Yes,Competitor selected
O02679,A0160,P002,Manufacturing,North America,Mid-Market,Direct,New Logo,142045,0.106,126988,Closed Lost,3/18/2026,8/15/2026,150,No,No,No executive sponsor
O02680,A0521,P001,Manufacturing,Europe,Mid-Market,Inside Sales,New Logo,121814,0.071,113165,Closed Won,7/21/2024,11/29/2024,131,No,No,Strong product fit
O02681,A0057,P004,Manufacturing,Europe,Enterprise,Direct,New Logo,171201,0.098,154423,Open Pipeline,6/5/2026,9/30/2026,117,No,No,In progress
O02682,A0193,P002,Healthcare,APAC,Enterprise,Direct,Expansion,237467,0.074,219894,Closed Lost,7/28/2025,11/18/2025,113,Yes,No,No executive sponsor
O02683,A0560,P005,Financial Services,North America,Enterprise,Direct,New Logo,122952,0.112,109181,Closed Won,11/10/2025,2/18/2026,100,Yes,No,Strong product fit
O02684,A0433,P006,Technology,North America,Enterprise,Direct,New Logo,230172,0.103,206464,Closed Won,11/24/2023,4/9/2024,137,Yes,Yes,Bundle value
O02685,A0622,P007,Healthcare,North America,Enterprise,Direct,Expansion,92333,0.089,84115,Closed Lost,7/20/2024,10/10/2024,82,Yes,No,Limited budget
O02686,A0064,P002,Healthcare,North America,Strategic,Direct,New Logo,304530,0.108,271640,Closed Won,1/23/2024,6/5/2024,134,No,No,Executive alignment
O02687,A0488,P002,Manufacturing,Middle East,Enterprise,Partner,New Logo,212013,0.113,188055,Open Pipeline,7/11/2026,11/28/2026,140,No,No,In progress
O02688,A0321,P001,Healthcare,Europe,Enterprise,Inside Sales,Expansion,197469,0.056,186410,Closed Lost,9/13/2024,1/31/2025,140,Yes,No,No executive sponsor
O02689,A0263,P002,Manufacturing,North America,Strategic,Direct,New Logo,356674,0.176,293899,Closed Won,3/13/2025,6/10/2025,89,Yes,Yes,Existing relationship
O02690,A0373,P002,Technology,APAC,Enterprise,Partner,New Logo,225022,0.079,207245,Closed Won,12/16/2025,4/23/2026,128,Yes,Yes,Bundle value
O02691,A0422,P005,Financial Services,Europe,Strategic,Direct,New Logo,152307,0.116,134639,Closed Won,6/27/2026,11/19/2026,145,Yes,No,Executive alignment
O02692,A0066,P002,Healthcare,North America,Mid-Market,Direct,Renewal,158458,0.148,135006,Closed Lost,12/13/2025,2/10/2026,59,No,No,No executive sponsor
O02693,A0492,P008,Manufacturing,Europe,Enterprise,Direct,New Logo,131569,0.044,125779,Closed Lost,6/23/2026,9/6/2026,75,No,Yes,Competitor selected
O02694,A0790,P002,Financial Services,Europe,Strategic,Direct,New Logo,306465,0.219,239349,Closed Won,5/28/2025,11/8/2025,164,No,No,Superior analytics
O02695,A0961,P004,Manufacturing,Europe,Mid-Market,Partner,New Logo,113972,0.137,98357,Closed Won,6/29/2024,8/29/2024,61,Yes,No,Executive alignment
O02696,A0307,P002,Healthcare,APAC,Strategic,Inside Sales,New Logo,374248,0.133,324473,Closed Won,8/8/2024,10/29/2024,82,Yes,Yes,Bundle value
O02697,A0575,P002,Manufacturing,APAC,Enterprise,Inside Sales,New Logo,209550,0.042,200748,Closed Won,7/9/2024,10/14/2024,97,No,No,Strong product fit
O02698,A0838,P007,Healthcare,Middle East,Enterprise,Direct,Expansion,100184,0.264,73735,Closed Lost,5/6/2024,7/18/2024,73,No,Yes,Weak product fit
O02699,A0173,P005,Healthcare,APAC,Mid-Market,Inside Sales,Expansion,76974,0.146,65735,Closed Won,3/28/2024,7/18/2024,112,No,No,Strong product fit
O02700,A0934,P003,Financial Services,Middle East,Enterprise,Direct,Expansion,176416,0.149,150130,Closed Won,2/19/2025,5/24/2025,94,No,No,Bundle value
O02701,A0830,P002,Financial Services,Europe,Enterprise,Inside Sales,New Logo,270806,0.092,245891,Closed Lost,3/1/2024,5/14/2024,74,Yes,Yes,Competitor selected
O02702,A0212,P002,Technology,Middle East,Mid-Market,Partner,Expansion,148637,0.213,116977,Closed Won,9/22/2025,12/11/2025,80,Yes,Yes,Executive alignment
O02703,A0790,P005,Financial Services,Europe,Strategic,Partner,New Logo,188333,0.149,160271,Closed Lost,10/16/2023,3/1/2024,137,No,No,Timing
O02704,A0080,P003,Technology,APAC,Enterprise,Partner,New Logo,159588,0.221,124319,Closed Lost,4/5/2025,7/20/2025,106,Yes,Yes,No executive sponsor
O02705,A0292,P008,Technology,North America,Mid-Market,Direct,New Logo,84894,0.172,70292,Closed Lost,12/4/2024,3/24/2025,110,Yes,Yes,Weak product fit
O02706,A0743,P004,Technology,APAC,Enterprise,Direct,New Logo,151874,0.108,135471,Closed Lost,11/1/2025,2/11/2026,102,Yes,No,Weak product fit
O02707,A0287,P008,Technology,Europe,Enterprise,Direct,Expansion,146525,0.084,134216,Closed Won,7/31/2025,11/4/2025,96,Yes,Yes,Existing relationship
O02708,A0470,P005,Healthcare,Europe,Enterprise,Partner,New Logo,127261,0.189,103208,Closed Lost,10/27/2023,1/29/2024,94,Yes,No,Timing
O02709,A0285,P006,Financial Services,APAC,Mid-Market,Direct,New Logo,149341,0.079,137543,Closed Lost,4/19/2024,6/2/2024,44,Yes,Yes,Limited budget
O02710,A0140,P002,Financial Services,Europe,Enterprise,Direct,New Logo,192822,0.1,173539,Closed Won,6/9/2025,9/28/2025,111,No,No,Existing relationship
O02711,A0200,P008,Healthcare,North America,Strategic,Inside Sales,Expansion,205856,0.077,190005,Closed Lost,2/13/2026,8/5/2026,173,Yes,Yes,Limited budget
O02712,A0120,P006,Financial Services,Europe,Enterprise,Partner,New Logo,234401,0.114,207679,Closed Lost,8/6/2024,1/22/2025,169,Yes,No,Weak product fit
O02713,A0876,P001,Manufacturing,Europe,Mid-Market,Partner,New Logo,129785,0.232,99674,Open Pipeline,6/26/2026,10/5/2026,101,Yes,No,In progress
O02714,A0133,P006,Financial Services,North America,Mid-Market,Partner,New Logo,125366,0.157,105683,Closed Lost,8/16/2024,11/2/2024,78,Yes,Yes,Timing
O02715,A0051,P003,Technology,APAC,Enterprise,Direct,Renewal,152170,0.061,142887,Closed Won,5/19/2026,10/7/2026,141,Yes,Yes,Strong product fit
O02716,A0174,P008,Technology,North America,Mid-Market,Direct,Renewal,107719,0.031,104379,Closed Lost,5/24/2024,9/12/2024,111,No,Yes,No executive sponsor
O02717,A0829,P005,Healthcare,Europe,Mid-Market,Direct,New Logo,80298,0.187,65282,Closed Lost,10/26/2024,2/8/2025,105,No,Yes,Price
O02718,A0239,P008,Technology,North America,Enterprise,Direct,Renewal,151593,0.124,132795,Open Pipeline,8/17/2026,12/21/2026,126,Yes,Yes,In progress
O02719,A0913,P006,Technology,North America,Enterprise,Direct,New Logo,192778,0.106,172343,Closed Lost,7/16/2024,11/17/2024,124,No,Yes,Price
O02720,A0023,P008,Technology,APAC,Enterprise,Direct,New Logo,153665,0.057,144906,Closed Lost,4/4/2025,5/29/2025,55,Yes,Yes,Weak product fit
O02721,A0738,P008,Healthcare,Europe,Mid-Market,Direct,New Logo,105291,0.124,92234,Closed Lost,1/9/2025,2/12/2025,34,Yes,No,Competitor selected
O02722,A0534,P004,Manufacturing,North America,Mid-Market,Inside Sales,New Logo,105493,0.003,105176,Closed Won,2/21/2025,5/14/2025,82,No,No,Existing relationship
O02723,A0963,P003,Financial Services,APAC,Mid-Market,Direct,Renewal,130644,0.01,129337,Closed Lost,7/15/2025,9/1/2025,48,Yes,No,No executive sponsor
O02724,A0509,P001,Manufacturing,Middle East,Mid-Market,Partner,New Logo,147719,0.164,123493,Closed Lost,11/19/2023,1/25/2024,67,Yes,Yes,Timing
O02725,A0925,P006,Manufacturing,North America,Enterprise,Direct,Expansion,234535,0.187,190676,Closed Lost,6/19/2024,12/3/2024,167,Yes,Yes,Weak product fit
O02726,A0662,P007,Healthcare,North America,Enterprise,Inside Sales,New Logo,106672,0.195,85870,Closed Lost,12/28/2025,4/23/2026,116,Yes,Yes,Timing
O02727,A0879,P002,Manufacturing,North America,Enterprise,Partner,Expansion,219610,0.096,198527,Closed Won,4/6/2024,8/24/2024,140,Yes,No,Strong product fit
O02728,A0743,P007,Technology,APAC,Enterprise,Direct,New Logo,110701,0.07,102951,Closed Lost,6/16/2025,9/26/2025,102,Yes,No,Price
O02729,A0224,P008,Healthcare,Europe,Enterprise,Direct,New Logo,151834,0.122,133310,Closed Won,2/10/2025,7/25/2025,165,No,No,Superior analytics
O02730,A0254,P003,Financial Services,Europe,Enterprise,Direct,New Logo,208831,0.149,177715,Closed Lost,8/25/2024,12/14/2024,111,No,Yes,Weak product fit
O02731,A0641,P002,Healthcare,Europe,Mid-Market,Inside Sales,New Logo,130753,0.08,120292,Closed Lost,5/13/2026,6/17/2026,35,Yes,Yes,Price
O02732,A0914,P004,Healthcare,North America,Strategic,Direct,Expansion,187053,0.169,155441,Closed Won,2/22/2025,6/20/2025,118,No,No,Executive alignment
O02733,A0623,P002,Financial Services,North America,Enterprise,Direct,New Logo,235310,0.096,212720,Closed Lost,10/27/2023,3/19/2024,144,Yes,No,Timing
O02734,A0088,P007,Technology,APAC,Strategic,Direct,Expansion,121983,0.065,114054,Closed Lost,4/9/2026,7/25/2026,107,No,No,Limited budget
O02735,A0356,P001,Technology,APAC,Mid-Market,Direct,New Logo,129850,0.084,118942,Closed Won,7/9/2025,8/21/2025,43,Yes,Yes,Executive alignment
O02736,A0453,P007,Technology,Middle East,Mid-Market,Inside Sales,New Logo,57117,0.132,49577,Closed Lost,9/14/2025,1/16/2026,124,Yes,Yes,Weak product fit
O02737,A0279,P006,Healthcare,APAC,Strategic,Direct,New Logo,323441,0.078,298212,Closed Lost,8/20/2025,1/12/2026,145,Yes,No,Weak product fit
O02738,A0988,P004,Financial Services,North America,Mid-Market,Direct,New Logo,121464,0.049,115512,Closed Won,1/24/2025,6/18/2025,145,Yes,Yes,Superior analytics
O02739,A0643,P007,Healthcare,North America,Mid-Market,Direct,New Logo,67942,0.128,59245,Closed Lost,12/20/2024,3/15/2025,85,No,Yes,Timing
O02740,A0256,P003,Technology,APAC,Enterprise,Direct,Expansion,196172,0.163,164195,Closed Lost,6/19/2025,9/23/2025,96,No,Yes,Limited budget
O02741,A0429,P002,Healthcare,Europe,Enterprise,Direct,New Logo,202846,0.059,190878,Closed Lost,8/31/2025,1/15/2026,137,Yes,Yes,Price
O02742,A0063,P005,Healthcare,Europe,Strategic,Direct,Expansion,168949,0.067,157629,Closed Lost,5/30/2024,11/5/2024,159,Yes,Yes,Weak product fit
O02743,A0309,P008,Technology,North America,Strategic,Direct,New Logo,240895,0.136,208133,Closed Lost,8/11/2025,2/2/2026,175,Yes,No,Price
O02744,A0710,P001,Healthcare,Middle East,Enterprise,Direct,New Logo,215830,0.178,177412,Closed Lost,7/5/2025,10/13/2025,100,Yes,No,Timing
O02745,A0565,P008,Technology,APAC,Strategic,Partner,New Logo,200737,0.029,194915,Closed Lost,11/6/2024,4/27/2025,172,No,Yes,Competitor selected
O02746,A0660,P005,Healthcare,Middle East,Enterprise,Direct,Renewal,114317,0.119,100713,Closed Won,8/26/2024,2/14/2025,172,No,Yes,Existing relationship
O02747,A0803,P002,Manufacturing,Middle East,Enterprise,Partner,New Logo,211337,0.159,177734,Closed Lost,3/16/2024,8/2/2024,139,Yes,Yes,Limited budget
O02748,A0753,P001,Manufacturing,APAC,Mid-Market,Direct,New Logo,114655,0.045,109495,Closed Lost,3/17/2024,4/11/2024,25,No,No,Timing
O02749,A0926,P007,Financial Services,North America,Mid-Market,Inside Sales,New Logo,64340,0.168,53530,Closed Won,8/22/2023,2/7/2024,169,Yes,No,Superior analytics
O02750,A0101,P004,Financial Services,APAC,Enterprise,Direct,Expansion,179438,0.078,165441,Closed Lost,7/7/2025,10/16/2025,101,Yes,No,Weak product fit
O02751,A0132,P004,Financial Services,North America,Mid-Market,Partner,New Logo,97795,0.083,89678,Closed Won,10/7/2024,11/20/2024,44,No,Yes,Superior analytics
O02752,A0483,P005,Financial Services,APAC,Mid-Market,Inside Sales,Renewal,86911,0.058,81870,Closed Won,9/23/2023,12/14/2023,82,Yes,Yes,Superior analytics
O02753,A0303,P004,Healthcare,APAC,Mid-Market,Inside Sales,Expansion,98335,0.055,92926,Closed Lost,6/13/2025,9/12/2025,91,No,No,Timing
O02754,A0244,P007,Financial Services,Middle East,Enterprise,Direct,Expansion,102111,0.101,91797,Closed Lost,3/31/2025,7/10/2025,101,Yes,No,Limited budget
O02755,A0394,P004,Technology,Europe,Enterprise,Direct,New Logo,163369,0.077,150789,Closed Won,10/21/2024,2/8/2025,110,No,Yes,Bundle value
O02756,A0160,P002,Manufacturing,North America,Mid-Market,Partner,Expansion,173720,0.193,140192,Closed Won,7/4/2025,9/9/2025,67,No,Yes,Bundle value
O02757,A0196,P004,Healthcare,Middle East,Mid-Market,Direct,New Logo,97078,0.117,85719,Closed Lost,4/5/2025,8/6/2025,123,No,No,Limited budget
O02758,A0917,P007,Technology,Europe,Mid-Market,Direct,New Logo,66090,0.073,61265,Closed Won,10/23/2025,2/25/2026,125,No,Yes,Strong product fit
O02759,A0045,P004,Technology,Europe,Strategic,Direct,New Logo,232990,0.098,210156,Closed Lost,5/5/2025,11/16/2025,195,No,Yes,Weak product fit
O02760,A0739,P003,Financial Services,North America,Strategic,Direct,New Logo,225817,0.109,201202,Closed Won,10/19/2024,3/27/2025,159,Yes,No,Superior analytics
O02761,A0319,P004,Manufacturing,North America,Strategic,Partner,Renewal,211944,0.132,183967,Closed Lost,11/6/2024,3/25/2025,139,Yes,No,No executive sponsor
O02762,A0762,P003,Financial Services,North America,Enterprise,Inside Sales,New Logo,204148,0.098,184141,Closed Lost,1/1/2024,5/18/2024,138,No,No,Weak product fit
O02763,A0218,P001,Financial Services,APAC,Enterprise,Direct,New Logo,229959,0.061,215931,Closed Lost,12/30/2025,5/6/2026,127,No,Yes,Limited budget
O02764,A0943,P004,Financial Services,North America,Enterprise,Inside Sales,New Logo,147492,0.084,135102,Closed Won,1/20/2024,5/22/2024,123,Yes,No,Executive alignment
O02765,A0319,P006,Manufacturing,North America,Strategic,Direct,New Logo,250761,0.073,232455,Closed Lost,10/20/2025,4/17/2026,179,Yes,No,No executive sponsor
O02766,A0649,P003,Technology,Europe,Enterprise,Direct,Expansion,197487,0.13,171813,Closed Won,5/23/2024,7/31/2024,69,Yes,Yes,Existing relationship
O02767,A0275,P001,Manufacturing,North America,Strategic,Partner,New Logo,274209,0.109,244320,Open Pipeline,5/23/2026,10/24/2026,154,Yes,Yes,In progress
O02768,A0986,P003,Healthcare,North America,Strategic,Direct,Renewal,277180,0.147,236434,Closed Lost,3/11/2024,8/7/2024,149,Yes,Yes,Weak product fit
O02769,A0721,P002,Financial Services,North America,Enterprise,Direct,Renewal,235973,0.155,199397,Closed Won,1/23/2024,4/6/2024,74,No,No,Strong product fit
O02770,A0659,P005,Manufacturing,APAC,Mid-Market,Direct,New Logo,73590,0.043,70425,Closed Lost,2/25/2025,4/10/2025,44,Yes,Yes,Weak product fit
O02771,A0811,P005,Technology,North America,Mid-Market,Direct,New Logo,75367,0.106,67378,Closed Won,4/27/2025,7/28/2025,92,Yes,No,Strong product fit
O02772,A0389,P001,Healthcare,North America,Strategic,Direct,Expansion,241751,0.123,212015,Open Pipeline,4/28/2026,10/13/2026,168,Yes,Yes,In progress
O02773,A0965,P003,Manufacturing,Europe,Enterprise,Direct,Expansion,208883,0.064,195514,Closed Lost,10/26/2024,2/15/2025,112,No,No,Timing
O02774,A0453,P003,Technology,Middle East,Mid-Market,Direct,New Logo,136328,0.031,132101,Closed Won,9/10/2023,12/22/2023,103,No,Yes,Bundle value
O02775,A0627,P004,Financial Services,North America,Mid-Market,Direct,Expansion,120682,0.139,103907,Closed Lost,1/23/2025,3/19/2025,55,No,No,Price
O02776,A0780,P004,Manufacturing,Middle East,Mid-Market,Inside Sales,New Logo,117656,0.072,109184,Closed Won,7/8/2024,8/11/2024,34,No,Yes,Bundle value
O02777,A0311,P006,Financial Services,APAC,Enterprise,Direct,New Logo,198552,0.111,176512,Closed Lost,7/15/2025,11/15/2025,123,Yes,No,No executive sponsor
O02778,A0417,P003,Manufacturing,North America,Enterprise,Partner,Renewal,193564,0.182,158335,Closed Won,1/13/2024,2/27/2024,45,No,Yes,Bundle value
O02779,A0849,P002,Technology,Europe,Enterprise,Inside Sales,Renewal,199391,0.127,174068,Closed Lost,5/5/2025,8/24/2025,111,No,Yes,Competitor selected
O02780,A0209,P001,Manufacturing,North America,Strategic,Direct,Expansion,259876,0.157,219075,Closed Won,1/9/2024,5/29/2024,141,Yes,No,Strong product fit
O02781,A0144,P002,Financial Services,Europe,Strategic,Direct,New Logo,273666,0.063,256425,Open Pipeline,7/22/2026,11/27/2026,128,Yes,No,In progress
O02782,A0588,P004,Manufacturing,Middle East,Mid-Market,Partner,New Logo,111577,0.159,93836,Closed Lost,10/7/2023,2/10/2024,126,Yes,No,Price
O02783,A0829,P008,Healthcare,Europe,Mid-Market,Direct,Expansion,102805,0.158,86561,Closed Lost,1/9/2026,2/14/2026,36,No,Yes,Weak product fit
O02784,A0169,P007,Financial Services,APAC,Enterprise,Inside Sales,New Logo,122704,0.086,112151,Closed Lost,12/4/2025,3/18/2026,104,Yes,Yes,Competitor selected
O02785,A0595,P007,Manufacturing,North America,Enterprise,Direct,New Logo,90468,0.18,74183,Closed Won,9/2/2024,11/18/2024,77,Yes,No,Strong product fit
O02786,A0347,P004,Healthcare,Europe,Enterprise,Partner,New Logo,158597,0.13,137979,Closed Lost,1/18/2025,5/5/2025,107,Yes,No,Competitor selected
O02787,A0298,P001,Technology,Middle East,Mid-Market,Direct,New Logo,134422,0.081,123533,Closed Lost,10/24/2024,12/26/2024,63,Yes,No,No executive sponsor
O02788,A0506,P003,Technology,North America,Mid-Market,Direct,New Logo,102250,0.081,93967,Closed Lost,9/27/2023,1/6/2024,101,No,No,Weak product fit
O02789,A0860,P006,Healthcare,Europe,Enterprise,Inside Sales,New Logo,180023,0.106,160940,Closed Lost,8/9/2025,11/24/2025,107,No,No,Price
O02790,A0474,P003,Technology,North America,Mid-Market,Partner,Expansion,121620,0.155,102768,Closed Lost,6/19/2024,10/12/2024,115,No,No,Weak product fit
O02791,A0749,P007,Technology,North America,Mid-Market,Direct,Expansion,72314,0.108,64504,Closed Lost,10/22/2025,12/4/2025,43,No,No,Weak product fit
O02792,A0353,P005,Technology,North America,Strategic,Direct,Expansion,146210,0.097,132027,Closed Won,5/19/2025,10/15/2025,149,Yes,No,Strong product fit
O02793,A0669,P008,Technology,APAC,Enterprise,Inside Sales,Expansion,169657,0.087,154896,Closed Lost,9/25/2023,12/31/2023,97,Yes,No,No executive sponsor
O02794,A0875,P006,Financial Services,APAC,Mid-Market,Partner,Expansion,143262,0.224,111171,Closed Lost,12/6/2023,3/12/2024,97,No,No,No executive sponsor
O02795,A0575,P002,Manufacturing,APAC,Enterprise,Direct,New Logo,194742,0.085,178188,Closed Lost,11/24/2023,4/19/2024,147,Yes,Yes,Competitor selected
O02796,A0570,P008,Technology,Europe,Enterprise,Direct,Expansion,137211,0.125,120059,Closed Lost,7/25/2026,11/15/2026,113,No,No,Weak product fit
O02797,A0475,P008,Financial Services,North America,Enterprise,Partner,Expansion,153975,0.144,131802,Closed Lost,8/4/2025,12/3/2025,121,Yes,No,Timing
O02798,A0468,P001,Healthcare,North America,Mid-Market,Partner,New Logo,128166,0.196,103045,Closed Won,12/27/2023,2/15/2024,50,Yes,Yes,Bundle value
O02799,A0709,P005,Technology,APAC,Mid-Market,Direct,Renewal,83088,0.043,79515,Closed Lost,4/10/2026,7/5/2026,86,No,Yes,Weak product fit
O02800,A0310,P003,Manufacturing,APAC,Enterprise,Direct,Renewal,168819,0,168819,Open Pipeline,4/2/2026,10/27/2026,208,Yes,Yes,In progress
O02801,A0940,P007,Financial Services,North America,Enterprise,Direct,Expansion,111767,0.056,105508,Closed Lost,9/26/2025,1/21/2026,117,Yes,Yes,No executive sponsor
O02802,A0723,P002,Manufacturing,APAC,Enterprise,Direct,Renewal,271411,0.086,248069,Closed Lost,2/29/2024,8/14/2024,167,Yes,Yes,Limited budget
O02803,A0535,P008,Manufacturing,Middle East,Mid-Market,Direct,New Logo,87072,0.112,77319,Closed Lost,4/27/2025,6/28/2025,62,Yes,Yes,Price
O02804,A0170,P004,Financial Services,Middle East,Mid-Market,Partner,New Logo,88165,0.096,79701,Closed Lost,4/16/2024,7/13/2024,88,Yes,Yes,No executive sponsor
O02805,A0465,P005,Technology,Europe,Enterprise,Inside Sales,New Logo,104991,0.144,89872,Closed Lost,4/3/2026,7/25/2026,113,No,No,Timing
O02806,A0798,P001,Financial Services,North America,Mid-Market,Direct,Expansion,113896,0.079,104898,Closed Won,9/4/2024,11/21/2024,78,No,Yes,Executive alignment
O02807,A0768,P008,Healthcare,APAC,Enterprise,Partner,New Logo,133782,0.132,116122,Closed Won,11/16/2023,2/10/2024,86,No,Yes,Existing relationship
O02808,A0696,P008,Healthcare,APAC,Mid-Market,Inside Sales,New Logo,102207,0.064,95665,Closed Lost,12/22/2023,4/8/2024,108,Yes,Yes,Price
O02809,A0496,P003,Healthcare,Europe,Mid-Market,Partner,Expansion,127287,0.231,97883,Closed Won,3/17/2026,7/6/2026,111,Yes,Yes,Superior analytics
O02810,A0965,P004,Manufacturing,Europe,Enterprise,Partner,New Logo,184959,0.123,162209,Closed Won,10/19/2024,2/22/2025,126,No,Yes,Executive alignment
O02811,A0705,P004,Financial Services,North America,Enterprise,Partner,New Logo,140696,0.117,124234,Closed Lost,7/6/2026,10/23/2026,109,Yes,Yes,Limited budget
O02812,A0530,P004,Manufacturing,Europe,Enterprise,Direct,Renewal,182888,0.041,175389,Closed Lost,12/26/2025,4/4/2026,99,No,Yes,No executive sponsor
O02813,A0903,P005,Financial Services,Europe,Mid-Market,Direct,New Logo,78670,0.087,71825,Closed Lost,3/14/2026,5/13/2026,60,No,Yes,Limited budget
O02814,A0022,P003,Healthcare,North America,Strategic,Inside Sales,New Logo,225299,0.054,213132,Closed Lost,1/11/2025,6/3/2025,143,Yes,Yes,No executive sponsor
O02815,A0812,P003,Healthcare,Europe,Mid-Market,Direct,New Logo,136683,0.143,117137,Closed Won,2/19/2025,4/2/2025,42,Yes,Yes,Bundle value
O02816,A0022,P004,Healthcare,North America,Strategic,Partner,New Logo,196254,0.076,181338,Closed Won,6/5/2025,11/25/2025,173,Yes,Yes,Strong product fit
O02817,A0275,P002,Manufacturing,North America,Strategic,Direct,New Logo,295785,0.061,277742,Closed Won,10/30/2025,4/19/2026,171,Yes,No,Strong product fit
O02818,A0687,P003,Financial Services,Europe,Mid-Market,Direct,Renewal,110346,0.08,101518,Closed Won,11/1/2024,1/12/2025,72,No,No,Bundle value
O02819,A0581,P008,Manufacturing,North America,Mid-Market,Partner,New Logo,110615,0.182,90483,Closed Lost,2/2/2024,6/6/2024,125,Yes,No,No executive sponsor
O02820,A0326,P003,Financial Services,APAC,Enterprise,Direct,New Logo,161095,0.065,150623,Closed Won,2/1/2024,5/31/2024,120,Yes,Yes,Bundle value
O02821,A0930,P008,Technology,Europe,Enterprise,Direct,New Logo,158778,0.08,146075,Closed Lost,2/9/2025,6/6/2025,117,Yes,Yes,Weak product fit
O02822,A0881,P006,Manufacturing,North America,Mid-Market,Direct,New Logo,151102,0.097,136445,Closed Lost,12/4/2023,1/1/2024,28,No,No,Limited budget
O02823,A0675,P001,Technology,North America,Mid-Market,Direct,New Logo,123938,0.112,110056,Closed Lost,1/5/2025,6/7/2025,153,No,No,Weak product fit
O02824,A0453,P008,Technology,Middle East,Mid-Market,Direct,New Logo,91318,0.001,91226,Closed Lost,2/27/2024,5/7/2024,70,Yes,Yes,Weak product fit
O02825,A0990,P001,Manufacturing,Europe,Strategic,Inside Sales,Expansion,320291,0.16,269044,Closed Won,8/31/2024,1/29/2025,151,No,Yes,Existing relationship
O02826,A0696,P008,Healthcare,APAC,Mid-Market,Direct,Expansion,84287,0,84287,Closed Lost,10/5/2025,12/29/2025,85,No,No,No executive sponsor
O02827,A0411,P003,Healthcare,North America,Strategic,Partner,New Logo,224226,0.134,194179,Closed Won,3/15/2025,6/13/2025,90,No,No,Executive alignment
O02828,A0891,P008,Financial Services,North America,Strategic,Direct,Expansion,223644,0.077,206423,Closed Won,1/3/2025,6/28/2025,176,No,Yes,Existing relationship
O02829,A0654,P006,Healthcare,Europe,Mid-Market,Inside Sales,New Logo,118085,0.028,114778,Closed Lost,7/1/2025,9/7/2025,68,Yes,No,Competitor selected
O02830,A0709,P001,Technology,APAC,Mid-Market,Direct,Expansion,146622,0.086,134012,Open Pipeline,5/21/2026,9/22/2026,124,No,Yes,In progress
O02831,A0830,P003,Financial Services,Europe,Enterprise,Direct,New Logo,212485,0.103,190599,Closed Won,3/28/2025,8/29/2025,154,Yes,Yes,Bundle value
O02832,A0492,P002,Manufacturing,Europe,Enterprise,Direct,New Logo,208189,0.025,202984,Closed Lost,6/5/2025,9/13/2025,100,No,Yes,Price
O02833,A0195,P006,Technology,APAC,Mid-Market,Direct,Expansion,121248,0.2,96998,Closed Lost,2/21/2025,5/27/2025,95,No,No,Price
O02834,A0814,P005,Manufacturing,North America,Mid-Market,Partner,New Logo,78888,0.063,73918,Closed Lost,7/9/2026,8/3/2026,25,Yes,No,Timing
O02835,A0142,P003,Healthcare,North America,Enterprise,Direct,Expansion,166144,0.069,154680,Closed Lost,5/18/2024,10/4/2024,139,No,No,Limited budget
O02836,A0216,P002,Technology,North America,Enterprise,Inside Sales,New Logo,265067,0.086,242271,Closed Lost,11/7/2023,2/23/2024,108,No,No,Limited budget
O02837,A0593,P002,Manufacturing,Middle East,Mid-Market,Direct,New Logo,152619,0.094,138272,Closed Lost,1/28/2025,3/16/2025,47,Yes,No,Competitor selected
O02838,A0601,P002,Technology,APAC,Mid-Market,Direct,New Logo,164988,0.104,147829,Closed Lost,4/21/2024,6/28/2024,68,Yes,Yes,Price
O02839,A0755,P002,Financial Services,APAC,Mid-Market,Direct,Expansion,133975,0.049,127410,Open Pipeline,6/17/2026,9/4/2026,79,Yes,Yes,In progress
O02840,A0487,P003,Technology,Europe,Enterprise,Direct,New Logo,161950,0.022,158387,Closed Lost,5/8/2026,8/10/2026,94,No,No,No executive sponsor
O02841,A0151,P004,Healthcare,APAC,Enterprise,Direct,New Logo,185626,0.052,175973,Closed Lost,1/8/2024,6/1/2024,145,Yes,Yes,Competitor selected
O02842,A0814,P008,Manufacturing,North America,Mid-Market,Partner,New Logo,81203,0.172,67236,Closed Lost,5/16/2024,7/2/2024,47,Yes,No,No executive sponsor
O02843,A0340,P008,Technology,North America,Mid-Market,Direct,New Logo,103168,0.06,96977,Closed Lost,3/28/2025,7/25/2025,119,Yes,Yes,Weak product fit
O02844,A0502,P002,Financial Services,APAC,Enterprise,Direct,New Logo,202768,0.031,196482,Closed Lost,1/10/2026,4/17/2026,97,Yes,Yes,Limited budget
O02845,A0787,P001,Financial Services,North America,Mid-Market,Direct,New Logo,109938,0.204,87510,Closed Lost,6/16/2025,9/7/2025,83,No,Yes,No executive sponsor
O02846,A0483,P004,Financial Services,APAC,Mid-Market,Inside Sales,Expansion,93499,0.077,86299,Closed Lost,4/15/2024,8/9/2024,116,No,Yes,No executive sponsor
O02847,A0763,P001,Technology,Middle East,Enterprise,Direct,Expansion,207730,0.093,188411,Closed Won,10/18/2024,2/26/2025,131,Yes,No,Existing relationship
O02848,A0665,P005,Manufacturing,APAC,Enterprise,Partner,New Logo,121030,0.237,92345,Closed Lost,9/14/2025,1/2/2026,110,Yes,Yes,Weak product fit
O02849,A0857,P003,Healthcare,APAC,Mid-Market,Partner,Expansion,135454,0.213,106602,Closed Lost,4/5/2025,6/17/2025,73,Yes,Yes,Limited budget
O02850,A0572,P007,Financial Services,APAC,Enterprise,Direct,New Logo,100709,0.083,92350,Closed Lost,2/25/2026,5/15/2026,79,Yes,Yes,Timing
O02851,A0196,P008,Healthcare,Middle East,Mid-Market,Direct,New Logo,108096,0.143,92638,Closed Lost,9/27/2025,1/18/2026,113,Yes,Yes,Limited budget
O02852,A0578,P001,Manufacturing,North America,Enterprise,Direct,New Logo,176218,0.238,134278,Closed Lost,1/10/2024,6/10/2024,152,Yes,Yes,No executive sponsor
O02853,A0807,P002,Technology,APAC,Mid-Market,Direct,New Logo,161447,0.118,142396,Closed Lost,9/6/2025,11/14/2025,69,No,No,Timing
O02854,A0325,P007,Technology,APAC,Mid-Market,Inside Sales,New Logo,60791,0,60791,Closed Lost,5/13/2024,8/16/2024,95,Yes,No,Price
O02855,A0742,P002,Financial Services,Europe,Strategic,Direct,New Logo,329767,0.171,273376,Closed Lost,7/28/2024,11/26/2024,121,Yes,Yes,Price
O02856,A0158,P005,Technology,North America,Mid-Market,Direct,New Logo,79277,0.084,72617,Closed Lost,5/2/2026,8/15/2026,105,Yes,No,Weak product fit
O02857,A0764,P005,Financial Services,Europe,Enterprise,Inside Sales,New Logo,118271,0.057,111529,Closed Lost,11/30/2023,3/8/2024,99,No,No,Weak product fit
O02858,A0116,P005,Technology,North America,Strategic,Direct,Expansion,197951,0.031,191814,Closed Lost,3/15/2024,7/31/2024,138,Yes,Yes,Weak product fit
O02859,A0158,P001,Technology,North America,Mid-Market,Partner,New Logo,129716,0.121,114020,Open Pipeline,6/26/2026,9/9/2026,75,Yes,No,In progress
O02860,A0959,P007,Manufacturing,North America,Strategic,Partner,Expansion,131803,0.114,116777,Closed Won,4/4/2025,9/1/2025,150,Yes,No,Superior analytics
O02861,A0373,P003,Technology,APAC,Enterprise,Direct,New Logo,206904,0,206904,Closed Lost,3/4/2026,6/5/2026,93,Yes,No,Price
O02862,A0132,P003,Financial Services,North America,Mid-Market,Partner,Expansion,105639,0.089,96237,Closed Lost,7/8/2025,8/9/2025,32,Yes,Yes,No executive sponsor
O02863,A0798,P006,Financial Services,North America,Mid-Market,Direct,Expansion,142103,0.083,130308,Closed Lost,5/25/2025,7/28/2025,64,Yes,No,Limited budget
O02864,A0153,P004,Financial Services,Europe,Mid-Market,Direct,New Logo,118032,0.131,102569,Closed Lost,9/26/2025,11/12/2025,47,Yes,No,Timing
O02865,A0415,P008,Healthcare,APAC,Enterprise,Inside Sales,New Logo,147747,0.086,135040,Closed Lost,4/23/2025,10/1/2025,161,Yes,No,Limited budget
O02866,A0400,P005,Technology,North America,Enterprise,Direct,New Logo,111409,0.115,98596,Open Pipeline,8/15/2026,1/7/2027,145,No,Yes,In progress
O02867,A0967,P006,Healthcare,North America,Mid-Market,Direct,New Logo,119414,0.174,98635,Closed Lost,10/11/2025,12/7/2025,57,No,No,Weak product fit
O02868,A0230,P006,Financial Services,APAC,Strategic,Inside Sales,New Logo,255181,0.086,233235,Closed Lost,11/19/2025,5/3/2026,165,No,No,Weak product fit
O02869,A0650,P007,Financial Services,Europe,Enterprise,Direct,New Logo,106561,0.129,92814,Closed Won,9/10/2024,12/14/2024,95,Yes,Yes,Existing relationship
O02870,A0235,P006,Manufacturing,Middle East,Mid-Market,Direct,Expansion,119150,0.116,105328,Closed Lost,3/21/2024,4/29/2024,39,No,No,Competitor selected
O02871,A0407,P004,Healthcare,North America,Enterprise,Partner,New Logo,142951,0.122,125510,Closed Lost,1/23/2024,5/17/2024,115,Yes,No,Weak product fit
O02872,A0499,P006,Financial Services,Europe,Strategic,Inside Sales,Expansion,316874,0.078,292157,Closed Lost,7/6/2025,11/6/2025,123,No,No,Limited budget
O02873,A0729,P007,Manufacturing,Europe,Enterprise,Direct,New Logo,114171,0.058,107549,Open Pipeline,7/9/2026,10/4/2026,87,Yes,Yes,In progress
O02874,A0723,P008,Manufacturing,APAC,Enterprise,Partner,Renewal,162953,0.14,140139,Closed Lost,9/20/2024,1/16/2025,118,Yes,Yes,No executive sponsor
O02875,A0474,P001,Technology,North America,Mid-Market,Partner,New Logo,129481,0.181,106044,Closed Lost,11/9/2025,3/18/2026,129,Yes,No,Limited budget
O02876,A0291,P004,Financial Services,Europe,Enterprise,Direct,New Logo,178292,0.048,169733,Closed Lost,7/26/2024,12/16/2024,143,Yes,Yes,Price
O02877,A0953,P006,Manufacturing,North America,Mid-Market,Partner,New Logo,118740,0.203,94635,Closed Lost,10/12/2025,1/15/2026,95,Yes,Yes,Timing
O02878,A0028,P001,Manufacturing,Middle East,Mid-Market,Direct,New Logo,148214,0.147,126426,Closed Lost,6/17/2025,9/4/2025,79,No,Yes,Limited budget
O02879,A0650,P005,Financial Services,Europe,Enterprise,Direct,Expansion,123380,0.082,113262,Closed Lost,10/4/2024,2/10/2025,129,Yes,Yes,Timing
O02880,A0670,P002,Technology,APAC,Strategic,Direct,New Logo,331470,0.074,306941,Closed Lost,2/9/2025,6/1/2025,112,Yes,No,Timing
O02881,A0764,P001,Financial Services,Europe,Enterprise,Direct,Expansion,217554,0.129,189489,Closed Won,11/3/2025,2/2/2026,91,Yes,Yes,Bundle value
O02882,A0956,P002,Financial Services,North America,Strategic,Direct,Expansion,312880,0.118,275960,Closed Lost,8/20/2023,2/5/2024,169,Yes,No,Weak product fit
O02883,A0845,P007,Technology,Europe,Strategic,Partner,New Logo,169697,0.225,131515,Closed Lost,1/26/2025,6/9/2025,134,No,No,Competitor selected
O02884,A0004,P003,Financial Services,APAC,Strategic,Direct,New Logo,221905,0.098,200158,Closed Lost,4/15/2025,9/28/2025,166,No,Yes,Competitor selected
O02885,A0208,P008,Manufacturing,North America,Enterprise,Direct,Expansion,147607,0.098,133141,Closed Won,6/21/2025,1/5/2026,198,Yes,Yes,Strong product fit
O02886,A0296,P003,Technology,APAC,Strategic,Inside Sales,New Logo,275443,0.091,250377,Closed Lost,9/11/2024,2/9/2025,151,No,Yes,Competitor selected
O02887,A0316,P007,Technology,North America,Enterprise,Direct,New Logo,107840,0.1,97056,Closed Lost,9/29/2023,12/28/2023,90,Yes,Yes,Timing
O02888,A0098,P003,Healthcare,North America,Enterprise,Inside Sales,New Logo,175003,0.177,144027,Closed Won,10/12/2024,2/14/2025,125,Yes,Yes,Executive alignment
O02889,A0860,P004,Healthcare,Europe,Enterprise,Direct,New Logo,171188,0.144,146536,Closed Lost,3/3/2026,6/11/2026,100,Yes,No,Timing
O02890,A0625,P008,Healthcare,North America,Strategic,Direct,New Logo,229691,0.102,206262,Closed Lost,9/17/2024,3/1/2025,165,Yes,No,Limited budget
O02891,A0221,P006,Healthcare,North America,Enterprise,Inside Sales,New Logo,223253,0.045,213206,Closed Lost,9/8/2025,2/8/2026,153,No,No,No executive sponsor
O02892,A0607,P006,Technology,APAC,Enterprise,Direct,Expansion,185200,0.204,147419,Closed Lost,5/10/2024,8/5/2024,87,No,Yes,Limited budget
O02893,A0060,P006,Technology,North America,Enterprise,Partner,New Logo,189905,0.151,161229,Closed Won,4/4/2025,8/24/2025,142,No,Yes,Strong product fit
O02894,A0517,P008,Financial Services,APAC,Strategic,Inside Sales,Expansion,173696,0.066,162232,Closed Won,8/23/2023,1/12/2024,142,Yes,Yes,Executive alignment
O02895,A0824,P001,Financial Services,North America,Strategic,Direct,New Logo,237141,0.171,196589,Closed Lost,10/28/2023,3/17/2024,141,No,No,Competitor selected
O02896,A0307,P003,Healthcare,APAC,Strategic,Direct,New Logo,222692,0.07,207103,Closed Lost,7/30/2025,12/15/2025,138,Yes,Yes,Competitor selected
O02897,A0827,P005,Manufacturing,North America,Enterprise,Direct,New Logo,109911,0.058,103536,Closed Lost,3/22/2025,7/26/2025,126,No,No,No executive sponsor
O02898,A0422,P001,Financial Services,Europe,Strategic,Direct,Expansion,276038,0.104,247330,Open Pipeline,3/30/2026,10/22/2026,206,No,Yes,In progress
O02899,A0797,P004,Healthcare,APAC,Enterprise,Partner,New Logo,134381,0.211,106026,Closed Won,7/3/2025,12/18/2025,168,Yes,Yes,Superior analytics
O02900,A0401,P003,Healthcare,APAC,Mid-Market,Direct,New Logo,132236,0.038,127211,Closed Won,3/23/2026,7/24/2026,123,Yes,No,Superior analytics
O02901,A0781,P003,Technology,Middle East,Mid-Market,Partner,New Logo,106701,0.205,84827,Closed Lost,5/7/2024,7/9/2024,63,Yes,No,Timing
O02902,A0878,P001,Technology,Europe,Strategic,Direct,Expansion,317143,0.232,243565,Closed Won,1/13/2024,6/6/2024,145,No,Yes,Bundle value
O02903,A0335,P005,Technology,APAC,Enterprise,Direct,New Logo,102793,0.09,93541,Closed Won,2/10/2024,4/20/2024,70,No,No,Existing relationship
O02904,A0222,P004,Financial Services,Europe,Enterprise,Direct,New Logo,177107,0.121,155677,Closed Lost,11/1/2023,2/18/2024,109,No,Yes,Limited budget
O02905,A0714,P001,Technology,APAC,Strategic,Inside Sales,New Logo,279275,0,279275,Closed Lost,12/10/2023,4/29/2024,141,Yes,No,Timing
O02906,A0360,P003,Financial Services,North America,Enterprise,Direct,New Logo,199380,0.132,173061,Closed Lost,3/28/2026,6/17/2026,81,Yes,No,Limited budget
O02907,A0506,P006,Technology,North America,Mid-Market,Partner,New Logo,135508,0.178,111387,Closed Won,10/6/2023,1/11/2024,97,Yes,No,Strong product fit
O02908,A0782,P003,Healthcare,Middle East,Enterprise,Inside Sales,New Logo,163376,0.088,148998,Closed Lost,2/20/2024,6/4/2024,105,No,No,Limited budget
O02909,A0078,P005,Healthcare,APAC,Strategic,Partner,Expansion,166615,0.079,153452,Closed Won,8/25/2024,1/20/2025,148,Yes,No,Existing relationship
O02910,A0052,P005,Technology,APAC,Enterprise,Direct,New Logo,103806,0.101,93321,Closed Won,1/3/2025,3/11/2025,67,Yes,No,Superior analytics
O02911,A0205,P005,Manufacturing,Europe,Enterprise,Direct,Renewal,130795,0.102,117453,Open Pipeline,5/5/2026,10/10/2026,158,Yes,No,In progress
O02912,A0147,P008,Manufacturing,Middle East,Mid-Market,Partner,New Logo,110374,0.158,92934,Closed Lost,1/18/2026,5/3/2026,105,No,Yes,Weak product fit
O02913,A0584,P008,Healthcare,APAC,Mid-Market,Partner,Renewal,110979,0.106,99215,Closed Lost,11/10/2024,12/31/2024,51,No,No,No executive sponsor
O02914,A0793,P005,Technology,Middle East,Strategic,Partner,Expansion,167245,0.139,143997,Closed Won,5/5/2024,11/5/2024,184,Yes,Yes,Existing relationship
O02915,A0406,P002,Financial Services,Europe,Enterprise,Partner,New Logo,200470,0.14,172404,Closed Lost,3/10/2024,7/28/2024,140,Yes,Yes,Weak product fit
O02916,A0126,P007,Manufacturing,APAC,Strategic,Direct,New Logo,124711,0.096,112738,Closed Lost,10/8/2025,3/16/2026,159,Yes,No,Price
O02917,A0844,P002,Manufacturing,North America,Mid-Market,Partner,New Logo,158296,0.12,139300,Closed Won,9/4/2024,12/19/2024,106,Yes,Yes,Executive alignment
O02918,A0797,P002,Healthcare,APAC,Enterprise,Direct,New Logo,219269,0.008,217514,Closed Lost,11/23/2025,1/15/2026,53,Yes,Yes,Timing
O02919,A0753,P002,Manufacturing,APAC,Mid-Market,Partner,New Logo,133856,0.14,115116,Closed Lost,4/20/2025,7/5/2025,76,No,Yes,Limited budget
O02920,A0801,P004,Financial Services,North America,Strategic,Partner,Expansion,203152,0.206,161302,Closed Lost,5/4/2024,9/13/2024,132,Yes,No,Weak product fit
O02921,A0628,P001,Manufacturing,APAC,Enterprise,Partner,Renewal,224793,0.18,184330,Closed Won,6/14/2025,9/17/2025,95,Yes,No,Executive alignment
O02922,A0662,P005,Healthcare,North America,Enterprise,Partner,New Logo,137914,0.249,103573,Closed Won,11/6/2025,3/14/2026,128,Yes,Yes,Bundle value
O02923,A0507,P004,Technology,Europe,Enterprise,Inside Sales,New Logo,163103,0.085,149239,Closed Won,8/5/2025,12/24/2025,141,Yes,Yes,Superior analytics
O02924,A0004,P008,Financial Services,APAC,Strategic,Direct,Renewal,173639,0.133,150545,Closed Lost,9/18/2024,2/14/2025,149,Yes,No,Limited budget
O02925,A0261,P008,Technology,North America,Enterprise,Direct,New Logo,133721,0.033,129308,Closed Won,3/31/2024,6/20/2024,81,Yes,Yes,Existing relationship
O02926,A0927,P004,Healthcare,Europe,Strategic,Direct,New Logo,186590,0.108,166438,Closed Lost,3/18/2025,8/11/2025,146,No,No,No executive sponsor
O02927,A0906,P006,Technology,Europe,Mid-Market,Direct,New Logo,139122,0.171,115332,Open Pipeline,7/15/2026,9/26/2026,73,Yes,Yes,In progress
O02928,A0056,P007,Financial Services,APAC,Enterprise,Direct,New Logo,113427,0.092,102991,Closed Lost,1/24/2026,5/29/2026,125,Yes,No,Price
O02929,A0730,P001,Healthcare,APAC,Enterprise,Direct,New Logo,216827,0.125,189723,Closed Won,11/27/2025,2/26/2026,91,No,Yes,Existing relationship
O02930,A0303,P004,Healthcare,APAC,Mid-Market,Direct,New Logo,112099,0.156,94611,Closed Won,5/19/2026,9/12/2026,116,Yes,Yes,Superior analytics
O02931,A0245,P006,Healthcare,APAC,Enterprise,Direct,Renewal,251667,0.05,239083,Closed Lost,10/24/2024,2/1/2025,100,Yes,No,No executive sponsor
O02932,A0666,P004,Manufacturing,APAC,Enterprise,Inside Sales,New Logo,143208,0.118,126309,Closed Lost,7/24/2024,11/30/2024,129,No,Yes,No executive sponsor
O02933,A0406,P001,Financial Services,Europe,Enterprise,Inside Sales,New Logo,197682,0.118,174355,Closed Lost,9/17/2024,1/12/2025,117,Yes,No,No executive sponsor
O02934,A0730,P008,Healthcare,APAC,Enterprise,Direct,New Logo,132102,0.135,114268,Closed Lost,7/6/2025,11/10/2025,127,No,Yes,Price
O02935,A0650,P003,Financial Services,Europe,Enterprise,Inside Sales,Renewal,163179,0.045,155835,Closed Lost,11/1/2024,2/11/2025,102,No,No,Weak product fit
O02936,A0309,P006,Technology,North America,Strategic,Direct,New Logo,290739,0.12,255850,Closed Won,10/23/2024,3/17/2025,145,Yes,Yes,Existing relationship
O02937,A0656,P004,Healthcare,Europe,Enterprise,Partner,Renewal,166891,0.117,147364,Closed Lost,11/30/2025,4/18/2026,139,No,Yes,Competitor selected
O02938,A0873,P002,Technology,Europe,Mid-Market,Direct,New Logo,160772,0.007,159646,Closed Won,11/12/2024,1/15/2025,64,No,Yes,Existing relationship
O02939,A0596,P005,Financial Services,North America,Enterprise,Partner,New Logo,117510,0.154,99413,Closed Lost,7/4/2024,10/14/2024,102,Yes,Yes,Timing
O02940,A0812,P001,Healthcare,Europe,Mid-Market,Direct,New Logo,142099,0.132,123341,Closed Lost,2/3/2024,5/12/2024,99,Yes,No,Competitor selected
O02941,A0683,P002,Manufacturing,Middle East,Enterprise,Direct,New Logo,222249,0.057,209580,Closed Won,1/11/2024,7/5/2024,176,Yes,Yes,Strong product fit
O02942,A0951,P007,Financial Services,Europe,Enterprise,Partner,Expansion,103657,0.077,95675,Closed Won,5/4/2026,8/5/2026,93,No,Yes,Strong product fit
O02943,A0267,P006,Financial Services,North America,Enterprise,Direct,Expansion,202980,0.165,169488,Closed Lost,12/13/2025,4/26/2026,134,No,Yes,Timing
O02944,A0159,P004,Manufacturing,Europe,Strategic,Direct,New Logo,228081,0.027,221922,Closed Lost,12/5/2023,2/18/2024,75,Yes,No,No executive sponsor
O02945,A0782,P007,Healthcare,Middle East,Enterprise,Direct,New Logo,114993,0.166,95904,Closed Won,2/7/2024,6/20/2024,134,Yes,Yes,Bundle value
O02946,A0864,P007,Healthcare,North America,Enterprise,Partner,Renewal,90834,0.158,76482,Closed Lost,10/12/2024,1/17/2025,97,Yes,No,Timing
O02947,A0772,P006,Manufacturing,Middle East,Enterprise,Direct,Renewal,184926,0.071,171796,Closed Lost,7/11/2024,10/6/2024,87,Yes,No,No executive sponsor
O02948,A0271,P005,Technology,North America,Strategic,Direct,New Logo,166671,0.102,149670,Closed Lost,2/22/2026,6/20/2026,118,Yes,No,Competitor selected
O02949,A0258,P002,Manufacturing,Europe,Strategic,Inside Sales,New Logo,351822,0.122,308899,Closed Won,6/8/2024,10/3/2024,117,No,No,Bundle value
O02950,A0570,P008,Technology,Europe,Enterprise,Partner,New Logo,165061,0.157,139146,Closed Lost,2/19/2025,6/19/2025,120,No,No,No executive sponsor
O02951,A0617,P006,Technology,APAC,Mid-Market,Direct,New Logo,122802,0.019,120468,Closed Won,4/24/2024,8/19/2024,117,Yes,Yes,Strong product fit
O02952,A0855,P003,Healthcare,Middle East,Enterprise,Inside Sales,New Logo,208162,0,208162,Open Pipeline,7/27/2026,10/24/2026,89,No,Yes,In progress
O02953,A0762,P004,Financial Services,North America,Enterprise,Inside Sales,Expansion,135139,0.092,122706,Closed Lost,7/27/2025,10/26/2025,91,Yes,No,Competitor selected
O02954,A0412,P001,Manufacturing,North America,Enterprise,Direct,New Logo,210658,0.027,204970,Closed Lost,4/22/2024,10/13/2024,174,No,No,Limited budget
O02955,A0923,P003,Manufacturing,APAC,Strategic,Partner,New Logo,258331,0.124,226297,Closed Lost,11/16/2025,4/18/2026,153,Yes,No,No executive sponsor
O02956,A0793,P003,Technology,Middle East,Strategic,Direct,New Logo,234517,0.061,220211,Closed Won,8/24/2025,2/4/2026,164,Yes,No,Bundle value
O02957,A0163,P004,Healthcare,APAC,Mid-Market,Partner,New Logo,119952,0.135,103758,Closed Lost,8/26/2025,10/12/2025,47,No,No,Competitor selected
O02958,A0990,P005,Manufacturing,Europe,Strategic,Direct,Expansion,142267,0.109,126759,Closed Lost,1/22/2024,7/2/2024,162,No,No,Price
O02959,A0723,P007,Manufacturing,APAC,Enterprise,Direct,New Logo,121817,0.118,107442,Closed Won,6/14/2024,9/16/2024,94,Yes,Yes,Bundle value
O02960,A0815,P008,Healthcare,North America,Mid-Market,Inside Sales,New Logo,97090,0.026,94565,Closed Lost,12/16/2023,2/25/2024,71,Yes,Yes,Limited budget
O02961,A0988,P001,Financial Services,North America,Mid-Market,Direct,New Logo,133995,0.094,121399,Closed Lost,12/5/2023,2/2/2024,59,Yes,No,No executive sponsor
O02962,A0361,P007,Healthcare,North America,Mid-Market,Direct,New Logo,67103,0.173,55494,Closed Won,11/18/2023,3/16/2024,119,No,No,Strong product fit
O02963,A0315,P008,Technology,APAC,Enterprise,Direct,Expansion,171497,0.044,163951,Closed Won,7/8/2025,11/12/2025,127,No,No,Superior analytics
O02964,A0750,P001,Financial Services,North America,Mid-Market,Partner,Expansion,112023,0.049,106533,Closed Lost,1/8/2025,4/12/2025,94,Yes,Yes,Competitor selected
O02965,A0136,P004,Financial Services,North America,Strategic,Direct,Expansion,219292,0.098,197801,Closed Lost,11/1/2025,2/27/2026,118,Yes,No,Weak product fit
O02966,A0022,P008,Healthcare,North America,Strategic,Partner,New Logo,196069,0.136,169403,Closed Lost,3/25/2025,10/11/2025,200,Yes,Yes,No executive sponsor
O02967,A0395,P004,Technology,Middle East,Strategic,Partner,Expansion,195757,0.234,149949,Closed Won,10/28/2025,4/11/2026,165,No,Yes,Executive alignment
O02968,A0928,P005,Healthcare,North America,Enterprise,Direct,Renewal,124711,0.131,108373,Closed Won,8/28/2024,1/7/2025,132,No,No,Bundle value
O02969,A0457,P004,Technology,Middle East,Mid-Market,Direct,New Logo,102167,0,102167,Closed Lost,6/5/2026,8/12/2026,68,No,No,No executive sponsor
O02970,A0507,P008,Technology,Europe,Enterprise,Direct,New Logo,130552,0.098,117757,Closed Won,7/30/2025,11/11/2025,104,Yes,Yes,Superior analytics
O02971,A0015,P005,Financial Services,Europe,Mid-Market,Partner,Expansion,66780,0.091,60703,Closed Won,6/7/2025,10/11/2025,126,No,Yes,Executive alignment
O02972,A0948,P002,Technology,Europe,Mid-Market,Direct,New Logo,163467,0.072,151697,Closed Won,11/24/2024,1/13/2025,50,No,No,Superior analytics
O02973,A0575,P004,Manufacturing,APAC,Enterprise,Direct,Expansion,163917,0.118,144574,Closed Lost,2/15/2024,6/9/2024,115,No,No,No executive sponsor
O02974,A0786,P004,Healthcare,North America,Enterprise,Direct,Expansion,155803,0.144,133367,Closed Lost,11/25/2025,5/2/2026,158,No,No,Limited budget
O02975,A0090,P006,Financial Services,Europe,Enterprise,Direct,New Logo,200272,0.108,178642,Closed Lost,3/27/2024,6/6/2024,71,No,No,Weak product fit
O02976,A0189,P003,Healthcare,Europe,Mid-Market,Partner,Expansion,112038,0.187,91086,Closed Won,12/15/2024,4/12/2025,118,No,No,Strong product fit
O02977,A0043,P002,Financial Services,Middle East,Mid-Market,Partner,Expansion,172209,0.158,144999,Closed Lost,11/7/2023,3/4/2024,118,Yes,Yes,Timing
O02978,A0670,P008,Technology,APAC,Strategic,Direct,New Logo,226070,0.109,201428,Closed Lost,4/25/2025,10/24/2025,182,Yes,Yes,Timing
O02979,A0315,P005,Technology,APAC,Enterprise,Direct,New Logo,132500,0.141,113817,Closed Won,1/13/2025,5/21/2025,128,Yes,Yes,Existing relationship
O02980,A0487,P008,Technology,Europe,Enterprise,Direct,New Logo,154700,0.165,129174,Closed Lost,11/16/2023,4/1/2024,137,Yes,No,Price
O02981,A0011,P005,Technology,North America,Enterprise,Direct,Expansion,110952,0.056,104738,Closed Lost,12/23/2024,4/14/2025,112,Yes,Yes,Timing
O02982,A0871,P005,Financial Services,North America,Mid-Market,Partner,New Logo,66958,0.196,53834,Closed Lost,6/10/2024,8/13/2024,64,Yes,Yes,Competitor selected
O02983,A0289,P002,Manufacturing,Europe,Enterprise,Direct,Expansion,235645,0.056,222448,Closed Lost,4/5/2026,8/7/2026,124,Yes,No,No executive sponsor
O02984,A0547,P008,Technology,Middle East,Mid-Market,Partner,New Logo,99730,0.14,85767,Closed Lost,9/5/2024,10/26/2024,51,Yes,No,Price
O02985,A0972,P002,Manufacturing,APAC,Mid-Market,Direct,New Logo,155424,0.141,133509,Closed Lost,5/13/2025,9/14/2025,124,Yes,Yes,Price
O02986,A0491,P007,Technology,Europe,Strategic,Direct,Renewal,165626,0.073,153535,Closed Lost,7/14/2024,12/25/2024,164,No,Yes,Competitor selected
O02987,A0624,P007,Financial Services,Europe,Enterprise,Direct,New Logo,88756,0.074,82188,Closed Lost,10/9/2023,2/11/2024,125,Yes,No,No executive sponsor
O02988,A0090,P008,Financial Services,Europe,Enterprise,Direct,New Logo,125045,0.097,112915,Closed Lost,9/18/2023,1/24/2024,128,Yes,Yes,Limited budget
O02989,A0340,P003,Technology,North America,Mid-Market,Partner,New Logo,107591,0.19,87148,Closed Lost,10/19/2025,1/9/2026,82,No,Yes,Timing
O02990,A0700,P002,Technology,North America,Enterprise,Direct,New Logo,258298,0.191,208963,Closed Lost,12/20/2023,4/23/2024,125,Yes,Yes,Price
O02991,A0448,P003,Financial Services,North America,Strategic,Partner,New Logo,214991,0.179,176507,Closed Won,4/5/2026,8/28/2026,145,Yes,No,Strong product fit
O02992,A0172,P007,Manufacturing,Middle East,Enterprise,Direct,New Logo,97252,0.159,81788,Closed Lost,11/1/2023,2/21/2024,112,No,Yes,No executive sponsor
O02993,A0771,P003,Healthcare,Europe,Enterprise,Direct,New Logo,169875,0.044,162400,Closed Won,5/10/2025,9/22/2025,135,Yes,No,Executive alignment
O02994,A0223,P001,Technology,North America,Mid-Market,Direct,Expansion,117516,0.104,105294,Closed Won,7/14/2025,9/20/2025,68,Yes,No,Strong product fit
O02995,A0370,P001,Financial Services,Europe,Enterprise,Partner,Renewal,217877,0.076,201318,Closed Won,3/7/2025,5/1/2025,55,Yes,Yes,Strong product fit
O02996,A0834,P004,Manufacturing,APAC,Mid-Market,Direct,Expansion,105863,0.177,87125,Open Pipeline,8/10/2026,9/15/2026,36,No,Yes,In progress
O02997,A0141,P001,Healthcare,North America,Enterprise,Partner,Expansion,211111,0.164,176488,Open Pipeline,8/12/2026,12/24/2026,134,No,No,In progress
O02998,A0379,P002,Financial Services,Europe,Enterprise,Partner,Expansion,198814,0.063,186288,Closed Lost,10/27/2024,4/7/2025,162,Yes,Yes,Price
O02999,A0262,P007,Manufacturing,Europe,Enterprise,Partner,New Logo,103492,0.149,88071,Closed Won,4/8/2024,7/25/2024,108,No,No,Executive alignment
O03000,A0461,P008,Financial Services,Europe,Enterprise,Partner,New Logo,125520,0.091,114097,Closed Lost,1/21/2024,5/28/2024,128,No,No,Limited budget
O03001,A0825,P004,Healthcare,Europe,Mid-Market,Direct,New Logo,94145,0.04,90379,Closed Lost,5/13/2025,8/24/2025,103,No,No,Competitor selected
O03002,A0207,P002,Technology,North America,Mid-Market,Inside Sales,Renewal,144276,0.077,133166,Open Pipeline,5/28/2026,8/31/2026,95,No,No,In progress
O03003,A0024,P001,Manufacturing,Europe,Enterprise,Direct,Expansion,223521,0.159,187981,Closed Won,10/26/2023,3/14/2024,140,Yes,Yes,Executive alignment
O03004,A0190,P003,Manufacturing,Europe,Mid-Market,Inside Sales,New Logo,137827,0.069,128316,Closed Lost,4/14/2026,7/25/2026,102,Yes,No,Timing
O03005,A0938,P004,Manufacturing,North America,Enterprise,Partner,New Logo,156887,0.191,126921,Closed Lost,7/29/2025,12/24/2025,148,Yes,No,Weak product fit
O03006,A0727,P005,Healthcare,North America,Mid-Market,Inside Sales,New Logo,78072,0.104,69952,Closed Lost,1/15/2024,3/18/2024,63,No,Yes,Limited budget
O03007,A0627,P004,Financial Services,North America,Mid-Market,Direct,Renewal,99306,0.112,88183,Closed Won,6/23/2024,10/9/2024,108,No,Yes,Existing relationship
O03008,A0889,P004,Financial Services,Middle East,Strategic,Partner,New Logo,228047,0.162,191103,Closed Lost,12/5/2024,5/25/2025,171,No,No,Weak product fit
O03009,A0482,P005,Healthcare,Middle East,Enterprise,Inside Sales,Expansion,127203,0.153,107740,Closed Won,4/7/2025,8/8/2025,123,Yes,No,Executive alignment
O03010,A0052,P002,Technology,APAC,Enterprise,Direct,New Logo,222444,0.131,193303,Closed Lost,9/4/2023,12/30/2023,117,No,No,Price
O03011,A0873,P007,Technology,Europe,Mid-Market,Partner,Expansion,64289,0.203,51238,Closed Lost,11/2/2024,1/20/2025,79,Yes,Yes,Limited budget
O03012,A0996,P006,Manufacturing,North America,Mid-Market,Inside Sales,New Logo,141503,0.088,129050,Closed Won,8/15/2025,12/8/2025,115,Yes,Yes,Superior analytics
O03013,A0669,P002,Technology,APAC,Enterprise,Partner,Expansion,255589,0.103,229263,Closed Won,6/19/2025,9/27/2025,100,No,No,Superior analytics
O03014,A0229,P006,Technology,Middle East,Mid-Market,Direct,New Logo,152377,0.169,126625,Closed Lost,7/22/2025,9/29/2025,69,No,No,Limited budget
O03015,A0182,P001,Healthcare,North America,Mid-Market,Direct,Renewal,140267,0.102,125959,Closed Won,10/21/2024,1/26/2025,97,Yes,Yes,Strong product fit
O03016,A0489,P005,Technology,Middle East,Enterprise,Direct,New Logo,124252,0.149,105738,Closed Lost,10/17/2023,2/23/2024,129,Yes,Yes,Price
O03017,A0030,P002,Manufacturing,Middle East,Enterprise,Direct,New Logo,218640,0.142,187593,Open Pipeline,6/17/2026,9/25/2026,100,No,Yes,In progress
O03018,A0529,P003,Technology,North America,Mid-Market,Inside Sales,New Logo,121347,0.15,103144,Closed Won,4/16/2026,7/11/2026,86,No,Yes,Executive alignment
O03019,A0740,P004,Technology,APAC,Mid-Market,Direct,New Logo,100808,0.123,88408,Closed Lost,6/10/2024,8/26/2024,77,Yes,Yes,No executive sponsor
O03020,A0254,P008,Financial Services,Europe,Enterprise,Direct,New Logo,143869,0.185,117253,Closed Lost,12/18/2023,5/6/2024,140,Yes,No,Price
O03021,A0876,P006,Manufacturing,Europe,Mid-Market,Inside Sales,New Logo,128050,0.07,119086,Closed Lost,3/25/2026,7/26/2026,123,Yes,No,Timing
O03022,A0634,P007,Healthcare,APAC,Strategic,Direct,New Logo,134043,0.157,112998,Closed Lost,12/15/2025,4/20/2026,126,No,Yes,Timing
O03023,A0786,P008,Healthcare,North America,Enterprise,Direct,New Logo,169336,0.16,142242,Closed Lost,3/11/2025,6/20/2025,101,No,No,Price
O03024,A0500,P007,Healthcare,Europe,Enterprise,Partner,New Logo,115010,0.154,97298,Closed Lost,9/12/2024,2/7/2025,148,Yes,No,Timing
O03025,A0101,P005,Financial Services,APAC,Enterprise,Partner,New Logo,142040,0.219,110933,Closed Lost,11/4/2025,2/28/2026,116,Yes,No,Weak product fit
O03026,A0946,P007,Financial Services,Middle East,Enterprise,Direct,New Logo,123026,0.125,107647,Closed Won,11/6/2024,3/7/2025,121,Yes,Yes,Strong product fit
O03027,A0406,P007,Financial Services,Europe,Enterprise,Direct,New Logo,96085,0.229,74081,Open Pipeline,5/20/2026,9/22/2026,125,Yes,No,In progress
O03028,A0468,P005,Healthcare,North America,Mid-Market,Partner,New Logo,89968,0.103,80701,Closed Won,8/27/2023,10/8/2023,42,No,No,Superior analytics
O03029,A0825,P004,Healthcare,Europe,Mid-Market,Inside Sales,New Logo,90012,0.157,75880,Closed Lost,9/3/2025,12/1/2025,89,Yes,Yes,Timing
O03030,A0852,P007,Manufacturing,North America,Strategic,Direct,Expansion,167498,0.007,166325,Open Pipeline,3/7/2026,9/15/2026,192,No,Yes,In progress
O03031,A0067,P002,Financial Services,APAC,Mid-Market,Partner,New Logo,148493,0.183,121318,Closed Won,12/11/2025,2/12/2026,63,No,Yes,Existing relationship
O03032,A0831,P002,Manufacturing,North America,Mid-Market,Direct,New Logo,170836,0.167,142306,Closed Lost,4/22/2025,7/7/2025,76,No,Yes,Weak product fit
O03033,A0804,P008,Healthcare,APAC,Enterprise,Direct,New Logo,153303,0.084,140425,Closed Lost,3/14/2024,7/1/2024,109,No,Yes,Price
O03034,A0040,P008,Financial Services,APAC,Mid-Market,Partner,New Logo,98700,0.15,83895,Open Pipeline,8/10/2026,11/15/2026,97,No,Yes,In progress
O03035,A0210,P006,Manufacturing,North America,Enterprise,Direct,New Logo,234575,0.141,201499,Closed Lost,12/24/2025,4/21/2026,118,No,Yes,Weak product fit
O03036,A0539,P008,Technology,APAC,Enterprise,Direct,New Logo,164586,0.191,133150,Closed Won,2/1/2026,6/5/2026,124,No,Yes,Superior analytics
O03037,A0536,P006,Financial Services,North America,Enterprise,Direct,New Logo,235250,0.12,207020,Closed Lost,8/24/2023,1/10/2024,139,No,No,Limited budget
O03038,A0795,P002,Financial Services,APAC,Mid-Market,Inside Sales,Expansion,156311,0.001,156154,Closed Lost,10/22/2025,2/15/2026,116,Yes,Yes,Timing
O03039,A0584,P007,Healthcare,APAC,Mid-Market,Direct,Expansion,67067,0.2,53653,Closed Lost,10/12/2025,1/6/2026,86,Yes,No,Competitor selected
O03040,A0132,P008,Financial Services,North America,Mid-Market,Partner,New Logo,80624,0.166,67240,Closed Won,12/20/2024,3/5/2025,75,No,Yes,Bundle value
O03041,A0237,P001,Healthcare,North America,Mid-Market,Direct,Expansion,112879,0.128,98430,Closed Lost,3/7/2024,6/18/2024,103,No,No,Price
O03042,A0510,P008,Financial Services,Europe,Strategic,Direct,Renewal,184469,0.049,175430,Open Pipeline,6/14/2026,11/5/2026,144,Yes,Yes,In progress
O03043,A0042,P003,Financial Services,Europe,Enterprise,Direct,Expansion,193846,0.193,156433,Closed Won,8/27/2023,2/4/2024,161,Yes,Yes,Superior analytics
O03044,A0334,P002,Technology,Middle East,Enterprise,Direct,New Logo,224803,0.065,210190,Closed Won,4/14/2026,7/29/2026,106,No,No,Strong product fit
O03045,A0558,P004,Technology,North America,Enterprise,Inside Sales,Expansion,161723,0.049,153798,Closed Won,9/26/2024,1/19/2025,115,Yes,No,Superior analytics
O03046,A0912,P002,Healthcare,North America,Strategic,Direct,Expansion,375297,0.132,325757,Closed Lost,3/9/2026,7/17/2026,130,Yes,Yes,Weak product fit
O03047,A0567,P005,Manufacturing,Middle East,Enterprise,Inside Sales,New Logo,114366,0.012,112993,Closed Lost,12/11/2023,3/15/2024,95,Yes,Yes,Limited budget
O03048,A0275,P007,Manufacturing,North America,Strategic,Direct,New Logo,166120,0.048,158146,Closed Lost,6/20/2025,11/30/2025,163,Yes,No,No executive sponsor
O03049,A0440,P007,Manufacturing,Europe,Enterprise,Direct,New Logo,90053,0.116,79606,Closed Lost,11/17/2023,1/9/2024,53,Yes,Yes,No executive sponsor
O03050,A0048,P001,Healthcare,Europe,Strategic,Inside Sales,Expansion,270143,0.089,246100,Closed Won,8/20/2024,1/20/2025,153,No,Yes,Strong product fit
O03051,A0352,P006,Financial Services,Europe,Strategic,Direct,Renewal,348111,0.163,291368,Closed Lost,8/24/2024,2/15/2025,175,No,Yes,Price
O03052,A0152,P001,Manufacturing,North America,Mid-Market,Partner,New Logo,110615,0.323,74886,Closed Lost,7/31/2024,8/25/2024,25,Yes,No,Competitor selected
O03053,A0164,P006,Manufacturing,Middle East,Mid-Market,Direct,New Logo,136177,0.16,114388,Closed Won,5/22/2025,9/21/2025,122,No,No,Bundle value
O03054,A0671,P003,Healthcare,Europe,Mid-Market,Partner,Expansion,104344,0.252,78049,Closed Won,12/1/2025,4/1/2026,121,No,No,Executive alignment
O03055,A0294,P004,Manufacturing,North America,Mid-Market,Partner,Expansion,119709,0.184,97682,Closed Won,9/9/2023,11/7/2023,59,No,Yes,Bundle value
O03056,A0833,P001,Healthcare,APAC,Strategic,Direct,New Logo,303981,0.063,284830,Closed Won,12/15/2025,4/4/2026,110,Yes,Yes,Executive alignment
O03057,A0507,P002,Technology,Europe,Enterprise,Direct,New Logo,269001,0.162,225422,Closed Lost,3/21/2024,7/19/2024,120,No,No,Competitor selected
O03058,A0552,P001,Manufacturing,North America,Strategic,Partner,New Logo,303942,0.144,260174,Closed Lost,9/10/2024,1/24/2025,136,Yes,No,Limited budget
O03059,A0341,P002,Healthcare,North America,Enterprise,Direct,Expansion,271356,0.044,259416,Open Pipeline,6/23/2026,10/1/2026,100,No,No,In progress
O03060,A0583,P008,Healthcare,North America,Enterprise,Direct,New Logo,170100,0.225,131827,Open Pipeline,5/26/2026,10/8/2026,135,Yes,No,In progress
O03061,A0669,P007,Technology,APAC,Enterprise,Direct,New Logo,91996,0.091,83624,Closed Won,5/20/2025,9/1/2025,104,Yes,Yes,Bundle value
O03062,A0397,P006,Financial Services,Europe,Mid-Market,Direct,New Logo,141053,0.207,111855,Closed Won,9/26/2025,1/14/2026,110,No,Yes,Executive alignment
O03063,A0066,P005,Healthcare,North America,Mid-Market,Direct,Renewal,71364,0.07,66368,Closed Lost,2/1/2026,4/3/2026,61,No,Yes,Price
O03064,A0342,P007,Manufacturing,North America,Enterprise,Direct,New Logo,113398,0.119,99903,Closed Lost,1/10/2024,4/15/2024,96,Yes,No,Limited budget
O03065,A0830,P007,Financial Services,Europe,Enterprise,Direct,New Logo,88613,0.114,78511,Closed Lost,4/9/2024,7/23/2024,105,Yes,Yes,Price
O03066,A0877,P008,Healthcare,Europe,Enterprise,Direct,Renewal,148954,0.113,132122,Closed Lost,7/4/2024,10/3/2024,91,Yes,Yes,Timing
O03067,A0394,P004,Technology,Europe,Enterprise,Inside Sales,New Logo,183990,0.028,178838,Closed Lost,8/31/2023,2/12/2024,165,No,No,Weak product fit
O03068,A0135,P003,Financial Services,Europe,Mid-Market,Direct,New Logo,116958,0.174,96607,Open Pipeline,6/17/2026,9/16/2026,91,Yes,Yes,In progress
O03069,A0222,P007,Financial Services,Europe,Enterprise,Direct,New Logo,93951,0.112,83428,Closed Lost,9/21/2023,12/3/2023,73,Yes,Yes,Price
O03070,A0630,P008,Financial Services,North America,Strategic,Direct,Expansion,223202,0.1,200881,Closed Won,6/13/2024,10/14/2024,123,Yes,No,Strong product fit
O03071,A0485,P007,Healthcare,North America,Enterprise,Direct,Expansion,102263,0.095,92548,Closed Lost,9/24/2024,3/4/2025,161,No,No,No executive sponsor
O03072,A0098,P003,Healthcare,North America,Enterprise,Inside Sales,Expansion,209468,0,209468,Open Pipeline,8/9/2026,1/21/2027,165,No,Yes,In progress
O03073,A0037,P006,Financial Services,North America,Enterprise,Direct,Renewal,213796,0.157,180230,Closed Won,10/27/2024,4/11/2025,166,No,Yes,Executive alignment
O03074,A0217,P005,Technology,APAC,Enterprise,Direct,New Logo,123283,0.189,99982,Closed Won,1/15/2024,7/2/2024,169,No,Yes,Strong product fit
O03075,A0565,P006,Technology,APAC,Strategic,Direct,New Logo,285014,0.18,233711,Closed Won,8/24/2024,1/20/2025,149,No,Yes,Bundle value
O03076,A0907,P006,Technology,APAC,Enterprise,Inside Sales,New Logo,207534,0,207534,Closed Won,7/8/2026,12/15/2026,160,Yes,Yes,Superior analytics
O03077,A0528,P005,Financial Services,APAC,Enterprise,Direct,New Logo,132411,0.014,130557,Closed Lost,5/4/2025,9/2/2025,121,Yes,No,Price
O03078,A0354,P003,Manufacturing,Middle East,Mid-Market,Direct,New Logo,98211,0.101,88291,Closed Won,3/22/2024,7/16/2024,116,No,Yes,Bundle value
O03079,A0979,P002,Technology,North America,Enterprise,Direct,Expansion,256087,0.14,220234,Closed Won,6/25/2025,10/20/2025,117,Yes,Yes,Superior analytics
O03080,A0593,P003,Manufacturing,Middle East,Mid-Market,Partner,New Logo,116320,0.203,92707,Closed Won,8/12/2025,11/2/2025,82,No,No,Strong product fit
O03081,A0944,P004,Financial Services,Europe,Enterprise,Direct,New Logo,175884,0.052,166738,Closed Won,6/1/2024,9/13/2024,104,No,Yes,Strong product fit
O03082,A0498,P005,Healthcare,North America,Mid-Market,Inside Sales,New Logo,87962,0.1,79165,Closed Lost,8/17/2024,11/15/2024,90,Yes,No,Weak product fit
O03083,A0771,P006,Healthcare,Europe,Enterprise,Direct,New Logo,184210,0.143,157867,Closed Won,9/20/2023,1/28/2024,130,No,Yes,Executive alignment
O03084,A0253,P008,Technology,North America,Strategic,Direct,New Logo,216828,0.023,211840,Open Pipeline,5/8/2026,9/9/2026,124,No,No,In progress
O03085,A0808,P007,Healthcare,North America,Mid-Market,Direct,New Logo,60668,0.143,51992,Closed Won,9/10/2023,10/5/2023,25,No,Yes,Executive alignment
O03086,A0106,P003,Technology,Middle East,Mid-Market,Direct,New Logo,133440,0.126,116626,Closed Won,1/21/2024,3/15/2024,54,No,No,Executive alignment
O03087,A0281,P006,Technology,North America,Enterprise,Direct,New Logo,190764,0.091,173404,Closed Lost,9/4/2025,1/2/2026,120,No,No,Limited budget
O03088,A0450,P006,Financial Services,Europe,Enterprise,Inside Sales,New Logo,193843,0.182,158563,Closed Won,10/13/2025,1/18/2026,97,Yes,No,Bundle value
O03089,A0290,P002,Technology,North America,Enterprise,Direct,New Logo,240131,0.108,214196,Closed Lost,11/29/2025,2/23/2026,86,No,Yes,Price
O03090,A0069,P005,Technology,Europe,Enterprise,Inside Sales,New Logo,127104,0.119,111978,Closed Won,10/7/2025,2/26/2026,142,Yes,No,Bundle value
O03091,A0133,P005,Financial Services,North America,Mid-Market,Direct,New Logo,73001,0.131,63437,Closed Lost,10/26/2025,11/24/2025,29,Yes,Yes,No executive sponsor
O03092,A0180,P004,Healthcare,APAC,Mid-Market,Partner,New Logo,108540,0.09,98771,Closed Lost,6/4/2024,8/29/2024,86,Yes,No,Limited budget
O03093,A0219,P003,Healthcare,North America,Enterprise,Inside Sales,New Logo,161804,0.082,148536,Closed Won,1/11/2025,4/12/2025,91,Yes,Yes,Executive alignment
O03094,A0949,P007,Technology,APAC,Mid-Market,Partner,New Logo,70222,0.152,59548,Closed Lost,1/14/2024,2/17/2024,34,No,No,Competitor selected
O03095,A0028,P006,Manufacturing,Middle East,Mid-Market,Direct,New Logo,136543,0.06,128350,Closed Lost,11/29/2025,1/15/2026,47,No,Yes,No executive sponsor
O03096,A0778,P002,Technology,Europe,Enterprise,Direct,New Logo,223891,0.046,213592,Closed Lost,7/4/2024,10/30/2024,118,Yes,Yes,Price
O03097,A0307,P005,Healthcare,APAC,Strategic,Direct,New Logo,161918,0.148,137954,Closed Won,12/17/2023,5/8/2024,143,Yes,No,Superior analytics
O03098,A0305,P004,Healthcare,Europe,Strategic,Direct,New Logo,214332,0.102,192470,Closed Lost,10/13/2023,3/16/2024,155,No,No,No executive sponsor
O03099,A0224,P002,Healthcare,Europe,Enterprise,Direct,Expansion,230703,0.072,214092,Closed Lost,11/8/2024,2/5/2025,89,Yes,No,Limited budget
O03100,A0484,P008,Financial Services,APAC,Enterprise,Inside Sales,New Logo,149952,0.158,126259,Closed Lost,9/2/2024,12/9/2024,98,No,Yes,No executive sponsor
O03101,A0504,P007,Financial Services,North America,Mid-Market,Direct,New Logo,75948,0.171,62960,Closed Lost,3/24/2024,7/14/2024,112,No,No,Limited budget
O03102,A0624,P005,Financial Services,Europe,Enterprise,Inside Sales,Expansion,123908,0.099,111641,Open Pipeline,6/19/2026,11/4/2026,138,Yes,Yes,In progress
O03103,A0093,P001,Healthcare,Europe,Mid-Market,Direct,New Logo,141990,0.077,131056,Closed Won,4/13/2025,8/3/2025,112,No,Yes,Executive alignment
O03104,A0031,P007,Financial Services,North America,Enterprise,Inside Sales,New Logo,101273,0.099,91246,Closed Lost,7/12/2024,11/2/2024,113,Yes,No,Weak product fit
O03105,A0757,P007,Technology,North America,Enterprise,Direct,New Logo,105248,0.123,92302,Closed Lost,5/30/2025,10/9/2025,132,No,Yes,Competitor selected
O03106,A0476,P008,Healthcare,Middle East,Mid-Market,Direct,New Logo,104962,0.189,85124,Closed Won,9/4/2023,1/16/2024,134,No,Yes,Executive alignment
O03107,A0410,P006,Manufacturing,APAC,Mid-Market,Partner,New Logo,134519,0.143,115282,Closed Lost,12/31/2024,3/15/2025,74,Yes,Yes,Timing
O03108,A0375,P002,Healthcare,Middle East,Strategic,Direct,New Logo,291901,0.105,261251,Closed Lost,7/18/2024,12/9/2024,144,No,No,Timing
O03109,A0298,P001,Technology,Middle East,Mid-Market,Inside Sales,Renewal,140026,0.066,130784,Closed Lost,7/15/2025,10/9/2025,86,No,No,Limited budget
O03110,A0013,P006,Financial Services,APAC,Enterprise,Direct,New Logo,221701,0.122,194653,Open Pipeline,7/6/2026,11/23/2026,140,No,Yes,In progress
O03111,A0540,P004,Healthcare,APAC,Mid-Market,Direct,New Logo,105561,0.15,89726,Closed Lost,7/18/2024,10/22/2024,96,Yes,No,Timing
O03112,A0838,P003,Healthcare,Middle East,Enterprise,Direct,Expansion,208349,0.095,188555,Open Pipeline,7/29/2026,11/30/2026,124,No,No,In progress
O03113,A0874,P002,Manufacturing,North America,Enterprise,Inside Sales,Renewal,271458,0.04,260599,Closed Won,5/3/2026,6/16/2026,44,No,No,Superior analytics
O03114,A0823,P002,Healthcare,North America,Enterprise,Direct,New Logo,260128,0.168,216426,Closed Lost,1/8/2024,4/16/2024,99,Yes,No,No executive sponsor
O03115,A0289,P004,Manufacturing,Europe,Enterprise,Direct,Renewal,163104,0.181,133582,Closed Lost,12/5/2023,4/2/2024,119,No,No,Limited budget
O03116,A0750,P002,Financial Services,North America,Mid-Market,Direct,Expansion,170945,0,170945,Closed Lost,3/30/2024,6/25/2024,87,No,No,No executive sponsor
O03117,A0059,P006,Manufacturing,Europe,Enterprise,Direct,Renewal,232968,0.103,208972,Closed Won,2/3/2026,3/31/2026,56,Yes,No,Bundle value
O03118,A0391,P002,Manufacturing,Europe,Enterprise,Direct,New Logo,195041,0.054,184508,Closed Lost,3/24/2025,7/16/2025,114,Yes,Yes,Timing
O03119,A0968,P008,Technology,Europe,Enterprise,Inside Sales,New Logo,153766,0.087,140388,Closed Lost,10/7/2024,3/26/2025,170,Yes,Yes,Timing
O03120,A0109,P008,Financial Services,Middle East,Enterprise,Direct,Expansion,159279,0.059,149881,Closed Lost,4/9/2025,9/1/2025,145,Yes,Yes,Weak product fit
O03121,A0303,P005,Healthcare,APAC,Mid-Market,Direct,New Logo,73633,0.1,66269,Closed Lost,11/25/2024,2/10/2025,77,Yes,No,No executive sponsor
O03122,A0832,P008,Financial Services,North America,Mid-Market,Partner,Expansion,99446,0.154,84131,Closed Won,9/26/2024,12/4/2024,69,No,Yes,Executive alignment
O03123,A0353,P007,Technology,North America,Strategic,Inside Sales,New Logo,160187,0.09,145770,Closed Lost,2/7/2024,7/8/2024,152,No,Yes,Price
O03124,A0404,P005,Technology,APAC,Enterprise,Direct,New Logo,129851,0.193,104789,Open Pipeline,6/7/2026,10/14/2026,129,Yes,No,In progress
O03125,A0880,P008,Financial Services,APAC,Mid-Market,Partner,Expansion,89129,0.14,76650,Closed Lost,3/30/2024,4/24/2024,25,No,Yes,No executive sponsor
O03126,A0633,P008,Manufacturing,Europe,Enterprise,Direct,Renewal,165863,0.169,137832,Closed Lost,7/24/2025,12/26/2025,155,Yes,Yes,Timing
O03127,A0121,P001,Healthcare,North America,Enterprise,Inside Sales,Expansion,193498,0.02,189628,Closed Won,3/14/2024,8/17/2024,156,No,No,Superior analytics
O03128,A0808,P004,Healthcare,North America,Mid-Market,Direct,New Logo,88588,0.191,71667,Closed Won,11/1/2024,2/13/2025,104,Yes,Yes,Superior analytics
O03129,A0596,P002,Financial Services,North America,Enterprise,Direct,New Logo,226286,0.1,203657,Closed Won,5/4/2024,9/2/2024,121,Yes,Yes,Executive alignment
O03130,A0654,P005,Healthcare,Europe,Mid-Market,Direct,New Logo,91107,0.102,81814,Closed Won,4/5/2026,6/25/2026,81,No,No,Existing relationship
O03131,A0300,P002,Healthcare,Europe,Mid-Market,Partner,New Logo,157873,0.172,130718,Closed Won,10/10/2025,12/27/2025,78,No,Yes,Existing relationship
O03132,A0927,P004,Healthcare,Europe,Strategic,Direct,Expansion,252175,0.119,222166,Closed Lost,11/30/2023,5/24/2024,176,Yes,No,Timing
O03133,A0156,P003,Manufacturing,North America,Strategic,Partner,New Logo,251809,0.166,210008,Closed Lost,12/5/2023,6/1/2024,179,Yes,No,Timing
O03134,A0654,P001,Healthcare,Europe,Mid-Market,Direct,New Logo,138737,0.104,124308,Closed Lost,2/5/2024,3/1/2024,25,No,No,Timing
O03135,A0070,P008,Technology,Europe,Enterprise,Direct,Renewal,156692,0.189,127077,Closed Lost,10/15/2023,1/28/2024,105,Yes,No,No executive sponsor
O03136,A0572,P002,Financial Services,APAC,Enterprise,Direct,New Logo,211451,0.092,191997,Open Pipeline,5/17/2026,8/27/2026,102,Yes,No,In progress
O03137,A0904,P007,Financial Services,Europe,Mid-Market,Partner,New Logo,65983,0.122,57933,Closed Lost,9/5/2025,10/25/2025,50,Yes,No,Timing
O03138,A0433,P007,Technology,North America,Enterprise,Inside Sales,New Logo,100717,0.19,81580,Closed Won,7/20/2024,12/19/2024,152,Yes,Yes,Executive alignment
O03139,A0727,P006,Healthcare,North America,Mid-Market,Inside Sales,New Logo,142331,0,142331,Closed Won,10/9/2023,2/14/2024,128,No,No,Existing relationship
O03140,A0407,P001,Healthcare,North America,Enterprise,Direct,New Logo,223521,0.164,186863,Closed Won,6/12/2024,10/2/2024,112,No,Yes,Executive alignment
O03141,A0687,P008,Financial Services,Europe,Mid-Market,Direct,Renewal,93503,0.178,76859,Closed Lost,9/13/2025,10/21/2025,38,Yes,Yes,Weak product fit
O03142,A0959,P003,Manufacturing,North America,Strategic,Inside Sales,Expansion,280538,0.087,256131,Closed Won,9/22/2025,4/26/2026,216,Yes,No,Executive alignment
O03143,A0402,P006,Healthcare,North America,Mid-Market,Direct,New Logo,138765,0,138765,Closed Lost,6/13/2026,8/10/2026,58,Yes,No,No executive sponsor
O03144,A0118,P004,Manufacturing,Europe,Strategic,Direct,New Logo,210880,0.085,192955,Closed Lost,7/28/2026,10/18/2026,82,Yes,Yes,Timing
O03145,A0616,P002,Healthcare,APAC,Mid-Market,Inside Sales,New Logo,153831,0.082,141216,Closed Won,12/29/2024,4/3/2025,95,No,No,Strong product fit
O03146,A0114,P002,Financial Services,North America,Strategic,Direct,Renewal,288230,0.078,265748,Closed Lost,2/3/2026,7/23/2026,170,Yes,Yes,No executive sponsor
O03147,A0025,P004,Financial Services,Middle East,Enterprise,Inside Sales,Expansion,177236,0.095,160398,Open Pipeline,7/12/2026,10/31/2026,111,No,No,In progress
O03148,A0164,P003,Manufacturing,Middle East,Mid-Market,Direct,New Logo,127161,0.071,118132,Closed Lost,2/11/2025,3/23/2025,40,Yes,No,Competitor selected
O03149,A0588,P003,Manufacturing,Middle East,Mid-Market,Direct,Expansion,125472,0.186,102134,Closed Lost,5/8/2024,9/5/2024,120,No,Yes,No executive sponsor
O03150,A0961,P003,Manufacturing,Europe,Mid-Market,Direct,New Logo,105311,0.067,98255,Closed Lost,8/2/2025,10/30/2025,89,Yes,Yes,Competitor selected
O03151,A0359,P007,Healthcare,APAC,Mid-Market,Direct,New Logo,66158,0.09,60203,Closed Lost,12/22/2023,3/13/2024,82,No,Yes,Weak product fit
O03152,A0507,P002,Technology,Europe,Enterprise,Partner,New Logo,270784,0.268,198213,Closed Lost,10/2/2024,12/14/2024,73,Yes,Yes,Competitor selected
O03153,A0476,P001,Healthcare,Middle East,Mid-Market,Direct,New Logo,128819,0.137,111170,Closed Lost,11/19/2024,1/2/2025,44,Yes,No,No executive sponsor
O03154,A0590,P003,Financial Services,Europe,Enterprise,Partner,New Logo,198641,0.085,181756,Closed Lost,8/23/2023,12/1/2023,100,No,Yes,Price
O03155,A0746,P008,Financial Services,Middle East,Strategic,Direct,New Logo,223436,0.073,207125,Closed Lost,6/8/2024,12/12/2024,187,Yes,Yes,Limited budget
O03156,A0186,P008,Healthcare,North America,Mid-Market,Direct,Renewal,94144,0.176,77574,Closed Won,12/7/2023,3/24/2024,108,Yes,No,Strong product fit
O03157,A0855,P003,Healthcare,Middle East,Enterprise,Direct,New Logo,159085,0,159085,Closed Lost,9/27/2023,1/26/2024,121,No,No,Competitor selected
O03158,A0864,P002,Healthcare,North America,Enterprise,Direct,New Logo,262729,0.074,243287,Closed Won,6/24/2025,10/24/2025,122,No,Yes,Strong product fit
O03159,A0082,P004,Technology,North America,Enterprise,Direct,New Logo,157797,0.159,132707,Closed Lost,3/24/2026,8/9/2026,138,Yes,Yes,No executive sponsor
O03160,A0042,P005,Financial Services,Europe,Enterprise,Partner,New Logo,125408,0.113,111236,Closed Lost,6/3/2024,10/17/2024,136,Yes,No,No executive sponsor
O03161,A0470,P007,Healthcare,Europe,Enterprise,Direct,Expansion,106237,0.156,89664,Closed Lost,3/18/2025,7/29/2025,133,Yes,Yes,Weak product fit
O03162,A0633,P002,Manufacturing,Europe,Enterprise,Direct,New Logo,202507,0.088,184686,Closed Won,9/8/2024,1/23/2025,137,No,No,Bundle value
O03163,A0689,P006,Manufacturing,APAC,Mid-Market,Direct,New Logo,128455,0.065,120105,Closed Lost,4/24/2024,7/20/2024,87,Yes,Yes,Weak product fit
O03164,A0977,P006,Manufacturing,Middle East,Enterprise,Direct,New Logo,211716,0.106,189274,Closed Lost,6/28/2025,10/24/2025,118,No,No,Competitor selected
O03165,A0549,P006,Technology,North America,Mid-Market,Partner,Renewal,151803,0.193,122505,Closed Lost,12/30/2024,4/24/2025,115,Yes,No,Price
O03166,A0573,P008,Healthcare,North America,Strategic,Direct,Expansion,207450,0.069,193135,Closed Lost,5/21/2024,10/30/2024,162,Yes,Yes,Price
O03167,A0763,P008,Technology,Middle East,Enterprise,Direct,Expansion,127996,0.099,115324,Closed Lost,1/26/2026,4/23/2026,87,No,Yes,No executive sponsor
O03168,A0959,P002,Manufacturing,North America,Strategic,Direct,Renewal,320707,0.22,250151,Closed Lost,1/10/2026,7/26/2026,197,No,Yes,Timing
O03169,A0093,P007,Healthcare,Europe,Mid-Market,Inside Sales,New Logo,65563,0,65563,Closed Won,2/17/2024,5/28/2024,101,No,No,Executive alignment
O03170,A0648,P005,Manufacturing,APAC,Strategic,Direct,New Logo,154037,0.167,128312,Closed Lost,3/11/2025,7/17/2025,128,Yes,No,Weak product fit
O03171,A0015,P002,Financial Services,Europe,Mid-Market,Inside Sales,New Logo,174871,0.008,173472,Closed Lost,4/26/2026,6/15/2026,50,Yes,No,Limited budget
O03172,A0123,P004,Technology,APAC,Mid-Market,Partner,Expansion,118686,0.234,90913,Closed Lost,12/25/2023,1/24/2024,30,No,Yes,Competitor selected
O03173,A0198,P006,Financial Services,North America,Mid-Market,Direct,New Logo,147885,0.057,139455,Closed Lost,8/16/2026,10/13/2026,58,No,No,Price
O03174,A0242,P004,Technology,Europe,Enterprise,Direct,Expansion,143873,0.143,123299,Closed Lost,11/25/2024,5/2/2025,158,Yes,Yes,Competitor selected
O03175,A0365,P002,Manufacturing,North America,Mid-Market,Partner,Expansion,150509,0.117,132899,Closed Won,12/23/2025,2/12/2026,51,No,Yes,Executive alignment
O03176,A0316,P004,Technology,North America,Enterprise,Direct,New Logo,158617,0.064,148465,Open Pipeline,6/4/2026,10/18/2026,136,Yes,Yes,In progress
O03177,A0324,P007,Technology,Europe,Mid-Market,Direct,Expansion,79687,0.09,72515,Closed Won,3/19/2025,7/2/2025,105,Yes,Yes,Existing relationship
O03178,A0499,P007,Financial Services,Europe,Strategic,Direct,Renewal,121147,0.156,102248,Closed Lost,11/19/2025,4/9/2026,141,Yes,No,Competitor selected
O03179,A0154,P006,Technology,Europe,Mid-Market,Direct,New Logo,142459,0.137,122942,Closed Lost,11/5/2024,2/3/2025,90,Yes,No,Limited budget
O03180,A0180,P002,Healthcare,APAC,Mid-Market,Partner,New Logo,126451,0.127,110391,Closed Lost,9/11/2024,10/16/2024,35,Yes,Yes,Limited budget
O03181,A0908,P003,Healthcare,Europe,Mid-Market,Direct,New Logo,120209,0.093,109029,Closed Lost,10/8/2024,11/13/2024,36,Yes,No,Timing
O03182,A0966,P007,Manufacturing,North America,Enterprise,Direct,New Logo,121880,0.099,109813,Closed Lost,2/24/2025,8/3/2025,160,No,Yes,Price
O03183,A0304,P008,Manufacturing,APAC,Enterprise,Partner,New Logo,153894,0.173,127270,Open Pipeline,5/15/2026,9/7/2026,115,No,Yes,In progress
O03184,A0169,P006,Financial Services,APAC,Enterprise,Direct,New Logo,239861,0.173,198365,Closed Lost,8/15/2025,10/12/2025,58,No,Yes,Timing
O03185,A0229,P006,Technology,Middle East,Mid-Market,Direct,New Logo,163787,0.052,155270,Closed Lost,6/15/2024,10/6/2024,113,Yes,No,Weak product fit
O03186,A0588,P002,Manufacturing,Middle East,Mid-Market,Direct,New Logo,129368,0.123,113455,Closed Lost,1/8/2025,5/13/2025,125,Yes,No,Competitor selected
O03187,A0471,P007,Technology,Europe,Enterprise,Direct,New Logo,96388,0.063,90315,Closed Lost,12/3/2023,3/19/2024,107,No,No,Limited budget
O03188,A0972,P006,Manufacturing,APAC,Mid-Market,Direct,New Logo,140199,0.194,113000,Closed Lost,2/14/2025,5/22/2025,97,No,Yes,Limited budget
O03189,A0213,P004,Financial Services,Europe,Mid-Market,Partner,New Logo,89795,0.154,75966,Closed Won,11/11/2024,2/7/2025,88,No,No,Existing relationship
O03190,A0668,P003,Healthcare,APAC,Mid-Market,Direct,New Logo,119451,0.182,97710,Closed Won,9/7/2025,11/26/2025,80,No,Yes,Executive alignment
O03191,A0112,P002,Manufacturing,APAC,Enterprise,Direct,Expansion,200885,0.096,181600,Closed Won,5/24/2024,9/2/2024,101,Yes,No,Superior analytics
O03192,A0357,P007,Healthcare,Europe,Mid-Market,Direct,Expansion,74381,0.065,69546,Closed Won,12/22/2025,2/20/2026,60,Yes,No,Superior analytics
O03193,A0721,P006,Financial Services,North America,Enterprise,Direct,New Logo,233710,0.158,196783,Closed Won,2/2/2024,5/26/2024,114,Yes,Yes,Bundle value
O03194,A0906,P005,Technology,Europe,Mid-Market,Direct,New Logo,89889,0.059,84585,Closed Lost,3/15/2026,6/5/2026,82,No,Yes,Price
O03195,A0662,P003,Healthcare,North America,Enterprise,Direct,New Logo,185403,0.132,160929,Closed Lost,10/7/2025,2/15/2026,131,No,No,Price
O03196,A0060,P005,Technology,North America,Enterprise,Direct,New Logo,124397,0.108,110962,Closed Won,6/28/2026,12/14/2026,169,Yes,Yes,Superior analytics
O03197,A0763,P008,Technology,Middle East,Enterprise,Inside Sales,New Logo,136479,0.121,119965,Closed Lost,3/23/2026,6/25/2026,94,Yes,No,Competitor selected
O03198,A0137,P003,Technology,Europe,Enterprise,Direct,New Logo,188491,0.102,169264,Closed Won,10/12/2023,2/9/2024,120,No,Yes,Executive alignment
O03199,A0471,P003,Technology,Europe,Enterprise,Direct,New Logo,160041,0.121,140676,Closed Lost,9/2/2024,1/19/2025,139,No,No,Weak product fit
O03200,A0670,P006,Technology,APAC,Strategic,Direct,New Logo,346926,0.127,302866,Closed Lost,3/25/2026,7/18/2026,115,Yes,Yes,Timing
O03201,A0323,P008,Financial Services,North America,Strategic,Direct,New Logo,207376,0.072,192444,Closed Won,3/10/2024,7/18/2024,130,No,No,Existing relationship
O03202,A0930,P003,Technology,Europe,Enterprise,Partner,New Logo,197429,0.139,169986,Closed Won,6/7/2025,8/1/2025,55,No,Yes,Existing relationship
O03203,A0255,P007,Healthcare,APAC,Mid-Market,Direct,New Logo,69106,0.171,57288,Closed Lost,12/8/2023,2/16/2024,70,Yes,No,Limited budget
O03204,A0872,P005,Financial Services,APAC,Enterprise,Partner,New Logo,134587,0.142,115475,Closed Lost,4/19/2024,9/3/2024,137,No,No,Weak product fit
O03205,A0197,P004,Manufacturing,Europe,Mid-Market,Partner,Expansion,120277,0.21,95018,Closed Lost,6/2/2026,8/3/2026,62,Yes,Yes,Weak product fit
O03206,A0348,P005,Technology,APAC,Strategic,Direct,Expansion,177517,0.116,156925,Closed Won,6/30/2025,11/26/2025,149,No,No,Superior analytics
O03207,A0048,P005,Healthcare,Europe,Strategic,Direct,Expansion,194949,0.141,167461,Closed Lost,4/16/2026,8/13/2026,119,Yes,Yes,Competitor selected
O03208,A0101,P004,Financial Services,APAC,Enterprise,Direct,New Logo,167885,0.122,147403,Closed Won,3/8/2025,6/28/2025,112,No,Yes,Bundle value
O03209,A0348,P001,Technology,APAC,Strategic,Direct,Expansion,257769,0.072,239209,Closed Won,12/24/2024,5/1/2025,128,Yes,Yes,Existing relationship
O03210,A0306,P001,Manufacturing,APAC,Mid-Market,Direct,New Logo,132660,0.142,113822,Closed Lost,3/31/2025,5/26/2025,56,Yes,Yes,Timing
O03211,A0318,P002,Manufacturing,North America,Enterprise,Partner,Expansion,269250,0.172,222939,Closed Won,12/17/2025,4/3/2026,107,No,No,Existing relationship
O03212,A0653,P005,Healthcare,North America,Mid-Market,Direct,Expansion,92100,0.126,80495,Closed Lost,9/16/2024,11/18/2024,63,Yes,No,No executive sponsor
O03213,A0048,P002,Healthcare,Europe,Strategic,Direct,Expansion,288825,0,288825,Closed Lost,4/16/2024,7/30/2024,105,No,No,Price
O03214,A0970,P008,Technology,Europe,Enterprise,Partner,New Logo,159207,0.097,143763,Closed Lost,6/7/2026,10/7/2026,122,No,No,No executive sponsor
O03215,A0948,P007,Technology,Europe,Mid-Market,Direct,New Logo,78360,0.089,71385,Closed Lost,10/17/2025,2/7/2026,113,Yes,Yes,Timing
O03216,A0921,P002,Healthcare,APAC,Enterprise,Direct,New Logo,214168,0.115,189538,Closed Lost,8/22/2024,10/23/2024,62,Yes,Yes,Competitor selected
O03217,A0386,P005,Financial Services,Europe,Mid-Market,Direct,New Logo,88555,0.06,83241,Closed Lost,4/25/2026,6/23/2026,59,Yes,Yes,Price
O03218,A0839,P006,Financial Services,APAC,Enterprise,Direct,New Logo,181610,0.069,169078,Closed Won,12/7/2024,3/17/2025,100,Yes,Yes,Executive alignment
O03219,A0935,P003,Technology,Middle East,Enterprise,Inside Sales,New Logo,165759,0,165759,Closed Lost,10/5/2025,12/16/2025,72,Yes,No,Price
O03220,A0354,P002,Manufacturing,Middle East,Mid-Market,Direct,Expansion,144341,0.007,143330,Closed Won,2/24/2024,6/14/2024,111,No,Yes,Superior analytics
O03221,A0142,P005,Healthcare,North America,Enterprise,Partner,New Logo,132886,0.218,103916,Closed Won,5/7/2025,9/4/2025,120,Yes,Yes,Strong product fit
O03222,A0660,P007,Healthcare,Middle East,Enterprise,Direct,Expansion,96498,0.087,88102,Closed Won,3/6/2025,6/14/2025,100,No,No,Superior analytics
O03223,A0273,P003,Financial Services,North America,Mid-Market,Direct,New Logo,135966,0.147,115978,Closed Lost,9/19/2025,12/24/2025,96,Yes,No,Competitor selected
O03224,A0420,P006,Financial Services,North America,Enterprise,Direct,New Logo,219305,0.144,187725,Closed Won,10/16/2025,2/11/2026,118,No,No,Executive alignment
O03225,A0947,P001,Manufacturing,North America,Enterprise,Partner,Renewal,195806,0.171,162323,Closed Lost,7/30/2024,11/21/2024,114,Yes,Yes,Timing
O03226,A0383,P006,Technology,Europe,Mid-Market,Direct,New Logo,139973,0.099,126115,Closed Lost,4/10/2026,6/4/2026,55,Yes,Yes,Limited budget
O03227,A0260,P003,Healthcare,APAC,Enterprise,Direct,New Logo,205111,0.102,184189,Closed Lost,1/26/2024,6/30/2024,156,No,No,Price
O03228,A0208,P007,Manufacturing,North America,Enterprise,Direct,New Logo,111210,0.122,97642,Open Pipeline,4/28/2026,8/29/2026,123,Yes,No,In progress
O03229,A0659,P002,Manufacturing,APAC,Mid-Market,Direct,New Logo,155533,0.134,134691,Closed Lost,6/27/2024,8/29/2024,63,Yes,Yes,Competitor selected
O03230,A0004,P008,Financial Services,APAC,Strategic,Inside Sales,Expansion,209077,0.055,197577,Closed Lost,12/21/2024,6/3/2025,164,Yes,No,No executive sponsor
O03231,A0281,P003,Technology,North America,Enterprise,Direct,New Logo,168789,0.051,160180,Closed Lost,8/26/2025,12/18/2025,114,No,No,Timing
O03232,A0826,P005,Financial Services,North America,Mid-Market,Direct,New Logo,68717,0.148,58546,Closed Lost,10/12/2025,12/29/2025,78,Yes,Yes,Competitor selected
O03233,A0131,P003,Technology,Europe,Mid-Market,Direct,New Logo,136080,0.101,122335,Closed Lost,1/18/2024,5/18/2024,121,Yes,Yes,No executive sponsor
O03234,A0575,P007,Manufacturing,APAC,Enterprise,Inside Sales,New Logo,100548,0.095,90995,Closed Lost,10/14/2025,3/20/2026,157,Yes,No,Timing
O03235,A0177,P006,Healthcare,APAC,Strategic,Direct,New Logo,256811,0.069,239091,Closed Won,2/11/2025,5/24/2025,102,Yes,No,Executive alignment
O03236,A0775,P004,Manufacturing,Europe,Enterprise,Direct,New Logo,137425,0.126,120109,Closed Lost,7/9/2024,10/30/2024,113,Yes,Yes,Competitor selected
O03237,A0726,P006,Financial Services,APAC,Strategic,Inside Sales,New Logo,344712,0.076,318513,Closed Lost,3/2/2025,9/18/2025,200,No,Yes,Price
O03238,A0069,P007,Technology,Europe,Enterprise,Direct,Expansion,103323,0.073,95780,Closed Lost,7/13/2025,10/28/2025,107,Yes,No,Price
O03239,A0431,P007,Healthcare,APAC,Enterprise,Direct,Expansion,115332,0.174,95264,Closed Lost,8/12/2025,11/11/2025,91,Yes,Yes,Limited budget
O03240,A0055,P002,Financial Services,Europe,Mid-Market,Direct,New Logo,133879,0.079,123302,Closed Lost,4/29/2026,8/4/2026,97,No,No,No executive sponsor
O03241,A0819,P005,Manufacturing,North America,Enterprise,Direct,Renewal,104362,0.132,90586,Closed Lost,6/27/2025,10/24/2025,119,Yes,Yes,Weak product fit
O03242,A0678,P001,Financial Services,APAC,Enterprise,Direct,Expansion,200466,0.117,177011,Closed Lost,7/2/2025,10/24/2025,114,No,Yes,Competitor selected
O03243,A0788,P003,Financial Services,APAC,Strategic,Partner,New Logo,263502,0.06,247691,Closed Lost,9/27/2023,3/6/2024,161,Yes,No,Weak product fit
O03244,A0813,P007,Healthcare,North America,Enterprise,Direct,Expansion,88001,0.033,85096,Closed Lost,6/24/2025,10/13/2025,111,No,No,No executive sponsor
O03245,A0079,P006,Healthcare,Middle East,Strategic,Inside Sales,New Logo,335396,0.038,322650,Open Pipeline,2/21/2026,8/28/2026,188,Yes,No,In progress
O03246,A0051,P007,Technology,APAC,Enterprise,Direct,New Logo,102488,0.115,90701,Closed Lost,1/17/2026,3/16/2026,58,Yes,Yes,Competitor selected
O03247,A0150,P006,Healthcare,Middle East,Enterprise,Direct,Expansion,200271,0.051,190057,Closed Lost,4/4/2026,6/16/2026,73,No,No,Limited budget
O03248,A0527,P006,Technology,North America,Mid-Market,Direct,New Logo,156515,0.149,133194,Closed Won,2/19/2024,6/7/2024,109,No,No,Bundle value
O03249,A0057,P006,Manufacturing,Europe,Enterprise,Direct,New Logo,227573,0.045,217332,Closed Won,4/15/2024,7/25/2024,101,No,Yes,Executive alignment
O03250,A0144,P004,Financial Services,Europe,Strategic,Partner,New Logo,214181,0.15,182053,Closed Lost,2/28/2024,10/15/2024,230,Yes,No,Weak product fit
O03251,A0634,P006,Healthcare,APAC,Strategic,Inside Sales,Expansion,332482,0.1,299233,Open Pipeline,3/22/2026,9/5/2026,167,Yes,Yes,In progress
O03252,A0300,P006,Healthcare,Europe,Mid-Market,Direct,New Logo,126591,0.088,115450,Closed Lost,1/1/2024,3/8/2024,67,No,No,No executive sponsor
O03253,A0979,P004,Technology,North America,Enterprise,Direct,Expansion,135923,0.134,117709,Closed Lost,11/18/2023,3/16/2024,119,Yes,Yes,Timing
O03254,A0756,P007,Technology,North America,Mid-Market,Direct,Renewal,69741,0.038,67090,Closed Lost,6/10/2024,10/31/2024,143,No,Yes,Timing
O03255,A0122,P001,Financial Services,APAC,Strategic,Direct,New Logo,233296,0.185,190136,Closed Won,8/25/2025,2/5/2026,164,Yes,Yes,Bundle value
O03256,A0664,P001,Financial Services,Europe,Enterprise,Inside Sales,New Logo,181688,0.058,171150,Closed Lost,9/3/2025,1/28/2026,147,No,Yes,No executive sponsor
O03257,A0920,P001,Healthcare,Middle East,Mid-Market,Direct,Expansion,143283,0.05,136118,Closed Won,6/22/2026,9/14/2026,84,No,Yes,Executive alignment
O03258,A0285,P007,Financial Services,APAC,Mid-Market,Direct,New Logo,70125,0.144,60027,Closed Lost,5/15/2026,8/17/2026,94,Yes,No,Timing
O03259,A0463,P001,Technology,APAC,Enterprise,Direct,New Logo,229008,0.219,178855,Closed Won,11/1/2023,2/15/2024,106,No,Yes,Superior analytics
O03260,A0577,P008,Technology,North America,Mid-Market,Direct,New Logo,102404,0,102404,Closed Won,8/25/2023,11/20/2023,87,No,Yes,Existing relationship
O03261,A0291,P004,Financial Services,Europe,Enterprise,Partner,New Logo,134296,0.194,108242,Closed Lost,2/14/2024,8/18/2024,186,Yes,Yes,Competitor selected
O03262,A0837,P001,Manufacturing,APAC,Enterprise,Direct,New Logo,175242,0.012,173139,Closed Won,10/31/2023,11/25/2023,25,Yes,No,Bundle value
O03263,A0875,P002,Financial Services,APAC,Mid-Market,Direct,New Logo,152796,0.15,129876,Closed Won,12/22/2023,3/12/2024,81,No,Yes,Existing relationship
O03264,A0765,P005,Technology,APAC,Mid-Market,Direct,New Logo,83925,0.126,73350,Closed Lost,7/27/2025,12/13/2025,139,No,No,Competitor selected
O03265,A0568,P002,Technology,North America,Mid-Market,Partner,New Logo,138238,0.222,107549,Closed Won,5/26/2026,8/6/2026,72,No,Yes,Bundle value
O03266,A0409,P005,Healthcare,APAC,Mid-Market,Direct,Renewal,67972,0.104,60902,Closed Lost,7/23/2024,10/12/2024,81,No,No,Limited budget
O03267,A0300,P003,Healthcare,Europe,Mid-Market,Direct,Expansion,137293,0.18,112580,Closed Lost,10/20/2025,12/3/2025,44,Yes,No,Competitor selected
O03268,A0354,P001,Manufacturing,Middle East,Mid-Market,Partner,New Logo,135183,0.192,109227,Closed Lost,2/6/2024,6/5/2024,120,No,No,Price
O03269,A0104,P007,Technology,APAC,Mid-Market,Direct,New Logo,70732,0.119,62314,Closed Lost,12/6/2023,2/5/2024,61,No,Yes,Price
O03270,A0386,P005,Financial Services,Europe,Mid-Market,Direct,New Logo,67276,0.119,59270,Closed Lost,4/6/2026,6/27/2026,82,Yes,No,Timing
O03271,A0187,P006,Healthcare,APAC,Enterprise,Direct,New Logo,189924,0.111,168842,Closed Won,4/19/2025,9/8/2025,142,No,Yes,Superior analytics
O03272,A0178,P005,Financial Services,APAC,Enterprise,Direct,New Logo,124082,0.095,112294,Closed Won,3/14/2026,7/20/2026,128,Yes,Yes,Existing relationship
O03273,A0399,P003,Financial Services,North America,Strategic,Direct,New Logo,264483,0.149,225075,Closed Won,9/24/2023,2/26/2024,155,No,No,Strong product fit
O03274,A0874,P002,Manufacturing,North America,Enterprise,Direct,Expansion,237097,0.127,206985,Closed Lost,1/21/2025,5/24/2025,123,Yes,Yes,Limited budget
O03275,A0842,P005,Financial Services,North America,Mid-Market,Direct,Expansion,71424,0.104,63995,Closed Won,5/16/2024,8/5/2024,81,No,Yes,Strong product fit
O03276,A0745,P005,Technology,North America,Enterprise,Partner,New Logo,106539,0.176,87788,Closed Won,6/7/2024,9/26/2024,111,No,Yes,Executive alignment
O03277,A0432,P005,Technology,Europe,Enterprise,Direct,New Logo,135176,0.071,125578,Closed Lost,11/29/2023,3/29/2024,121,Yes,Yes,No executive sponsor
O03278,A0732,P006,Healthcare,Europe,Enterprise,Direct,Expansion,238997,0.214,187851,Closed Lost,1/14/2026,4/15/2026,91,Yes,Yes,Price
O03279,A0395,P004,Technology,Middle East,Strategic,Direct,New Logo,232042,0.207,184009,Closed Won,12/25/2024,4/9/2025,105,No,Yes,Existing relationship
O03280,A0429,P005,Healthcare,Europe,Enterprise,Direct,New Logo,124889,0.061,117270,Closed Lost,10/3/2025,1/7/2026,96,Yes,Yes,Limited budget
O03281,A0939,P005,Technology,Europe,Mid-Market,Direct,Expansion,72345,0.151,61420,Closed Lost,9/13/2023,12/7/2023,85,Yes,No,Competitor selected
O03282,A0739,P005,Financial Services,North America,Strategic,Direct,New Logo,169915,0.145,145277,Closed Lost,5/18/2024,11/6/2024,172,Yes,No,Competitor selected
O03283,A0864,P002,Healthcare,North America,Enterprise,Direct,Expansion,218394,0.119,192405,Closed Won,9/16/2024,12/29/2024,104,No,No,Superior analytics
O03284,A0362,P004,Healthcare,North America,Enterprise,Direct,Renewal,144983,0.104,129904,Closed Won,3/13/2026,6/29/2026,108,Yes,Yes,Existing relationship
O03285,A0037,P006,Financial Services,North America,Enterprise,Inside Sales,New Logo,249944,0,249944,Closed Lost,12/18/2023,2/29/2024,73,Yes,No,Price
O03286,A0129,P005,Technology,APAC,Mid-Market,Partner,Expansion,80567,0.154,68159,Closed Won,8/12/2024,11/16/2024,96,No,Yes,Executive alignment
O03287,A0149,P002,Technology,APAC,Enterprise,Direct,New Logo,238067,0.166,198547,Closed Lost,8/26/2025,11/28/2025,94,Yes,Yes,Limited budget
O03288,A0114,P007,Financial Services,North America,Strategic,Direct,Renewal,127014,0.203,101230,Closed Lost,10/29/2025,2/21/2026,115,Yes,No,Timing
O03289,A0133,P001,Financial Services,North America,Mid-Market,Direct,New Logo,118897,0.148,101300,Closed Won,1/10/2025,4/16/2025,96,No,No,Bundle value
O03290,A0160,P002,Manufacturing,North America,Mid-Market,Inside Sales,New Logo,130069,0.117,114850,Closed Lost,12/23/2025,2/27/2026,66,No,Yes,Weak product fit
O03291,A0511,P003,Technology,North America,Mid-Market,Direct,New Logo,120209,0.149,102297,Closed Won,10/4/2025,1/18/2026,106,No,Yes,Strong product fit
O03292,A0372,P006,Manufacturing,APAC,Enterprise,Direct,New Logo,238222,0.094,215829,Closed Lost,11/10/2025,3/24/2026,134,No,Yes,Timing
O03293,A0318,P004,Manufacturing,North America,Enterprise,Partner,New Logo,166250,0.113,147463,Closed Lost,1/23/2025,5/10/2025,107,No,No,Timing
O03294,A0081,P006,Technology,Europe,Enterprise,Direct,Renewal,179173,0.042,171647,Closed Lost,11/26/2024,1/17/2025,52,No,Yes,No executive sponsor
O03295,A0135,P001,Financial Services,Europe,Mid-Market,Direct,Expansion,123517,0.048,117588,Closed Won,7/22/2025,10/2/2025,72,No,Yes,Superior analytics
O03296,A0304,P002,Manufacturing,APAC,Enterprise,Direct,New Logo,226804,0.084,207752,Closed Won,10/6/2024,2/9/2025,126,No,Yes,Executive alignment
O03297,A0514,P001,Healthcare,APAC,Mid-Market,Direct,Expansion,118606,0.125,103780,Closed Lost,8/26/2023,10/18/2023,53,No,Yes,Limited budget
O03298,A0091,P003,Manufacturing,APAC,Enterprise,Partner,New Logo,172555,0.113,153056,Closed Lost,9/29/2024,2/26/2025,150,Yes,Yes,Weak product fit
O03299,A0064,P008,Healthcare,North America,Strategic,Partner,New Logo,241460,0.11,214899,Closed Lost,5/6/2024,7/26/2024,81,Yes,Yes,Price
O03300,A0935,P004,Technology,Middle East,Enterprise,Direct,New Logo,151418,0.033,146421,Closed Won,11/25/2025,3/19/2026,114,Yes,Yes,Executive alignment
O03301,A0295,P004,Financial Services,North America,Enterprise,Direct,New Logo,141944,0.054,134279,Closed Lost,8/23/2025,11/4/2025,73,Yes,Yes,Timing
O03302,A0933,P002,Manufacturing,Europe,Strategic,Partner,New Logo,273677,0.128,238646,Closed Won,8/8/2025,1/26/2026,171,No,Yes,Superior analytics
O03303,A0937,P001,Healthcare,North America,Enterprise,Direct,Expansion,176022,0.13,153139,Closed Lost,10/15/2025,2/4/2026,112,No,No,No executive sponsor
O03304,A0291,P003,Financial Services,Europe,Enterprise,Direct,New Logo,188388,0.055,178026,Closed Lost,12/6/2024,5/9/2025,154,No,Yes,Weak product fit
O03305,A0399,P001,Financial Services,North America,Strategic,Direct,New Logo,239861,0.014,236502,Closed Lost,10/30/2025,3/10/2026,131,Yes,Yes,No executive sponsor
O03306,A0515,P008,Financial Services,Middle East,Mid-Market,Direct,New Logo,80816,0.14,69501,Closed Lost,3/12/2025,5/16/2025,65,Yes,Yes,Weak product fit
O03307,A0422,P007,Financial Services,Europe,Strategic,Inside Sales,Renewal,167315,0.052,158614,Closed Lost,8/27/2025,12/25/2025,120,Yes,No,Limited budget
O03308,A0302,P006,Technology,Europe,Mid-Market,Direct,Expansion,143063,0.092,129901,Closed Lost,3/24/2025,4/18/2025,25,No,No,Price
O03309,A0639,P005,Technology,North America,Enterprise,Direct,Expansion,120552,0.078,111148,Closed Lost,4/2/2024,8/5/2024,125,No,Yes,Competitor selected
O03310,A0884,P005,Healthcare,North America,Enterprise,Direct,Renewal,101060,0.085,92469,Closed Lost,11/16/2023,3/8/2024,113,Yes,Yes,Limited budget
O03311,A0113,P008,Technology,Middle East,Enterprise,Direct,New Logo,137318,0.189,111364,Closed Lost,6/8/2024,8/26/2024,79,No,No,No executive sponsor
O03312,A0826,P001,Financial Services,North America,Mid-Market,Direct,New Logo,131033,0.163,109674,Closed Won,2/11/2025,4/5/2025,53,No,No,Executive alignment
O03313,A0652,P008,Financial Services,Middle East,Mid-Market,Direct,New Logo,94339,0.039,90659,Closed Won,5/7/2025,7/26/2025,80,No,Yes,Bundle value
O03314,A0223,P008,Technology,North America,Mid-Market,Direct,New Logo,102019,0.124,89368,Closed Lost,10/7/2023,12/23/2023,77,Yes,Yes,Timing
O03315,A0114,P003,Financial Services,North America,Strategic,Inside Sales,New Logo,220754,0.065,206404,Closed Lost,9/4/2023,2/19/2024,168,Yes,No,No executive sponsor
O03316,A0456,P006,Technology,Middle East,Mid-Market,Inside Sales,Renewal,146313,0.011,144703,Closed Won,2/5/2024,3/13/2024,37,No,Yes,Existing relationship
O03317,A0371,P008,Manufacturing,Europe,Strategic,Direct,New Logo,219371,0.195,176593,Closed Lost,8/9/2024,1/11/2025,155,Yes,Yes,Competitor selected
O03318,A0161,P003,Manufacturing,APAC,Mid-Market,Direct,New Logo,120463,0.073,111669,Closed Lost,7/4/2024,8/26/2024,53,Yes,No,Competitor selected
O03319,A0140,P003,Financial Services,Europe,Enterprise,Direct,Expansion,203868,0.183,166560,Closed Won,11/5/2023,2/6/2024,93,No,No,Bundle value
O03320,A0673,P007,Technology,APAC,Mid-Market,Partner,Expansion,67137,0.232,51561,Closed Won,2/22/2026,5/16/2026,83,No,Yes,Strong product fit
O03321,A0053,P001,Technology,APAC,Enterprise,Inside Sales,Expansion,224795,0.105,201191,Closed Won,1/19/2024,4/4/2024,76,Yes,Yes,Existing relationship
O03322,A0665,P002,Manufacturing,APAC,Enterprise,Inside Sales,New Logo,259284,0.059,243986,Closed Lost,11/1/2025,3/5/2026,124,Yes,No,Limited budget
O03323,A0290,P008,Technology,North America,Enterprise,Direct,New Logo,145743,0.119,128399,Closed Lost,12/2/2023,3/26/2024,115,No,Yes,Limited budget
O03324,A0848,P002,Manufacturing,Middle East,Enterprise,Inside Sales,New Logo,210750,0.131,183141,Closed Lost,3/11/2026,6/16/2026,97,No,No,Competitor selected
O03325,A0560,P006,Financial Services,North America,Enterprise,Direct,New Logo,213074,0.165,177916,Closed Won,8/27/2024,1/3/2025,129,No,Yes,Existing relationship
O03326,A0093,P001,Healthcare,Europe,Mid-Market,Direct,New Logo,144161,0.021,141133,Closed Lost,9/23/2025,1/28/2026,127,Yes,Yes,Competitor selected
O03327,A0688,P008,Healthcare,North America,Mid-Market,Inside Sales,New Logo,89167,0.162,74721,Closed Lost,1/29/2025,3/19/2025,49,No,Yes,No executive sponsor
O03328,A0485,P002,Healthcare,North America,Enterprise,Direct,Expansion,200477,0.077,185040,Closed Won,8/9/2024,11/22/2024,105,No,Yes,Existing relationship
O03329,A0645,P001,Financial Services,APAC,Enterprise,Partner,New Logo,172965,0.139,148922,Closed Lost,5/27/2024,10/25/2024,151,No,Yes,Weak product fit
O03330,A0998,P004,Technology,Europe,Strategic,Direct,New Logo,248751,0.128,216910,Closed Won,8/7/2025,1/8/2026,154,Yes,No,Strong product fit
O03331,A0270,P006,Manufacturing,Europe,Enterprise,Direct,Expansion,247809,0.055,234179,Closed Lost,12/10/2023,4/21/2024,133,No,No,Limited budget
O03332,A0879,P007,Manufacturing,North America,Enterprise,Inside Sales,Renewal,101000,0.073,93627,Closed Lost,10/12/2025,2/5/2026,116,Yes,Yes,Price
O03333,A0729,P007,Manufacturing,Europe,Enterprise,Direct,New Logo,87999,0.114,77967,Closed Won,4/4/2025,8/10/2025,128,No,Yes,Existing relationship
O03334,A0042,P008,Financial Services,Europe,Enterprise,Inside Sales,New Logo,140324,0.189,113802,Closed Won,9/30/2023,1/13/2024,105,Yes,Yes,Existing relationship
O03335,A0444,P002,Manufacturing,North America,Enterprise,Direct,New Logo,212478,0.083,194842,Closed Lost,8/7/2025,12/23/2025,138,Yes,Yes,Price
O03336,A0142,P007,Healthcare,North America,Enterprise,Direct,Expansion,93476,0.075,86465,Closed Lost,5/18/2024,9/30/2024,135,Yes,Yes,No executive sponsor
O03337,A0974,P007,Technology,Europe,Mid-Market,Partner,Expansion,77637,0.145,66379,Closed Won,6/10/2026,7/30/2026,50,No,Yes,Existing relationship
O03338,A0450,P001,Financial Services,Europe,Enterprise,Direct,New Logo,203695,0.062,191065,Closed Lost,11/2/2024,3/27/2025,145,Yes,No,Competitor selected
O03339,A0892,P005,Healthcare,Europe,Mid-Market,Partner,Expansion,74313,0.157,62645,Closed Won,1/23/2025,4/10/2025,77,No,Yes,Executive alignment
O03340,A0753,P003,Manufacturing,APAC,Mid-Market,Direct,New Logo,124678,0.143,106849,Closed Won,12/10/2024,4/20/2025,131,No,No,Strong product fit
O03341,A0570,P007,Technology,Europe,Enterprise,Direct,New Logo,123109,0,123109,Closed Lost,9/15/2023,3/5/2024,172,Yes,Yes,Weak product fit
O03342,A0729,P002,Manufacturing,Europe,Enterprise,Direct,New Logo,244745,0.113,217088,Closed Won,11/10/2024,2/23/2025,105,Yes,No,Existing relationship
O03343,A0878,P004,Technology,Europe,Strategic,Direct,Renewal,237737,0.156,200650,Closed Won,5/20/2024,9/27/2024,130,No,No,Executive alignment
O03344,A0008,P005,Financial Services,North America,Strategic,Direct,New Logo,177195,0.035,170993,Closed Lost,8/30/2025,1/20/2026,143,Yes,Yes,Competitor selected
O03345,A0825,P007,Healthcare,Europe,Mid-Market,Inside Sales,Expansion,69143,0,69143,Closed Lost,8/7/2024,9/30/2024,54,Yes,No,Limited budget
O03346,A0306,P002,Manufacturing,APAC,Mid-Market,Direct,New Logo,143920,0.216,112833,Closed Lost,5/12/2025,8/4/2025,84,No,Yes,No executive sponsor
O03347,A0702,P004,Manufacturing,North America,Mid-Market,Direct,New Logo,111932,0.076,103425,Closed Won,1/27/2024,4/29/2024,93,No,Yes,Superior analytics
O03348,A0883,P002,Healthcare,North America,Mid-Market,Direct,New Logo,133696,0.235,102277,Closed Won,11/11/2023,2/5/2024,86,No,No,Superior analytics
O03349,A0676,P006,Technology,APAC,Mid-Market,Direct,Expansion,132600,0.224,102897,Closed Won,11/11/2024,2/17/2025,98,Yes,Yes,Executive alignment
O03350,A0507,P005,Technology,Europe,Enterprise,Direct,New Logo,135619,0.069,126261,Closed Won,1/19/2026,6/6/2026,138,No,No,Bundle value
O03351,A0992,P003,Manufacturing,North America,Enterprise,Direct,New Logo,199655,0.027,194264,Closed Lost,3/4/2024,6/29/2024,117,No,Yes,Weak product fit
O03352,A0943,P006,Financial Services,North America,Enterprise,Partner,New Logo,189631,0.144,162324,Closed Lost,6/1/2025,8/13/2025,73,Yes,Yes,Weak product fit
O03353,A0734,P007,Healthcare,APAC,Enterprise,Direct,New Logo,88291,0.084,80874,Closed Won,4/25/2026,8/14/2026,111,No,Yes,Bundle value
O03354,A0650,P008,Financial Services,Europe,Enterprise,Inside Sales,New Logo,125382,0.054,118611,Closed Won,11/1/2024,4/16/2025,166,Yes,No,Superior analytics
O03355,A0185,P007,Financial Services,Middle East,Enterprise,Direct,New Logo,107455,0.098,96924,Closed Won,10/18/2025,12/21/2025,64,Yes,No,Bundle value
O03356,A0333,P005,Healthcare,North America,Enterprise,Partner,Expansion,128458,0.162,107647,Closed Lost,4/6/2025,7/28/2025,113,No,No,Weak product fit
O03357,A0995,P004,Technology,Middle East,Mid-Market,Inside Sales,Expansion,92975,0.089,84700,Closed Won,6/13/2024,9/11/2024,90,Yes,Yes,Superior analytics
O03358,A0620,P006,Healthcare,North America,Enterprise,Partner,New Logo,234150,0.233,179593,Closed Won,10/23/2024,1/31/2025,100,Yes,Yes,Existing relationship
O03359,A0702,P005,Manufacturing,North America,Mid-Market,Direct,New Logo,75868,0.13,66005,Closed Lost,3/4/2024,5/5/2024,62,No,No,Price
O03360,A0064,P004,Healthcare,North America,Strategic,Inside Sales,Renewal,205106,0.083,188082,Closed Lost,11/10/2024,4/4/2025,145,Yes,Yes,Limited budget
O03361,A0823,P007,Healthcare,North America,Enterprise,Direct,New Logo,98915,0.163,82791,Closed Won,10/2/2023,12/24/2023,83,No,Yes,Bundle value
O03362,A0683,P002,Manufacturing,Middle East,Enterprise,Direct,New Logo,204716,0.143,175441,Open Pipeline,6/4/2026,11/24/2026,173,Yes,Yes,In progress
O03363,A0774,P008,Financial Services,Europe,Enterprise,Direct,Renewal,170746,0.149,145304,Closed Lost,3/23/2026,8/2/2026,132,No,Yes,Weak product fit
O03364,A0714,P007,Technology,APAC,Strategic,Direct,New Logo,137215,0.134,118828,Closed Won,12/25/2023,6/14/2024,172,Yes,Yes,Superior analytics
O03365,A0359,P002,Healthcare,APAC,Mid-Market,Direct,New Logo,128302,0.057,120988,Closed Won,1/30/2026,6/1/2026,122,No,No,Executive alignment
O03366,A0495,P002,Financial Services,Europe,Enterprise,Direct,Expansion,260895,0.119,229848,Open Pipeline,7/6/2026,10/19/2026,105,No,No,In progress
O03367,A0028,P002,Manufacturing,Middle East,Mid-Market,Direct,New Logo,136205,0.183,111279,Closed Lost,1/31/2026,4/19/2026,78,No,No,No executive sponsor
O03368,A0418,P004,Manufacturing,North America,Mid-Market,Direct,New Logo,120404,0.103,108002,Closed Lost,1/20/2025,3/28/2025,67,No,No,No executive sponsor
O03369,A0943,P007,Financial Services,North America,Enterprise,Partner,New Logo,95812,0.127,83643,Closed Won,4/11/2024,7/23/2024,103,Yes,No,Bundle value
O03370,A0512,P007,Manufacturing,APAC,Mid-Market,Inside Sales,New Logo,58004,0.078,53479,Closed Lost,7/23/2024,10/13/2024,82,Yes,No,Price
O03371,A0587,P006,Healthcare,APAC,Enterprise,Direct,Expansion,231761,0.041,222258,Open Pipeline,6/24/2026,11/19/2026,148,No,No,In progress
O03372,A0439,P007,Healthcare,APAC,Mid-Market,Direct,New Logo,64975,0.119,57242,Closed Lost,4/7/2024,6/24/2024,78,Yes,Yes,No executive sponsor
O03373,A0208,P007,Manufacturing,North America,Enterprise,Direct,New Logo,101114,0.127,88272,Closed Lost,1/20/2024,5/18/2024,119,Yes,No,Weak product fit
O03374,A0693,P002,Financial Services,Europe,Mid-Market,Partner,New Logo,129103,0.201,103153,Closed Won,5/13/2024,7/21/2024,69,No,No,Strong product fit
O03375,A0560,P008,Financial Services,North America,Enterprise,Direct,New Logo,171436,0.118,151206,Closed Lost,10/16/2024,3/25/2025,160,Yes,Yes,No executive sponsor
O03376,A0368,P008,Manufacturing,Europe,Mid-Market,Direct,Renewal,104926,0.136,90656,Closed Lost,11/27/2024,12/22/2024,25,No,No,Price
O03377,A0564,P005,Financial Services,Middle East,Mid-Market,Inside Sales,Expansion,85507,0.123,74989,Closed Lost,9/15/2025,12/26/2025,102,Yes,Yes,No executive sponsor
O03378,A0082,P004,Technology,North America,Enterprise,Direct,Renewal,147056,0.068,137056,Closed Lost,12/16/2024,6/14/2025,180,Yes,Yes,Competitor selected
O03379,A0332,P005,Manufacturing,APAC,Enterprise,Direct,New Logo,104769,0.082,96177,Closed Won,1/24/2025,5/25/2025,121,Yes,Yes,Existing relationship
O03380,A0903,P006,Financial Services,Europe,Mid-Market,Direct,Expansion,126227,0.013,124586,Closed Lost,8/5/2026,11/1/2026,88,Yes,Yes,Timing
O03381,A0111,P002,Manufacturing,APAC,Enterprise,Direct,Renewal,248069,0.042,237650,Closed Lost,4/29/2024,7/30/2024,92,No,Yes,Weak product fit
O03382,A0056,P003,Financial Services,APAC,Enterprise,Direct,New Logo,160939,0.082,147742,Closed Won,5/1/2024,10/9/2024,161,No,Yes,Executive alignment
O03383,A0968,P004,Technology,Europe,Enterprise,Direct,New Logo,168877,0.107,150807,Closed Lost,11/28/2023,2/11/2024,75,Yes,Yes,Price
O03384,A0646,P007,Healthcare,Middle East,Mid-Market,Inside Sales,Expansion,69602,0.164,58187,Closed Lost,10/2/2023,1/21/2024,111,Yes,No,No executive sponsor
O03385,A0122,P002,Financial Services,APAC,Strategic,Inside Sales,Expansion,325003,0.165,271377,Closed Lost,2/14/2025,7/18/2025,154,Yes,No,Competitor selected
O03386,A0518,P001,Technology,North America,Enterprise,Partner,Expansion,205585,0.152,174336,Closed Lost,8/31/2025,1/29/2026,151,Yes,Yes,Weak product fit
O03387,A0053,P003,Technology,APAC,Enterprise,Direct,New Logo,187325,0.148,159600,Closed Won,3/14/2025,7/2/2025,110,No,No,Bundle value
O03388,A0280,P001,Financial Services,APAC,Mid-Market,Inside Sales,New Logo,147108,0.028,142988,Closed Lost,9/3/2024,11/8/2024,66,Yes,Yes,Timing
O03389,A0949,P005,Technology,APAC,Mid-Market,Direct,New Logo,71032,0.14,61087,Closed Lost,11/3/2023,2/19/2024,108,Yes,No,Price
O03390,A0344,P007,Financial Services,Europe,Enterprise,Partner,New Logo,89151,0.112,79166,Closed Lost,8/20/2025,12/15/2025,117,Yes,Yes,Competitor selected
O03391,A0987,P005,Manufacturing,North America,Enterprise,Partner,New Logo,108146,0.215,84894,Closed Lost,6/14/2025,10/8/2025,116,Yes,Yes,Limited budget
O03392,A0060,P002,Technology,North America,Enterprise,Inside Sales,New Logo,199676,0.058,188094,Closed Lost,1/13/2024,5/31/2024,139,No,Yes,Competitor selected
O03393,A0532,P005,Financial Services,Europe,Mid-Market,Inside Sales,New Logo,78477,0.069,73062,Closed Lost,12/18/2023,1/26/2024,39,Yes,Yes,Timing
O03394,A0171,P004,Technology,APAC,Mid-Market,Direct,New Logo,98166,0.042,94043,Closed Lost,7/15/2025,11/24/2025,132,Yes,Yes,Competitor selected
O03395,A0024,P005,Manufacturing,Europe,Enterprise,Partner,Expansion,134733,0.169,111963,Closed Lost,4/2/2025,7/27/2025,116,Yes,No,Limited budget
O03396,A0738,P002,Healthcare,Europe,Mid-Market,Direct,New Logo,173955,0.136,150297,Open Pipeline,8/15/2026,11/21/2026,98,Yes,Yes,In progress
O03397,A0715,P001,Technology,Europe,Mid-Market,Direct,New Logo,141778,0.075,131144,Closed Lost,11/2/2023,2/23/2024,113,Yes,Yes,Price
O03398,A0477,P008,Manufacturing,North America,Mid-Market,Direct,New Logo,111186,0.152,94285,Closed Won,3/5/2025,4/5/2025,31,No,No,Existing relationship
O03399,A0346,P001,Healthcare,North America,Mid-Market,Direct,Expansion,141281,0.04,135629,Closed Lost,4/1/2024,6/4/2024,64,No,No,Limited budget
O03400,A0743,P003,Technology,APAC,Enterprise,Direct,New Logo,182716,0.044,174676,Open Pipeline,5/13/2026,8/22/2026,101,Yes,Yes,In progress
O03401,A0782,P003,Healthcare,Middle East,Enterprise,Direct,New Logo,183947,0.052,174381,Closed Lost,10/29/2025,4/6/2026,159,Yes,No,Timing
O03402,A0214,P002,Financial Services,North America,Enterprise,Direct,Expansion,230063,0.153,194863,Closed Lost,11/22/2023,1/5/2024,44,Yes,No,Price
O03403,A0381,P005,Healthcare,North America,Mid-Market,Direct,New Logo,70111,0.119,61767,Closed Won,5/21/2024,9/24/2024,126,Yes,Yes,Executive alignment
O03404,A0800,P002,Manufacturing,North America,Strategic,Direct,New Logo,275972,0.074,255550,Closed Lost,3/21/2025,6/28/2025,99,Yes,No,No executive sponsor
O03405,A0365,P002,Manufacturing,North America,Mid-Market,Direct,Expansion,153780,0.043,147167,Closed Won,9/19/2024,12/8/2024,80,Yes,Yes,Strong product fit
O03406,A0815,P005,Healthcare,North America,Mid-Market,Direct,New Logo,76281,0.164,63770,Closed Lost,1/21/2026,4/14/2026,83,Yes,Yes,Limited budget
O03407,A0989,P004,Financial Services,APAC,Enterprise,Direct,New Logo,143252,0.164,119758,Closed Lost,4/1/2026,7/17/2026,107,Yes,No,Timing
O03408,A0127,P001,Healthcare,Europe,Mid-Market,Direct,New Logo,139029,0.127,121372,Closed Lost,2/10/2026,5/21/2026,100,Yes,Yes,Timing
O03409,A0851,P004,Technology,Middle East,Mid-Market,Direct,Expansion,95905,0.186,78066,Closed Lost,2/3/2026,4/25/2026,81,Yes,No,Weak product fit
O03410,A0547,P007,Technology,Middle East,Mid-Market,Direct,New Logo,77949,0.149,66334,Closed Lost,2/7/2024,5/1/2024,84,Yes,Yes,Limited budget
O03411,A0463,P006,Technology,APAC,Enterprise,Direct,New Logo,190062,0.082,174476,Closed Lost,7/14/2025,12/20/2025,159,No,No,Weak product fit
O03412,A0591,P008,Financial Services,APAC,Mid-Market,Partner,New Logo,104023,0.154,88003,Open Pipeline,7/19/2026,9/3/2026,46,No,No,In progress
O03413,A0587,P004,Healthcare,APAC,Enterprise,Inside Sales,Expansion,172282,0.083,157982,Closed Lost,9/6/2024,11/22/2024,77,No,No,Weak product fit
O03414,A0532,P001,Financial Services,Europe,Mid-Market,Inside Sales,New Logo,129144,0,129144,Closed Lost,5/13/2026,7/25/2026,73,No,No,No executive sponsor
O03415,A0250,P002,Technology,North America,Enterprise,Direct,New Logo,193213,0.163,161719,Closed Won,9/15/2023,2/16/2024,154,No,Yes,Strong product fit
O03416,A0733,P007,Healthcare,APAC,Enterprise,Inside Sales,New Logo,118996,0.023,116259,Closed Won,2/4/2025,6/4/2025,120,No,No,Existing relationship
O03417,A0024,P006,Manufacturing,Europe,Enterprise,Direct,Expansion,227701,0.065,212900,Closed Lost,5/5/2025,8/8/2025,95,Yes,No,Price
O03418,A0771,P006,Healthcare,Europe,Enterprise,Direct,Expansion,233233,0.151,198014,Closed Lost,6/28/2025,10/19/2025,113,Yes,No,Limited budget
O03419,A0887,P002,Technology,North America,Mid-Market,Direct,New Logo,128044,0.037,123306,Closed Lost,4/17/2025,8/13/2025,118,Yes,No,Timing
O03420,A0676,P005,Technology,APAC,Mid-Market,Inside Sales,Renewal,86850,0.058,81812,Closed Lost,7/6/2024,7/31/2024,25,Yes,No,Timing
O03421,A0542,P006,Healthcare,Middle East,Mid-Market,Inside Sales,New Logo,123240,0.049,117201,Closed Lost,12/10/2024,2/9/2025,61,Yes,Yes,Weak product fit
O03422,A0696,P001,Healthcare,APAC,Mid-Market,Direct,New Logo,117283,0.131,101918,Closed Won,6/25/2025,8/30/2025,66,No,No,Strong product fit
O03423,A0476,P001,Healthcare,Middle East,Mid-Market,Direct,Expansion,113645,0.138,97961,Closed Lost,12/19/2023,2/17/2024,60,No,No,Competitor selected
O03424,A0376,P001,Manufacturing,APAC,Strategic,Partner,Renewal,230195,0.137,198658,Closed Won,2/3/2026,6/19/2026,136,No,No,Strong product fit
O03425,A0821,P005,Manufacturing,Middle East,Mid-Market,Direct,New Logo,75785,0.038,72905,Closed Won,2/17/2025,4/18/2025,60,Yes,Yes,Superior analytics
O03426,A0057,P005,Manufacturing,Europe,Enterprise,Direct,New Logo,141602,0.086,129424,Closed Lost,4/24/2024,7/20/2024,87,Yes,Yes,Weak product fit
O03427,A0140,P003,Financial Services,Europe,Enterprise,Partner,New Logo,174715,0.195,140645,Closed Won,8/2/2024,11/20/2024,110,Yes,Yes,Strong product fit
O03428,A0739,P002,Financial Services,North America,Strategic,Direct,Expansion,302445,0.08,278249,Closed Won,11/7/2024,2/26/2025,111,No,Yes,Strong product fit
O03429,A0507,P004,Technology,Europe,Enterprise,Partner,New Logo,137758,0.166,114890,Closed Lost,5/30/2025,10/7/2025,130,No,Yes,Weak product fit
O03430,A0843,P006,Technology,North America,Mid-Market,Direct,New Logo,130222,0,130222,Closed Lost,11/20/2024,1/7/2025,48,No,Yes,No executive sponsor
O03431,A0554,P002,Technology,APAC,Mid-Market,Partner,Renewal,161566,0.119,142339,Closed Lost,4/11/2025,8/23/2025,134,No,Yes,Weak product fit
O03432,A0879,P008,Manufacturing,North America,Enterprise,Partner,Expansion,157378,0.163,131725,Closed Won,2/13/2024,5/15/2024,92,No,No,Existing relationship
O03433,A0822,P004,Manufacturing,North America,Mid-Market,Inside Sales,New Logo,96661,0.009,95791,Closed Lost,4/9/2024,7/15/2024,97,No,Yes,Competitor selected
O03434,A0691,P003,Financial Services,North America,Enterprise,Direct,New Logo,190488,0.151,161724,Closed Won,10/15/2023,1/1/2024,78,No,No,Strong product fit
O03435,A0723,P008,Manufacturing,APAC,Enterprise,Partner,Expansion,173595,0.179,142521,Closed Lost,9/13/2024,12/10/2024,88,No,Yes,No executive sponsor
O03436,A0720,P003,Manufacturing,APAC,Mid-Market,Direct,Expansion,127704,0.039,122723,Closed Lost,12/3/2023,2/19/2024,78,No,Yes,Limited budget
O03437,A0969,P002,Technology,North America,Enterprise,Inside Sales,New Logo,214296,0.1,192866,Closed Won,6/6/2024,8/6/2024,61,Yes,Yes,Bundle value
O03438,A0462,P003,Manufacturing,Europe,Mid-Market,Partner,New Logo,123647,0.124,108314,Closed Lost,6/7/2025,9/1/2025,86,Yes,Yes,Price
O03439,A0406,P007,Financial Services,Europe,Enterprise,Direct,New Logo,93779,0.121,82431,Open Pipeline,6/28/2026,9/13/2026,77,No,Yes,In progress
O03440,A0911,P003,Healthcare,North America,Enterprise,Direct,New Logo,157228,0.098,141819,Closed Lost,6/3/2024,8/30/2024,88,No,No,Competitor selected
O03441,A0328,P001,Manufacturing,Europe,Mid-Market,Partner,New Logo,118649,0.208,93970,Closed Lost,3/12/2024,5/17/2024,66,Yes,No,Competitor selected
O03442,A0341,P003,Healthcare,North America,Enterprise,Direct,New Logo,178570,0.098,161070,Closed Won,2/3/2026,5/5/2026,91,No,Yes,Superior analytics
O03443,A0150,P002,Healthcare,Middle East,Enterprise,Direct,New Logo,272028,0.145,232583,Closed Lost,8/2/2024,10/26/2024,85,Yes,No,Price
O03444,A0627,P003,Financial Services,North America,Mid-Market,Partner,New Logo,100211,0.125,87684,Closed Lost,12/22/2025,2/11/2026,51,No,No,Weak product fit
O03445,A0350,P003,Financial Services,North America,Mid-Market,Direct,Expansion,108613,0.071,100901,Closed Lost,11/16/2023,1/16/2024,61,Yes,No,Competitor selected
O03446,A0752,P006,Manufacturing,Europe,Mid-Market,Direct,New Logo,144962,0.082,133075,Closed Lost,1/28/2024,3/18/2024,50,Yes,Yes,Competitor selected
O03447,A0771,P005,Healthcare,Europe,Enterprise,Direct,New Logo,126035,0.101,113305,Closed Won,6/1/2024,9/24/2024,115,Yes,No,Executive alignment
O03448,A0826,P008,Financial Services,North America,Mid-Market,Inside Sales,Renewal,86402,0.051,81995,Closed Lost,3/25/2025,7/18/2025,115,Yes,Yes,Competitor selected
O03449,A0684,P008,Financial Services,North America,Mid-Market,Inside Sales,New Logo,93896,0.181,76900,Closed Lost,4/17/2025,8/16/2025,121,Yes,No,Competitor selected
O03450,A0844,P006,Manufacturing,North America,Mid-Market,Direct,New Logo,134171,0.074,124242,Closed Won,10/6/2023,11/6/2023,31,Yes,No,Bundle value
O03451,A0852,P003,Manufacturing,North America,Strategic,Inside Sales,New Logo,259204,0.064,242614,Open Pipeline,6/21/2026,11/12/2026,144,Yes,Yes,In progress
O03452,A0892,P005,Healthcare,Europe,Mid-Market,Inside Sales,Expansion,89514,0.2,71611,Closed Lost,10/8/2025,2/11/2026,126,Yes,No,Timing
O03453,A0913,P007,Technology,North America,Enterprise,Direct,New Logo,98692,0.11,87835,Closed Won,11/17/2024,5/21/2025,185,No,Yes,Existing relationship
O03454,A0014,P008,Technology,Europe,Mid-Market,Partner,New Logo,89077,0.088,81238,Closed Lost,9/5/2025,12/20/2025,106,Yes,No,Timing
O03455,A0349,P003,Healthcare,North America,Enterprise,Direct,New Logo,181068,0.181,148294,Open Pipeline,6/18/2026,10/26/2026,130,Yes,No,In progress
O03456,A0126,P007,Manufacturing,APAC,Strategic,Direct,New Logo,140948,0.135,121920,Closed Lost,9/3/2025,1/5/2026,124,Yes,Yes,Price
O03457,A0459,P002,Financial Services,Europe,Mid-Market,Direct,Expansion,155777,0.132,135214,Closed Won,2/8/2024,6/3/2024,116,No,No,Bundle value
O03458,A0659,P007,Manufacturing,APAC,Mid-Market,Direct,New Logo,63869,0.15,54288,Closed Lost,7/1/2024,9/22/2024,83,Yes,Yes,Limited budget
O03459,A0613,P005,Financial Services,APAC,Strategic,Direct,New Logo,180644,0.123,158424,Closed Won,2/14/2026,6/20/2026,126,Yes,No,Superior analytics
O03460,A0972,P007,Manufacturing,APAC,Mid-Market,Direct,Expansion,57375,0.161,48137,Closed Lost,4/24/2026,6/9/2026,46,Yes,No,Price
O03461,A0439,P006,Healthcare,APAC,Mid-Market,Partner,New Logo,134789,0.093,122253,Closed Won,5/14/2025,6/15/2025,32,Yes,Yes,Superior analytics
O03462,A0386,P001,Financial Services,Europe,Mid-Market,Direct,New Logo,143999,0.068,134207,Closed Lost,7/26/2026,9/29/2026,65,Yes,Yes,No executive sponsor
O03463,A0174,P005,Technology,North America,Mid-Market,Direct,Expansion,90126,0.098,81293,Closed Lost,5/12/2024,6/30/2024,49,No,Yes,Limited budget
O03464,A0397,P006,Financial Services,Europe,Mid-Market,Direct,New Logo,156196,0.128,136202,Closed Lost,1/27/2026,3/28/2026,60,No,No,Limited budget
O03465,A0776,P003,Financial Services,APAC,Mid-Market,Direct,New Logo,115658,0.151,98193,Closed Lost,9/22/2024,10/31/2024,39,Yes,No,Limited budget
O03466,A0644,P002,Financial Services,APAC,Mid-Market,Direct,New Logo,163075,0.217,127687,Closed Lost,12/20/2025,3/7/2026,77,Yes,Yes,Weak product fit
O03467,A0723,P005,Manufacturing,APAC,Enterprise,Partner,Expansion,104611,0.129,91116,Closed Lost,7/14/2025,11/3/2025,112,Yes,No,Limited budget
O03468,A0099,P005,Healthcare,APAC,Enterprise,Direct,Renewal,139162,0.101,125106,Closed Lost,7/30/2026,11/17/2026,110,Yes,No,Timing
O03469,A0209,P001,Manufacturing,North America,Strategic,Direct,New Logo,266709,0.109,237637,Open Pipeline,5/21/2026,11/8/2026,171,Yes,Yes,In progress
O03470,A0845,P004,Technology,Europe,Strategic,Direct,New Logo,189252,0.101,170137,Closed Won,11/10/2023,3/12/2024,123,No,No,Bundle value
O03471,A0561,P006,Financial Services,Europe,Enterprise,Direct,Expansion,240290,0.089,218904,Closed Lost,12/20/2025,4/13/2026,114,No,No,Timing
O03472,A0569,P001,Financial Services,North America,Mid-Market,Direct,New Logo,124994,0.124,109494,Closed Won,1/30/2025,5/13/2025,103,No,No,Executive alignment
O03473,A0407,P004,Healthcare,North America,Enterprise,Direct,New Logo,174335,0.155,147313,Closed Lost,6/21/2025,10/8/2025,109,No,Yes,Price
O03474,A0528,P001,Financial Services,APAC,Enterprise,Direct,New Logo,213487,0.063,200037,Closed Lost,5/25/2025,10/6/2025,134,Yes,No,No executive sponsor
O03475,A0870,P001,Healthcare,Europe,Enterprise,Direct,New Logo,206061,0.173,170412,Closed Lost,7/31/2024,11/10/2024,102,No,Yes,Competitor selected
O03476,A0686,P005,Healthcare,APAC,Enterprise,Inside Sales,New Logo,126660,0.038,121846,Closed Lost,2/8/2025,5/23/2025,104,Yes,No,Timing
O03477,A0668,P001,Healthcare,APAC,Mid-Market,Direct,New Logo,122648,0.073,113694,Closed Won,5/1/2024,6/15/2024,45,No,No,Existing relationship
O03478,A0377,P007,Technology,APAC,Mid-Market,Direct,Expansion,66095,0.144,56577,Closed Lost,1/5/2026,3/28/2026,82,No,No,Price
O03479,A0997,P008,Healthcare,APAC,Mid-Market,Inside Sales,New Logo,98546,0.188,80019,Closed Lost,12/28/2024,4/9/2025,102,Yes,No,Limited budget
O03480,A0041,P001,Manufacturing,Middle East,Mid-Market,Partner,New Logo,144528,0.172,119669,Closed Lost,4/10/2024,6/25/2024,76,Yes,Yes,Limited budget
O03481,A0189,P002,Healthcare,Europe,Mid-Market,Direct,New Logo,133852,0.143,114711,Closed Won,12/20/2024,3/8/2025,78,No,Yes,Strong product fit
O03482,A0840,P002,Manufacturing,Europe,Mid-Market,Direct,New Logo,164387,0.069,153044,Closed Lost,11/10/2024,1/8/2025,59,No,No,Timing
O03483,A0259,P006,Financial Services,North America,Mid-Market,Inside Sales,New Logo,121719,0.151,103339,Closed Lost,11/19/2025,1/21/2026,63,No,Yes,No executive sponsor
O03484,A0057,P008,Manufacturing,Europe,Enterprise,Direct,New Logo,147652,0.122,129638,Closed Lost,10/19/2023,4/26/2024,190,Yes,No,Weak product fit
O03485,A0787,P004,Financial Services,North America,Mid-Market,Direct,New Logo,90289,0.165,75391,Closed Lost,3/10/2025,4/30/2025,51,No,No,Limited budget
O03486,A0212,P004,Technology,Middle East,Mid-Market,Direct,Renewal,110169,0.119,97058,Closed Won,10/25/2025,2/26/2026,124,No,No,Strong product fit
O03487,A0195,P001,Technology,APAC,Mid-Market,Direct,New Logo,117188,0.073,108633,Closed Lost,11/28/2024,3/15/2025,107,No,No,Price
O03488,A0203,P006,Manufacturing,Europe,Enterprise,Inside Sales,New Logo,232014,0.16,194891,Closed Won,10/17/2023,2/22/2024,128,Yes,No,Strong product fit
O03489,A0299,P006,Technology,Europe,Enterprise,Direct,Expansion,195432,0.057,184292,Closed Lost,3/11/2024,6/3/2024,84,Yes,No,Timing
O03490,A0649,P007,Technology,Europe,Enterprise,Direct,New Logo,122251,0.091,111126,Closed Lost,5/30/2026,8/18/2026,80,Yes,No,Limited budget
O03491,A0955,P007,Healthcare,North America,Enterprise,Inside Sales,Expansion,94706,0.105,84761,Closed Lost,8/11/2026,12/18/2026,129,Yes,No,Limited budget
O03492,A0298,P007,Technology,Middle East,Mid-Market,Direct,Expansion,60413,0.183,49357,Closed Won,2/20/2025,5/15/2025,84,No,Yes,Existing relationship
O03493,A0800,P006,Manufacturing,North America,Strategic,Partner,New Logo,274628,0.192,221899,Closed Lost,1/20/2025,6/30/2025,161,Yes,No,Weak product fit
O03494,A0046,P006,Healthcare,Europe,Strategic,Partner,New Logo,300929,0.109,268127,Closed Won,3/18/2025,8/2/2025,137,Yes,Yes,Superior analytics
O03495,A0843,P001,Technology,North America,Mid-Market,Partner,Expansion,117213,0.104,105022,Closed Lost,10/17/2023,1/9/2024,84,No,No,Limited budget
O03496,A0463,P007,Technology,APAC,Enterprise,Partner,New Logo,105695,0.133,91637,Closed Lost,9/7/2023,2/26/2024,172,No,Yes,Competitor selected
O03497,A0755,P005,Financial Services,APAC,Mid-Market,Partner,Expansion,65673,0.128,57266,Closed Lost,9/26/2024,12/6/2024,71,No,Yes,Timing
O03498,A0258,P008,Manufacturing,Europe,Strategic,Direct,New Logo,227189,0.08,209013,Closed Lost,1/29/2024,8/8/2024,192,No,No,Weak product fit
O03499,A0064,P006,Healthcare,North America,Strategic,Direct,New Logo,267706,0.198,214700,Closed Lost,5/15/2025,10/11/2025,149,Yes,Yes,Weak product fit
O03500,A0459,P005,Financial Services,Europe,Mid-Market,Direct,New Logo,86329,0.1,77696,Closed Lost,6/18/2025,8/24/2025,67,Yes,No,Weak product fit
O03501,A0410,P005,Manufacturing,APAC,Mid-Market,Inside Sales,New Logo,67135,0.127,58608,Closed Lost,10/6/2025,2/26/2026,143,Yes,Yes,Limited budget
O03502,A0782,P005,Healthcare,Middle East,Enterprise,Direct,New Logo,138583,0.119,122091,Closed Lost,4/18/2024,9/9/2024,144,No,Yes,Price
O03503,A0185,P006,Financial Services,Middle East,Enterprise,Inside Sales,New Logo,209900,0.066,196046,Closed Lost,5/25/2026,8/18/2026,85,Yes,Yes,Price
O03504,A0225,P003,Healthcare,APAC,Mid-Market,Direct,New Logo,112644,0.158,94846,Closed Lost,3/4/2024,6/26/2024,114,Yes,No,Competitor selected
O03505,A0921,P005,Healthcare,APAC,Enterprise,Direct,New Logo,107577,0.097,97142,Closed Lost,3/14/2024,6/10/2024,88,No,No,Weak product fit
O03506,A0603,P001,Healthcare,North America,Enterprise,Direct,New Logo,231549,0.138,199595,Open Pipeline,7/1/2026,11/6/2026,128,Yes,No,In progress
O03507,A0284,P008,Healthcare,North America,Mid-Market,Inside Sales,New Logo,110416,0.127,96393,Closed Lost,1/3/2025,4/13/2025,100,Yes,Yes,No executive sponsor
O03508,A0736,P002,Healthcare,APAC,Enterprise,Direct,Expansion,259414,0.131,225430,Closed Won,3/17/2024,6/15/2024,90,No,Yes,Existing relationship
O03509,A0073,P002,Manufacturing,Europe,Mid-Market,Direct,New Logo,130933,0,130933,Closed Lost,2/19/2025,3/26/2025,35,Yes,No,Weak product fit
O03510,A0814,P007,Manufacturing,North America,Mid-Market,Direct,New Logo,58699,0.022,57407,Closed Won,6/6/2024,7/18/2024,42,No,Yes,Strong product fit
O03511,A0703,P005,Healthcare,APAC,Strategic,Partner,Renewal,178835,0.166,149148,Closed Lost,2/19/2025,8/3/2025,165,No,Yes,No executive sponsor
O03512,A0556,P008,Healthcare,North America,Mid-Market,Partner,New Logo,110992,0.134,96119,Closed Lost,3/19/2025,5/24/2025,66,No,No,Weak product fit
O03513,A0298,P003,Technology,Middle East,Mid-Market,Partner,Renewal,105418,0.241,80012,Closed Lost,8/22/2023,10/25/2023,64,Yes,No,Limited budget
O03514,A0463,P006,Technology,APAC,Enterprise,Direct,Expansion,252660,0.059,237753,Closed Won,11/27/2024,3/22/2025,115,Yes,No,Existing relationship
O03515,A0836,P002,Technology,Europe,Strategic,Direct,Renewal,373995,0.076,345571,Closed Lost,10/2/2024,2/28/2025,149,No,No,Weak product fit
O03516,A0651,P005,Manufacturing,North America,Enterprise,Direct,Renewal,101973,0.173,84331,Closed Lost,5/16/2025,8/30/2025,106,Yes,No,Weak product fit
O03517,A0596,P002,Financial Services,North America,Enterprise,Partner,Expansion,248721,0.191,201215,Closed Won,5/7/2024,9/27/2024,143,No,No,Superior analytics
O03518,A0082,P003,Technology,North America,Enterprise,Partner,Expansion,153176,0.118,135101,Closed Won,9/14/2023,1/13/2024,121,Yes,Yes,Existing relationship
O03519,A0437,P006,Financial Services,Middle East,Enterprise,Partner,New Logo,190167,0.15,161641,Closed Won,6/26/2024,10/28/2024,124,Yes,Yes,Superior analytics
O03520,A0820,P003,Technology,North America,Mid-Market,Direct,New Logo,135257,0,135257,Closed Lost,7/4/2024,9/10/2024,68,No,No,Limited budget
O03521,A0056,P004,Financial Services,APAC,Enterprise,Direct,Expansion,186563,0.1,167906,Closed Lost,2/6/2026,7/2/2026,146,No,No,Limited budget
O03522,A0796,P006,Technology,North America,Enterprise,Inside Sales,New Logo,230655,0.024,225119,Closed Lost,12/10/2024,5/25/2025,166,No,No,Price
O03523,A0487,P002,Technology,Europe,Enterprise,Direct,New Logo,249886,0.049,237641,Closed Lost,8/6/2025,12/27/2025,143,No,No,Limited budget
O03524,A0821,P006,Manufacturing,Middle East,Mid-Market,Direct,New Logo,146150,0.063,136942,Open Pipeline,6/19/2026,9/9/2026,82,Yes,Yes,In progress
O03525,A0531,P005,Technology,North America,Enterprise,Direct,New Logo,117707,0.109,104876,Closed Won,12/14/2023,3/4/2024,81,No,Yes,Executive alignment
O03526,A0849,P001,Technology,Europe,Enterprise,Direct,Expansion,185066,0.065,173036,Closed Lost,1/30/2025,7/2/2025,153,Yes,Yes,Competitor selected
O03527,A0823,P001,Healthcare,North America,Enterprise,Direct,New Logo,229030,0.161,192156,Closed Lost,12/10/2023,4/14/2024,126,Yes,No,Timing
O03528,A0604,P002,Healthcare,APAC,Enterprise,Partner,New Logo,269367,0.237,205527,Closed Lost,12/8/2023,5/8/2024,152,Yes,No,Timing
O03529,A0114,P005,Financial Services,North America,Strategic,Direct,Expansion,183423,0.111,163063,Open Pipeline,4/12/2026,9/22/2026,163,No,No,In progress
O03530,A0161,P003,Manufacturing,APAC,Mid-Market,Direct,Expansion,138268,0.129,120431,Closed Won,11/22/2025,1/27/2026,66,Yes,Yes,Bundle value
O03531,A0839,P008,Financial Services,APAC,Enterprise,Direct,New Logo,149560,0.138,128920,Closed Won,1/31/2026,5/28/2026,117,Yes,Yes,Superior analytics
O03532,A0705,P006,Financial Services,North America,Enterprise,Partner,New Logo,210577,0.174,173936,Closed Won,9/16/2024,1/1/2025,107,Yes,No,Bundle value
O03533,A0941,P003,Financial Services,North America,Mid-Market,Direct,New Logo,127433,0.171,105641,Closed Lost,4/19/2025,6/17/2025,59,Yes,Yes,Timing
O03534,A0781,P003,Technology,Middle East,Mid-Market,Direct,Expansion,132234,0.181,108299,Open Pipeline,7/17/2026,11/1/2026,107,Yes,Yes,In progress
O03535,A0543,P008,Healthcare,APAC,Enterprise,Partner,Expansion,159099,0.191,128711,Closed Won,11/29/2023,3/4/2024,96,Yes,Yes,Executive alignment
O03536,A0944,P004,Financial Services,Europe,Enterprise,Partner,New Logo,172836,0.154,146219,Closed Won,12/29/2025,6/3/2026,156,Yes,No,Executive alignment
O03537,A0013,P008,Financial Services,APAC,Enterprise,Direct,Expansion,162246,0.121,142614,Closed Lost,3/7/2024,5/23/2024,77,No,No,Price
O03538,A0283,P006,Healthcare,Europe,Enterprise,Direct,Renewal,195980,0.167,163251,Closed Lost,5/3/2025,8/3/2025,92,Yes,Yes,No executive sponsor
O03539,A0590,P006,Financial Services,Europe,Enterprise,Direct,New Logo,187885,0.122,164963,Closed Lost,10/4/2024,1/5/2025,93,No,Yes,Price
O03540,A0298,P004,Technology,Middle East,Mid-Market,Direct,Expansion,113860,0.045,108736,Closed Lost,12/19/2025,1/13/2026,25,No,No,Timing
O03541,A0885,P005,Healthcare,North America,Mid-Market,Direct,New Logo,79129,0.153,67022,Closed Won,12/2/2023,3/13/2024,102,No,No,Superior analytics
O03542,A0680,P005,Manufacturing,North America,Enterprise,Direct,New Logo,121759,0.18,99842,Closed Won,10/30/2023,5/12/2024,195,No,Yes,Superior analytics
O03543,A0390,P003,Financial Services,North America,Mid-Market,Partner,Expansion,122419,0.163,102464,Closed Won,2/8/2025,4/26/2025,77,Yes,No,Existing relationship
O03544,A0796,P008,Technology,North America,Enterprise,Partner,New Logo,129206,0.156,109049,Closed Lost,3/25/2025,8/13/2025,141,No,No,Price
O03545,A0249,P006,Financial Services,North America,Enterprise,Direct,New Logo,207406,0,207406,Closed Won,12/26/2025,2/11/2026,47,Yes,Yes,Bundle value
O03546,A0102,P008,Healthcare,Europe,Mid-Market,Direct,New Logo,83502,0.098,75318,Closed Won,3/21/2024,7/20/2024,121,Yes,No,Bundle value
O03547,A0572,P005,Financial Services,APAC,Enterprise,Direct,New Logo,116054,0.088,105841,Closed Lost,4/15/2026,7/13/2026,89,No,Yes,Price
O03548,A0432,P005,Technology,Europe,Enterprise,Direct,New Logo,117019,0.034,113040,Closed Won,11/1/2024,2/22/2025,113,No,Yes,Bundle value
O03549,A0467,P005,Healthcare,APAC,Enterprise,Direct,New Logo,129557,0.059,121913,Closed Lost,3/22/2024,8/6/2024,137,No,No,Limited budget
O03550,A0950,P002,Financial Services,APAC,Mid-Market,Partner,New Logo,160637,0.096,145215,Closed Lost,3/18/2026,6/24/2026,98,Yes,Yes,No executive sponsor
O03551,A0097,P007,Technology,Europe,Enterprise,Partner,New Logo,113510,0.131,98640,Closed Won,5/29/2025,10/5/2025,129,No,No,Superior analytics
O03552,A0300,P007,Healthcare,Europe,Mid-Market,Direct,New Logo,66224,0.12,58277,Closed Lost,8/18/2024,12/19/2024,123,Yes,No,No executive sponsor
O03553,A0882,P001,Manufacturing,APAC,Enterprise,Partner,New Logo,192681,0.099,173605,Closed Won,8/25/2024,1/16/2025,144,No,Yes,Superior analytics
O03554,A0320,P003,Technology,APAC,Enterprise,Partner,New Logo,197835,0.206,157080,Closed Won,12/9/2023,4/5/2024,118,Yes,No,Superior analytics
O03555,A0474,P003,Technology,North America,Mid-Market,Direct,New Logo,103326,0.161,86690,Closed Won,8/31/2024,10/29/2024,59,Yes,No,Existing relationship
O03556,A0142,P007,Healthcare,North America,Enterprise,Direct,New Logo,119595,0.128,104286,Closed Lost,11/27/2023,5/1/2024,156,No,Yes,Weak product fit
O03557,A0674,P001,Technology,North America,Enterprise,Direct,Expansion,216023,0.088,197012,Closed Won,1/23/2024,5/4/2024,102,No,No,Strong product fit
O03558,A0973,P002,Financial Services,Europe,Strategic,Partner,New Logo,367847,0.185,299795,Closed Won,12/21/2023,6/16/2024,178,Yes,Yes,Bundle value
O03559,A0941,P002,Financial Services,North America,Mid-Market,Direct,New Logo,144062,0.06,135418,Closed Won,1/3/2024,2/14/2024,42,Yes,No,Existing relationship
O03560,A0024,P005,Manufacturing,Europe,Enterprise,Inside Sales,New Logo,104132,0.106,93094,Closed Lost,3/26/2024,7/28/2024,124,No,No,Competitor selected
O03561,A0062,P003,Healthcare,North America,Mid-Market,Direct,New Logo,98509,0.113,87377,Closed Lost,11/6/2025,1/16/2026,71,No,Yes,Timing
O03562,A0505,P002,Manufacturing,Middle East,Mid-Market,Direct,New Logo,161184,0.119,142003,Closed Lost,2/26/2024,6/13/2024,108,Yes,No,Competitor selected
O03563,A0770,P007,Technology,Europe,Enterprise,Direct,New Logo,95807,0.122,84118,Closed Won,12/29/2023,5/18/2024,141,No,Yes,Existing relationship
O03564,A0897,P004,Technology,Europe,Mid-Market,Inside Sales,New Logo,88263,0.038,84909,Closed Won,12/21/2025,3/10/2026,79,Yes,Yes,Existing relationship
O03565,A0488,P006,Manufacturing,Middle East,Enterprise,Direct,New Logo,193254,0.031,187263,Closed Lost,9/16/2023,1/26/2024,132,No,Yes,Competitor selected
O03566,A0864,P001,Healthcare,North America,Enterprise,Direct,New Logo,190490,0.102,171060,Closed Lost,9/13/2025,12/10/2025,88,Yes,Yes,Limited budget
O03567,A0864,P008,Healthcare,North America,Enterprise,Direct,New Logo,170410,0.139,146723,Closed Lost,8/28/2025,9/22/2025,25,Yes,No,Price
O03568,A0969,P001,Technology,North America,Enterprise,Direct,Expansion,227905,0.185,185742,Closed Won,3/25/2025,8/10/2025,138,No,Yes,Strong product fit
O03569,A0880,P002,Financial Services,APAC,Mid-Market,Direct,New Logo,169344,0.022,165618,Closed Won,6/9/2025,7/4/2025,25,No,Yes,Superior analytics
O03570,A0620,P001,Healthcare,North America,Enterprise,Direct,New Logo,216029,0.071,200690,Closed Lost,12/25/2023,4/29/2024,126,Yes,No,Competitor selected
O03571,A0243,P005,Healthcare,APAC,Enterprise,Direct,New Logo,133054,0.146,113628,Closed Lost,3/16/2025,6/4/2025,80,No,Yes,No executive sponsor
O03572,A0535,P002,Manufacturing,Middle East,Mid-Market,Direct,New Logo,158127,0.086,144528,Closed Won,11/29/2024,12/24/2024,25,No,Yes,Strong product fit
O03573,A0588,P003,Manufacturing,Middle East,Mid-Market,Direct,New Logo,119737,0.148,102015,Closed Lost,3/23/2026,4/17/2026,25,No,No,Limited budget
O03574,A0024,P001,Manufacturing,Europe,Enterprise,Inside Sales,Renewal,218587,0.104,195853,Closed Won,2/1/2024,5/30/2024,119,No,Yes,Bundle value
O03575,A0483,P008,Financial Services,APAC,Mid-Market,Direct,New Logo,99318,0.059,93458,Open Pipeline,7/29/2026,9/22/2026,55,No,Yes,In progress
O03576,A0839,P006,Financial Services,APAC,Enterprise,Direct,New Logo,192792,0.137,166379,Closed Lost,4/22/2025,10/4/2025,165,Yes,No,Limited budget
O03577,A0722,P007,Manufacturing,Europe,Enterprise,Inside Sales,New Logo,120829,0.082,110921,Closed Lost,11/5/2025,5/1/2026,177,No,No,No executive sponsor
O03578,A0161,P008,Manufacturing,APAC,Mid-Market,Direct,New Logo,84130,0.126,73529,Closed Lost,9/27/2024,11/8/2024,42,Yes,No,Limited budget
O03579,A0992,P002,Manufacturing,North America,Enterprise,Inside Sales,Expansion,227740,0.089,207471,Open Pipeline,5/31/2026,9/7/2026,99,Yes,No,In progress
O03580,A0923,P004,Manufacturing,APAC,Strategic,Direct,New Logo,224982,0.085,205858,Closed Lost,9/21/2024,2/18/2025,150,Yes,Yes,Competitor selected
O03581,A0759,P006,Manufacturing,Middle East,Enterprise,Partner,Renewal,234612,0.178,192851,Closed Lost,11/21/2023,3/20/2024,120,No,No,Price
O03582,A0876,P006,Manufacturing,Europe,Mid-Market,Direct,New Logo,159384,0.137,137548,Closed Lost,10/2/2025,12/7/2025,66,Yes,Yes,Weak product fit
O03583,A0153,P007,Financial Services,Europe,Mid-Market,Direct,New Logo,59027,0.092,53596,Closed Lost,6/11/2024,9/4/2024,85,Yes,Yes,Timing
O03584,A0050,P008,Manufacturing,Europe,Mid-Market,Partner,New Logo,83764,0.1,75387,Closed Lost,1/7/2026,3/12/2026,64,No,Yes,Limited budget
O03585,A0145,P006,Manufacturing,APAC,Mid-Market,Direct,New Logo,153690,0.06,144468,Closed Lost,9/21/2023,12/21/2023,91,Yes,No,Competitor selected
O03586,A0604,P003,Healthcare,APAC,Enterprise,Direct,Expansion,186256,0.141,159993,Closed Won,10/24/2024,3/8/2025,135,No,Yes,Strong product fit
O03587,A0338,P008,Healthcare,APAC,Mid-Market,Partner,New Logo,104112,0.15,88495,Closed Lost,1/12/2024,4/9/2024,88,Yes,Yes,Weak product fit
O03588,A0088,P004,Technology,APAC,Strategic,Direct,Expansion,219182,0,219182,Open Pipeline,3/30/2026,10/7/2026,191,Yes,Yes,In progress
O03589,A0914,P008,Healthcare,North America,Strategic,Direct,Renewal,206050,0.093,186887,Closed Lost,7/24/2025,11/13/2025,112,Yes,No,Competitor selected
O03590,A0974,P001,Technology,Europe,Mid-Market,Direct,New Logo,115174,0.183,94097,Closed Lost,9/26/2024,12/9/2024,74,Yes,Yes,Competitor selected
O03591,A0608,P002,Manufacturing,Europe,Enterprise,Direct,Renewal,222778,0.106,199163,Closed Lost,12/13/2023,3/4/2024,82,No,Yes,Timing
O03592,A0849,P002,Technology,Europe,Enterprise,Direct,Expansion,250770,0.076,231711,Closed Won,1/4/2026,4/30/2026,116,No,No,Existing relationship
O03593,A0239,P008,Technology,North America,Enterprise,Direct,Expansion,133050,0.126,116285,Closed Won,8/26/2023,12/31/2023,127,No,No,Bundle value
O03594,A0943,P008,Financial Services,North America,Enterprise,Partner,New Logo,148131,0.197,118949,Closed Won,12/1/2025,4/29/2026,149,No,Yes,Executive alignment
O03595,A0731,P007,Healthcare,Middle East,Mid-Market,Inside Sales,New Logo,58997,0.113,52330,Closed Won,5/15/2024,8/1/2024,78,No,No,Strong product fit
O03596,A0888,P008,Manufacturing,APAC,Enterprise,Direct,Expansion,168129,0.063,157536,Closed Lost,4/15/2024,7/28/2024,104,Yes,No,Competitor selected
O03597,A0034,P005,Financial Services,APAC,Enterprise,Direct,New Logo,119380,0.039,114724,Closed Won,8/30/2024,11/15/2024,77,No,Yes,Existing relationship
O03598,A0425,P008,Manufacturing,APAC,Mid-Market,Direct,New Logo,95068,0.127,82994,Closed Won,1/17/2024,4/12/2024,86,No,Yes,Superior analytics
O03599,A0849,P003,Technology,Europe,Enterprise,Inside Sales,Expansion,190209,0,190209,Closed Lost,4/24/2024,7/15/2024,82,Yes,No,Timing
O03600,A0822,P001,Manufacturing,North America,Mid-Market,Direct,Expansion,139067,0.053,131696,Closed Lost,7/30/2024,10/26/2024,88,Yes,Yes,Price
O03601,A0789,P002,Healthcare,North America,Mid-Market,Partner,New Logo,151670,0.156,128009,Closed Lost,11/3/2024,1/28/2025,86,No,Yes,Weak product fit
O03602,A0145,P008,Manufacturing,APAC,Mid-Market,Direct,Expansion,91297,0.136,78880,Closed Lost,10/14/2024,12/2/2024,49,Yes,No,Competitor selected
O03603,A0278,P007,Technology,APAC,Mid-Market,Partner,New Logo,73540,0.183,60082,Closed Lost,1/19/2025,2/13/2025,25,No,Yes,Limited budget
O03604,A0093,P007,Healthcare,Europe,Mid-Market,Inside Sales,New Logo,78405,0.112,69623,Closed Lost,3/29/2025,6/14/2025,77,Yes,Yes,Competitor selected
O03605,A0172,P006,Manufacturing,Middle East,Enterprise,Direct,Renewal,249030,0.08,229107,Closed Won,6/9/2025,11/15/2025,159,Yes,Yes,Executive alignment
O03606,A0393,P001,Financial Services,North America,Mid-Market,Direct,New Logo,128002,0.154,108289,Closed Lost,11/17/2023,1/7/2024,51,Yes,No,Timing
O03607,A0131,P004,Technology,Europe,Mid-Market,Direct,New Logo,105083,0.086,96045,Closed Lost,3/14/2024,4/18/2024,35,No,No,No executive sponsor
O03608,A0318,P003,Manufacturing,North America,Enterprise,Inside Sales,Renewal,155632,0.101,139913,Closed Won,3/6/2025,6/7/2025,93,Yes,Yes,Existing relationship
O03609,A0411,P008,Healthcare,North America,Strategic,Partner,Expansion,210389,0.11,187246,Closed Won,11/21/2023,4/9/2024,140,Yes,Yes,Superior analytics
O03610,A0252,P008,Financial Services,Europe,Enterprise,Direct,New Logo,152558,0.087,139285,Closed Won,8/29/2023,1/20/2024,144,Yes,Yes,Executive alignment
O03611,A0352,P005,Financial Services,Europe,Strategic,Direct,Renewal,141421,0.168,117662,Closed Won,10/26/2025,3/17/2026,142,Yes,Yes,Existing relationship
O03612,A0063,P001,Healthcare,Europe,Strategic,Direct,Expansion,260265,0.123,228252,Closed Won,1/14/2024,5/15/2024,122,Yes,Yes,Superior analytics
O03613,A0965,P008,Manufacturing,Europe,Enterprise,Direct,New Logo,149184,0.151,126657,Closed Won,10/7/2023,3/17/2024,162,No,No,Bundle value
O03614,A0173,P002,Healthcare,APAC,Mid-Market,Direct,New Logo,174246,0.057,164313,Closed Won,6/30/2024,10/3/2024,95,Yes,No,Superior analytics
O03615,A0259,P004,Financial Services,North America,Mid-Market,Partner,New Logo,92213,0.201,73678,Closed Won,6/8/2024,7/29/2024,51,Yes,Yes,Strong product fit
O03616,A0328,P007,Manufacturing,Europe,Mid-Market,Direct,New Logo,60533,0.096,54721,Closed Won,4/16/2026,8/13/2026,119,Yes,No,Superior analytics
O03617,A0153,P004,Financial Services,Europe,Mid-Market,Direct,New Logo,119102,0.191,96353,Closed Won,1/2/2025,4/1/2025,89,No,Yes,Superior analytics
O03618,A0339,P007,Technology,North America,Enterprise,Inside Sales,New Logo,111692,0.081,102644,Closed Won,3/12/2024,5/3/2024,52,No,Yes,Executive alignment
O03619,A0639,P002,Technology,North America,Enterprise,Direct,Renewal,204159,0.03,198034,Open Pipeline,7/10/2026,11/2/2026,115,No,No,In progress
O03620,A0113,P003,Technology,Middle East,Enterprise,Direct,New Logo,194881,0.104,174613,Closed Lost,1/31/2026,6/22/2026,142,Yes,Yes,Weak product fit
O03621,A0502,P005,Financial Services,APAC,Enterprise,Direct,Expansion,117924,0.025,114975,Closed Won,11/1/2023,3/17/2024,137,Yes,Yes,Existing relationship
O03622,A0352,P005,Financial Services,Europe,Strategic,Direct,Renewal,192444,0.189,156072,Closed Won,5/19/2025,10/5/2025,139,Yes,Yes,Bundle value
O03623,A0193,P003,Healthcare,APAC,Enterprise,Direct,New Logo,193471,0.196,155550,Closed Lost,12/5/2024,4/14/2025,130,Yes,No,Timing
O03624,A0505,P006,Manufacturing,Middle East,Mid-Market,Inside Sales,New Logo,157349,0.147,134218,Closed Won,2/25/2024,5/19/2024,84,No,Yes,Superior analytics
O03625,A0259,P006,Financial Services,North America,Mid-Market,Direct,New Logo,137198,0.045,131024,Closed Lost,10/8/2025,12/12/2025,65,Yes,Yes,Price
O03626,A0371,P002,Manufacturing,Europe,Strategic,Direct,New Logo,337460,0.062,316537,Closed Won,11/18/2024,5/31/2025,194,No,Yes,Existing relationship
O03627,A0781,P005,Technology,Middle East,Mid-Market,Partner,Expansion,67691,0.143,58011,Closed Lost,4/7/2024,6/26/2024,80,No,Yes,Timing
O03628,A0025,P003,Financial Services,Middle East,Enterprise,Direct,Renewal,185154,0.137,159787,Closed Lost,5/16/2024,11/27/2024,195,Yes,Yes,Price
O03629,A0985,P007,Technology,North America,Mid-Market,Direct,New Logo,61886,0.036,59658,Closed Lost,11/3/2025,12/11/2025,38,No,Yes,Limited budget
O03630,A0827,P005,Manufacturing,North America,Enterprise,Partner,New Logo,140652,0.053,133197,Closed Won,12/1/2025,4/16/2026,136,No,Yes,Bundle value
O03631,A0780,P006,Manufacturing,Middle East,Mid-Market,Direct,New Logo,125942,0.115,111458,Closed Lost,2/1/2024,4/25/2024,84,No,Yes,Timing
O03632,A0150,P008,Healthcare,Middle East,Enterprise,Direct,New Logo,144153,0.175,118926,Closed Won,9/13/2025,1/21/2026,130,No,No,Executive alignment
O03633,A0865,P004,Healthcare,Middle East,Enterprise,Partner,New Logo,146108,0.082,134127,Closed Lost,9/15/2023,2/9/2024,147,No,Yes,Weak product fit
O03634,A0073,P002,Manufacturing,Europe,Mid-Market,Partner,New Logo,176124,0.231,135439,Closed Lost,9/30/2025,11/3/2025,34,Yes,No,Competitor selected
O03635,A0947,P007,Manufacturing,North America,Enterprise,Partner,Renewal,120502,0.143,103270,Closed Lost,7/2/2025,10/11/2025,101,No,No,Price
O03636,A0054,P001,Healthcare,North America,Enterprise,Direct,Expansion,215784,0.114,191184,Closed Lost,8/27/2023,12/19/2023,114,No,Yes,Competitor selected
O03637,A0880,P004,Financial Services,APAC,Mid-Market,Direct,Expansion,115636,0.249,86842,Closed Lost,2/1/2024,5/17/2024,106,No,Yes,No executive sponsor
O03638,A0676,P004,Technology,APAC,Mid-Market,Direct,Renewal,112418,0.04,107921,Closed Lost,3/13/2024,6/4/2024,83,Yes,No,Timing
O03639,A0756,P007,Technology,North America,Mid-Market,Direct,Renewal,77624,0.146,66290,Closed Lost,5/1/2024,6/3/2024,33,Yes,No,No executive sponsor
O03640,A0971,P004,Healthcare,Europe,Enterprise,Partner,Expansion,135259,0.183,110506,Open Pipeline,8/12/2026,12/12/2026,122,No,No,In progress
O03641,A0425,P001,Manufacturing,APAC,Mid-Market,Direct,Expansion,135327,0.07,125854,Closed Lost,5/19/2026,8/16/2026,89,No,No,Limited budget
O03642,A0854,P007,Technology,North America,Mid-Market,Inside Sales,Expansion,64300,0.047,61277,Closed Lost,1/9/2026,3/19/2026,69,Yes,No,No executive sponsor
O03643,A0648,P005,Manufacturing,APAC,Strategic,Direct,New Logo,144840,0.136,125141,Closed Lost,5/31/2024,11/10/2024,163,No,Yes,No executive sponsor
O03644,A0695,P006,Manufacturing,APAC,Enterprise,Direct,New Logo,188399,0.116,166544,Closed Won,9/15/2023,12/9/2023,85,No,No,Bundle value
O03645,A0679,P005,Financial Services,Europe,Mid-Market,Direct,Expansion,86459,0.008,85767,Closed Lost,5/13/2025,8/28/2025,107,No,No,Timing
O03646,A0426,P001,Financial Services,Middle East,Enterprise,Direct,Renewal,218546,0.142,187512,Closed Won,1/17/2024,4/15/2024,89,No,Yes,Superior analytics
O03647,A0205,P008,Manufacturing,Europe,Enterprise,Direct,New Logo,137266,0.195,110499,Closed Won,7/18/2024,12/16/2024,151,Yes,Yes,Executive alignment
O03648,A0105,P004,Financial Services,North America,Strategic,Direct,Expansion,247575,0.069,230492,Closed Lost,7/6/2026,11/4/2026,121,No,Yes,Timing
O03649,A0955,P004,Healthcare,North America,Enterprise,Direct,Renewal,169096,0.105,151340,Closed Lost,7/9/2025,10/16/2025,99,Yes,Yes,Timing
O03650,A0428,P005,Healthcare,APAC,Strategic,Direct,New Logo,140560,0.114,124536,Closed Won,1/22/2024,7/13/2024,173,Yes,Yes,Superior analytics
O03651,A0463,P007,Technology,APAC,Enterprise,Partner,Expansion,104661,0.11,93148,Closed Won,9/14/2023,1/2/2024,110,Yes,Yes,Existing relationship
O03652,A0241,P004,Technology,Europe,Enterprise,Direct,New Logo,156784,0.133,135931,Closed Won,10/13/2023,2/5/2024,115,Yes,No,Superior analytics
O03653,A0681,P008,Technology,Middle East,Mid-Market,Partner,New Logo,94354,0.114,83597,Closed Lost,4/8/2025,6/25/2025,78,No,No,Timing
O03654,A0288,P008,Healthcare,APAC,Mid-Market,Direct,New Logo,94407,0.041,90536,Closed Lost,9/27/2025,3/2/2026,156,No,No,Competitor selected
O03655,A0613,P001,Financial Services,APAC,Strategic,Inside Sales,Expansion,257606,0.071,239315,Closed Lost,8/28/2024,1/8/2025,133,No,No,Weak product fit
O03656,A0188,P006,Technology,Europe,Mid-Market,Direct,New Logo,137627,0.057,129782,Closed Won,4/6/2025,7/6/2025,91,No,Yes,Strong product fit
O03657,A0503,P007,Manufacturing,Middle East,Enterprise,Inside Sales,New Logo,105963,0.194,85406,Open Pipeline,7/2/2026,10/26/2026,116,Yes,Yes,In progress
O03658,A0899,P001,Technology,North America,Mid-Market,Inside Sales,New Logo,110032,0.103,98698,Closed Won,3/31/2025,5/24/2025,54,Yes,Yes,Superior analytics
O03659,A0138,P007,Financial Services,Europe,Mid-Market,Inside Sales,Renewal,57630,0.098,51982,Closed Won,5/29/2026,7/11/2026,43,No,Yes,Strong product fit
O03660,A0206,P001,Manufacturing,North America,Enterprise,Partner,New Logo,171292,0.182,140116,Closed Won,5/10/2026,7/8/2026,59,Yes,Yes,Bundle value
O03661,A0317,P001,Healthcare,North America,Enterprise,Partner,Renewal,198275,0.165,165559,Closed Won,7/13/2025,11/2/2025,112,No,Yes,Bundle value
O03662,A0548,P006,Manufacturing,Middle East,Mid-Market,Direct,Expansion,150918,0.172,124960,Closed Won,3/25/2025,6/6/2025,73,Yes,No,Bundle value
O03663,A0815,P001,Healthcare,North America,Mid-Market,Direct,New Logo,145392,0.155,122856,Closed Lost,12/30/2025,3/6/2026,66,No,No,Competitor selected
O03664,A0169,P002,Financial Services,APAC,Enterprise,Direct,New Logo,234740,0.129,204458,Closed Won,5/2/2025,9/6/2025,127,No,No,Bundle value
O03665,A0350,P005,Financial Services,North America,Mid-Market,Direct,New Logo,71923,0.135,62213,Closed Won,7/28/2025,11/25/2025,120,Yes,No,Strong product fit
O03666,A0909,P006,Healthcare,North America,Mid-Market,Inside Sales,New Logo,162069,0.04,155586,Closed Lost,4/19/2025,9/14/2025,148,Yes,Yes,Price
O03667,A0133,P001,Financial Services,North America,Mid-Market,Direct,New Logo,109011,0.118,96147,Open Pipeline,6/5/2026,9/15/2026,102,Yes,No,In progress
O03668,A0446,P001,Manufacturing,Europe,Mid-Market,Inside Sales,Expansion,108061,0.072,100280,Closed Won,2/24/2026,5/13/2026,78,Yes,No,Executive alignment
O03669,A0598,P005,Financial Services,Europe,Mid-Market,Partner,New Logo,67752,0.155,57250,Closed Lost,9/8/2024,12/20/2024,103,No,Yes,Weak product fit
O03670,A0716,P003,Financial Services,APAC,Strategic,Direct,New Logo,236764,0.087,216165,Closed Won,12/20/2025,5/9/2026,140,No,No,Existing relationship
O03671,A0649,P001,Technology,Europe,Enterprise,Direct,New Logo,183314,0.059,172498,Closed Won,7/22/2026,10/17/2026,87,No,Yes,Executive alignment
O03672,A0933,P007,Manufacturing,Europe,Strategic,Inside Sales,New Logo,137227,0.16,115270,Closed Won,11/8/2024,5/26/2025,199,No,No,Strong product fit
O03673,A0194,P003,Manufacturing,Europe,Mid-Market,Direct,New Logo,121826,0.149,103673,Closed Lost,10/19/2025,1/5/2026,78,Yes,No,Timing
O03674,A0651,P007,Manufacturing,North America,Enterprise,Direct,Expansion,98042,0.213,77159,Closed Lost,4/8/2024,6/29/2024,82,No,No,Weak product fit
O03675,A0259,P002,Financial Services,North America,Mid-Market,Inside Sales,New Logo,125794,0,125794,Closed Lost,2/3/2026,3/19/2026,44,No,No,Timing
O03676,A0353,P008,Technology,North America,Strategic,Direct,Expansion,190945,0.128,166504,Closed Lost,12/25/2023,5/9/2024,136,Yes,No,Competitor selected
O03677,A0488,P001,Manufacturing,Middle East,Enterprise,Partner,New Logo,166483,0.165,139013,Closed Lost,12/6/2025,2/18/2026,74,No,Yes,No executive sponsor
O03678,A0583,P008,Healthcare,North America,Enterprise,Direct,Renewal,146633,0.069,136515,Closed Lost,2/17/2026,7/25/2026,158,No,No,Price
O03679,A0085,P007,Healthcare,APAC,Enterprise,Direct,New Logo,108110,0.126,94488,Closed Won,7/18/2025,10/27/2025,101,Yes,No,Strong product fit
O03680,A0514,P001,Healthcare,APAC,Mid-Market,Partner,New Logo,113809,0.176,93778,Closed Lost,8/12/2024,10/20/2024,69,Yes,No,Competitor selected
O03681,A0394,P008,Technology,Europe,Enterprise,Direct,New Logo,169832,0.131,147584,Open Pipeline,7/22/2026,11/5/2026,106,Yes,No,In progress
O03682,A0386,P004,Financial Services,Europe,Mid-Market,Partner,New Logo,119399,0.043,114264,Closed Lost,7/9/2025,8/27/2025,49,Yes,No,Limited budget
O03683,A0105,P005,Financial Services,North America,Strategic,Direct,New Logo,196591,0.125,172017,Closed Lost,4/30/2024,10/8/2024,161,Yes,No,Price
O03684,A0598,P004,Financial Services,Europe,Mid-Market,Direct,New Logo,93749,0.051,88967,Closed Lost,10/28/2025,12/14/2025,47,No,No,Competitor selected
O03685,A0435,P001,Technology,APAC,Mid-Market,Direct,Expansion,112745,0.104,101019,Closed Lost,3/31/2026,5/2/2026,32,No,No,Competitor selected
O03686,A0168,P003,Manufacturing,Middle East,Strategic,Inside Sales,New Logo,226418,0.064,211927,Closed Lost,7/25/2024,1/9/2025,168,Yes,Yes,Competitor selected
O03687,A0495,P008,Financial Services,Europe,Enterprise,Partner,Expansion,151149,0.23,116384,Closed Lost,9/6/2023,12/28/2023,113,Yes,No,No executive sponsor
O03688,A0956,P003,Financial Services,North America,Strategic,Inside Sales,Expansion,285915,0.089,260468,Closed Won,9/24/2023,2/15/2024,144,Yes,No,Bundle value
O03689,A0284,P006,Healthcare,North America,Mid-Market,Partner,New Logo,149287,0.119,131521,Closed Won,1/23/2024,6/2/2024,131,No,Yes,Superior analytics
O03690,A0300,P002,Healthcare,Europe,Mid-Market,Direct,New Logo,125182,0.096,113164,Closed Lost,2/8/2025,6/3/2025,115,Yes,Yes,Price
O03691,A0546,P008,Technology,North America,Enterprise,Inside Sales,New Logo,131470,0.045,125553,Closed Won,12/22/2023,5/8/2024,138,No,No,Executive alignment
O03692,A0387,P003,Healthcare,North America,Enterprise,Direct,Renewal,209919,0.101,188717,Closed Lost,6/29/2026,11/2/2026,126,Yes,No,Price
O03693,A0835,P008,Healthcare,APAC,Enterprise,Direct,New Logo,171660,0.059,161532,Closed Lost,9/9/2025,12/2/2025,84,No,No,Competitor selected
O03694,A0659,P001,Manufacturing,APAC,Mid-Market,Direct,Expansion,109312,0.157,92150,Closed Lost,7/4/2025,7/29/2025,25,Yes,No,Limited budget
O03695,A0071,P008,Technology,APAC,Enterprise,Direct,Expansion,152826,0.058,143962,Closed Lost,5/22/2024,9/24/2024,125,Yes,No,No executive sponsor
O03696,A0643,P007,Healthcare,North America,Mid-Market,Direct,New Logo,73155,0.057,68985,Closed Lost,2/28/2024,6/6/2024,99,Yes,No,Weak product fit
O03697,A0185,P004,Financial Services,Middle East,Enterprise,Partner,New Logo,182705,0.119,160963,Closed Lost,12/3/2023,5/22/2024,171,Yes,No,Limited budget
O03698,A0411,P002,Healthcare,North America,Strategic,Direct,New Logo,271753,0.032,263056,Closed Lost,12/1/2025,5/22/2026,172,Yes,No,Timing
O03699,A0062,P008,Healthcare,North America,Mid-Market,Direct,New Logo,106867,0.149,90943,Closed Lost,12/4/2024,12/29/2024,25,No,No,Competitor selected
O03700,A0495,P003,Financial Services,Europe,Enterprise,Direct,Expansion,171025,0.128,149133,Closed Lost,11/15/2023,3/13/2024,119,Yes,No,No executive sponsor
O03701,A0970,P004,Technology,Europe,Enterprise,Direct,New Logo,154941,0.156,130770,Open Pipeline,4/23/2026,9/5/2026,135,Yes,No,In progress
O03702,A0161,P002,Manufacturing,APAC,Mid-Market,Direct,New Logo,133936,0.162,112238,Closed Lost,8/25/2025,1/13/2026,141,No,No,Competitor selected
O03703,A0536,P007,Financial Services,North America,Enterprise,Direct,Expansion,88152,0.13,76692,Closed Won,2/28/2024,6/24/2024,117,Yes,No,Bundle value
O03704,A0095,P003,Financial Services,APAC,Mid-Market,Direct,New Logo,117406,0.095,106252,Closed Lost,12/16/2023,3/26/2024,101,Yes,No,Weak product fit
O03705,A0674,P005,Technology,North America,Enterprise,Inside Sales,Expansion,105699,0.16,88787,Closed Won,6/9/2025,10/2/2025,115,Yes,Yes,Executive alignment
O03706,A0010,P004,Technology,North America,Enterprise,Partner,New Logo,159331,0.193,128580,Closed Won,2/13/2026,6/10/2026,117,No,Yes,Executive alignment
O03707,A0712,P001,Manufacturing,APAC,Strategic,Direct,New Logo,268289,0.113,237972,Closed Lost,3/9/2026,6/5/2026,88,Yes,No,Competitor selected
O03708,A0924,P006,Healthcare,Europe,Enterprise,Direct,Renewal,247829,0.144,212141,Closed Lost,9/4/2025,10/28/2025,54,No,No,Weak product fit
O03709,A0722,P008,Manufacturing,Europe,Enterprise,Direct,New Logo,154311,0.084,141348,Closed Lost,5/15/2025,9/18/2025,126,Yes,No,Weak product fit
O03710,A0101,P007,Financial Services,APAC,Enterprise,Direct,New Logo,103422,0.176,85219,Closed Lost,7/26/2025,11/30/2025,127,Yes,No,Competitor selected
O03711,A0565,P007,Technology,APAC,Strategic,Inside Sales,New Logo,129090,0.064,120828,Closed Won,12/21/2025,3/22/2026,91,Yes,No,Bundle value
O03712,A0194,P003,Manufacturing,Europe,Mid-Market,Direct,New Logo,134732,0.128,117486,Closed Lost,3/3/2025,7/18/2025,137,No,Yes,No executive sponsor
O03713,A0595,P005,Manufacturing,North America,Enterprise,Partner,New Logo,102964,0.144,88137,Closed Lost,9/21/2024,1/3/2025,104,No,No,Price
O03714,A0317,P003,Healthcare,North America,Enterprise,Direct,Expansion,181585,0.135,157071,Closed Lost,12/12/2023,5/11/2024,151,No,No,Weak product fit
O03715,A0180,P004,Healthcare,APAC,Mid-Market,Direct,New Logo,117768,0.156,99396,Closed Lost,6/2/2024,8/12/2024,71,No,Yes,Timing
O03716,A0909,P005,Healthcare,North America,Mid-Market,Inside Sales,New Logo,77772,0.103,69761,Closed Lost,12/28/2023,4/13/2024,107,No,Yes,Weak product fit
O03717,A0979,P008,Technology,North America,Enterprise,Direct,New Logo,147496,0.06,138646,Closed Lost,2/28/2025,6/22/2025,114,Yes,No,Weak product fit
O03718,A0180,P002,Healthcare,APAC,Mid-Market,Partner,New Logo,158420,0.169,131647,Closed Won,5/25/2024,6/21/2024,27,No,Yes,Superior analytics
O03719,A0973,P004,Financial Services,Europe,Strategic,Direct,Expansion,212681,0.15,180778,Closed Won,4/27/2025,9/2/2025,128,No,Yes,Executive alignment
O03720,A0892,P004,Healthcare,Europe,Mid-Market,Direct,Expansion,96012,0.177,79017,Closed Lost,9/7/2025,11/16/2025,70,Yes,No,Timing
O03721,A0123,P004,Technology,APAC,Mid-Market,Partner,New Logo,101193,0.147,86317,Closed Lost,7/20/2024,10/20/2024,92,Yes,No,No executive sponsor
O03722,A0149,P001,Technology,APAC,Enterprise,Direct,New Logo,210923,0.109,187932,Closed Won,4/8/2025,8/3/2025,117,No,Yes,Bundle value
O03723,A0953,P001,Manufacturing,North America,Mid-Market,Direct,Expansion,148051,0.104,132653,Closed Won,3/29/2024,5/6/2024,38,No,No,Executive alignment
O03724,A0327,P003,Technology,APAC,Enterprise,Direct,New Logo,195271,0.117,172424,Open Pipeline,5/19/2026,8/28/2026,101,Yes,No,In progress
O03725,A0776,P007,Financial Services,APAC,Mid-Market,Direct,New Logo,76052,0.035,73390,Closed Lost,2/5/2024,5/28/2024,113,No,No,Timing
O03726,A0397,P003,Financial Services,Europe,Mid-Market,Partner,New Logo,116625,0.152,98898,Closed Won,6/22/2026,10/22/2026,122,No,No,Executive alignment
O03727,A0218,P001,Financial Services,APAC,Enterprise,Direct,Renewal,206036,0.162,172658,Closed Lost,4/18/2026,8/15/2026,119,Yes,No,Weak product fit
O03728,A0979,P007,Technology,North America,Enterprise,Direct,New Logo,89512,0.103,80292,Closed Lost,2/2/2026,4/28/2026,85,No,Yes,Competitor selected
O03729,A0595,P008,Manufacturing,North America,Enterprise,Direct,New Logo,165244,0.122,145084,Closed Lost,11/12/2023,3/25/2024,134,Yes,No,Price
O03730,A0832,P006,Financial Services,North America,Mid-Market,Inside Sales,Renewal,145011,0,145011,Closed Won,4/28/2024,7/24/2024,87,Yes,Yes,Superior analytics
O03731,A0487,P004,Technology,Europe,Enterprise,Direct,New Logo,161588,0.094,146398,Closed Lost,1/18/2025,6/22/2025,155,No,No,Competitor selected
O03732,A0010,P006,Technology,North America,Enterprise,Partner,New Logo,188345,0.13,163860,Closed Lost,4/25/2025,6/13/2025,49,Yes,No,Limited budget
O03733,A0013,P002,Financial Services,APAC,Enterprise,Inside Sales,Expansion,231203,0.155,195366,Closed Lost,2/23/2025,6/13/2025,110,No,No,Weak product fit
O03734,A0764,P003,Financial Services,Europe,Enterprise,Partner,New Logo,166045,0.152,140806,Open Pipeline,5/24/2026,9/3/2026,102,No,No,In progress
O03735,A0606,P008,Financial Services,North America,Enterprise,Partner,New Logo,140059,0.185,114148,Closed Lost,10/31/2024,1/26/2025,87,Yes,No,Limited budget
O03736,A0069,P001,Technology,Europe,Enterprise,Direct,Expansion,190928,0.05,181381,Closed Lost,1/2/2024,4/19/2024,108,No,Yes,Weak product fit
O03737,A0720,P004,Manufacturing,APAC,Mid-Market,Direct,Renewal,91845,0.141,78894,Closed Lost,5/21/2026,7/2/2026,42,No,No,Timing
O03738,A0447,P007,Manufacturing,Europe,Enterprise,Direct,New Logo,94468,0.114,83698,Closed Lost,2/26/2026,6/14/2026,108,No,Yes,Competitor selected
O03739,A0246,P005,Financial Services,Middle East,Strategic,Partner,Renewal,163701,0.159,137672,Closed Won,11/4/2023,5/5/2024,183,No,Yes,Superior analytics
O03740,A0542,P005,Healthcare,Middle East,Mid-Market,Direct,Renewal,68622,0.139,59083,Open Pipeline,7/23/2026,9/1/2026,40,Yes,Yes,In progress
O03741,A0934,P001,Financial Services,Middle East,Enterprise,Direct,New Logo,173245,0.045,165448,Closed Lost,6/29/2024,9/6/2024,69,No,Yes,Weak product fit
O03742,A0607,P001,Technology,APAC,Enterprise,Direct,New Logo,194436,0.036,187436,Closed Lost,1/22/2024,4/16/2024,85,Yes,No,No executive sponsor
O03743,A0002,P004,Technology,Middle East,Enterprise,Direct,New Logo,145538,0.046,138843,Closed Lost,11/14/2025,4/1/2026,138,Yes,Yes,No executive sponsor
O03744,A0301,P004,Manufacturing,APAC,Enterprise,Direct,New Logo,182322,0.088,166277,Closed Won,6/30/2024,12/7/2024,160,No,No,Executive alignment
O03745,A0385,P004,Technology,North America,Enterprise,Inside Sales,New Logo,179576,0.018,176343,Closed Lost,3/2/2026,7/10/2026,130,Yes,Yes,Limited budget
O03746,A0654,P002,Healthcare,Europe,Mid-Market,Direct,New Logo,140667,0.061,132086,Closed Lost,11/16/2023,2/3/2024,79,Yes,Yes,No executive sponsor
O03747,A0135,P005,Financial Services,Europe,Mid-Market,Direct,New Logo,83130,0.067,77560,Closed Lost,10/5/2023,11/30/2023,56,No,Yes,Limited budget
O03748,A0340,P008,Technology,North America,Mid-Market,Partner,New Logo,83495,0.226,64625,Closed Lost,12/16/2025,3/3/2026,77,No,Yes,Timing
O03749,A0869,P005,Financial Services,Europe,Enterprise,Direct,New Logo,114423,0.043,109502,Closed Lost,12/24/2023,5/19/2024,147,No,Yes,Limited budget
O03750,A0052,P001,Technology,APAC,Enterprise,Partner,Expansion,193951,0.132,168349,Closed Lost,8/16/2024,12/4/2024,110,No,No,Timing
O03751,A0310,P004,Manufacturing,APAC,Enterprise,Direct,Expansion,162880,0.063,152618,Closed Lost,3/11/2025,8/12/2025,154,No,No,No executive sponsor
O03752,A0044,P007,Financial Services,APAC,Enterprise,Direct,New Logo,92669,0.093,84050,Closed Won,8/27/2025,1/31/2026,157,No,No,Executive alignment
O03753,A0869,P004,Financial Services,Europe,Enterprise,Direct,Renewal,142450,0.09,129629,Closed Won,10/9/2025,12/14/2025,66,Yes,Yes,Executive alignment
O03754,A0695,P005,Manufacturing,APAC,Enterprise,Direct,Expansion,113311,0.163,94841,Closed Won,2/16/2025,5/29/2025,102,Yes,No,Executive alignment
O03755,A0553,P001,Technology,Europe,Enterprise,Partner,New Logo,186836,0.146,159557,Open Pipeline,6/24/2026,10/31/2026,129,No,No,In progress
O03756,A0189,P008,Healthcare,Europe,Mid-Market,Direct,Expansion,82437,0.051,78232,Closed Lost,10/23/2023,11/17/2023,25,Yes,No,Timing
O03757,A0973,P006,Financial Services,Europe,Strategic,Direct,New Logo,292037,0.052,276851,Closed Lost,11/1/2024,2/25/2025,116,Yes,Yes,Limited budget
O03758,A0576,P006,Healthcare,Europe,Mid-Market,Partner,Renewal,151973,0.204,120970,Closed Lost,10/30/2025,12/5/2025,36,Yes,Yes,Competitor selected
O03759,A0071,P002,Technology,APAC,Enterprise,Direct,New Logo,205060,0.041,196652,Closed Lost,1/24/2024,5/8/2024,105,Yes,Yes,Competitor selected
O03760,A0894,P005,Manufacturing,North America,Mid-Market,Direct,New Logo,67191,0.136,58053,Closed Won,6/24/2024,7/19/2024,25,Yes,No,Bundle value
O03761,A0549,P008,Technology,North America,Mid-Market,Inside Sales,New Logo,111704,0.131,97070,Closed Won,11/29/2025,2/9/2026,72,No,No,Bundle value
O03762,A0711,P006,Technology,Europe,Enterprise,Inside Sales,New Logo,249669,0.111,221955,Closed Lost,7/4/2024,10/7/2024,95,No,No,Price
O03763,A0888,P004,Manufacturing,APAC,Enterprise,Direct,New Logo,144559,0.177,118972,Open Pipeline,5/11/2026,10/4/2026,146,Yes,No,In progress
O03764,A0235,P007,Manufacturing,Middle East,Mid-Market,Direct,New Logo,74106,0.109,66028,Closed Lost,1/2/2026,3/4/2026,61,No,No,No executive sponsor
O03765,A0947,P008,Manufacturing,North America,Enterprise,Inside Sales,New Logo,165049,0,165049,Closed Lost,6/24/2025,11/16/2025,145,Yes,No,Timing
O03766,A0537,P005,Financial Services,Europe,Enterprise,Partner,New Logo,130526,0.135,112904,Closed Won,3/23/2025,7/28/2025,127,No,Yes,Executive alignment
O03767,A0731,P007,Healthcare,Middle East,Mid-Market,Partner,Expansion,71362,0.135,61728,Closed Won,8/18/2024,10/20/2024,63,Yes,Yes,Executive alignment
O03768,A0009,P001,Healthcare,North America,Enterprise,Inside Sales,Expansion,173682,0.082,159440,Closed Lost,10/9/2024,12/20/2024,72,Yes,Yes,Weak product fit
O03769,A0948,P007,Technology,Europe,Mid-Market,Direct,New Logo,58695,0.134,50829,Closed Lost,11/2/2023,3/6/2024,125,Yes,No,No executive sponsor
O03770,A0193,P005,Healthcare,APAC,Enterprise,Inside Sales,Expansion,103597,0.133,89818,Closed Lost,6/2/2026,8/1/2026,60,Yes,Yes,Competitor selected
O03771,A0635,P001,Financial Services,Europe,Mid-Market,Inside Sales,New Logo,120897,0.135,104575,Closed Lost,7/8/2025,10/31/2025,115,No,No,Price
O03772,A0874,P004,Manufacturing,North America,Enterprise,Direct,Renewal,172997,0.174,142895,Closed Lost,5/8/2024,7/15/2024,68,Yes,Yes,Competitor selected
O03773,A0874,P004,Manufacturing,North America,Enterprise,Direct,New Logo,185128,0.105,165689,Closed Lost,10/10/2023,12/9/2023,60,Yes,Yes,No executive sponsor
O03774,A0640,P007,Financial Services,Europe,Mid-Market,Direct,New Logo,57769,0.058,54418,Closed Won,2/17/2026,5/4/2026,76,No,No,Superior analytics
O03775,A0672,P003,Manufacturing,North America,Enterprise,Partner,New Logo,172754,0.161,144940,Closed Won,1/24/2026,4/30/2026,96,No,Yes,Strong product fit
O03776,A0290,P002,Technology,North America,Enterprise,Direct,New Logo,219986,0.091,199967,Closed Lost,2/4/2026,6/3/2026,119,Yes,No,Weak product fit
O03777,A0233,P004,Manufacturing,Middle East,Strategic,Direct,Expansion,222228,0,222228,Closed Lost,5/11/2025,11/20/2025,193,Yes,Yes,Competitor selected
O03778,A0214,P003,Financial Services,North America,Enterprise,Inside Sales,Expansion,165968,0.1,149371,Open Pipeline,6/23/2026,9/29/2026,98,No,Yes,In progress
O03779,A0373,P003,Technology,APAC,Enterprise,Partner,New Logo,210681,0.203,167912,Closed Lost,8/18/2025,10/25/2025,68,Yes,No,Price
O03780,A0354,P005,Manufacturing,Middle East,Mid-Market,Direct,New Logo,79228,0.059,74553,Closed Won,12/22/2023,3/11/2024,80,Yes,No,Strong product fit
O03781,A0348,P007,Technology,APAC,Strategic,Direct,Renewal,128501,0.091,116807,Closed Lost,1/5/2025,6/23/2025,169,No,Yes,Price
O03782,A0486,P008,Technology,APAC,Mid-Market,Direct,Expansion,84050,0.168,69929,Closed Won,4/18/2024,6/5/2024,48,Yes,Yes,Executive alignment
O03783,A0107,P006,Healthcare,APAC,Enterprise,Inside Sales,New Logo,210954,0.126,184373,Closed Won,5/16/2024,10/15/2024,152,No,Yes,Bundle value
O03784,A0508,P001,Technology,Middle East,Mid-Market,Direct,New Logo,142276,0.174,117519,Closed Lost,4/8/2026,7/12/2026,95,No,No,Weak product fit
O03785,A0533,P007,Technology,Middle East,Mid-Market,Direct,New Logo,75053,0.146,64095,Closed Lost,9/21/2024,11/27/2024,67,No,Yes,Competitor selected
O03786,A0256,P008,Technology,APAC,Enterprise,Inside Sales,New Logo,145034,0.091,131835,Open Pipeline,5/18/2026,10/9/2026,144,Yes,Yes,In progress
O03787,A0977,P004,Manufacturing,Middle East,Enterprise,Inside Sales,New Logo,143624,0.151,121936,Closed Lost,3/31/2024,8/22/2024,144,No,Yes,Price
O03788,A0251,P003,Healthcare,North America,Mid-Market,Direct,New Logo,113123,0.087,103281,Closed Won,4/22/2026,7/7/2026,76,Yes,Yes,Bundle value
O03789,A0188,P001,Technology,Europe,Mid-Market,Direct,Expansion,124073,0.129,108067,Closed Lost,4/9/2026,6/24/2026,76,No,No,Timing
O03790,A0135,P005,Financial Services,Europe,Mid-Market,Direct,New Logo,82366,0.133,71411,Closed Won,6/11/2025,9/4/2025,85,Yes,Yes,Executive alignment
O03791,A0919,P001,Financial Services,APAC,Enterprise,Direct,New Logo,229937,0.048,218900,Closed Won,11/23/2024,3/14/2025,111,No,No,Superior analytics
O03792,A0986,P005,Healthcare,North America,Strategic,Direct,Expansion,154679,0.093,140293,Closed Won,1/31/2025,7/3/2025,153,Yes,No,Strong product fit
O03793,A0730,P007,Healthcare,APAC,Enterprise,Direct,New Logo,115161,0.094,104335,Closed Won,4/23/2025,7/30/2025,98,No,Yes,Strong product fit
O03794,A0516,P004,Healthcare,North America,Enterprise,Inside Sales,New Logo,182366,0.089,166135,Closed Lost,5/4/2025,7/14/2025,71,Yes,Yes,Limited budget
O03795,A0662,P005,Healthcare,North America,Enterprise,Direct,New Logo,111013,0.153,94028,Closed Lost,8/23/2024,1/1/2025,131,Yes,Yes,No executive sponsor
O03796,A0690,P007,Healthcare,Europe,Enterprise,Direct,Renewal,119288,0.138,102826,Closed Lost,5/21/2024,8/23/2024,94,Yes,Yes,Weak product fit
O03797,A0101,P001,Financial Services,APAC,Enterprise,Partner,New Logo,215926,0.136,186560,Closed Lost,11/12/2024,4/6/2025,145,No,No,Competitor selected
O03798,A0217,P002,Technology,APAC,Enterprise,Direct,Renewal,256683,0.021,251292,Closed Lost,4/29/2024,8/23/2024,116,No,Yes,Price
O03799,A0921,P003,Healthcare,APAC,Enterprise,Direct,New Logo,211391,0.042,202512,Closed Lost,3/21/2024,8/14/2024,146,No,Yes,Price
O03800,A0778,P008,Technology,Europe,Enterprise,Direct,Renewal,157724,0.091,143371,Closed Lost,10/16/2024,2/15/2025,122,Yes,No,Price
O03801,A0147,P007,Manufacturing,Middle East,Mid-Market,Direct,New Logo,66872,0.099,60251,Closed Lost,6/17/2025,9/20/2025,95,No,No,Weak product fit
O03802,A0677,P008,Manufacturing,APAC,Mid-Market,Direct,New Logo,109181,0.082,100228,Closed Won,1/21/2024,5/2/2024,102,No,No,Superior analytics
O03803,A0419,P007,Financial Services,Middle East,Mid-Market,Direct,New Logo,79406,0.101,71385,Closed Lost,6/27/2025,8/2/2025,36,Yes,No,Timing
O03804,A0958,P004,Manufacturing,North America,Mid-Market,Direct,New Logo,119197,0.162,99887,Closed Lost,10/16/2025,12/29/2025,74,No,No,Timing
O03805,A0016,P006,Manufacturing,APAC,Mid-Market,Direct,New Logo,138157,0.101,124203,Closed Lost,4/26/2025,6/8/2025,43,Yes,Yes,No executive sponsor
O03806,A0059,P008,Manufacturing,Europe,Enterprise,Direct,New Logo,130530,0.169,108470,Open Pipeline,4/22/2026,9/4/2026,135,No,No,In progress
O03807,A0463,P003,Technology,APAC,Enterprise,Direct,New Logo,185761,0.054,175729,Closed Lost,7/16/2025,11/16/2025,123,Yes,Yes,Weak product fit
O03808,A0165,P003,Healthcare,North America,Strategic,Direct,Expansion,229764,0.12,202192,Closed Won,6/13/2024,9/26/2024,105,Yes,Yes,Superior analytics
O03809,A0518,P008,Technology,North America,Enterprise,Direct,New Logo,159335,0.287,113605,Closed Lost,10/13/2024,1/20/2025,99,Yes,No,Limited budget
O03810,A0911,P004,Healthcare,North America,Enterprise,Direct,New Logo,144230,0.09,131249,Closed Lost,2/10/2026,5/7/2026,86,Yes,Yes,Weak product fit
O03811,A0591,P005,Financial Services,APAC,Mid-Market,Direct,New Logo,79633,0.017,78279,Closed Lost,11/24/2025,2/8/2026,76,No,Yes,Weak product fit
O03812,A0758,P008,Healthcare,North America,Strategic,Direct,New Logo,182102,0.094,164984,Closed Won,11/2/2023,4/18/2024,168,Yes,Yes,Executive alignment
O03813,A0278,P008,Technology,APAC,Mid-Market,Direct,New Logo,96903,0.136,83724,Closed Lost,5/19/2026,6/28/2026,40,Yes,Yes,Weak product fit
O03814,A0595,P001,Manufacturing,North America,Enterprise,Direct,New Logo,224277,0.156,189289,Closed Lost,9/18/2024,1/27/2025,131,Yes,Yes,Timing
O03815,A0835,P006,Healthcare,APAC,Enterprise,Direct,New Logo,189225,0.099,170491,Closed Lost,12/3/2024,3/19/2025,106,Yes,No,Timing
O03816,A0053,P008,Technology,APAC,Enterprise,Direct,New Logo,150381,0.099,135493,Closed Lost,10/3/2024,2/28/2025,148,Yes,Yes,Timing
O03817,A0905,P002,Healthcare,APAC,Enterprise,Direct,New Logo,248857,0.068,231934,Closed Won,7/13/2025,11/29/2025,139,No,Yes,Superior analytics
O03818,A0477,P005,Manufacturing,North America,Mid-Market,Direct,Expansion,79757,0.098,71940,Closed Lost,11/20/2024,3/8/2025,108,Yes,Yes,No executive sponsor
O03819,A0665,P002,Manufacturing,APAC,Enterprise,Direct,New Logo,216080,0.067,201602,Closed Won,2/3/2026,5/26/2026,112,No,No,Bundle value
O03820,A0530,P001,Manufacturing,Europe,Enterprise,Direct,Renewal,181054,0.046,172725,Closed Lost,10/26/2025,1/29/2026,95,No,No,Weak product fit
O03821,A0417,P008,Manufacturing,North America,Enterprise,Direct,Renewal,161054,0.056,152034,Closed Lost,10/3/2024,1/31/2025,120,No,No,Limited budget
O03822,A0858,P002,Financial Services,APAC,Mid-Market,Direct,New Logo,148457,0.061,139401,Closed Lost,12/22/2023,4/19/2024,119,No,No,Competitor selected
O03823,A0872,P006,Financial Services,APAC,Enterprise,Direct,Renewal,183807,0.07,170940,Open Pipeline,7/4/2026,11/25/2026,144,No,Yes,In progress
O03824,A0104,P005,Technology,APAC,Mid-Market,Direct,New Logo,89778,0.098,80979,Closed Won,4/19/2024,5/18/2024,29,Yes,No,Superior analytics
O03825,A0511,P003,Technology,North America,Mid-Market,Inside Sales,New Logo,133264,0.092,121003,Closed Lost,11/24/2023,3/15/2024,112,No,No,No executive sponsor
O03826,A0627,P006,Financial Services,North America,Mid-Market,Direct,New Logo,144660,0.165,120791,Closed Lost,2/12/2024,5/13/2024,91,No,Yes,Timing
O03827,A0656,P001,Healthcare,Europe,Enterprise,Inside Sales,Renewal,178603,0.041,171280,Closed Won,9/8/2025,2/6/2026,151,No,No,Strong product fit
O03828,A0817,P001,Technology,North America,Mid-Market,Partner,New Logo,135413,0.18,111038,Closed Lost,10/14/2024,2/4/2025,113,No,Yes,No executive sponsor
O03829,A0413,P002,Financial Services,APAC,Mid-Market,Partner,Expansion,152497,0.126,133282,Closed Won,6/15/2024,8/14/2024,60,No,No,Strong product fit
O03830,A0801,P002,Financial Services,North America,Strategic,Direct,New Logo,342600,0.098,309025,Closed Lost,12/30/2025,7/23/2026,205,No,Yes,Price
O03831,A0090,P005,Financial Services,Europe,Enterprise,Direct,Expansion,134497,0.048,128041,Closed Lost,10/3/2023,2/25/2024,145,No,Yes,Limited budget
O03832,A0074,P008,Manufacturing,North America,Enterprise,Inside Sales,New Logo,136452,0.073,126491,Open Pipeline,5/17/2026,8/26/2026,101,Yes,No,In progress
O03833,A0678,P003,Financial Services,APAC,Enterprise,Direct,Expansion,158318,0.092,143752,Closed Lost,10/13/2024,1/29/2025,108,Yes,No,Timing
O03834,A0487,P007,Technology,Europe,Enterprise,Inside Sales,New Logo,111954,0.043,107139,Closed Lost,9/1/2025,12/9/2025,99,No,Yes,Price
O03835,A0695,P003,Manufacturing,APAC,Enterprise,Direct,Expansion,159079,0.13,138398,Closed Won,12/29/2023,4/19/2024,112,Yes,Yes,Superior analytics
O03836,A0982,P005,Technology,APAC,Mid-Market,Direct,New Logo,67183,0.16,56433,Closed Won,6/8/2025,8/8/2025,61,Yes,Yes,Superior analytics
O03837,A0100,P005,Manufacturing,Europe,Strategic,Direct,New Logo,183303,0.186,149208,Closed Lost,12/1/2025,4/3/2026,123,No,No,Timing
O03838,A0824,P003,Financial Services,North America,Strategic,Direct,Expansion,248580,0.181,203587,Closed Lost,11/18/2024,5/10/2025,173,No,No,Competitor selected
O03839,A0209,P005,Manufacturing,North America,Strategic,Direct,New Logo,187035,0.178,153742,Closed Won,6/15/2024,10/11/2024,118,Yes,No,Strong product fit
O03840,A0124,P006,Financial Services,APAC,Strategic,Inside Sales,New Logo,274189,0.026,267060,Closed Lost,9/24/2025,4/22/2026,210,Yes,No,Timing
O03841,A0014,P002,Technology,Europe,Mid-Market,Inside Sales,Expansion,167623,0.115,148346,Closed Lost,11/24/2025,3/16/2026,112,Yes,No,Price
O03842,A0677,P003,Manufacturing,APAC,Mid-Market,Partner,New Logo,100136,0.207,79407,Closed Lost,10/16/2025,2/1/2026,108,No,No,Limited budget
O03843,A0483,P005,Financial Services,APAC,Mid-Market,Direct,New Logo,73108,0.058,68867,Closed Lost,12/23/2025,4/7/2026,105,No,Yes,No executive sponsor
O03844,A0609,P004,Healthcare,North America,Enterprise,Direct,Expansion,162807,0.097,147014,Closed Lost,5/3/2025,7/29/2025,87,Yes,No,Limited budget
O03845,A0454,P002,Technology,Middle East,Strategic,Direct,New Logo,293734,0.146,250848,Closed Won,6/4/2025,10/19/2025,137,Yes,Yes,Superior analytics
O03846,A0239,P002,Technology,North America,Enterprise,Inside Sales,Expansion,226156,0.072,209872,Closed Lost,8/17/2026,12/22/2026,127,No,Yes,No executive sponsor
O03847,A0164,P007,Manufacturing,Middle East,Mid-Market,Direct,New Logo,68451,0.126,59826,Closed Lost,10/7/2024,12/25/2024,79,Yes,Yes,Timing
O03848,A0072,P008,Manufacturing,North America,Mid-Market,Partner,Expansion,88211,0.156,74450,Closed Lost,10/17/2024,12/26/2024,70,Yes,No,Limited budget
O03849,A0101,P006,Financial Services,APAC,Enterprise,Inside Sales,Expansion,252021,0.182,206153,Closed Lost,7/17/2024,9/30/2024,75,No,No,Timing
O03850,A0630,P001,Financial Services,North America,Strategic,Direct,New Logo,278655,0.14,239643,Closed Lost,9/11/2024,3/3/2025,173,No,No,No executive sponsor
O03851,A0886,P005,Healthcare,North America,Enterprise,Direct,New Logo,101829,0.134,88183,Closed Lost,11/4/2023,1/6/2024,63,No,No,Limited budget
O03852,A0718,P004,Financial Services,North America,Enterprise,Partner,Renewal,181277,0.241,137589,Closed Lost,3/7/2025,4/28/2025,52,Yes,Yes,Weak product fit
O03853,A0486,P001,Technology,APAC,Mid-Market,Partner,Renewal,146326,0.152,124084,Closed Lost,2/26/2024,7/2/2024,127,Yes,No,Weak product fit
O03854,A0984,P006,Technology,Europe,Enterprise,Partner,New Logo,244365,0.176,201356,Closed Lost,9/24/2025,11/17/2025,54,No,No,Limited budget
O03855,A0797,P001,Healthcare,APAC,Enterprise,Partner,New Logo,177231,0.203,141253,Closed Lost,1/21/2026,5/12/2026,111,Yes,Yes,No executive sponsor
O03856,A0082,P003,Technology,North America,Enterprise,Partner,Renewal,174561,0.096,157803,Closed Won,2/20/2025,8/28/2025,189,No,No,Superior analytics
O03857,A0743,P001,Technology,APAC,Enterprise,Direct,Renewal,193097,0.156,162973,Closed Lost,2/15/2026,6/20/2026,125,No,No,Competitor selected
O03858,A0981,P005,Financial Services,North America,Enterprise,Direct,Renewal,118814,0.071,110378,Closed Won,3/7/2026,8/19/2026,165,Yes,Yes,Strong product fit
O03859,A0239,P003,Technology,North America,Enterprise,Partner,New Logo,194609,0.216,152573,Closed Lost,8/19/2025,1/11/2026,145,Yes,Yes,No executive sponsor
O03860,A0527,P002,Technology,North America,Mid-Market,Direct,New Logo,141446,0.193,114146,Closed Won,4/3/2024,7/22/2024,110,Yes,No,Existing relationship
O03861,A0021,P008,Technology,APAC,Enterprise,Direct,Expansion,146862,0.209,116167,Closed Lost,3/11/2025,7/23/2025,134,Yes,No,No executive sponsor
O03862,A0220,P004,Financial Services,APAC,Enterprise,Direct,New Logo,149534,0.048,142356,Closed Won,8/9/2025,10/22/2025,74,No,No,Strong product fit
O03863,A0558,P001,Technology,North America,Enterprise,Direct,Expansion,229216,0.092,208128,Closed Lost,3/5/2024,6/27/2024,114,No,No,Weak product fit
O03864,A0830,P004,Financial Services,Europe,Enterprise,Inside Sales,New Logo,148296,0.041,142215,Closed Lost,10/25/2024,1/7/2025,74,Yes,No,Price
O03865,A0137,P005,Technology,Europe,Enterprise,Direct,New Logo,137480,0.032,133080,Closed Lost,12/11/2023,4/22/2024,133,Yes,Yes,No executive sponsor
O03866,A0985,P002,Technology,North America,Mid-Market,Direct,New Logo,141756,0.052,134384,Closed Lost,9/29/2024,1/1/2025,94,No,Yes,Timing
O03867,A0194,P004,Manufacturing,Europe,Mid-Market,Inside Sales,New Logo,112825,0.154,95449,Closed Lost,5/5/2025,7/17/2025,73,No,Yes,No executive sponsor
O03868,A0631,P004,Technology,North America,Strategic,Partner,New Logo,202365,0.153,171403,Closed Lost,12/29/2024,6/17/2025,170,No,Yes,Weak product fit
O03869,A0166,P006,Healthcare,North America,Mid-Market,Direct,New Logo,119220,0.161,100025,Open Pipeline,6/16/2026,11/10/2026,147,Yes,Yes,In progress
O03870,A0137,P003,Technology,Europe,Enterprise,Direct,New Logo,201662,0.123,176857,Closed Won,3/24/2026,7/19/2026,117,Yes,Yes,Executive alignment
O03871,A0992,P005,Manufacturing,North America,Enterprise,Inside Sales,New Logo,118526,0.038,114022,Closed Lost,3/29/2024,6/18/2024,81,Yes,No,Weak product fit
O03872,A0587,P004,Healthcare,APAC,Enterprise,Direct,New Logo,146469,0.115,129625,Open Pipeline,6/30/2026,11/14/2026,137,Yes,No,In progress
O03873,A0012,P005,Technology,North America,Enterprise,Direct,New Logo,114773,0.098,103525,Closed Lost,3/29/2024,7/10/2024,103,No,No,Price
O03874,A0021,P001,Technology,APAC,Enterprise,Direct,New Logo,177627,0.111,157910,Closed Lost,8/8/2024,11/19/2024,103,Yes,Yes,Weak product fit
O03875,A0010,P004,Technology,North America,Enterprise,Direct,New Logo,166885,0.124,146191,Closed Won,6/19/2024,10/20/2024,123,No,Yes,Executive alignment
O03876,A0902,P008,Manufacturing,APAC,Enterprise,Partner,Expansion,149237,0.131,129686,Closed Won,9/18/2023,12/22/2023,95,No,Yes,Existing relationship
O03877,A0760,P005,Financial Services,North America,Enterprise,Direct,Renewal,141630,0.078,130582,Closed Lost,8/6/2025,11/22/2025,108,Yes,Yes,Timing
O03878,A0748,P005,Healthcare,Europe,Enterprise,Inside Sales,Expansion,127602,0.112,113310,Closed Lost,9/8/2023,12/15/2023,98,No,Yes,Price
O03879,A0788,P001,Financial Services,APAC,Strategic,Partner,New Logo,263299,0.095,238285,Open Pipeline,4/10/2026,8/31/2026,143,No,No,In progress
O03880,A0481,P003,Financial Services,Europe,Enterprise,Partner,New Logo,167002,0.172,138277,Closed Lost,10/23/2025,1/21/2026,90,Yes,Yes,Weak product fit
O03881,A0608,P002,Manufacturing,Europe,Enterprise,Partner,Renewal,230951,0.09,210165,Closed Lost,2/7/2026,7/11/2026,154,Yes,No,Limited budget
O03882,A0876,P003,Manufacturing,Europe,Mid-Market,Partner,New Logo,135969,0.142,116661,Closed Won,5/31/2024,9/4/2024,96,Yes,Yes,Bundle value
O03883,A0855,P004,Healthcare,Middle East,Enterprise,Direct,New Logo,149448,0.096,135100,Closed Won,7/14/2025,9/14/2025,62,No,Yes,Bundle value
O03884,A0217,P006,Technology,APAC,Enterprise,Inside Sales,Renewal,243937,0.155,206126,Closed Lost,5/17/2025,9/30/2025,136,No,No,Limited budget
O03885,A0094,P005,Healthcare,Europe,Mid-Market,Direct,New Logo,73612,0.127,64263,Closed Won,2/6/2025,4/23/2025,76,Yes,Yes,Bundle value
O03886,A0087,P002,Technology,Europe,Enterprise,Direct,New Logo,253371,0.072,235128,Closed Lost,9/15/2023,12/27/2023,103,Yes,Yes,Price
O03887,A0027,P007,Financial Services,Europe,Mid-Market,Direct,New Logo,57040,0.04,54758,Closed Won,11/26/2025,2/25/2026,91,Yes,Yes,Executive alignment
O03888,A0268,P003,Financial Services,Europe,Strategic,Direct,New Logo,296320,0.049,281800,Open Pipeline,7/23/2026,3/18/2027,238,Yes,Yes,In progress
O03889,A0021,P004,Technology,APAC,Enterprise,Direct,New Logo,170365,0.015,167809,Closed Won,6/3/2024,9/15/2024,104,No,Yes,Bundle value
O03890,A0232,P003,Manufacturing,North America,Mid-Market,Direct,New Logo,121965,0.085,111597,Closed Won,10/12/2025,12/12/2025,61,No,No,Superior analytics
O03891,A0447,P006,Manufacturing,Europe,Enterprise,Direct,Expansion,250070,0.156,211059,Open Pipeline,7/19/2026,11/17/2026,121,Yes,No,In progress
O03892,A0014,P003,Technology,Europe,Mid-Market,Direct,New Logo,108372,0.082,99485,Closed Lost,3/13/2026,5/1/2026,49,Yes,Yes,Weak product fit
O03893,A0010,P002,Technology,North America,Enterprise,Direct,New Logo,195350,0.128,170345,Closed Lost,2/21/2026,6/7/2026,106,No,No,No executive sponsor
O03894,A0865,P002,Healthcare,Middle East,Enterprise,Direct,New Logo,271370,0.124,237720,Closed Won,8/21/2025,11/13/2025,84,No,No,Executive alignment
O03895,A0020,P004,Healthcare,APAC,Mid-Market,Inside Sales,New Logo,88319,0.065,82578,Closed Lost,10/1/2023,1/24/2024,115,Yes,Yes,Competitor selected
O03896,A0304,P005,Manufacturing,APAC,Enterprise,Direct,New Logo,107738,0.087,98364,Closed Won,11/5/2023,1/23/2024,79,No,No,Executive alignment
O03897,A0569,P001,Financial Services,North America,Mid-Market,Direct,New Logo,119668,0.058,112727,Open Pipeline,7/19/2026,9/15/2026,58,Yes,No,In progress
O03898,A0238,P005,Financial Services,Middle East,Strategic,Partner,New Logo,196561,0.178,161573,Closed Lost,11/13/2024,4/20/2025,158,No,No,Limited budget
O03899,A0431,P003,Healthcare,APAC,Enterprise,Direct,Renewal,180989,0.137,156193,Closed Lost,8/6/2025,12/14/2025,130,No,No,Weak product fit
O03900,A0614,P006,Healthcare,North America,Mid-Market,Direct,New Logo,117517,0.066,109760,Closed Lost,6/16/2025,9/13/2025,89,No,No,Timing
O03901,A0812,P001,Healthcare,Europe,Mid-Market,Direct,New Logo,112928,0.079,104006,Closed Lost,4/11/2026,6/14/2026,64,No,Yes,Timing
O03902,A0959,P003,Manufacturing,North America,Strategic,Partner,Renewal,211089,0.124,184913,Closed Lost,4/28/2024,9/28/2024,153,Yes,No,Timing
O03903,A0538,P008,Healthcare,North America,Enterprise,Partner,New Logo,156335,0.012,154458,Closed Lost,12/19/2023,2/28/2024,71,Yes,Yes,Price
O03904,A0773,P005,Financial Services,Middle East,Enterprise,Direct,New Logo,121590,0.047,115875,Closed Won,3/30/2024,8/31/2024,154,No,Yes,Strong product fit
O03905,A0249,P007,Financial Services,North America,Enterprise,Direct,Expansion,97822,0.061,91854,Closed Lost,9/15/2024,12/21/2024,97,Yes,No,No executive sponsor
O03906,A0483,P003,Financial Services,APAC,Mid-Market,Direct,Expansion,126641,0.103,113596,Closed Lost,7/31/2024,9/4/2024,35,Yes,No,No executive sponsor
O03907,A0302,P003,Technology,Europe,Mid-Market,Inside Sales,Expansion,122536,0.074,113468,Closed Lost,10/27/2024,1/5/2025,70,Yes,No,Weak product fit
O03908,A0901,P002,Financial Services,Middle East,Mid-Market,Direct,New Logo,135185,0.153,114501,Closed Won,4/17/2026,6/27/2026,71,No,No,Executive alignment
O03909,A0939,P001,Technology,Europe,Mid-Market,Direct,New Logo,148475,0.075,137339,Closed Won,8/8/2024,10/24/2024,77,Yes,No,Superior analytics
O03910,A0668,P001,Healthcare,APAC,Mid-Market,Partner,New Logo,137821,0.138,118801,Closed Won,12/31/2024,4/28/2025,118,No,Yes,Executive alignment
O03911,A0825,P004,Healthcare,Europe,Mid-Market,Direct,New Logo,107230,0.057,101117,Closed Won,1/20/2026,4/2/2026,72,Yes,No,Executive alignment
O03912,A0556,P006,Healthcare,North America,Mid-Market,Direct,New Logo,140677,0.158,118450,Closed Lost,8/11/2025,10/26/2025,76,No,No,Price
O03913,A0712,P008,Manufacturing,APAC,Strategic,Direct,New Logo,231355,0.114,204980,Closed Won,3/6/2024,7/10/2024,126,Yes,Yes,Existing relationship
O03914,A0208,P004,Manufacturing,North America,Enterprise,Direct,New Logo,141382,0.138,121871,Open Pipeline,5/6/2026,8/29/2026,115,No,No,In progress
O03915,A0474,P003,Technology,North America,Mid-Market,Direct,New Logo,112950,0.063,105834,Closed Lost,10/18/2025,2/22/2026,127,Yes,Yes,No executive sponsor
O03916,A0104,P007,Technology,APAC,Mid-Market,Inside Sales,New Logo,72341,0.13,62936,Closed Won,6/5/2024,7/27/2024,52,Yes,Yes,Existing relationship
O03917,A0600,P001,Financial Services,Europe,Enterprise,Partner,New Logo,180320,0.134,156157,Closed Lost,10/4/2024,2/1/2025,120,No,Yes,Price
O03918,A0258,P002,Manufacturing,Europe,Strategic,Direct,Expansion,335121,0,335121,Closed Lost,9/26/2023,4/20/2024,207,Yes,No,Limited budget
O03919,A0804,P003,Healthcare,APAC,Enterprise,Partner,New Logo,152941,0.157,128929,Closed Lost,10/25/2025,3/15/2026,141,Yes,Yes,No executive sponsor
O03920,A0932,P008,Healthcare,North America,Enterprise,Direct,Expansion,141873,0.113,125841,Closed Won,4/30/2024,9/5/2024,128,No,Yes,Strong product fit
O03921,A0137,P004,Technology,Europe,Enterprise,Direct,New Logo,183304,0.161,153792,Closed Lost,1/24/2024,5/15/2024,112,Yes,No,Limited budget
O03922,A0775,P008,Manufacturing,Europe,Enterprise,Direct,New Logo,147584,0.099,132973,Closed Lost,8/3/2025,10/11/2025,69,No,No,Timing
O03923,A0238,P007,Financial Services,Middle East,Strategic,Direct,Renewal,127094,0.131,110444,Closed Won,10/16/2025,2/24/2026,131,No,Yes,Existing relationship
O03924,A0638,P008,Healthcare,APAC,Enterprise,Partner,New Logo,136818,0.103,122725,Open Pipeline,6/2/2026,9/30/2026,120,Yes,No,In progress
O03925,A0966,P003,Manufacturing,North America,Enterprise,Direct,New Logo,173108,0.037,166703,Closed Lost,8/3/2025,12/20/2025,139,Yes,Yes,Timing
O03926,A0632,P003,Technology,North America,Strategic,Direct,New Logo,211307,0.088,192711,Closed Lost,3/9/2026,7/29/2026,142,No,Yes,Weak product fit
O03927,A0225,P004,Healthcare,APAC,Mid-Market,Direct,New Logo,100002,0.066,93401,Closed Lost,12/16/2024,1/19/2025,34,No,Yes,Timing
O03928,A0867,P002,Technology,Europe,Enterprise,Partner,New Logo,240852,0.141,206891,Closed Won,2/11/2025,6/24/2025,133,Yes,No,Executive alignment
O03929,A0181,P001,Financial Services,Middle East,Enterprise,Direct,Renewal,180897,0.14,155571,Closed Lost,1/3/2024,6/1/2024,150,Yes,Yes,Limited budget
O03930,A0955,P005,Healthcare,North America,Enterprise,Direct,Expansion,125267,0.123,109859,Closed Won,3/27/2026,7/7/2026,102,No,Yes,Existing relationship
O03931,A0010,P001,Technology,North America,Enterprise,Direct,New Logo,166658,0.17,138326,Open Pipeline,7/18/2026,12/23/2026,158,No,Yes,In progress
O03932,A0536,P007,Financial Services,North America,Enterprise,Inside Sales,New Logo,105771,0.047,100799,Closed Won,3/14/2024,6/14/2024,92,Yes,Yes,Superior analytics
O03933,A0843,P005,Technology,North America,Mid-Market,Direct,New Logo,82838,0.196,66601,Closed Lost,2/1/2026,2/26/2026,25,Yes,No,Competitor selected
O03934,A0926,P005,Financial Services,North America,Mid-Market,Direct,New Logo,80332,0.186,65390,Closed Won,2/21/2024,6/7/2024,107,Yes,No,Bundle value
O03935,A0868,P004,Financial Services,Middle East,Enterprise,Direct,New Logo,187213,0.151,158943,Closed Lost,6/28/2025,11/4/2025,129,Yes,Yes,Limited budget
O03936,A0892,P001,Healthcare,Europe,Mid-Market,Direct,New Logo,149813,0.156,126442,Closed Lost,9/10/2023,11/22/2023,73,No,No,Weak product fit
O03937,A0470,P001,Healthcare,Europe,Enterprise,Inside Sales,New Logo,170268,0.193,137406,Closed Won,9/15/2024,12/28/2024,104,Yes,No,Existing relationship
O03938,A0199,P006,Technology,Europe,Mid-Market,Direct,New Logo,135543,0.069,126190,Closed Won,5/28/2024,9/6/2024,101,Yes,No,Bundle value
O03939,A0976,P005,Technology,North America,Enterprise,Inside Sales,New Logo,125879,0.051,119459,Closed Lost,2/11/2024,5/12/2024,91,Yes,Yes,No executive sponsor
O03940,A0369,P008,Financial Services,APAC,Mid-Market,Direct,New Logo,96229,0.184,78522,Closed Won,7/25/2024,10/13/2024,80,No,No,Bundle value
O03941,A0621,P004,Technology,North America,Strategic,Direct,New Logo,253666,0.133,219928,Closed Lost,9/11/2024,1/31/2025,142,No,Yes,Weak product fit
O03942,A0945,P003,Healthcare,Middle East,Enterprise,Direct,New Logo,196540,0.102,176492,Closed Lost,3/25/2026,6/6/2026,73,No,No,Timing
O03943,A0477,P006,Manufacturing,North America,Mid-Market,Partner,Expansion,151327,0.14,130141,Closed Lost,10/12/2025,11/7/2025,26,No,No,Timing
O03944,A0122,P007,Financial Services,APAC,Strategic,Direct,Expansion,140008,0.104,125447,Closed Lost,11/9/2024,5/20/2025,192,Yes,No,Price
O03945,A0128,P001,Technology,North America,Mid-Market,Direct,New Logo,139950,0.078,129033,Closed Lost,6/25/2025,10/22/2025,119,Yes,Yes,Timing
O03946,A0150,P001,Healthcare,Middle East,Enterprise,Inside Sales,New Logo,202854,0.071,188451,Closed Lost,9/6/2025,12/4/2025,89,Yes,No,Limited budget
O03947,A0878,P003,Technology,Europe,Strategic,Inside Sales,New Logo,244717,0.192,197731,Closed Lost,2/21/2026,7/23/2026,152,No,Yes,Price
O03948,A0408,P003,Healthcare,North America,Enterprise,Direct,Expansion,196982,0.108,175707,Closed Lost,9/7/2025,3/10/2026,184,No,No,Price
O03949,A0634,P001,Healthcare,APAC,Strategic,Partner,Expansion,287092,0.119,252928,Closed Lost,6/17/2025,12/23/2025,189,No,Yes,Limited budget
O03950,A0503,P004,Manufacturing,Middle East,Enterprise,Partner,New Logo,163956,0.088,149527,Closed Won,11/15/2025,2/22/2026,99,No,Yes,Strong product fit
O03951,A0024,P003,Manufacturing,Europe,Enterprise,Direct,New Logo,169891,0.131,147635,Closed Lost,3/27/2026,7/27/2026,122,No,Yes,Timing
O03952,A0561,P003,Financial Services,Europe,Enterprise,Inside Sales,New Logo,185090,0.226,143259,Closed Lost,2/27/2026,6/26/2026,119,Yes,Yes,Timing
O03953,A0801,P003,Financial Services,North America,Strategic,Direct,New Logo,296165,0.01,293203,Closed Lost,10/13/2025,3/23/2026,161,No,No,Timing
O03954,A0606,P001,Financial Services,North America,Enterprise,Direct,New Logo,228291,0.183,186513,Closed Won,2/23/2026,6/10/2026,107,No,Yes,Executive alignment
O03955,A0010,P003,Technology,North America,Enterprise,Partner,New Logo,177046,0.147,151020,Closed Lost,11/17/2024,3/5/2025,108,No,No,No executive sponsor
O03956,A0201,P002,Financial Services,Europe,Enterprise,Partner,New Logo,211373,0.19,171212,Closed Lost,3/27/2025,8/29/2025,155,Yes,No,Competitor selected
O03957,A0352,P005,Financial Services,Europe,Strategic,Partner,Renewal,149361,0.177,122924,Closed Lost,2/9/2026,7/1/2026,142,No,No,Limited budget
O03958,A0155,P006,Financial Services,APAC,Mid-Market,Direct,New Logo,122378,0.089,111486,Closed Lost,10/2/2023,2/9/2024,130,No,Yes,No executive sponsor
O03959,A0761,P001,Technology,Europe,Enterprise,Direct,New Logo,180714,0.094,163726,Closed Lost,9/22/2023,1/25/2024,125,Yes,Yes,Timing
O03960,A0227,P006,Healthcare,Europe,Enterprise,Partner,New Logo,181894,0.061,170798,Closed Lost,11/21/2024,4/22/2025,152,No,Yes,Price
O03961,A0518,P005,Technology,North America,Enterprise,Direct,New Logo,111244,0.064,104124,Open Pipeline,8/16/2026,11/6/2026,82,No,Yes,In progress
O03962,A0477,P002,Manufacturing,North America,Mid-Market,Direct,Expansion,126366,0.173,104504,Closed Won,10/8/2024,12/18/2024,71,Yes,Yes,Superior analytics
O03963,A0862,P005,Financial Services,APAC,Strategic,Direct,New Logo,142482,0.149,121252,Open Pipeline,4/12/2026,9/28/2026,169,Yes,No,In progress
O03964,A0509,P003,Manufacturing,Middle East,Mid-Market,Inside Sales,New Logo,120384,0.035,116170,Closed Lost,5/1/2026,7/24/2026,84,No,No,Timing
O03965,A0845,P005,Technology,Europe,Strategic,Direct,New Logo,191231,0.175,157765,Closed Lost,5/2/2024,11/19/2024,201,Yes,No,Timing
O03966,A0906,P004,Technology,Europe,Mid-Market,Partner,New Logo,91027,0.12,80103,Closed Lost,6/5/2026,7/9/2026,34,No,Yes,Weak product fit
O03967,A0024,P008,Manufacturing,Europe,Enterprise,Direct,Expansion,172980,0.062,162255,Closed Lost,11/21/2024,5/1/2025,161,Yes,Yes,No executive sponsor
O03968,A0721,P001,Financial Services,North America,Enterprise,Direct,New Logo,173300,0.247,130494,Closed Lost,9/24/2025,1/20/2026,118,No,No,No executive sponsor
O03969,A0955,P001,Healthcare,North America,Enterprise,Direct,Expansion,207572,0.185,169171,Closed Lost,6/30/2025,12/17/2025,170,Yes,No,No executive sponsor
O03970,A0481,P003,Financial Services,Europe,Enterprise,Direct,Expansion,179884,0.162,150742,Closed Lost,11/6/2025,2/24/2026,110,No,No,Timing
O03971,A0945,P006,Healthcare,Middle East,Enterprise,Partner,New Logo,192650,0.205,153156,Closed Won,2/8/2025,7/23/2025,165,No,No,Existing relationship
O03972,A0554,P002,Technology,APAC,Mid-Market,Partner,Expansion,141722,0.092,128683,Closed Lost,5/27/2025,6/29/2025,33,No,Yes,Competitor selected
O03973,A0388,P004,Manufacturing,Middle East,Enterprise,Direct,New Logo,161142,0.098,145350,Closed Lost,4/1/2024,7/26/2024,116,No,No,Limited budget
O03974,A0572,P005,Financial Services,APAC,Enterprise,Direct,New Logo,115794,0.006,115099,Closed Lost,3/22/2024,6/22/2024,92,Yes,Yes,Price
O03975,A0696,P003,Healthcare,APAC,Mid-Market,Partner,New Logo,104323,0.179,85649,Closed Won,11/1/2024,2/5/2025,96,Yes,Yes,Bundle value
O03976,A0773,P001,Financial Services,Middle East,Enterprise,Partner,New Logo,177026,0.204,140912,Closed Lost,4/4/2025,8/13/2025,131,Yes,Yes,Price
O03977,A0601,P008,Technology,APAC,Mid-Market,Partner,New Logo,84221,0.088,76809,Closed Lost,6/17/2026,9/4/2026,79,Yes,Yes,Weak product fit
O03978,A0679,P002,Financial Services,Europe,Mid-Market,Inside Sales,New Logo,163853,0.04,157298,Closed Lost,1/25/2026,3/27/2026,61,Yes,No,Timing
O03979,A0943,P005,Financial Services,North America,Enterprise,Direct,New Logo,114157,0.101,102627,Closed Lost,5/4/2025,9/25/2025,144,No,Yes,Price
O03980,A0697,P002,Manufacturing,North America,Mid-Market,Inside Sales,New Logo,157593,0.039,151446,Closed Lost,2/8/2026,5/3/2026,84,Yes,Yes,Competitor selected
O03981,A0343,P002,Technology,North America,Enterprise,Direct,Renewal,234586,0.152,198928,Closed Lost,11/9/2024,4/23/2025,165,No,No,Competitor selected
O03982,A0846,P002,Manufacturing,Europe,Enterprise,Inside Sales,Renewal,202933,0.095,183654,Closed Lost,8/25/2025,12/6/2025,103,Yes,No,Competitor selected
O03983,A0073,P007,Manufacturing,Europe,Mid-Market,Direct,New Logo,79753,0.107,71219,Closed Lost,4/7/2025,8/27/2025,142,Yes,No,No executive sponsor
O03984,A0295,P005,Financial Services,North America,Enterprise,Direct,New Logo,141742,0.164,118496,Closed Lost,7/30/2025,1/4/2026,158,No,No,Weak product fit
O03985,A0558,P002,Technology,North America,Enterprise,Direct,Renewal,257157,0.012,254071,Closed Won,4/1/2024,9/2/2024,154,No,Yes,Strong product fit
O03986,A0815,P003,Healthcare,North America,Mid-Market,Direct,New Logo,128623,0.068,119876,Closed Lost,5/27/2025,8/22/2025,87,No,Yes,Weak product fit
O03987,A0593,P004,Manufacturing,Middle East,Mid-Market,Direct,New Logo,89415,0.198,71710,Closed Lost,11/19/2024,2/5/2025,78,Yes,Yes,No executive sponsor
O03988,A0450,P006,Financial Services,Europe,Enterprise,Partner,New Logo,239230,0.127,208847,Closed Lost,1/21/2026,3/28/2026,66,Yes,No,Price
O03989,A0484,P003,Financial Services,APAC,Enterprise,Direct,Expansion,163304,0.123,143217,Closed Won,6/25/2025,9/9/2025,76,Yes,Yes,Superior analytics
O03990,A0672,P007,Manufacturing,North America,Enterprise,Partner,New Logo,116694,0.206,92655,Closed Lost,6/24/2024,11/22/2024,151,No,No,Timing
O03991,A0807,P008,Technology,APAC,Mid-Market,Direct,New Logo,105842,0.151,89859,Closed Lost,5/22/2024,7/31/2024,70,Yes,Yes,Weak product fit
O03992,A0607,P004,Technology,APAC,Enterprise,Inside Sales,New Logo,180330,0.031,174739,Closed Lost,10/7/2024,1/23/2025,108,No,No,Competitor selected
O03993,A0505,P002,Manufacturing,Middle East,Mid-Market,Direct,Expansion,158820,0.086,145161,Closed Lost,9/4/2025,1/9/2026,127,Yes,Yes,Competitor selected
O03994,A0638,P006,Healthcare,APAC,Enterprise,Direct,New Logo,201781,0.117,178172,Closed Lost,11/1/2025,3/3/2026,122,No,Yes,Timing
O03995,A0941,P007,Financial Services,North America,Mid-Market,Inside Sales,New Logo,70442,0.04,67624,Closed Won,1/17/2025,4/18/2025,91,No,Yes,Bundle value
O03996,A0717,P008,Manufacturing,Europe,Enterprise,Partner,New Logo,138168,0.144,118271,Closed Won,9/13/2024,1/2/2025,111,No,No,Superior analytics
O03997,A0095,P007,Financial Services,APAC,Mid-Market,Direct,New Logo,62994,0.128,54930,Closed Lost,1/23/2024,2/18/2024,26,No,Yes,Weak product fit
O03998,A0815,P002,Healthcare,North America,Mid-Market,Partner,New Logo,161358,0.116,142640,Closed Won,7/14/2026,10/10/2026,88,Yes,No,Bundle value
O03999,A0497,P004,Healthcare,APAC,Enterprise,Direct,New Logo,173469,0.045,165662,Closed Won,8/29/2023,11/13/2023,76,No,Yes,Existing relationship
O04000,A0050,P008,Manufacturing,Europe,Mid-Market,Direct,New Logo,105017,0.16,88214,Closed Lost,12/2/2025,3/14/2026,102,No,Yes,Limited budget
O04001,A0251,P002,Healthcare,North America,Mid-Market,Direct,New Logo,176129,0.059,165737,Closed Lost,9/29/2023,12/14/2023,76,Yes,Yes,Weak product fit
O04002,A0955,P002,Healthcare,North America,Enterprise,Direct,New Logo,259443,0.088,236612,Closed Lost,12/17/2025,4/22/2026,126,Yes,No,Price
O04003,A0775,P008,Manufacturing,Europe,Enterprise,Partner,New Logo,154776,0.258,114843,Closed Lost,3/26/2026,7/1/2026,97,No,Yes,No executive sponsor
O04004,A0572,P008,Financial Services,APAC,Enterprise,Direct,New Logo,143439,0.165,119771,Closed Lost,7/12/2024,10/30/2024,110,No,No,No executive sponsor
O04005,A0952,P006,Financial Services,Middle East,Mid-Market,Direct,New Logo,158895,0.175,131088,Closed Lost,11/1/2024,3/9/2025,128,Yes,No,Limited budget
O04006,A0347,P004,Healthcare,Europe,Enterprise,Partner,New Logo,149345,0.176,123060,Closed Lost,2/23/2025,7/30/2025,157,Yes,No,Timing
O04007,A0148,P003,Healthcare,APAC,Mid-Market,Direct,New Logo,105725,0.154,89443,Open Pipeline,7/29/2026,12/16/2026,140,No,No,In progress
O04008,A0275,P001,Manufacturing,North America,Strategic,Direct,New Logo,287716,0.172,238228,Closed Won,11/1/2024,4/11/2025,161,No,Yes,Bundle value
O04009,A0238,P006,Financial Services,Middle East,Strategic,Direct,New Logo,304321,0.097,274801,Open Pipeline,7/7/2026,11/10/2026,126,Yes,No,In progress
O04010,A0516,P003,Healthcare,North America,Enterprise,Partner,New Logo,195997,0.138,168949,Closed Won,12/7/2024,3/26/2025,109,No,Yes,Existing relationship
O04011,A0683,P004,Manufacturing,Middle East,Enterprise,Direct,New Logo,142229,0.148,121179,Closed Won,12/30/2024,4/5/2025,96,Yes,Yes,Superior analytics
O04012,A0955,P008,Healthcare,North America,Enterprise,Direct,New Logo,133130,0.12,117154,Open Pipeline,6/7/2026,9/8/2026,93,No,Yes,In progress
O04013,A0851,P008,Technology,Middle East,Mid-Market,Direct,New Logo,88899,0.084,81431,Closed Lost,11/7/2023,1/12/2024,66,Yes,Yes,Timing
O04014,A0762,P001,Financial Services,North America,Enterprise,Direct,New Logo,214999,0.08,197799,Closed Lost,2/15/2024,6/29/2024,135,No,No,No executive sponsor
O04015,A0187,P007,Healthcare,APAC,Enterprise,Direct,New Logo,107927,0.178,88715,Closed Lost,2/19/2026,6/30/2026,131,Yes,No,Limited budget
O04016,A0944,P006,Financial Services,Europe,Enterprise,Inside Sales,New Logo,179473,0.11,159730,Closed Lost,3/19/2024,7/31/2024,134,No,Yes,No executive sponsor
O04017,A0171,P002,Technology,APAC,Mid-Market,Direct,New Logo,173971,0.088,158661,Closed Won,9/15/2023,11/6/2023,52,Yes,No,Strong product fit
O04018,A0333,P008,Healthcare,North America,Enterprise,Direct,New Logo,131369,0.115,116261,Closed Won,11/21/2024,4/26/2025,156,No,Yes,Existing relationship
O04019,A0566,P005,Technology,Middle East,Strategic,Direct,New Logo,182862,0.126,159821,Closed Won,8/29/2025,1/9/2026,133,Yes,Yes,Bundle value
O04020,A0103,P006,Financial Services,Middle East,Mid-Market,Direct,New Logo,120633,0.043,115445,Closed Lost,2/4/2025,3/16/2025,40,No,Yes,Limited budget
O04021,A0134,P003,Healthcare,North America,Mid-Market,Partner,New Logo,110336,0.234,84517,Closed Lost,9/3/2024,11/28/2024,86,Yes,No,Limited budget
O04022,A0305,P004,Healthcare,Europe,Strategic,Partner,New Logo,249447,0.118,220012,Closed Won,10/10/2023,2/20/2024,133,Yes,Yes,Bundle value
O04023,A0738,P005,Healthcare,Europe,Mid-Market,Direct,New Logo,85549,0.013,84436,Closed Won,3/27/2026,7/3/2026,98,Yes,No,Executive alignment
O04024,A0150,P005,Healthcare,Middle East,Enterprise,Direct,New Logo,102183,0.098,92169,Closed Won,12/7/2023,3/9/2024,93,No,Yes,Existing relationship
O04025,A0780,P008,Manufacturing,Middle East,Mid-Market,Partner,New Logo,82651,0.153,70005,Closed Lost,5/1/2024,7/1/2024,61,No,Yes,Limited budget
O04026,A0106,P001,Technology,Middle East,Mid-Market,Direct,New Logo,139927,0.067,130551,Closed Won,3/28/2025,6/10/2025,74,No,Yes,Executive alignment
O04027,A0471,P008,Technology,Europe,Enterprise,Direct,New Logo,144991,0,144991,Closed Lost,7/8/2025,11/12/2025,127,Yes,No,Price
O04028,A0524,P004,Healthcare,North America,Mid-Market,Direct,Expansion,114172,0.092,103668,Closed Lost,9/12/2023,11/28/2023,77,No,Yes,Timing
O04029,A0891,P007,Financial Services,North America,Strategic,Direct,Expansion,169733,0.086,155135,Closed Lost,12/26/2024,6/22/2025,178,Yes,No,No executive sponsor
O04030,A0446,P006,Manufacturing,Europe,Mid-Market,Direct,Expansion,147422,0.134,127667,Closed Lost,3/13/2026,6/9/2026,88,Yes,No,No executive sponsor
O04031,A0312,P008,Technology,Europe,Enterprise,Direct,New Logo,143986,0.191,116484,Closed Lost,10/6/2025,2/18/2026,135,No,Yes,Competitor selected
O04032,A0417,P002,Manufacturing,North America,Enterprise,Inside Sales,Expansion,253540,0.094,229707,Closed Lost,1/8/2026,3/30/2026,81,Yes,Yes,Price
O04033,A0262,P002,Manufacturing,Europe,Enterprise,Direct,New Logo,204301,0.054,193268,Closed Lost,6/24/2024,8/21/2024,58,Yes,No,Weak product fit
O04034,A0459,P001,Financial Services,Europe,Mid-Market,Direct,Renewal,148500,0.151,126076,Closed Lost,1/16/2024,4/10/2024,85,Yes,No,Limited budget
O04035,A0397,P008,Financial Services,Europe,Mid-Market,Direct,Expansion,113158,0.132,98221,Closed Lost,7/26/2025,11/12/2025,109,Yes,No,Timing
O04036,A0493,P005,Technology,APAC,Enterprise,Direct,New Logo,135023,0.223,104912,Closed Lost,2/11/2024,5/15/2024,94,Yes,Yes,No executive sponsor
O04037,A0197,P004,Manufacturing,Europe,Mid-Market,Direct,New Logo,115956,0.008,115028,Closed Won,9/27/2025,12/20/2025,84,Yes,Yes,Bundle value
O04038,A0693,P003,Financial Services,Europe,Mid-Market,Inside Sales,New Logo,118619,0.09,107943,Closed Won,5/15/2026,8/19/2026,96,Yes,Yes,Strong product fit
O04039,A0460,P005,Healthcare,Europe,Enterprise,Direct,New Logo,124668,0.163,104347,Closed Lost,7/25/2025,10/18/2025,85,Yes,No,Timing
O04040,A0509,P006,Manufacturing,Middle East,Mid-Market,Direct,New Logo,144348,0.071,134099,Open Pipeline,6/23/2026,9/16/2026,85,No,Yes,In progress
O04041,A0175,P008,Technology,Europe,Strategic,Direct,New Logo,197286,0.143,169074,Closed Lost,12/4/2023,6/5/2024,184,Yes,No,Timing
O04042,A0252,P008,Financial Services,Europe,Enterprise,Direct,New Logo,129966,0.094,117749,Closed Lost,4/21/2024,10/24/2024,186,Yes,No,Price
O04043,A0427,P006,Technology,APAC,Enterprise,Direct,New Logo,211399,0.086,193218,Closed Lost,12/6/2023,1/11/2024,36,Yes,Yes,Weak product fit
O04044,A0992,P002,Manufacturing,North America,Enterprise,Direct,Expansion,235951,0.091,214479,Closed Lost,1/12/2026,4/15/2026,93,Yes,Yes,No executive sponsor
O04045,A0476,P003,Healthcare,Middle East,Mid-Market,Direct,New Logo,123557,0.209,97733,Closed Lost,3/12/2025,5/22/2025,71,Yes,No,Timing
O04046,A0677,P001,Manufacturing,APAC,Mid-Market,Direct,New Logo,149656,0.241,113588,Closed Won,2/19/2024,4/22/2024,63,No,No,Bundle value
O04047,A0749,P007,Technology,North America,Mid-Market,Direct,Expansion,59333,0.15,50433,Open Pipeline,8/17/2026,9/28/2026,42,No,Yes,In progress
O04048,A0958,P007,Manufacturing,North America,Mid-Market,Inside Sales,New Logo,69384,0.106,62029,Closed Won,8/13/2025,11/23/2025,102,No,No,Executive alignment
O04049,A0426,P007,Financial Services,Middle East,Enterprise,Inside Sales,Expansion,110854,0.157,93449,Closed Lost,10/19/2023,1/6/2024,79,Yes,Yes,Price
O04050,A0042,P005,Financial Services,Europe,Enterprise,Inside Sales,New Logo,126298,0.052,119730,Closed Won,10/30/2024,12/19/2024,50,No,Yes,Strong product fit
O04051,A0433,P002,Technology,North America,Enterprise,Inside Sales,New Logo,258545,0.038,248720,Closed Lost,9/16/2023,12/6/2023,81,Yes,Yes,No executive sponsor
O04052,A0007,P002,Technology,Europe,Enterprise,Direct,New Logo,200857,0.156,169523,Closed Lost,1/20/2026,4/29/2026,99,Yes,Yes,Price
O04053,A0628,P004,Manufacturing,APAC,Enterprise,Direct,New Logo,143314,0.104,128409,Closed Lost,6/26/2025,8/18/2025,53,Yes,No,No executive sponsor
O04054,A0374,P001,Financial Services,Europe,Enterprise,Direct,Expansion,209633,0.055,198103,Closed Lost,3/29/2024,7/21/2024,114,No,No,Timing
O04055,A0231,P003,Healthcare,Europe,Mid-Market,Partner,New Logo,105092,0.192,84914,Closed Lost,8/16/2025,10/21/2025,66,No,Yes,Timing
O04056,A0694,P005,Healthcare,North America,Enterprise,Direct,New Logo,129769,0.084,118868,Closed Lost,9/30/2024,1/27/2025,119,Yes,No,Timing
O04057,A0504,P007,Financial Services,North America,Mid-Market,Partner,New Logo,63463,0.101,57053,Closed Won,9/19/2023,1/20/2024,123,No,No,Bundle value
O04058,A0105,P002,Financial Services,North America,Strategic,Partner,Expansion,356745,0.114,316076,Closed Lost,10/21/2023,4/5/2024,167,No,Yes,Limited budget
O04059,A0541,P005,Technology,APAC,Enterprise,Direct,New Logo,115559,0.22,90136,Closed Won,7/15/2025,11/25/2025,133,No,Yes,Executive alignment
O04060,A0800,P002,Manufacturing,North America,Strategic,Direct,Expansion,363397,0.104,325603,Closed Lost,1/17/2024,4/2/2024,76,Yes,Yes,Competitor selected
O04061,A0025,P007,Financial Services,Middle East,Enterprise,Inside Sales,Renewal,90711,0.113,80460,Closed Lost,10/3/2023,1/17/2024,106,No,No,No executive sponsor
O04062,A0677,P008,Manufacturing,APAC,Mid-Market,Inside Sales,New Logo,107193,0.074,99260,Closed Won,3/31/2025,7/16/2025,107,Yes,No,Strong product fit
O04063,A0274,P003,Technology,North America,Mid-Market,Direct,Expansion,114403,0.106,102276,Closed Lost,1/22/2026,4/12/2026,80,No,Yes,Timing
O04064,A0652,P008,Financial Services,Middle East,Mid-Market,Partner,New Logo,91249,0.21,72086,Closed Lost,10/12/2023,1/27/2024,107,No,Yes,Weak product fit
O04065,A0243,P005,Healthcare,APAC,Enterprise,Direct,Expansion,136482,0.07,126928,Closed Lost,9/12/2023,11/18/2023,67,No,No,Competitor selected
O04066,A0920,P006,Healthcare,Middle East,Mid-Market,Direct,New Logo,158495,0.039,152313,Open Pipeline,7/28/2026,9/18/2026,52,Yes,No,In progress
O04067,A0575,P005,Manufacturing,APAC,Enterprise,Direct,New Logo,106293,0.137,91730,Closed Won,4/21/2025,8/22/2025,123,No,No,Executive alignment
O04068,A0906,P001,Technology,Europe,Mid-Market,Partner,New Logo,140265,0.269,102533,Closed Lost,12/1/2023,2/2/2024,63,No,No,Weak product fit
O04069,A0503,P003,Manufacturing,Middle East,Enterprise,Direct,New Logo,162211,0.185,132201,Closed Lost,10/13/2023,2/29/2024,139,Yes,No,Limited budget
O04070,A0008,P007,Financial Services,North America,Strategic,Direct,New Logo,136170,0.18,111659,Closed Lost,7/16/2024,12/20/2024,157,Yes,Yes,Competitor selected
O04071,A0631,P007,Technology,North America,Strategic,Direct,Expansion,145571,0.092,132178,Closed Lost,5/16/2024,11/11/2024,179,No,No,Competitor selected
O04072,A0141,P008,Healthcare,North America,Enterprise,Direct,New Logo,128455,0.042,123059,Closed Won,1/1/2025,3/6/2025,64,No,Yes,Executive alignment
O04073,A0237,P008,Healthcare,North America,Mid-Market,Direct,Renewal,88534,0.042,84815,Closed Won,8/31/2025,11/25/2025,86,No,Yes,Bundle value
O04074,A0575,P008,Manufacturing,APAC,Enterprise,Direct,New Logo,147503,0.169,122574,Closed Lost,5/13/2025,9/26/2025,136,Yes,No,Timing
O04075,A0549,P005,Technology,North America,Mid-Market,Direct,Renewal,89241,0.035,86117,Closed Lost,9/13/2023,12/14/2023,92,Yes,No,Timing
O04076,A0675,P006,Technology,North America,Mid-Market,Direct,New Logo,128778,0.145,110105,Closed Lost,6/19/2024,10/22/2024,125,No,No,Price
O04077,A0882,P006,Manufacturing,APAC,Enterprise,Direct,Expansion,181336,0.089,165197,Closed Won,8/9/2025,11/4/2025,87,No,Yes,Superior analytics
O04078,A0016,P004,Manufacturing,APAC,Mid-Market,Direct,New Logo,96202,0.03,93315,Closed Lost,9/9/2025,11/21/2025,73,No,No,Competitor selected
O04079,A0009,P003,Healthcare,North America,Enterprise,Direct,Expansion,155800,0.143,133520,Closed Lost,1/8/2024,3/31/2024,83,Yes,Yes,Limited budget
O04080,A0882,P003,Manufacturing,APAC,Enterprise,Partner,Renewal,172274,0.201,137646,Closed Lost,6/7/2024,9/26/2024,111,Yes,Yes,Limited budget
O04081,A0132,P004,Financial Services,North America,Mid-Market,Inside Sales,New Logo,110739,0,110739,Closed Lost,7/12/2025,8/29/2025,48,Yes,No,Limited budget
O04082,A0044,P006,Financial Services,APAC,Enterprise,Direct,New Logo,208600,0.059,196292,Closed Lost,2/13/2025,8/6/2025,174,Yes,Yes,Limited budget
O04083,A0752,P001,Manufacturing,Europe,Mid-Market,Direct,Expansion,137247,0.053,129972,Closed Lost,12/31/2025,3/15/2026,74,Yes,Yes,No executive sponsor
O04084,A0056,P001,Financial Services,APAC,Enterprise,Direct,New Logo,217217,0.086,198536,Closed Won,2/21/2026,6/16/2026,115,No,Yes,Bundle value
O04085,A0407,P001,Healthcare,North America,Enterprise,Inside Sales,New Logo,202053,0.019,198213,Closed Lost,12/24/2023,4/22/2024,120,No,Yes,Competitor selected
O04086,A0269,P002,Healthcare,North America,Mid-Market,Direct,New Logo,146104,0.258,108409,Closed Lost,1/6/2024,5/6/2024,121,No,Yes,Timing
O04087,A0806,P003,Technology,Europe,Strategic,Partner,New Logo,217084,0.165,181265,Closed Lost,4/21/2024,8/31/2024,132,Yes,Yes,Timing
O04088,A0818,P007,Technology,North America,Enterprise,Direct,New Logo,119138,0.181,97574,Closed Lost,5/5/2026,8/6/2026,93,Yes,Yes,No executive sponsor
O04089,A0677,P006,Manufacturing,APAC,Mid-Market,Direct,New Logo,140949,0.081,129532,Closed Won,7/4/2025,8/25/2025,52,No,No,Bundle value
O04090,A0920,P002,Healthcare,Middle East,Mid-Market,Direct,New Logo,157339,0.101,141447,Open Pipeline,8/9/2026,10/27/2026,79,No,Yes,In progress
O04091,A0726,P007,Financial Services,APAC,Strategic,Direct,Expansion,132812,0.081,122054,Closed Lost,2/11/2026,7/7/2026,146,Yes,No,Timing
O04092,A0409,P005,Healthcare,APAC,Mid-Market,Direct,Renewal,87679,0.115,77595,Closed Lost,11/25/2023,1/14/2024,50,No,No,No executive sponsor
O04093,A0030,P008,Manufacturing,Middle East,Enterprise,Inside Sales,Expansion,144784,0.032,140150,Closed Lost,5/10/2025,8/5/2025,87,No,Yes,Timing
O04094,A0287,P006,Technology,Europe,Enterprise,Partner,New Logo,229363,0.123,201151,Closed Lost,3/29/2024,7/18/2024,111,Yes,Yes,Timing
O04095,A0351,P005,Healthcare,APAC,Mid-Market,Direct,New Logo,90609,0.034,87528,Closed Lost,7/20/2025,10/3/2025,75,Yes,Yes,Limited budget
O04096,A0970,P003,Technology,Europe,Enterprise,Direct,New Logo,170392,0.124,149263,Closed Lost,11/1/2023,2/17/2024,108,No,No,Timing
O04097,A0736,P004,Healthcare,APAC,Enterprise,Direct,Renewal,186396,0.096,168501,Closed Won,3/20/2025,6/27/2025,99,No,Yes,Superior analytics
O04098,A0494,P002,Technology,APAC,Mid-Market,Direct,New Logo,176294,0.076,162895,Closed Lost,3/5/2025,4/26/2025,52,Yes,No,Timing
O04099,A0800,P003,Manufacturing,North America,Strategic,Direct,New Logo,261244,0.142,224147,Closed Lost,5/20/2025,10/26/2025,159,No,No,No executive sponsor
O04100,A0082,P002,Technology,North America,Enterprise,Direct,Renewal,224010,0.127,195560,Closed Lost,3/14/2026,8/2/2026,141,No,Yes,Price
O04101,A0493,P003,Technology,APAC,Enterprise,Inside Sales,New Logo,191573,0.056,180844,Closed Won,11/5/2023,1/24/2024,80,No,Yes,Strong product fit
O04102,A0120,P002,Financial Services,Europe,Enterprise,Partner,New Logo,244572,0.26,180983,Open Pipeline,5/19/2026,11/12/2026,177,Yes,No,In progress
O04103,A0247,P007,Financial Services,North America,Enterprise,Partner,New Logo,87849,0.234,67292,Closed Lost,11/13/2025,3/1/2026,108,No,Yes,No executive sponsor
O04104,A0425,P003,Manufacturing,APAC,Mid-Market,Partner,New Logo,131327,0.2,105061,Closed Won,7/15/2026,9/15/2026,62,No,No,Bundle value
O04105,A0982,P008,Technology,APAC,Mid-Market,Partner,New Logo,91925,0.142,78871,Closed Won,1/23/2024,4/16/2024,84,Yes,No,Executive alignment
O04106,A0095,P003,Financial Services,APAC,Mid-Market,Partner,New Logo,133741,0.106,119564,Closed Lost,5/17/2026,8/4/2026,79,No,Yes,No executive sponsor
O04107,A0672,P001,Manufacturing,North America,Enterprise,Partner,New Logo,179509,0.114,159044,Closed Won,3/13/2025,7/25/2025,134,No,No,Executive alignment
O04108,A0997,P006,Healthcare,APAC,Mid-Market,Direct,New Logo,156487,0.157,131918,Closed Lost,8/23/2023,11/28/2023,97,No,No,Competitor selected
O04109,A0493,P008,Technology,APAC,Enterprise,Direct,New Logo,131763,0.05,125174,Closed Won,1/7/2026,5/26/2026,139,Yes,Yes,Superior analytics
O04110,A0221,P006,Healthcare,North America,Enterprise,Direct,New Logo,201655,0.2,161324,Open Pipeline,5/16/2026,8/28/2026,104,Yes,No,In progress
O04111,A0781,P003,Technology,Middle East,Mid-Market,Direct,Expansion,112054,0.102,100624,Closed Won,5/28/2025,7/28/2025,61,Yes,Yes,Executive alignment
O04112,A0869,P007,Financial Services,Europe,Enterprise,Direct,New Logo,117776,0.112,104585,Closed Lost,3/12/2024,5/24/2024,73,Yes,No,Price
O04113,A0407,P004,Healthcare,North America,Enterprise,Partner,New Logo,158408,0.162,132745,Closed Lost,3/27/2024,9/29/2024,186,Yes,Yes,Weak product fit
O04114,A0440,P008,Manufacturing,Europe,Enterprise,Direct,New Logo,167653,0.069,156084,Closed Won,4/7/2024,8/20/2024,135,No,No,Strong product fit
O04115,A0055,P001,Financial Services,Europe,Mid-Market,Direct,New Logo,131565,0.155,111172,Closed Lost,3/27/2024,7/15/2024,110,No,No,Weak product fit
O04116,A0861,P005,Healthcare,Europe,Mid-Market,Inside Sales,New Logo,75824,0.032,73397,Closed Lost,3/24/2026,5/13/2026,50,No,No,No executive sponsor
O04117,A0432,P002,Technology,Europe,Enterprise,Inside Sales,New Logo,254183,0.071,236136,Closed Lost,9/17/2023,1/3/2024,108,Yes,No,No executive sponsor
O04118,A0170,P003,Financial Services,Middle East,Mid-Market,Direct,Expansion,103669,0.149,88222,Closed Won,12/22/2024,2/16/2025,56,No,Yes,Existing relationship
O04119,A0029,P002,Financial Services,Europe,Mid-Market,Direct,New Logo,147654,0.152,125210,Closed Lost,2/14/2026,5/22/2026,97,Yes,No,Limited budget
O04120,A0560,P008,Financial Services,North America,Enterprise,Partner,New Logo,154699,0.167,128864,Closed Lost,4/27/2024,8/21/2024,116,Yes,No,Limited budget
O04121,A0218,P003,Financial Services,APAC,Enterprise,Inside Sales,New Logo,170809,0.108,152361,Closed Lost,7/5/2025,9/23/2025,80,No,No,Timing
O04122,A0411,P008,Healthcare,North America,Strategic,Partner,Expansion,237185,0.168,197337,Closed Won,9/26/2023,2/12/2024,139,Yes,Yes,Existing relationship
O04123,A0664,P001,Financial Services,Europe,Enterprise,Direct,New Logo,189269,0.171,156904,Closed Won,1/28/2025,6/2/2025,125,No,Yes,Bundle value
O04124,A0216,P006,Technology,North America,Enterprise,Partner,New Logo,203365,0.219,158828,Closed Lost,9/12/2024,12/23/2024,102,Yes,Yes,Price
O04125,A0753,P008,Manufacturing,APAC,Mid-Market,Inside Sales,New Logo,105927,0.178,87071,Closed Won,7/21/2026,9/19/2026,60,No,Yes,Superior analytics
O04126,A0696,P002,Healthcare,APAC,Mid-Market,Partner,New Logo,138380,0.116,122327,Closed Lost,10/15/2025,11/25/2025,41,No,No,No executive sponsor
O04127,A0438,P001,Manufacturing,Europe,Enterprise,Direct,New Logo,219853,0.078,202704,Closed Lost,2/3/2025,5/30/2025,116,No,Yes,Timing
O04128,A0944,P006,Financial Services,Europe,Enterprise,Partner,New Logo,239123,0.2,191298,Open Pipeline,6/28/2026,12/3/2026,158,Yes,No,In progress
O04129,A0319,P004,Manufacturing,North America,Strategic,Direct,New Logo,256489,0.075,237252,Closed Lost,5/19/2025,9/30/2025,134,No,No,Weak product fit
O04130,A0783,P004,Manufacturing,Europe,Enterprise,Direct,New Logo,152089,0.224,118021,Open Pipeline,6/11/2026,11/16/2026,158,Yes,Yes,In progress
O04131,A0230,P006,Financial Services,APAC,Strategic,Partner,Expansion,250956,0.175,207038,Closed Lost,10/25/2023,4/8/2024,166,No,Yes,Competitor selected
O04132,A0522,P003,Healthcare,Europe,Enterprise,Inside Sales,New Logo,171694,0.114,152120,Closed Lost,6/19/2024,10/8/2024,111,Yes,Yes,Competitor selected
O04133,A0923,P008,Manufacturing,APAC,Strategic,Direct,Expansion,172655,0.09,157116,Closed Lost,10/20/2024,3/1/2025,132,Yes,Yes,Limited budget
O04134,A0162,P006,Healthcare,North America,Enterprise,Partner,New Logo,195058,0.235,149219,Closed Lost,3/31/2024,7/19/2024,110,No,Yes,Competitor selected
O04135,A0418,P002,Manufacturing,North America,Mid-Market,Direct,New Logo,156761,0.092,142338,Closed Won,3/29/2026,8/28/2026,152,No,Yes,Superior analytics
O04136,A0199,P007,Technology,Europe,Mid-Market,Direct,New Logo,67774,0.101,60928,Closed Lost,11/12/2024,2/7/2025,87,Yes,Yes,Price
O04137,A0126,P005,Manufacturing,APAC,Strategic,Inside Sales,New Logo,171589,0.062,160950,Closed Won,3/5/2025,6/27/2025,114,Yes,Yes,Strong product fit
O04138,A0351,P006,Healthcare,APAC,Mid-Market,Inside Sales,New Logo,126143,0.088,115042,Open Pipeline,7/11/2026,9/12/2026,63,Yes,No,In progress
O04139,A0238,P008,Financial Services,Middle East,Strategic,Direct,Renewal,217492,0.091,197700,Closed Lost,1/4/2025,6/28/2025,175,Yes,No,Price
O04140,A0822,P002,Manufacturing,North America,Mid-Market,Inside Sales,Expansion,162728,0.168,135389,Closed Lost,12/22/2025,3/2/2026,70,No,No,Price
O04141,A0640,P004,Financial Services,Europe,Mid-Market,Direct,Expansion,97626,0.11,86887,Closed Lost,9/28/2024,11/5/2024,38,Yes,No,No executive sponsor
O04142,A0072,P005,Manufacturing,North America,Mid-Market,Direct,New Logo,70123,0.166,58482,Closed Won,11/17/2025,1/19/2026,63,No,No,Superior analytics
O04143,A0957,P002,Financial Services,North America,Strategic,Direct,Expansion,276463,0.148,235546,Closed Lost,8/11/2025,1/20/2026,162,Yes,No,Weak product fit
O04144,A0322,P001,Healthcare,Europe,Mid-Market,Direct,New Logo,121320,0.126,106033,Closed Lost,4/23/2025,5/27/2025,34,No,Yes,Limited budget
O04145,A0342,P002,Manufacturing,North America,Enterprise,Partner,New Logo,206898,0.077,190966,Closed Lost,3/29/2026,6/30/2026,93,No,No,Price
O04146,A0718,P005,Financial Services,North America,Enterprise,Partner,Expansion,118420,0.165,98880,Closed Lost,3/16/2025,6/5/2025,81,Yes,Yes,Competitor selected
O04147,A0132,P008,Financial Services,North America,Mid-Market,Inside Sales,Expansion,104499,0.039,100423,Closed Lost,10/14/2024,11/16/2024,33,Yes,No,Timing
O04148,A0143,P002,Financial Services,Europe,Enterprise,Partner,Expansion,247033,0.1,222329,Open Pipeline,7/10/2026,10/22/2026,104,No,Yes,In progress
O04149,A0623,P007,Financial Services,North America,Enterprise,Direct,New Logo,108959,0.118,96101,Closed Won,2/4/2024,5/30/2024,116,Yes,Yes,Executive alignment
O04150,A0820,P003,Technology,North America,Mid-Market,Direct,New Logo,132821,0.082,121929,Closed Lost,3/9/2026,5/13/2026,65,Yes,No,Competitor selected
O04151,A0606,P005,Financial Services,North America,Enterprise,Partner,Renewal,131642,0.169,109394,Closed Lost,10/7/2023,1/21/2024,106,Yes,Yes,Limited budget
O04152,A0061,P008,Technology,Middle East,Mid-Market,Inside Sales,New Logo,102344,0.156,86378,Closed Lost,7/6/2024,8/20/2024,45,Yes,No,Limited budget
O04153,A0789,P003,Healthcare,North America,Mid-Market,Partner,New Logo,104712,0.163,87643,Closed Lost,6/6/2024,9/14/2024,100,Yes,Yes,Competitor selected
O04154,A0843,P008,Technology,North America,Mid-Market,Inside Sales,New Logo,112620,0.009,111606,Closed Won,6/2/2025,9/28/2025,118,Yes,Yes,Superior analytics
O04155,A0178,P001,Financial Services,APAC,Enterprise,Direct,New Logo,181722,0.096,164276,Closed Lost,6/4/2025,9/29/2025,117,No,No,Limited budget
O04156,A0841,P003,Healthcare,Europe,Mid-Market,Inside Sales,New Logo,122946,0.16,103274,Closed Won,4/19/2025,7/30/2025,102,No,Yes,Existing relationship
O04157,A0346,P007,Healthcare,North America,Mid-Market,Direct,New Logo,76372,0.131,66367,Closed Lost,8/11/2024,11/24/2024,105,Yes,No,Competitor selected
O04158,A0777,P008,Financial Services,Europe,Mid-Market,Direct,New Logo,88622,0.03,85963,Closed Lost,8/16/2025,11/25/2025,101,Yes,No,Competitor selected
O04159,A0737,P008,Financial Services,APAC,Enterprise,Direct,New Logo,155305,0.082,142569,Open Pipeline,8/1/2026,11/23/2026,114,Yes,No,In progress
O04160,A0951,P002,Financial Services,Europe,Enterprise,Direct,New Logo,254136,0.07,236346,Open Pipeline,8/5/2026,12/20/2026,137,No,No,In progress
O04161,A0094,P001,Healthcare,Europe,Mid-Market,Direct,Expansion,127468,0.031,123516,Closed Lost,6/28/2024,11/1/2024,126,No,Yes,Limited budget
O04162,A0201,P006,Financial Services,Europe,Enterprise,Direct,Expansion,181133,0.052,171714,Closed Lost,7/7/2024,9/25/2024,80,Yes,Yes,Weak product fit
O04163,A0592,P002,Technology,Europe,Mid-Market,Partner,Expansion,150218,0.093,136247,Closed Lost,5/29/2025,8/28/2025,91,Yes,No,Price
O04164,A0884,P005,Healthcare,North America,Enterprise,Direct,Expansion,107010,0.182,87534,Closed Won,5/19/2024,8/21/2024,94,Yes,Yes,Superior analytics
O04165,A0762,P004,Financial Services,North America,Enterprise,Direct,New Logo,140292,0.112,124579,Closed Won,12/13/2025,4/21/2026,129,No,No,Executive alignment
O04166,A0271,P002,Technology,North America,Strategic,Direct,New Logo,364480,0.068,339695,Open Pipeline,5/14/2026,8/31/2026,109,Yes,Yes,In progress
O04167,A0012,P001,Technology,North America,Enterprise,Direct,New Logo,228060,0.086,208446,Closed Won,12/31/2024,4/21/2025,111,No,Yes,Superior analytics
O04168,A0758,P001,Healthcare,North America,Strategic,Partner,Expansion,248539,0.133,215483,Closed Lost,8/17/2025,1/8/2026,144,Yes,No,Limited budget
O04169,A0502,P007,Financial Services,APAC,Enterprise,Direct,Expansion,101755,0.086,93004,Closed Lost,8/12/2024,1/6/2025,147,No,No,Price
O04170,A0516,P001,Healthcare,North America,Enterprise,Direct,New Logo,216990,0.129,188998,Closed Lost,9/9/2024,2/22/2025,166,Yes,Yes,Price
O04171,A0750,P006,Financial Services,North America,Mid-Market,Direct,Renewal,147661,0.063,138358,Closed Lost,4/14/2025,7/4/2025,81,No,Yes,Timing
O04172,A0624,P002,Financial Services,Europe,Enterprise,Direct,Renewal,256972,0.197,206348,Closed Lost,1/4/2024,5/29/2024,146,No,Yes,Price
O04173,A0083,P003,Manufacturing,North America,Enterprise,Direct,New Logo,183824,0.139,158272,Closed Lost,5/14/2026,6/23/2026,40,No,No,Limited budget
O04174,A0126,P003,Manufacturing,APAC,Strategic,Partner,New Logo,237280,0.104,212602,Closed Lost,1/31/2024,6/20/2024,141,Yes,Yes,Timing
O04175,A0971,P008,Healthcare,Europe,Enterprise,Direct,New Logo,151125,0.107,134954,Closed Lost,7/7/2025,12/29/2025,175,Yes,No,Price
O04176,A0518,P001,Technology,North America,Enterprise,Direct,New Logo,186799,0.093,169426,Closed Won,3/1/2024,8/3/2024,155,No,Yes,Executive alignment
O04177,A0822,P008,Manufacturing,North America,Mid-Market,Inside Sales,Renewal,83096,0,83096,Closed Lost,3/28/2024,5/22/2024,55,Yes,Yes,Competitor selected
O04178,A0147,P008,Manufacturing,Middle East,Mid-Market,Direct,New Logo,87305,0.138,75256,Closed Lost,5/18/2025,9/20/2025,125,No,No,Timing
O04179,A0433,P006,Technology,North America,Enterprise,Direct,New Logo,235826,0.165,196914,Closed Lost,3/10/2024,7/25/2024,137,Yes,Yes,Price
O04180,A0614,P006,Healthcare,North America,Mid-Market,Direct,New Logo,148471,0.15,126200,Closed Lost,4/24/2024,9/1/2024,130,Yes,Yes,Limited budget
O04181,A0102,P006,Healthcare,Europe,Mid-Market,Direct,New Logo,157597,0.065,147353,Closed Won,1/22/2025,4/16/2025,84,No,No,Executive alignment
O04182,A0574,P006,Manufacturing,Europe,Enterprise,Partner,New Logo,204857,0.181,167777,Closed Lost,6/23/2026,10/18/2026,117,Yes,Yes,Weak product fit
O04183,A0454,P002,Technology,Middle East,Strategic,Direct,Renewal,283753,0.171,235231,Closed Won,2/27/2024,7/21/2024,145,No,No,Executive alignment
O04184,A0575,P008,Manufacturing,APAC,Enterprise,Inside Sales,New Logo,145979,0.133,126563,Closed Lost,9/11/2024,2/8/2025,150,Yes,No,Limited budget
O04185,A0564,P006,Financial Services,Middle East,Mid-Market,Direct,New Logo,148807,0.083,136456,Closed Lost,4/30/2024,6/23/2024,54,No,Yes,Limited budget
O04186,A0719,P005,Healthcare,Middle East,Mid-Market,Partner,New Logo,76023,0.147,64847,Closed Won,7/14/2024,9/26/2024,74,Yes,Yes,Executive alignment
O04187,A0969,P002,Technology,North America,Enterprise,Partner,Expansion,244840,0.162,205175,Open Pipeline,5/19/2026,9/16/2026,120,No,Yes,In progress
O04188,A0523,P001,Financial Services,APAC,Mid-Market,Direct,New Logo,147537,0.171,122308,Closed Lost,9/23/2025,1/12/2026,111,No,Yes,No executive sponsor
O04189,A0082,P007,Technology,North America,Enterprise,Direct,Expansion,89558,0.099,80691,Closed Lost,11/27/2024,4/21/2025,145,Yes,No,Weak product fit
O04190,A0406,P008,Financial Services,Europe,Enterprise,Direct,Expansion,143563,0.115,127053,Closed Won,1/25/2026,3/31/2026,65,No,Yes,Bundle value
O04191,A0697,P005,Manufacturing,North America,Mid-Market,Direct,New Logo,85573,0.137,73849,Closed Lost,5/20/2025,8/6/2025,78,Yes,Yes,Weak product fit
O04192,A0434,P005,Technology,APAC,Mid-Market,Inside Sales,New Logo,90996,0.112,80804,Closed Lost,5/28/2025,9/9/2025,104,Yes,No,Competitor selected
O04193,A0378,P003,Technology,Europe,Enterprise,Direct,New Logo,162855,0.091,148035,Closed Lost,5/28/2025,9/26/2025,121,Yes,Yes,Price
O04194,A0567,P007,Manufacturing,Middle East,Enterprise,Direct,Expansion,106144,0.181,86931,Open Pipeline,7/14/2026,9/27/2026,75,Yes,No,In progress
O04195,A0941,P008,Financial Services,North America,Mid-Market,Inside Sales,New Logo,109518,0.08,100756,Closed Won,12/27/2023,4/13/2024,108,Yes,No,Strong product fit
O04196,A0837,P005,Manufacturing,APAC,Enterprise,Direct,New Logo,138861,0.177,114282,Closed Lost,8/28/2024,1/1/2025,126,Yes,Yes,Limited budget
O04197,A0187,P008,Healthcare,APAC,Enterprise,Direct,New Logo,155929,0.216,122248,Closed Lost,8/14/2024,11/3/2024,81,Yes,No,No executive sponsor
O04198,A0514,P008,Healthcare,APAC,Mid-Market,Partner,New Logo,85961,0.18,70488,Closed Won,1/30/2025,4/28/2025,88,No,Yes,Existing relationship
O04199,A0466,P004,Manufacturing,North America,Mid-Market,Direct,New Logo,109192,0.092,99146,Closed Lost,12/25/2024,3/30/2025,95,No,Yes,Competitor selected
O04200,A0957,P003,Financial Services,North America,Strategic,Partner,New Logo,285294,0.022,279017,Open Pipeline,4/7/2026,9/18/2026,164,Yes,No,In progress
O04201,A0246,P006,Financial Services,Middle East,Strategic,Direct,New Logo,305802,0.055,288982,Open Pipeline,7/12/2026,11/7/2026,118,No,No,In progress
O04202,A0064,P008,Healthcare,North America,Strategic,Partner,Expansion,232360,0.15,197506,Closed Won,4/1/2025,8/19/2025,140,Yes,Yes,Bundle value
O04203,A0439,P001,Healthcare,APAC,Mid-Market,Partner,New Logo,115244,0.168,95883,Closed Lost,5/17/2025,7/9/2025,53,No,Yes,Limited budget
O04204,A0384,P004,Financial Services,APAC,Strategic,Direct,New Logo,244466,0.2,195572,Closed Lost,10/2/2024,3/2/2025,151,Yes,Yes,Competitor selected
O04205,A0605,P005,Technology,Europe,Enterprise,Partner,Expansion,107119,0.145,91586,Closed Lost,10/4/2023,11/28/2023,55,No,Yes,Weak product fit
O04206,A0894,P003,Manufacturing,North America,Mid-Market,Direct,New Logo,132898,0.098,119873,Open Pipeline,6/3/2026,10/10/2026,129,Yes,Yes,In progress
O04207,A0541,P008,Technology,APAC,Enterprise,Direct,New Logo,146894,0.1,132204,Closed Lost,3/12/2024,7/26/2024,136,Yes,Yes,Price
O04208,A0400,P005,Technology,North America,Enterprise,Inside Sales,New Logo,122819,0.018,120608,Closed Lost,7/22/2024,10/17/2024,87,No,No,Competitor selected
O04209,A0646,P006,Healthcare,Middle East,Mid-Market,Direct,New Logo,161999,0.17,134459,Closed Won,5/19/2024,10/7/2024,141,No,No,Superior analytics
O04210,A0252,P004,Financial Services,Europe,Enterprise,Partner,Renewal,169848,0.128,148107,Closed Lost,1/7/2025,3/16/2025,68,Yes,Yes,Weak product fit
O04211,A0930,P001,Technology,Europe,Enterprise,Direct,Expansion,212217,0.112,188448,Closed Won,3/14/2024,6/30/2024,108,Yes,Yes,Executive alignment
O04212,A0702,P002,Manufacturing,North America,Mid-Market,Partner,New Logo,145866,0.207,115671,Closed Lost,12/15/2024,2/3/2025,50,Yes,Yes,Timing
O04213,A0418,P005,Manufacturing,North America,Mid-Market,Partner,New Logo,74629,0.205,59330,Closed Lost,1/16/2026,4/17/2026,91,Yes,Yes,Limited budget
O04214,A0486,P002,Technology,APAC,Mid-Market,Inside Sales,New Logo,140133,0.066,130884,Closed Lost,9/5/2024,12/30/2024,116,Yes,No,No executive sponsor
O04215,A0254,P001,Financial Services,Europe,Enterprise,Direct,New Logo,196549,0.218,153701,Closed Lost,2/1/2026,5/28/2026,116,Yes,No,Limited budget
O04216,A0529,P006,Technology,North America,Mid-Market,Direct,New Logo,162270,0.204,129166,Closed Lost,10/10/2025,12/21/2025,72,Yes,Yes,Limited budget
O04217,A0582,P006,Financial Services,APAC,Strategic,Direct,Renewal,316739,0.12,278730,Closed Won,5/12/2025,9/30/2025,141,Yes,Yes,Executive alignment
O04218,A0726,P008,Financial Services,APAC,Strategic,Direct,New Logo,219682,0.046,209576,Closed Won,9/23/2025,2/4/2026,134,Yes,Yes,Existing relationship
O04219,A0965,P002,Manufacturing,Europe,Enterprise,Inside Sales,New Logo,194640,0.069,181209,Closed Lost,6/28/2024,9/29/2024,93,Yes,Yes,Limited budget
O04220,A0525,P006,Technology,APAC,Enterprise,Direct,New Logo,224827,0.203,179187,Closed Won,4/24/2026,7/3/2026,70,Yes,No,Strong product fit
O04221,A0496,P007,Healthcare,Europe,Mid-Market,Inside Sales,Expansion,63066,0.071,58588,Closed Won,11/9/2025,2/8/2026,91,Yes,Yes,Strong product fit
O04222,A0347,P002,Healthcare,Europe,Enterprise,Direct,New Logo,207035,0.056,195441,Closed Won,8/11/2024,12/14/2024,125,Yes,Yes,Strong product fit
O04223,A0620,P002,Healthcare,North America,Enterprise,Direct,New Logo,241237,0.112,214218,Closed Won,7/28/2026,12/16/2026,141,No,Yes,Superior analytics
O04224,A0055,P001,Financial Services,Europe,Mid-Market,Direct,New Logo,149854,0.086,136966,Closed Lost,5/10/2026,6/11/2026,32,Yes,No,Timing
O04225,A0918,P003,Manufacturing,APAC,Enterprise,Direct,New Logo,212629,0.115,188176,Closed Lost,10/23/2023,2/3/2024,103,No,No,Price
O04226,A0250,P003,Technology,North America,Enterprise,Direct,New Logo,161458,0.139,139015,Closed Lost,12/22/2023,4/30/2024,130,Yes,No,Competitor selected
O04227,A0777,P005,Financial Services,Europe,Mid-Market,Partner,New Logo,65564,0.15,55729,Closed Won,10/21/2024,1/24/2025,95,No,Yes,Superior analytics
O04228,A0562,P002,Manufacturing,North America,Enterprise,Direct,Expansion,259474,0.138,223666,Closed Lost,3/25/2025,8/22/2025,150,Yes,Yes,No executive sponsor
O04229,A0884,P004,Healthcare,North America,Enterprise,Inside Sales,New Logo,144179,0.114,127742,Closed Won,2/11/2025,8/25/2025,195,Yes,Yes,Existing relationship
O04230,A0211,P003,Technology,APAC,Mid-Market,Direct,New Logo,117831,0.106,105340,Closed Lost,3/3/2026,6/5/2026,94,Yes,Yes,Limited budget
O04231,A1000,P002,Healthcare,North America,Enterprise,Inside Sales,New Logo,257648,0.038,247857,Closed Won,4/4/2026,7/31/2026,118,No,Yes,Strong product fit
O04232,A0683,P002,Manufacturing,Middle East,Enterprise,Partner,New Logo,256981,0.175,212009,Closed Lost,5/26/2025,9/4/2025,101,No,No,Limited budget
O04233,A0973,P008,Financial Services,Europe,Strategic,Direct,Expansion,188421,0.104,168825,Closed Lost,5/17/2024,10/26/2024,162,Yes,No,No executive sponsor
O04234,A0596,P008,Financial Services,North America,Enterprise,Partner,New Logo,156287,0.114,138470,Closed Lost,3/13/2026,7/31/2026,140,Yes,Yes,Limited budget
O04235,A0633,P004,Manufacturing,Europe,Enterprise,Direct,Expansion,165713,0.124,145164,Closed Won,11/3/2024,2/6/2025,95,No,No,Strong product fit
O04236,A0053,P004,Technology,APAC,Enterprise,Direct,New Logo,177982,0.125,155734,Closed Won,5/29/2025,9/26/2025,120,No,No,Bundle value
O04237,A0869,P004,Financial Services,Europe,Enterprise,Direct,Renewal,187240,0.137,161588,Closed Won,12/31/2024,5/27/2025,147,No,Yes,Strong product fit
O04238,A0763,P005,Technology,Middle East,Enterprise,Direct,New Logo,120307,0.117,106231,Closed Lost,9/26/2024,11/26/2024,61,Yes,No,No executive sponsor
O04239,A0913,P002,Technology,North America,Enterprise,Partner,New Logo,259385,0.166,216327,Closed Lost,9/2/2023,12/26/2023,115,No,Yes,No executive sponsor
O04240,A0480,P007,Manufacturing,North America,Enterprise,Direct,Expansion,88538,0.151,75168,Closed Lost,5/11/2024,9/30/2024,142,Yes,No,Price
O04241,A0312,P003,Technology,Europe,Enterprise,Direct,New Logo,160616,0.069,149533,Closed Won,1/10/2024,4/3/2024,84,No,No,Existing relationship
O04242,A0769,P001,Technology,North America,Enterprise,Direct,New Logo,210774,0.065,197073,Closed Lost,1/8/2024,4/16/2024,99,Yes,No,Competitor selected
O04243,A0966,P008,Manufacturing,North America,Enterprise,Direct,New Logo,141189,0.172,116904,Closed Lost,6/26/2025,9/6/2025,72,No,No,Competitor selected
O04244,A0599,P004,Healthcare,Middle East,Strategic,Direct,New Logo,231283,0.073,214399,Closed Lost,5/20/2024,11/14/2024,178,Yes,Yes,Timing
O04245,A0792,P007,Technology,Europe,Mid-Market,Direct,New Logo,69832,0.015,68784,Closed Won,7/25/2024,10/5/2024,72,Yes,No,Superior analytics
O04246,A0878,P004,Technology,Europe,Strategic,Partner,Renewal,202669,0.139,174498,Closed Won,8/31/2023,12/14/2023,105,Yes,No,Strong product fit
O04247,A0681,P006,Technology,Middle East,Mid-Market,Inside Sales,New Logo,148073,0.085,135486,Closed Won,3/30/2025,8/4/2025,127,No,Yes,Executive alignment
O04248,A0504,P003,Financial Services,North America,Mid-Market,Direct,New Logo,138043,0,138043,Closed Lost,5/7/2026,7/23/2026,77,Yes,Yes,Limited budget
O04249,A0300,P005,Healthcare,Europe,Mid-Market,Direct,New Logo,65481,0.143,56117,Closed Lost,3/29/2024,6/15/2024,78,No,Yes,Timing
O04250,A0049,P003,Manufacturing,Middle East,Enterprise,Partner,New Logo,168424,0.145,144002,Closed Won,5/28/2024,10/24/2024,149,Yes,Yes,Bundle value
O04251,A0813,P001,Healthcare,North America,Enterprise,Direct,New Logo,183662,0.129,159969,Closed Lost,10/3/2025,1/2/2026,91,No,No,Competitor selected
O04252,A0319,P007,Manufacturing,North America,Strategic,Direct,Expansion,155759,0.133,135043,Closed Won,9/13/2025,3/12/2026,180,No,Yes,Bundle value
O04253,A0208,P005,Manufacturing,North America,Enterprise,Direct,Expansion,102697,0.089,93556,Closed Won,5/5/2024,9/17/2024,135,Yes,No,Bundle value
O04254,A0695,P003,Manufacturing,APAC,Enterprise,Direct,New Logo,153348,0.165,128045,Closed Lost,9/30/2023,2/3/2024,126,Yes,Yes,Competitor selected
O04255,A0444,P008,Manufacturing,North America,Enterprise,Inside Sales,New Logo,170397,0.06,160173,Closed Lost,4/16/2026,7/22/2026,97,Yes,Yes,Timing
O04256,A0856,P002,Financial Services,North America,Enterprise,Direct,Renewal,247955,0.063,232333,Closed Lost,11/21/2025,1/25/2026,65,Yes,Yes,Weak product fit
O04257,A0240,P005,Technology,APAC,Enterprise,Direct,New Logo,120676,0.078,111263,Open Pipeline,6/9/2026,10/19/2026,132,Yes,No,In progress
O04258,A0087,P006,Technology,Europe,Enterprise,Direct,New Logo,200071,0.036,192868,Closed Lost,5/5/2024,9/3/2024,121,Yes,Yes,Price
O04259,A0037,P002,Financial Services,North America,Enterprise,Direct,New Logo,222247,0.162,186242,Closed Lost,9/13/2025,12/25/2025,103,Yes,No,Competitor selected
O04260,A0524,P001,Healthcare,North America,Mid-Market,Partner,New Logo,150123,0.164,125502,Closed Won,12/14/2023,3/4/2024,81,Yes,No,Bundle value
O04261,A0793,P007,Technology,Middle East,Strategic,Partner,Renewal,154191,0.171,127824,Closed Won,1/5/2024,4/16/2024,102,No,Yes,Executive alignment
O04262,A0806,P006,Technology,Europe,Strategic,Inside Sales,New Logo,289761,0.089,263972,Closed Won,8/27/2025,1/7/2026,133,Yes,Yes,Strong product fit
O04263,A0403,P004,Healthcare,APAC,Enterprise,Direct,Expansion,140566,0.15,119481,Closed Won,7/27/2024,1/18/2025,175,Yes,Yes,Bundle value
O04264,A0664,P001,Financial Services,Europe,Enterprise,Partner,New Logo,175015,0.189,141937,Closed Won,12/23/2025,5/18/2026,146,Yes,Yes,Strong product fit
O04265,A0678,P005,Financial Services,APAC,Enterprise,Direct,Expansion,109541,0.117,96724,Closed Lost,4/7/2025,6/28/2025,82,No,No,Price
O04266,A0249,P008,Financial Services,North America,Enterprise,Direct,New Logo,170353,0.132,147866,Closed Won,11/9/2023,3/18/2024,130,No,No,Existing relationship
O04267,A0655,P008,Technology,Europe,Enterprise,Direct,New Logo,168245,0.131,146204,Closed Lost,2/19/2025,6/14/2025,115,Yes,Yes,Competitor selected
O04268,A0999,P002,Technology,North America,Enterprise,Direct,Renewal,266147,0.094,241129,Closed Lost,9/23/2025,1/29/2026,128,No,Yes,Price
O04269,A0374,P002,Financial Services,Europe,Enterprise,Direct,New Logo,194931,0.181,159648,Closed Lost,4/19/2026,6/7/2026,49,Yes,No,Timing
O04270,A0908,P001,Healthcare,Europe,Mid-Market,Direct,New Logo,133721,0.147,114064,Closed Lost,9/21/2024,12/27/2024,97,Yes,No,No executive sponsor
O04271,A0769,P006,Technology,North America,Enterprise,Partner,Renewal,241655,0.167,201298,Closed Won,12/14/2025,5/20/2026,157,Yes,Yes,Existing relationship
O04272,A0582,P008,Financial Services,APAC,Strategic,Partner,Expansion,235495,0.125,206058,Closed Lost,1/6/2025,5/13/2025,127,No,Yes,Price
O04273,A0960,P002,Financial Services,APAC,Mid-Market,Direct,New Logo,159219,0.042,152531,Closed Lost,2/10/2024,4/17/2024,67,Yes,No,No executive sponsor
O04274,A0506,P005,Technology,North America,Mid-Market,Inside Sales,Expansion,86760,0.131,75394,Closed Lost,6/2/2025,8/29/2025,88,Yes,No,Timing
O04275,A0083,P007,Manufacturing,North America,Enterprise,Direct,Expansion,93231,0.103,83628,Closed Lost,11/13/2024,3/25/2025,132,No,No,Timing
O04276,A0286,P005,Financial Services,Europe,Strategic,Partner,Expansion,162189,0.125,141915,Closed Won,11/8/2024,2/22/2025,106,Yes,Yes,Executive alignment
O04277,A0005,P006,Healthcare,North America,Enterprise,Direct,Expansion,183414,0.12,161404,Closed Lost,3/2/2024,6/20/2024,110,No,No,Competitor selected
O04278,A0205,P006,Manufacturing,Europe,Enterprise,Partner,Expansion,193836,0.216,151967,Open Pipeline,8/15/2026,11/9/2026,86,No,Yes,In progress
O04279,A0572,P004,Financial Services,APAC,Enterprise,Direct,New Logo,137498,0.139,118385,Closed Lost,9/20/2025,1/14/2026,116,No,Yes,Weak product fit
O04280,A0985,P001,Technology,North America,Mid-Market,Inside Sales,New Logo,134698,0.029,130791,Closed Lost,12/6/2023,2/19/2024,75,Yes,Yes,Timing
O04281,A0927,P003,Healthcare,Europe,Strategic,Direct,New Logo,285081,0.15,242318,Closed Lost,2/19/2025,6/14/2025,115,No,No,Weak product fit
O04282,A0633,P007,Manufacturing,Europe,Enterprise,Direct,Expansion,109221,0.112,96988,Open Pipeline,6/27/2026,11/8/2026,134,No,Yes,In progress
O04283,A0413,P005,Financial Services,APAC,Mid-Market,Direct,Expansion,70255,0.041,67374,Closed Lost,7/30/2024,10/15/2024,77,Yes,No,Timing
O04284,A0346,P006,Healthcare,North America,Mid-Market,Partner,New Logo,139165,0.116,123021,Closed Lost,2/4/2024,5/6/2024,92,Yes,No,Limited budget
O04285,A0884,P003,Healthcare,North America,Enterprise,Direct,Expansion,152674,0.179,125345,Closed Lost,4/6/2024,8/1/2024,117,No,No,Limited budget
O04286,A0365,P001,Manufacturing,North America,Mid-Market,Direct,Renewal,107536,0.071,99900,Closed Lost,4/15/2024,6/28/2024,74,No,Yes,Limited budget
O04287,A0428,P001,Healthcare,APAC,Strategic,Direct,New Logo,265287,0.183,216739,Open Pipeline,5/15/2026,12/1/2026,200,Yes,Yes,In progress
O04288,A0844,P003,Manufacturing,North America,Mid-Market,Direct,New Logo,128213,0.008,127187,Closed Lost,11/16/2023,12/27/2023,41,Yes,Yes,Competitor selected
O04289,A0256,P001,Technology,APAC,Enterprise,Direct,New Logo,181842,0.085,166385,Closed Won,1/22/2024,5/20/2024,119,Yes,No,Superior analytics
O04290,A0830,P001,Financial Services,Europe,Enterprise,Partner,New Logo,192909,0.09,175547,Closed Lost,7/30/2025,11/22/2025,115,Yes,Yes,Timing
O04291,A0178,P003,Financial Services,APAC,Enterprise,Partner,Expansion,191060,0.165,159535,Closed Lost,3/4/2025,8/18/2025,167,No,Yes,Weak product fit
O04292,A0249,P005,Financial Services,North America,Enterprise,Inside Sales,New Logo,127862,0.137,110344,Closed Won,1/30/2024,4/2/2024,63,Yes,Yes,Executive alignment
O04293,A0144,P002,Financial Services,Europe,Strategic,Direct,New Logo,373275,0.138,321763,Closed Lost,9/25/2024,2/26/2025,154,No,No,Limited budget
O04294,A0820,P006,Technology,North America,Mid-Market,Inside Sales,New Logo,153761,0.03,149148,Open Pipeline,6/10/2026,8/29/2026,80,No,Yes,In progress
O04295,A0435,P007,Technology,APAC,Mid-Market,Direct,New Logo,76289,0.062,71559,Closed Won,12/15/2024,3/27/2025,102,No,Yes,Existing relationship
O04296,A0961,P007,Manufacturing,Europe,Mid-Market,Direct,Renewal,59069,0.101,53103,Closed Lost,10/2/2024,12/24/2024,83,No,Yes,Limited budget
O04297,A0471,P006,Technology,Europe,Enterprise,Partner,New Logo,248537,0.226,192367,Closed Lost,12/23/2024,4/25/2025,123,Yes,No,Timing
O04298,A0932,P004,Healthcare,North America,Enterprise,Partner,Renewal,143913,0.1,129521,Closed Lost,8/1/2024,10/27/2024,87,No,No,Weak product fit
O04299,A0792,P005,Technology,Europe,Mid-Market,Direct,Expansion,78898,0.191,63828,Closed Lost,5/3/2025,7/24/2025,82,Yes,No,Weak product fit
O04300,A0005,P007,Healthcare,North America,Enterprise,Direct,Expansion,101813,0.153,86235,Closed Lost,10/1/2025,1/23/2026,114,Yes,No,Weak product fit
O04301,A0612,P003,Healthcare,North America,Mid-Market,Partner,New Logo,117588,0.101,105711,Closed Won,11/12/2025,1/30/2026,79,No,No,Strong product fit
O04302,A0432,P001,Technology,Europe,Enterprise,Partner,New Logo,166056,0.15,141147,Closed Lost,11/6/2025,5/17/2026,192,No,No,Competitor selected
O04303,A0366,P007,Technology,North America,Mid-Market,Direct,New Logo,77976,0.134,67527,Closed Won,7/9/2025,10/16/2025,99,No,No,Existing relationship
O04304,A0323,P001,Financial Services,North America,Strategic,Direct,New Logo,278139,0.16,233636,Closed Lost,5/5/2025,11/1/2025,180,Yes,Yes,Price
O04305,A0688,P002,Healthcare,North America,Mid-Market,Partner,New Logo,130185,0.221,101414,Closed Lost,10/9/2023,12/3/2023,55,Yes,Yes,Price
O04306,A0665,P002,Manufacturing,APAC,Enterprise,Direct,New Logo,231738,0.073,214821,Closed Lost,10/29/2023,1/31/2024,94,Yes,Yes,Competitor selected
O04307,A0327,P007,Technology,APAC,Enterprise,Direct,New Logo,117495,0.085,107507,Closed Won,9/19/2025,1/21/2026,124,No,No,Superior analytics
O04308,A0137,P003,Technology,Europe,Enterprise,Direct,Expansion,178157,0.128,155352,Closed Lost,11/26/2023,3/9/2024,104,Yes,No,Limited budget
O04309,A0444,P002,Manufacturing,North America,Enterprise,Direct,New Logo,220338,0.129,191914,Closed Lost,8/16/2024,1/15/2025,152,Yes,No,Competitor selected
O04310,A0741,P004,Financial Services,Europe,Enterprise,Inside Sales,New Logo,138161,0.019,135535,Closed Won,3/19/2024,6/24/2024,97,Yes,No,Strong product fit
O04311,A0139,P004,Healthcare,North America,Enterprise,Partner,Expansion,168055,0.25,126041,Closed Lost,11/11/2025,4/6/2026,146,Yes,No,Limited budget
O04312,A0349,P004,Healthcare,North America,Enterprise,Inside Sales,New Logo,175923,0.037,169413,Closed Lost,3/6/2026,6/6/2026,92,Yes,Yes,Limited budget
O04313,A0075,P004,Healthcare,APAC,Mid-Market,Partner,Renewal,105951,0.143,90800,Open Pipeline,7/28/2026,9/25/2026,59,Yes,No,In progress
O04314,A0267,P006,Financial Services,North America,Enterprise,Direct,Renewal,243848,0.084,223364,Closed Won,1/5/2025,4/12/2025,97,Yes,Yes,Bundle value
O04315,A0332,P001,Manufacturing,APAC,Enterprise,Direct,New Logo,216908,0.085,198470,Closed Lost,9/26/2025,12/20/2025,85,Yes,Yes,Competitor selected
O04316,A0726,P001,Financial Services,APAC,Strategic,Inside Sales,Expansion,229506,0.081,210916,Closed Won,11/20/2024,4/14/2025,145,Yes,No,Superior analytics
O04317,A0521,P008,Manufacturing,Europe,Mid-Market,Direct,New Logo,103729,0.096,93771,Closed Lost,12/27/2023,3/29/2024,93,Yes,Yes,Competitor selected
O04318,A0445,P005,Healthcare,North America,Mid-Market,Partner,New Logo,81382,0.128,70965,Closed Won,6/25/2024,8/24/2024,60,No,Yes,Superior analytics
O04319,A0821,P005,Manufacturing,Middle East,Mid-Market,Direct,New Logo,80679,0.134,69868,Closed Lost,3/4/2024,4/25/2024,52,Yes,No,Price
O04320,A0674,P007,Technology,North America,Enterprise,Direct,New Logo,113654,0.111,101038,Closed Lost,9/18/2023,1/15/2024,119,Yes,Yes,Price
O04321,A0002,P001,Technology,Middle East,Enterprise,Partner,Expansion,207924,0.111,184844,Closed Lost,12/20/2025,3/28/2026,98,Yes,No,Competitor selected
O04322,A0228,P001,Manufacturing,Europe,Strategic,Partner,New Logo,263486,0.096,238191,Closed Won,10/23/2023,2/23/2024,123,Yes,No,Executive alignment
O04323,A0145,P002,Manufacturing,APAC,Mid-Market,Inside Sales,Expansion,127768,0.097,115374,Closed Lost,1/4/2025,3/28/2025,83,No,No,Limited budget
O04324,A0896,P006,Manufacturing,APAC,Mid-Market,Inside Sales,New Logo,117198,0.092,106415,Closed Lost,9/9/2024,11/3/2024,55,Yes,No,No executive sponsor
O04325,A0450,P005,Financial Services,Europe,Enterprise,Direct,New Logo,142432,0.055,134598,Closed Won,7/21/2025,10/29/2025,100,Yes,Yes,Existing relationship
O04326,A0549,P008,Technology,North America,Mid-Market,Direct,New Logo,98887,0.164,82669,Closed Won,6/13/2026,10/1/2026,110,Yes,Yes,Existing relationship
O04327,A0815,P006,Healthcare,North America,Mid-Market,Partner,New Logo,127187,0.196,102258,Closed Lost,6/20/2024,9/22/2024,94,Yes,Yes,Price
O04328,A0401,P002,Healthcare,APAC,Mid-Market,Direct,New Logo,170272,0.06,160055,Closed Won,7/14/2025,9/25/2025,73,No,Yes,Executive alignment
O04329,A0455,P002,Healthcare,North America,Mid-Market,Inside Sales,New Logo,147389,0.209,116584,Closed Lost,1/25/2024,5/5/2024,101,Yes,No,Weak product fit
O04330,A0284,P006,Healthcare,North America,Mid-Market,Direct,Expansion,155479,0.03,150814,Closed Lost,4/23/2025,7/18/2025,86,No,No,Limited budget
O04331,A0957,P008,Financial Services,North America,Strategic,Direct,Expansion,205963,0.14,177128,Closed Won,10/27/2024,1/21/2025,86,No,Yes,Strong product fit
O04332,A0812,P007,Healthcare,Europe,Mid-Market,Direct,New Logo,59316,0.089,54036,Closed Lost,5/2/2025,7/18/2025,77,Yes,No,Price
O04333,A0128,P003,Technology,North America,Mid-Market,Direct,New Logo,136985,0.105,122601,Closed Lost,9/20/2023,12/5/2023,76,No,Yes,Price
O04334,A0617,P001,Technology,APAC,Mid-Market,Direct,New Logo,107116,0.046,102188,Closed Lost,2/22/2026,5/5/2026,72,Yes,Yes,Limited budget
O04335,A0673,P008,Technology,APAC,Mid-Market,Direct,Renewal,100001,0.044,95600,Closed Won,1/1/2024,5/18/2024,138,Yes,Yes,Existing relationship
O04336,A0559,P003,Financial Services,North America,Mid-Market,Direct,New Logo,131692,0.144,112728,Closed Lost,11/16/2023,2/14/2024,90,Yes,No,Limited budget
O04337,A0298,P003,Technology,Middle East,Mid-Market,Inside Sales,Expansion,98561,0.132,85550,Closed Won,6/19/2024,8/22/2024,64,No,Yes,Strong product fit
O04338,A0521,P003,Manufacturing,Europe,Mid-Market,Partner,New Logo,107003,0.182,87528,Closed Lost,9/26/2024,12/15/2024,80,No,No,Timing
O04339,A0140,P007,Financial Services,Europe,Enterprise,Direct,New Logo,94105,0.102,84506,Closed Won,3/31/2026,8/15/2026,137,Yes,Yes,Strong product fit
O04340,A0601,P008,Technology,APAC,Mid-Market,Inside Sales,Expansion,111237,0.126,97221,Closed Lost,6/21/2024,9/9/2024,80,No,No,Competitor selected
O04341,A0724,P007,Technology,APAC,Enterprise,Direct,New Logo,97433,0.168,81064,Closed Lost,11/14/2023,2/25/2024,103,Yes,No,Weak product fit
O04342,A0060,P002,Technology,North America,Enterprise,Direct,New Logo,221895,0.115,196377,Closed Won,4/12/2026,7/25/2026,104,Yes,Yes,Strong product fit
O04343,A0203,P006,Manufacturing,Europe,Enterprise,Direct,New Logo,240937,0.024,235154,Closed Lost,11/21/2025,3/7/2026,106,No,Yes,Competitor selected
O04344,A0315,P004,Technology,APAC,Enterprise,Direct,New Logo,145927,0.018,143300,Closed Lost,6/27/2025,10/17/2025,112,Yes,No,Limited budget
O04345,A0718,P003,Financial Services,North America,Enterprise,Inside Sales,Renewal,178991,0.069,166640,Closed Lost,6/29/2024,10/14/2024,107,Yes,Yes,Competitor selected
O04346,A0625,P002,Healthcare,North America,Strategic,Direct,Renewal,318691,0.103,285865,Closed Lost,8/10/2024,11/23/2024,105,No,No,Price
O04347,A0960,P004,Financial Services,APAC,Mid-Market,Inside Sales,New Logo,96023,0.052,91029,Open Pipeline,8/12/2026,11/15/2026,95,No,No,In progress
O04348,A0668,P001,Healthcare,APAC,Mid-Market,Direct,New Logo,143167,0.108,127704,Closed Lost,1/3/2024,3/16/2024,73,No,No,Limited budget
O04349,A0548,P007,Manufacturing,Middle East,Mid-Market,Inside Sales,New Logo,72472,0.073,67181,Closed Won,1/7/2024,4/8/2024,92,Yes,Yes,Superior analytics
O04350,A0022,P001,Healthcare,North America,Strategic,Direct,New Logo,256212,0.22,199845,Open Pipeline,6/21/2026,1/18/2027,211,Yes,No,In progress
O04351,A0658,P008,Financial Services,North America,Strategic,Direct,New Logo,238917,0.118,210724,Closed Lost,2/3/2025,6/15/2025,132,Yes,Yes,Weak product fit
O04352,A0236,P001,Financial Services,Europe,Strategic,Direct,New Logo,284970,0.165,237949,Closed Won,1/20/2024,5/7/2024,108,Yes,Yes,Executive alignment
O04353,A0259,P005,Financial Services,North America,Mid-Market,Direct,Expansion,88280,0.081,81129,Closed Lost,10/10/2023,1/15/2024,97,Yes,Yes,No executive sponsor
O04354,A0109,P001,Financial Services,Middle East,Enterprise,Inside Sales,New Logo,206892,0.091,188064,Closed Won,5/1/2024,7/26/2024,86,No,No,Existing relationship
O04355,A0038,P006,Manufacturing,APAC,Mid-Market,Direct,New Logo,121849,0.098,109907,Closed Lost,11/17/2025,1/25/2026,69,Yes,Yes,Timing
O04356,A0788,P004,Financial Services,APAC,Strategic,Direct,New Logo,229220,0.078,211340,Closed Lost,4/2/2024,8/12/2024,132,Yes,Yes,Limited budget
O04357,A0795,P002,Financial Services,APAC,Mid-Market,Partner,Expansion,155749,0.209,123197,Closed Lost,9/29/2024,11/13/2024,45,Yes,No,Timing
O04358,A0554,P001,Technology,APAC,Mid-Market,Direct,Expansion,118613,0.065,110903,Closed Lost,10/27/2025,2/15/2026,111,Yes,No,Timing
O04359,A0628,P008,Manufacturing,APAC,Enterprise,Direct,Expansion,132530,0.132,115036,Closed Won,3/19/2024,7/14/2024,117,Yes,Yes,Strong product fit
O04360,A0096,P002,Healthcare,Middle East,Enterprise,Inside Sales,New Logo,254991,0.115,225667,Closed Won,7/12/2024,12/5/2024,146,No,Yes,Superior analytics
O04361,A0045,P006,Technology,Europe,Strategic,Direct,New Logo,320531,0.092,291042,Closed Won,3/20/2025,9/3/2025,167,No,No,Existing relationship
O04362,A0300,P004,Healthcare,Europe,Mid-Market,Direct,New Logo,87148,0.244,65883,Closed Lost,8/29/2024,12/28/2024,121,No,Yes,Weak product fit
O04363,A0710,P005,Healthcare,Middle East,Enterprise,Direct,New Logo,111128,0.034,107349,Closed Lost,12/5/2023,3/27/2024,113,No,Yes,Competitor selected
O04364,A0103,P001,Financial Services,Middle East,Mid-Market,Direct,New Logo,116466,0.157,98180,Closed Lost,3/27/2026,6/20/2026,85,Yes,No,Price
O04365,A0354,P005,Manufacturing,Middle East,Mid-Market,Direct,New Logo,74050,0.083,67903,Closed Lost,9/1/2023,12/9/2023,99,Yes,Yes,Price
O04366,A0533,P008,Technology,Middle East,Mid-Market,Partner,New Logo,93423,0.139,80437,Closed Lost,3/6/2024,5/22/2024,77,Yes,No,Price
O04367,A0180,P003,Healthcare,APAC,Mid-Market,Partner,New Logo,120135,0.088,109563,Closed Lost,9/30/2025,1/2/2026,94,Yes,Yes,Limited budget
O04368,A0965,P005,Manufacturing,Europe,Enterprise,Direct,Expansion,130347,0.169,108318,Closed Lost,5/15/2024,9/18/2024,126,No,No,Competitor selected
O04369,A0161,P004,Manufacturing,APAC,Mid-Market,Partner,New Logo,90017,0.067,83985,Closed Lost,9/8/2023,12/8/2023,91,Yes,No,Price
O04370,A0772,P002,Manufacturing,Middle East,Enterprise,Direct,Expansion,220931,0.045,210989,Closed Won,7/17/2024,11/23/2024,129,Yes,No,Executive alignment
O04371,A0887,P003,Technology,North America,Mid-Market,Direct,Expansion,98186,0.062,92098,Closed Lost,2/7/2024,4/27/2024,80,No,No,Limited budget
O04372,A0417,P006,Manufacturing,North America,Enterprise,Partner,Renewal,180807,0.239,137594,Closed Lost,11/25/2024,2/17/2025,84,No,Yes,No executive sponsor
O04373,A0909,P007,Healthcare,North America,Mid-Market,Partner,New Logo,67979,0.199,54451,Closed Lost,9/12/2023,10/29/2023,47,Yes,Yes,No executive sponsor
O04374,A0341,P003,Healthcare,North America,Enterprise,Direct,New Logo,179090,0.221,139511,Closed Lost,5/30/2024,9/1/2024,94,No,No,Price
O04375,A0460,P007,Healthcare,Europe,Enterprise,Partner,New Logo,89830,0.186,73121,Closed Won,4/2/2025,8/22/2025,142,Yes,No,Superior analytics
O04376,A0251,P006,Healthcare,North America,Mid-Market,Inside Sales,New Logo,141143,0.166,117713,Closed Won,4/19/2025,9/8/2025,142,No,Yes,Existing relationship
O04377,A0397,P008,Financial Services,Europe,Mid-Market,Inside Sales,New Logo,111441,0.033,107763,Closed Won,7/26/2025,9/21/2025,57,No,Yes,Existing relationship
O04378,A0776,P004,Financial Services,APAC,Mid-Market,Inside Sales,New Logo,90365,0.195,72743,Closed Lost,9/30/2024,11/17/2024,48,No,Yes,No executive sponsor
O04379,A0729,P002,Manufacturing,Europe,Enterprise,Partner,Expansion,194739,0.225,150922,Closed Won,10/13/2025,3/7/2026,145,Yes,Yes,Bundle value
O04380,A0578,P004,Manufacturing,North America,Enterprise,Direct,Renewal,155110,0.06,145803,Closed Lost,6/14/2024,11/7/2024,146,No,Yes,Timing
O04381,A0381,P007,Healthcare,North America,Mid-Market,Partner,New Logo,66742,0.211,52659,Closed Won,11/22/2023,3/1/2024,100,No,No,Bundle value
O04382,A0578,P002,Manufacturing,North America,Enterprise,Direct,New Logo,206687,0.12,181884,Closed Lost,10/3/2023,1/31/2024,120,Yes,No,Competitor selected
O04383,A0661,P001,Healthcare,APAC,Enterprise,Inside Sales,New Logo,186745,0,186745,Closed Won,11/14/2023,3/2/2024,109,No,No,Bundle value
O04384,A0278,P003,Technology,APAC,Mid-Market,Direct,New Logo,118321,0.123,103767,Closed Won,8/31/2024,1/25/2025,147,No,No,Existing relationship
O04385,A0769,P007,Technology,North America,Enterprise,Direct,Renewal,110944,0.119,97741,Closed Lost,12/7/2024,2/24/2025,79,Yes,No,Limited budget
O04386,A0153,P008,Financial Services,Europe,Mid-Market,Direct,New Logo,99825,0.162,83653,Closed Lost,12/29/2024,4/4/2025,96,Yes,No,Price
O04387,A0535,P006,Manufacturing,Middle East,Mid-Market,Direct,New Logo,137006,0.078,126319,Closed Won,7/22/2024,10/10/2024,80,Yes,No,Existing relationship
O04388,A0490,P007,Healthcare,Europe,Mid-Market,Inside Sales,New Logo,68704,0.146,58673,Closed Won,6/27/2026,10/10/2026,105,No,Yes,Bundle value
O04389,A0473,P007,Healthcare,Middle East,Enterprise,Direct,Expansion,111700,0.092,101423,Open Pipeline,6/22/2026,11/4/2026,135,Yes,No,In progress
O04390,A0910,P008,Healthcare,Europe,Strategic,Direct,New Logo,197893,0.086,180874,Closed Lost,7/1/2024,11/22/2024,144,Yes,Yes,Limited budget
O04391,A0474,P003,Technology,North America,Mid-Market,Direct,New Logo,132720,0.109,118253,Closed Lost,8/18/2026,11/22/2026,96,No,Yes,Weak product fit
O04392,A0602,P004,Financial Services,APAC,Mid-Market,Direct,Expansion,98544,0.259,73021,Closed Lost,12/31/2023,3/9/2024,69,Yes,No,Timing
O04393,A0109,P006,Financial Services,Middle East,Enterprise,Partner,Expansion,237667,0.181,194649,Closed Won,1/10/2025,6/16/2025,157,Yes,Yes,Bundle value
O04394,A0576,P001,Healthcare,Europe,Mid-Market,Direct,New Logo,148771,0.11,132406,Closed Lost,1/6/2026,2/14/2026,39,Yes,No,No executive sponsor
O04395,A0337,P007,Healthcare,North America,Enterprise,Direct,Renewal,103444,0.02,101375,Closed Lost,10/2/2025,12/25/2025,84,Yes,No,No executive sponsor
O04396,A0047,P008,Manufacturing,Europe,Enterprise,Partner,Expansion,163768,0.157,138056,Closed Lost,8/7/2025,11/15/2025,100,No,Yes,Competitor selected
O04397,A0682,P006,Manufacturing,North America,Mid-Market,Inside Sales,New Logo,118701,0.077,109561,Closed Won,11/15/2023,2/28/2024,105,No,Yes,Superior analytics
O04398,A0967,P005,Healthcare,North America,Mid-Market,Direct,New Logo,76996,0.074,71298,Closed Lost,12/20/2024,3/10/2025,80,Yes,No,Timing
O04399,A0300,P001,Healthcare,Europe,Mid-Market,Partner,New Logo,115911,0.137,100031,Closed Lost,1/26/2025,3/8/2025,41,No,Yes,Price
O04400,A0235,P004,Manufacturing,Middle East,Mid-Market,Direct,Expansion,108710,0.089,99034,Closed Lost,12/3/2023,2/22/2024,81,Yes,Yes,Timing
O04401,A0952,P002,Financial Services,Middle East,Mid-Market,Direct,Renewal,145494,0.037,140110,Closed Lost,4/16/2026,5/19/2026,33,Yes,No,Competitor selected
O04402,A0922,P003,Manufacturing,APAC,Enterprise,Direct,Renewal,211166,0.17,175267,Closed Lost,8/20/2023,11/18/2023,90,Yes,No,Price
O04403,A0706,P007,Healthcare,Middle East,Mid-Market,Direct,New Logo,65446,0.12,57592,Closed Won,9/2/2024,12/4/2024,93,Yes,Yes,Bundle value
O04404,A0042,P001,Financial Services,Europe,Enterprise,Direct,New Logo,213142,0.134,184580,Closed Won,5/11/2025,9/11/2025,123,Yes,Yes,Existing relationship
O04405,A0793,P001,Technology,Middle East,Strategic,Direct,New Logo,285994,0.087,261112,Closed Lost,4/26/2026,9/2/2026,129,Yes,Yes,Weak product fit
O04406,A0659,P006,Manufacturing,APAC,Mid-Market,Inside Sales,New Logo,132442,0.095,119860,Closed Lost,5/12/2024,9/23/2024,134,Yes,Yes,No executive sponsor
O04407,A0522,P004,Healthcare,Europe,Enterprise,Direct,New Logo,137782,0.132,119594,Open Pipeline,4/8/2026,9/20/2026,165,Yes,No,In progress
O04408,A0294,P006,Manufacturing,North America,Mid-Market,Inside Sales,Expansion,138949,0.149,118245,Open Pipeline,7/8/2026,9/10/2026,64,Yes,No,In progress
O04409,A0709,P004,Technology,APAC,Mid-Market,Partner,New Logo,121316,0.155,102512,Closed Lost,12/29/2025,4/1/2026,93,No,No,Price
O04410,A0900,P005,Technology,APAC,Enterprise,Direct,New Logo,137348,0.094,124437,Closed Won,4/15/2024,9/1/2024,139,Yes,Yes,Executive alignment
O04411,A0497,P004,Healthcare,APAC,Enterprise,Direct,New Logo,156176,0.127,136341,Closed Lost,11/27/2024,2/11/2025,76,Yes,Yes,Weak product fit
O04412,A0216,P006,Technology,North America,Enterprise,Direct,New Logo,224746,0.117,198450,Closed Lost,6/24/2025,10/4/2025,102,No,Yes,Timing
O04413,A0356,P004,Technology,APAC,Mid-Market,Direct,New Logo,87297,0.009,86511,Closed Lost,6/15/2025,9/3/2025,80,No,Yes,Weak product fit
O04414,A0923,P006,Manufacturing,APAC,Strategic,Inside Sales,New Logo,305935,0.079,281766,Closed Lost,3/16/2025,8/15/2025,152,Yes,No,Price
O04415,A0661,P006,Healthcare,APAC,Enterprise,Inside Sales,New Logo,251984,0.029,244676,Closed Lost,5/8/2025,9/24/2025,139,Yes,No,Limited budget
O04416,A0141,P006,Healthcare,North America,Enterprise,Direct,New Logo,203741,0.11,181329,Closed Won,4/8/2024,10/5/2024,180,Yes,No,Executive alignment
O04417,A0183,P007,Healthcare,APAC,Strategic,Direct,New Logo,135818,0.063,127261,Closed Won,11/22/2024,3/11/2025,109,No,No,Existing relationship
O04418,A0885,P006,Healthcare,North America,Mid-Market,Inside Sales,New Logo,128996,0.127,112613,Closed Lost,4/5/2025,5/31/2025,56,No,Yes,No executive sponsor
O04419,A0580,P006,Financial Services,Europe,Enterprise,Direct,Expansion,210559,0.107,188029,Open Pipeline,5/9/2026,9/26/2026,140,Yes,No,In progress
O04420,A0595,P008,Manufacturing,North America,Enterprise,Direct,New Logo,142096,0.108,126749,Closed Lost,9/28/2025,1/12/2026,106,No,Yes,Timing
O04421,A0596,P004,Financial Services,North America,Enterprise,Partner,New Logo,159716,0.152,135439,Closed Lost,10/9/2024,3/8/2025,150,Yes,No,Timing
O04422,A0538,P006,Healthcare,North America,Enterprise,Direct,New Logo,239511,0.18,196399,Open Pipeline,6/14/2026,9/26/2026,104,Yes,Yes,In progress
O04423,A0737,P008,Financial Services,APAC,Enterprise,Inside Sales,Expansion,142659,0.017,140233,Closed Won,11/19/2024,5/2/2025,164,No,Yes,Existing relationship
O04424,A0183,P005,Healthcare,APAC,Strategic,Partner,Expansion,187006,0.038,179899,Closed Won,3/24/2026,9/22/2026,182,Yes,Yes,Executive alignment
O04425,A0922,P001,Manufacturing,APAC,Enterprise,Partner,New Logo,171905,0.183,140446,Closed Won,1/3/2025,4/19/2025,106,No,No,Existing relationship
O04426,A0640,P005,Financial Services,Europe,Mid-Market,Inside Sales,Renewal,76881,0.026,74882,Open Pipeline,5/24/2026,9/14/2026,113,No,Yes,In progress
O04427,A0918,P003,Manufacturing,APAC,Enterprise,Direct,New Logo,201750,0.178,165838,Open Pipeline,6/19/2026,9/27/2026,100,Yes,No,In progress
O04428,A0477,P003,Manufacturing,North America,Mid-Market,Direct,Expansion,118173,0.122,103755,Closed Lost,4/7/2026,8/2/2026,117,No,Yes,No executive sponsor
O04429,A0555,P004,Healthcare,APAC,Strategic,Direct,Expansion,223345,0.111,198553,Closed Lost,11/21/2025,5/30/2026,190,No,No,Weak product fit
O04430,A0295,P004,Financial Services,North America,Enterprise,Direct,New Logo,148388,0.12,130581,Closed Lost,2/14/2024,5/19/2024,95,No,Yes,Limited budget
O04431,A0292,P004,Technology,North America,Mid-Market,Direct,New Logo,114526,0.046,109257,Closed Lost,7/7/2025,10/18/2025,103,Yes,No,Competitor selected
O04432,A0979,P004,Technology,North America,Enterprise,Inside Sales,New Logo,136144,0.22,106192,Closed Won,4/4/2025,10/8/2025,187,No,Yes,Strong product fit
O04433,A0728,P005,Financial Services,Europe,Enterprise,Direct,New Logo,101494,0.144,86878,Closed Lost,8/1/2025,1/18/2026,170,Yes,No,Weak product fit
O04434,A0177,P006,Healthcare,APAC,Strategic,Direct,Renewal,257517,0.135,222752,Closed Lost,7/16/2024,11/12/2024,119,No,No,Timing
O04435,A0956,P008,Financial Services,North America,Strategic,Direct,Renewal,178356,0.116,157666,Closed Won,10/24/2023,4/1/2024,160,No,No,Strong product fit
O04436,A0954,P004,Manufacturing,Middle East,Mid-Market,Direct,New Logo,97936,0.018,96173,Open Pipeline,6/18/2026,8/24/2026,67,No,No,In progress
O04437,A0431,P001,Healthcare,APAC,Enterprise,Direct,Expansion,212742,0.062,199551,Closed Won,2/28/2026,7/5/2026,127,Yes,No,Executive alignment
O04438,A0935,P008,Technology,Middle East,Enterprise,Inside Sales,New Logo,131889,0.081,121205,Closed Won,11/4/2023,2/13/2024,101,Yes,Yes,Bundle value
O04439,A0598,P006,Financial Services,Europe,Mid-Market,Partner,New Logo,128870,0.203,102709,Closed Won,4/15/2024,8/14/2024,121,Yes,Yes,Strong product fit
O04440,A0387,P003,Healthcare,North America,Enterprise,Direct,Expansion,208052,0.071,193280,Closed Lost,8/12/2025,12/9/2025,119,Yes,No,No executive sponsor
O04441,A0334,P006,Technology,Middle East,Enterprise,Direct,New Logo,203794,0.143,174651,Closed Lost,10/8/2023,1/14/2024,98,Yes,No,Weak product fit
O04442,A0374,P002,Financial Services,Europe,Enterprise,Inside Sales,New Logo,222448,0.148,189525,Closed Won,1/29/2024,4/18/2024,80,No,Yes,Existing relationship
O04443,A0221,P005,Healthcare,North America,Enterprise,Inside Sales,New Logo,128182,0.141,110108,Closed Won,8/4/2024,11/3/2024,91,No,Yes,Superior analytics
O04444,A0663,P005,Healthcare,North America,Mid-Market,Direct,New Logo,77567,0.059,72990,Closed Lost,10/8/2023,1/9/2024,93,No,No,Timing
O04445,A0037,P002,Financial Services,North America,Enterprise,Inside Sales,New Logo,247102,0.063,231534,Closed Lost,7/19/2026,10/10/2026,83,No,No,Price
O04446,A0168,P007,Manufacturing,Middle East,Strategic,Partner,Renewal,138271,0.102,124167,Closed Lost,1/5/2026,7/7/2026,183,Yes,No,Weak product fit
O04447,A0852,P006,Manufacturing,North America,Strategic,Direct,New Logo,305638,0.094,276908,Closed Lost,3/28/2026,8/14/2026,139,Yes,Yes,Competitor selected
O04448,A0354,P002,Manufacturing,Middle East,Mid-Market,Inside Sales,New Logo,137934,0.132,119726,Closed Lost,7/26/2025,11/24/2025,121,Yes,Yes,Weak product fit
O04449,A0964,P001,Technology,Middle East,Mid-Market,Direct,New Logo,112759,0.109,100468,Closed Won,2/2/2025,4/20/2025,77,Yes,Yes,Executive alignment
O04450,A0773,P002,Financial Services,Middle East,Enterprise,Inside Sales,New Logo,270128,0.165,225556,Closed Lost,2/18/2024,4/27/2024,69,No,Yes,Weak product fit
O04451,A0274,P006,Technology,North America,Mid-Market,Inside Sales,New Logo,157966,0.099,142327,Closed Won,7/18/2025,8/27/2025,40,Yes,No,Strong product fit
O04452,A0257,P001,Manufacturing,North America,Enterprise,Direct,Renewal,184042,0.054,174103,Closed Won,3/20/2024,7/23/2024,125,Yes,Yes,Executive alignment
O04453,A0028,P002,Manufacturing,Middle East,Mid-Market,Inside Sales,New Logo,159089,0.182,130134,Closed Lost,4/24/2025,6/14/2025,51,No,Yes,Price
O04454,A0952,P002,Financial Services,Middle East,Mid-Market,Direct,Renewal,134777,0.109,120086,Closed Lost,9/11/2024,10/28/2024,47,No,No,Price
O04455,A0494,P004,Technology,APAC,Mid-Market,Direct,Expansion,117577,0.039,112991,Closed Won,7/18/2025,9/22/2025,66,Yes,Yes,Superior analytics
O04456,A0296,P001,Technology,APAC,Strategic,Direct,New Logo,320133,0,320133,Closed Lost,1/28/2024,7/24/2024,178,Yes,Yes,Timing
O04457,A0547,P001,Technology,Middle East,Mid-Market,Direct,New Logo,150320,0.038,144607,Open Pipeline,6/12/2026,9/26/2026,106,Yes,Yes,In progress
O04458,A0967,P004,Healthcare,North America,Mid-Market,Direct,New Logo,87909,0.102,78942,Closed Lost,6/1/2026,8/17/2026,77,No,Yes,Timing
O04459,A0407,P005,Healthcare,North America,Enterprise,Direct,New Logo,115951,0.172,96007,Closed Won,11/27/2025,2/21/2026,86,Yes,Yes,Superior analytics
O04460,A0836,P006,Technology,Europe,Strategic,Direct,Expansion,346514,0.055,327455,Closed Lost,5/16/2025,12/7/2025,205,Yes,Yes,No executive sponsor
O04461,A0012,P008,Technology,North America,Enterprise,Partner,Expansion,133512,0.147,113885,Closed Lost,4/18/2025,7/4/2025,77,Yes,No,Weak product fit
O04462,A0115,P007,Manufacturing,Middle East,Strategic,Direct,New Logo,163851,0.093,148612,Closed Won,11/15/2025,5/21/2026,187,Yes,No,Existing relationship
O04463,A0650,P002,Financial Services,Europe,Enterprise,Direct,Expansion,232898,0.058,219389,Closed Lost,1/23/2025,6/2/2025,130,Yes,No,Competitor selected
O04464,A0339,P003,Technology,North America,Enterprise,Direct,New Logo,201734,0.091,183376,Open Pipeline,5/3/2026,9/26/2026,146,Yes,No,In progress
O04465,A0123,P006,Technology,APAC,Mid-Market,Direct,New Logo,116649,0.174,96352,Closed Lost,9/25/2023,12/4/2023,70,Yes,Yes,Timing
O04466,A0275,P001,Manufacturing,North America,Strategic,Inside Sales,Expansion,232422,0.08,213828,Open Pipeline,6/26/2026,12/31/2026,188,No,Yes,In progress
O04467,A0330,P003,Healthcare,North America,Mid-Market,Inside Sales,New Logo,118235,0.032,114451,Closed Lost,8/18/2024,11/25/2024,99,Yes,Yes,Price
O04468,A0820,P006,Technology,North America,Mid-Market,Inside Sales,New Logo,126862,0.084,116205,Closed Lost,3/3/2026,4/3/2026,31,Yes,No,Price
O04469,A0226,P007,Financial Services,North America,Mid-Market,Direct,Expansion,66042,0.054,62475,Closed Lost,4/14/2024,7/17/2024,94,Yes,No,Timing
O04470,A0992,P004,Manufacturing,North America,Enterprise,Direct,Expansion,185077,0.077,170826,Closed Won,12/10/2025,2/28/2026,80,Yes,Yes,Existing relationship
O04471,A0389,P005,Healthcare,North America,Strategic,Direct,New Logo,189097,0.141,162434,Closed Lost,1/16/2025,7/18/2025,183,Yes,No,Competitor selected
O04472,A0927,P004,Healthcare,Europe,Strategic,Direct,Renewal,203447,0.11,181067,Closed Won,9/16/2024,2/26/2025,163,No,No,Executive alignment
O04473,A0335,P008,Technology,APAC,Enterprise,Inside Sales,Expansion,159751,0,159751,Closed Won,12/22/2024,5/12/2025,141,No,No,Strong product fit
O04474,A0146,P008,Manufacturing,Europe,Enterprise,Inside Sales,New Logo,166005,0.104,148740,Closed Lost,4/2/2025,5/5/2025,33,Yes,Yes,Limited budget
O04475,A0098,P002,Healthcare,North America,Enterprise,Direct,New Logo,222093,0.26,164348,Closed Won,9/10/2024,1/3/2025,115,No,Yes,Bundle value
O04476,A0778,P007,Technology,Europe,Enterprise,Direct,Expansion,95827,0.143,82123,Closed Won,4/13/2026,8/30/2026,139,No,Yes,Superior analytics
O04477,A0630,P001,Financial Services,North America,Strategic,Partner,Renewal,282702,0.217,221355,Closed Lost,10/11/2024,4/7/2025,178,No,No,Limited budget
O04478,A0183,P001,Healthcare,APAC,Strategic,Direct,New Logo,304502,0.223,236598,Closed Won,1/6/2024,6/24/2024,170,No,No,Superior analytics
O04479,A0354,P007,Manufacturing,Middle East,Mid-Market,Direct,Expansion,59558,0.237,45442,Closed Lost,5/10/2026,8/15/2026,97,No,No,No executive sponsor
O04480,A0692,P004,Financial Services,North America,Mid-Market,Direct,New Logo,120401,0.125,105350,Closed Won,10/4/2023,1/5/2024,93,No,Yes,Bundle value
O04481,A0219,P004,Healthcare,North America,Enterprise,Direct,New Logo,168481,0.124,147589,Closed Lost,8/11/2025,11/19/2025,100,Yes,Yes,No executive sponsor
O04482,A0284,P003,Healthcare,North America,Mid-Market,Direct,New Logo,125918,0.201,100608,Closed Won,4/3/2026,7/20/2026,108,No,No,Executive alignment
O04483,A0475,P005,Financial Services,North America,Enterprise,Inside Sales,Expansion,118434,0.094,107301,Open Pipeline,6/18/2026,9/27/2026,101,Yes,No,In progress
O04484,A0548,P005,Manufacturing,Middle East,Mid-Market,Direct,Expansion,91207,0.08,83910,Closed Won,12/28/2023,3/19/2024,82,No,No,Strong product fit
O04485,A0870,P001,Healthcare,Europe,Enterprise,Direct,New Logo,196748,0.106,175892,Closed Lost,1/10/2024,6/20/2024,162,Yes,No,Timing
O04486,A0249,P005,Financial Services,North America,Enterprise,Partner,New Logo,126831,0.155,107172,Closed Lost,10/21/2024,3/16/2025,146,No,No,Competitor selected
O04487,A0818,P001,Technology,North America,Enterprise,Direct,New Logo,233044,0.12,205078,Closed Lost,11/7/2024,3/2/2025,115,Yes,No,Limited budget
O04488,A0358,P001,Technology,North America,Mid-Market,Inside Sales,New Logo,137716,0.083,126285,Closed Lost,11/1/2025,1/28/2026,88,Yes,No,Timing
O04489,A0850,P007,Technology,APAC,Mid-Market,Inside Sales,Expansion,78938,0.063,73964,Closed Lost,12/9/2024,3/11/2025,92,No,No,No executive sponsor
O04490,A0497,P007,Healthcare,APAC,Enterprise,Inside Sales,New Logo,89701,0.049,85305,Closed Won,12/14/2024,3/25/2025,101,Yes,Yes,Executive alignment
O04491,A0622,P004,Healthcare,North America,Enterprise,Direct,Renewal,154841,0.038,148957,Closed Lost,2/16/2026,6/1/2026,105,No,No,No executive sponsor
O04492,A0049,P002,Manufacturing,Middle East,Enterprise,Inside Sales,Expansion,270736,0.063,253679,Closed Won,3/30/2026,7/26/2026,118,No,Yes,Existing relationship
O04493,A0873,P006,Technology,Europe,Mid-Market,Direct,New Logo,122317,0.116,108128,Closed Lost,10/10/2025,11/14/2025,35,No,No,Weak product fit
O04494,A0924,P005,Healthcare,Europe,Enterprise,Direct,Expansion,108968,0.091,99051,Closed Lost,8/19/2024,12/1/2024,104,No,No,Competitor selected
O04495,A0571,P007,Financial Services,North America,Enterprise,Inside Sales,Expansion,120685,0.056,113926,Closed Won,2/8/2026,6/2/2026,114,No,Yes,Superior analytics
O04496,A0323,P001,Financial Services,North America,Strategic,Partner,New Logo,244199,0.149,207813,Closed Lost,6/10/2026,8/18/2026,69,Yes,No,Weak product fit
O04497,A0114,P007,Financial Services,North America,Strategic,Direct,New Logo,124570,0.149,106009,Closed Lost,11/20/2023,5/1/2024,163,No,No,Timing
O04498,A0179,P001,Manufacturing,North America,Enterprise,Direct,New Logo,174740,0.137,150800,Closed Lost,1/17/2024,5/13/2024,117,No,No,Timing
O04499,A0470,P001,Healthcare,Europe,Enterprise,Direct,New Logo,231408,0.059,217754,Closed Won,5/13/2026,11/6/2026,177,No,Yes,Strong product fit
O04500,A0830,P004,Financial Services,Europe,Enterprise,Direct,New Logo,179114,0.098,161560,Closed Lost,8/2/2024,10/30/2024,89,Yes,Yes,No executive sponsor
O04501,A0541,P007,Technology,APAC,Enterprise,Inside Sales,New Logo,92872,0.085,84977,Closed Won,11/17/2023,4/3/2024,138,Yes,Yes,Strong product fit
O04502,A0607,P001,Technology,APAC,Enterprise,Direct,New Logo,183494,0.125,160557,Closed Lost,8/12/2024,10/27/2024,76,Yes,No,Price
O04503,A0858,P003,Financial Services,APAC,Mid-Market,Direct,New Logo,123174,0,123174,Closed Lost,1/22/2026,3/25/2026,62,Yes,No,Weak product fit
O04504,A0539,P004,Technology,APAC,Enterprise,Direct,New Logo,162840,0.145,139228,Closed Lost,5/19/2026,9/5/2026,109,No,Yes,Weak product fit
O04505,A0353,P007,Technology,North America,Strategic,Direct,Expansion,169220,0.178,139098,Closed Won,4/10/2025,9/20/2025,163,Yes,Yes,Strong product fit
O04506,A0780,P003,Manufacturing,Middle East,Mid-Market,Inside Sales,New Logo,110475,0.049,105061,Closed Lost,2/25/2026,4/22/2026,56,Yes,Yes,Competitor selected
O04507,A0280,P002,Financial Services,APAC,Mid-Market,Direct,New Logo,134382,0.087,122690,Closed Lost,11/6/2024,2/2/2025,88,Yes,Yes,No executive sponsor
O04508,A0566,P002,Technology,Middle East,Strategic,Inside Sales,New Logo,304480,0.161,255458,Closed Won,3/21/2026,8/28/2026,160,No,Yes,Existing relationship
O04509,A0150,P001,Healthcare,Middle East,Enterprise,Direct,New Logo,229650,0.176,189231,Closed Lost,8/14/2025,12/29/2025,137,No,No,Timing
O04510,A0124,P008,Financial Services,APAC,Strategic,Partner,New Logo,173840,0.248,130727,Closed Won,10/13/2025,3/19/2026,157,No,Yes,Strong product fit
O04511,A0899,P007,Technology,North America,Mid-Market,Direct,New Logo,60182,0.087,54946,Closed Lost,3/10/2026,4/23/2026,44,No,No,Limited budget
O04512,A0030,P003,Manufacturing,Middle East,Enterprise,Partner,New Logo,204800,0.17,169984,Open Pipeline,5/5/2026,8/30/2026,117,No,Yes,In progress
O04513,A0039,P004,Manufacturing,Europe,Enterprise,Direct,New Logo,185192,0.09,168524,Closed Won,9/13/2023,1/13/2024,122,No,No,Executive alignment
O04514,A0203,P008,Manufacturing,Europe,Enterprise,Direct,New Logo,132123,0.125,115607,Closed Won,7/2/2026,11/5/2026,126,Yes,No,Superior analytics
O04515,A0181,P005,Financial Services,Middle East,Enterprise,Inside Sales,New Logo,110213,0.017,108339,Closed Lost,5/31/2024,7/28/2024,58,Yes,No,Price
O04516,A0325,P005,Technology,APAC,Mid-Market,Partner,New Logo,83289,0.155,70379,Closed Won,7/10/2024,10/16/2024,98,No,No,Executive alignment
O04517,A0714,P006,Technology,APAC,Strategic,Direct,New Logo,275814,0.087,251818,Closed Lost,8/9/2026,1/29/2027,173,Yes,Yes,Limited budget
O04518,A0060,P005,Technology,North America,Enterprise,Direct,New Logo,126549,0.145,108199,Open Pipeline,5/9/2026,9/10/2026,124,Yes,No,In progress
O04519,A0101,P001,Financial Services,APAC,Enterprise,Direct,New Logo,194548,0.117,171785,Closed Won,1/5/2024,4/19/2024,105,No,Yes,Strong product fit
O04520,A0280,P002,Financial Services,APAC,Mid-Market,Partner,New Logo,133952,0.154,113323,Closed Won,11/3/2024,1/28/2025,86,Yes,Yes,Existing relationship
O04521,A0124,P002,Financial Services,APAC,Strategic,Direct,New Logo,307693,0.095,278462,Closed Lost,12/12/2024,6/1/2025,171,No,Yes,Weak product fit
O04522,A0753,P001,Manufacturing,APAC,Mid-Market,Partner,New Logo,138773,0.225,107549,Closed Lost,6/17/2025,9/11/2025,86,No,Yes,Weak product fit
O04523,A0734,P008,Healthcare,APAC,Enterprise,Direct,New Logo,160877,0.088,146719,Closed Lost,10/20/2025,1/1/2026,73,Yes,Yes,Limited budget
O04524,A0146,P005,Manufacturing,Europe,Enterprise,Direct,Expansion,126972,0.055,119988,Closed Lost,12/11/2024,3/6/2025,85,No,No,Timing
O04525,A0607,P006,Technology,APAC,Enterprise,Direct,New Logo,225584,0.223,175278,Closed Lost,5/6/2025,8/22/2025,108,Yes,Yes,Limited budget
O04526,A0022,P001,Healthcare,North America,Strategic,Partner,New Logo,308726,0.025,301007,Closed Lost,10/28/2025,4/9/2026,163,Yes,Yes,Competitor selected
O04527,A0305,P008,Healthcare,Europe,Strategic,Inside Sales,New Logo,240914,0.065,225254,Closed Won,12/24/2025,7/3/2026,191,No,No,Superior analytics
O04528,A0511,P005,Technology,North America,Mid-Market,Direct,New Logo,89691,0.203,71483,Closed Lost,11/8/2024,2/2/2025,86,Yes,Yes,Timing
O04529,A0328,P001,Manufacturing,Europe,Mid-Market,Direct,Expansion,121290,0.088,110616,Closed Lost,5/9/2025,6/30/2025,52,No,No,Competitor selected
O04530,A0227,P006,Healthcare,Europe,Enterprise,Direct,New Logo,201319,0.142,172731,Closed Lost,11/2/2024,4/10/2025,159,Yes,No,Price
O04531,A0461,P005,Financial Services,Europe,Enterprise,Direct,New Logo,139296,0,139296,Closed Lost,12/12/2024,4/15/2025,124,Yes,Yes,Limited budget
O04532,A0793,P004,Technology,Middle East,Strategic,Direct,New Logo,199056,0.162,166808,Closed Lost,3/21/2024,8/8/2024,140,No,No,Price
O04533,A0840,P002,Manufacturing,Europe,Mid-Market,Direct,New Logo,166903,0.091,151714,Closed Lost,2/9/2025,7/2/2025,143,Yes,No,Competitor selected
O04534,A0312,P007,Technology,Europe,Enterprise,Partner,Renewal,99057,0.083,90835,Closed Won,4/17/2024,7/5/2024,79,No,Yes,Executive alignment
O04535,A0882,P001,Manufacturing,APAC,Enterprise,Direct,Expansion,169364,0.117,149548,Closed Lost,9/21/2024,2/28/2025,160,Yes,No,Price
O04536,A0254,P008,Financial Services,Europe,Enterprise,Inside Sales,New Logo,170295,0.103,152754,Closed Won,3/21/2024,7/17/2024,118,No,Yes,Strong product fit
O04537,A0429,P007,Healthcare,Europe,Enterprise,Direct,New Logo,109453,0.107,97741,Closed Lost,1/18/2026,5/16/2026,118,No,No,No executive sponsor
O04538,A0916,P006,Technology,North America,Mid-Market,Direct,New Logo,131514,0.094,119151,Closed Lost,1/13/2026,5/21/2026,128,No,No,Competitor selected
O04539,A0182,P005,Healthcare,North America,Mid-Market,Direct,New Logo,75593,0.117,66748,Closed Lost,8/23/2024,10/16/2024,54,No,Yes,No executive sponsor
O04540,A0905,P007,Healthcare,APAC,Enterprise,Direct,New Logo,88147,0.145,75365,Closed Lost,1/25/2025,5/16/2025,111,Yes,Yes,No executive sponsor
O04541,A0175,P001,Technology,Europe,Strategic,Direct,Renewal,265290,0.076,245127,Open Pipeline,8/2/2026,12/30/2026,150,Yes,No,In progress
O04542,A0562,P004,Manufacturing,North America,Enterprise,Direct,Expansion,160267,0.145,137028,Closed Lost,1/3/2024,5/31/2024,149,Yes,No,Price
O04543,A0674,P003,Technology,North America,Enterprise,Direct,New Logo,160688,0.046,153296,Closed Lost,4/6/2024,9/4/2024,151,Yes,Yes,Weak product fit
O04544,A0316,P003,Technology,North America,Enterprise,Direct,Renewal,207066,0.077,191121,Closed Lost,12/12/2025,4/3/2026,112,No,Yes,Price
O04545,A0343,P005,Technology,North America,Enterprise,Direct,New Logo,125307,0.145,107137,Closed Won,5/25/2024,9/1/2024,99,No,Yes,Existing relationship
O04546,A0605,P008,Technology,Europe,Enterprise,Partner,Expansion,169598,0.148,144497,Closed Won,9/16/2023,1/19/2024,125,No,Yes,Strong product fit
O04547,A0327,P007,Technology,APAC,Enterprise,Partner,New Logo,93103,0.266,68337,Closed Lost,5/19/2026,9/16/2026,120,No,Yes,No executive sponsor
O04548,A0983,P006,Healthcare,North America,Enterprise,Direct,New Logo,206790,0.108,184456,Closed Lost,6/26/2025,10/20/2025,116,Yes,No,Weak product fit
O04549,A0109,P005,Financial Services,Middle East,Enterprise,Direct,Renewal,117467,0.159,98789,Closed Won,12/11/2023,4/10/2024,121,No,Yes,Bundle value
O04550,A0040,P004,Financial Services,APAC,Mid-Market,Direct,Expansion,99932,0.071,92836,Open Pipeline,6/25/2026,8/31/2026,67,Yes,Yes,In progress
O04551,A0237,P004,Healthcare,North America,Mid-Market,Inside Sales,Expansion,103138,0.047,98290,Closed Lost,3/2/2025,6/3/2025,93,Yes,Yes,Price
O04552,A0356,P002,Technology,APAC,Mid-Market,Partner,New Logo,163891,0.132,142257,Closed Won,9/18/2024,11/14/2024,57,No,No,Strong product fit
O04553,A0541,P005,Technology,APAC,Enterprise,Direct,New Logo,135323,0.198,108529,Closed Lost,6/16/2024,9/14/2024,90,No,No,No executive sponsor
O04554,A0546,P007,Technology,North America,Enterprise,Direct,New Logo,111202,0.181,91074,Closed Lost,6/6/2024,8/21/2024,76,Yes,Yes,Weak product fit
O04555,A0289,P004,Manufacturing,Europe,Enterprise,Direct,Expansion,144912,0.119,127667,Closed Lost,3/27/2024,9/16/2024,173,No,Yes,Weak product fit
O04556,A0857,P003,Healthcare,APAC,Mid-Market,Partner,Expansion,118482,0.084,108529,Closed Lost,11/24/2023,12/19/2023,25,No,Yes,No executive sponsor
O04557,A0634,P001,Healthcare,APAC,Strategic,Inside Sales,Expansion,237849,0.058,224053,Closed Lost,1/5/2024,5/23/2024,139,No,Yes,Timing
O04558,A0621,P005,Technology,North America,Strategic,Inside Sales,New Logo,182741,0.118,161177,Closed Won,4/30/2025,10/15/2025,168,No,No,Strong product fit
O04559,A0574,P008,Manufacturing,Europe,Enterprise,Partner,New Logo,171522,0.126,149910,Closed Won,8/14/2025,12/2/2025,110,No,Yes,Superior analytics
O04560,A0820,P001,Technology,North America,Mid-Market,Direct,New Logo,112808,0.072,104685,Closed Lost,5/12/2025,8/10/2025,90,Yes,Yes,No executive sponsor
O04561,A0550,P003,Technology,Europe,Enterprise,Direct,New Logo,176046,0.161,147702,Closed Won,3/6/2026,8/10/2026,157,Yes,No,Bundle value
O04562,A0717,P005,Manufacturing,Europe,Enterprise,Direct,New Logo,118752,0.055,112220,Closed Lost,4/19/2026,10/27/2026,191,No,No,No executive sponsor
O04563,A0607,P006,Technology,APAC,Enterprise,Direct,New Logo,226379,0.122,198760,Closed Won,12/13/2023,3/31/2024,109,No,Yes,Strong product fit
O04564,A0963,P006,Financial Services,APAC,Mid-Market,Direct,Expansion,129741,0.11,115469,Closed Lost,11/30/2023,2/16/2024,78,Yes,Yes,Limited budget
O04565,A0223,P006,Technology,North America,Mid-Market,Direct,New Logo,126077,0.024,123051,Closed Lost,4/11/2024,7/8/2024,88,Yes,Yes,Timing
O04566,A0684,P006,Financial Services,North America,Mid-Market,Direct,New Logo,150436,0.053,142462,Closed Lost,1/1/2024,4/20/2024,110,Yes,No,Weak product fit
O04567,A0052,P001,Technology,APAC,Enterprise,Direct,New Logo,200558,0.11,178496,Closed Won,4/16/2024,8/7/2024,113,No,No,Executive alignment
O04568,A0629,P008,Manufacturing,North America,Enterprise,Direct,Expansion,168918,0.204,134458,Closed Lost,10/12/2024,1/25/2025,105,Yes,No,Competitor selected
O04569,A0793,P001,Technology,Middle East,Strategic,Inside Sales,Expansion,291696,0,291696,Open Pipeline,5/8/2026,8/20/2026,104,Yes,Yes,In progress
O04570,A0957,P001,Financial Services,North America,Strategic,Direct,Renewal,279876,0.177,230337,Closed Lost,12/16/2023,7/19/2024,216,No,No,Price
O04571,A0593,P002,Manufacturing,Middle East,Mid-Market,Inside Sales,New Logo,168349,0.067,157069,Closed Lost,1/12/2025,3/25/2025,72,Yes,No,Competitor selected
O04572,A0974,P008,Technology,Europe,Mid-Market,Direct,New Logo,100035,0.081,91932,Closed Won,3/11/2026,5/20/2026,70,Yes,Yes,Existing relationship
O04573,A0978,P003,Manufacturing,Middle East,Enterprise,Partner,Expansion,153299,0.068,142874,Closed Won,8/16/2025,12/4/2025,110,No,Yes,Strong product fit
O04574,A0904,P002,Financial Services,Europe,Mid-Market,Partner,New Logo,146031,0.081,134202,Closed Lost,3/26/2025,6/5/2025,71,Yes,No,Weak product fit
O04575,A0261,P001,Technology,North America,Enterprise,Inside Sales,New Logo,202049,0.142,173358,Closed Lost,9/28/2024,12/2/2024,65,Yes,Yes,Weak product fit
O04576,A0654,P004,Healthcare,Europe,Mid-Market,Direct,New Logo,98243,0.137,84783,Closed Lost,10/27/2024,1/21/2025,86,No,Yes,Competitor selected
O04577,A0380,P002,Financial Services,APAC,Enterprise,Direct,New Logo,248243,0.09,225901,Closed Lost,6/7/2025,9/22/2025,107,Yes,No,No executive sponsor
O04578,A0474,P003,Technology,North America,Mid-Market,Direct,New Logo,100206,0.123,87880,Closed Lost,11/12/2025,4/12/2026,151,Yes,Yes,Timing
O04579,A0866,P001,Manufacturing,APAC,Enterprise,Direct,New Logo,204128,0.172,169017,Open Pipeline,4/11/2026,8/29/2026,140,No,No,In progress
O04580,A0816,P002,Technology,Middle East,Enterprise,Inside Sales,Expansion,207197,0.039,199116,Closed Won,7/11/2026,10/7/2026,88,No,No,Bundle value
O04581,A0234,P007,Technology,APAC,Mid-Market,Direct,Expansion,73590,0.169,61153,Closed Lost,2/26/2026,5/16/2026,79,Yes,Yes,Weak product fit
O04582,A0351,P008,Healthcare,APAC,Mid-Market,Inside Sales,New Logo,89256,0.146,76224,Closed Lost,10/9/2023,1/3/2024,86,Yes,Yes,No executive sponsor
O04583,A0535,P008,Manufacturing,Middle East,Mid-Market,Inside Sales,New Logo,84423,0.09,76824,Closed Lost,11/2/2025,12/11/2025,39,No,Yes,Weak product fit
O04584,A0316,P007,Technology,North America,Enterprise,Direct,New Logo,117828,0.087,107576,Closed Won,1/2/2025,5/29/2025,147,No,Yes,Strong product fit
O04585,A0310,P005,Manufacturing,APAC,Enterprise,Direct,Renewal,125079,0.096,113071,Closed Won,4/27/2024,8/10/2024,105,Yes,No,Strong product fit
O04586,A0786,P001,Healthcare,North America,Enterprise,Direct,Expansion,176529,0.127,154109,Closed Won,2/13/2026,6/7/2026,114,Yes,Yes,Executive alignment
O04587,A0620,P003,Healthcare,North America,Enterprise,Direct,New Logo,213220,0.103,191258,Closed Lost,12/25/2025,4/15/2026,111,Yes,Yes,Weak product fit
O04588,A0541,P001,Technology,APAC,Enterprise,Direct,New Logo,232655,0.089,211948,Closed Lost,1/14/2026,4/8/2026,84,Yes,No,Weak product fit
O04589,A0693,P002,Financial Services,Europe,Mid-Market,Inside Sales,Renewal,153686,0.177,126483,Closed Lost,2/10/2026,6/11/2026,121,Yes,Yes,Timing
O04590,A0444,P003,Manufacturing,North America,Enterprise,Direct,New Logo,187531,0.111,166715,Closed Won,6/20/2026,7/23/2026,33,Yes,Yes,Strong product fit
O04591,A0069,P004,Technology,Europe,Enterprise,Direct,Expansion,162157,0.178,133293,Closed Won,4/8/2025,6/30/2025,83,No,Yes,Bundle value
O04592,A0625,P008,Healthcare,North America,Strategic,Direct,Expansion,229554,0.124,201089,Closed Won,4/11/2024,10/10/2024,182,Yes,No,Bundle value
O04593,A0093,P007,Healthcare,Europe,Mid-Market,Partner,New Logo,76910,0.067,71757,Closed Won,1/29/2026,5/14/2026,105,No,No,Executive alignment
O04594,A0160,P002,Manufacturing,North America,Mid-Market,Direct,Expansion,130471,0.105,116771,Closed Lost,4/24/2025,7/26/2025,93,No,Yes,Price
O04595,A0930,P004,Technology,Europe,Enterprise,Direct,Expansion,136434,0.082,125246,Closed Won,9/26/2024,2/25/2025,152,No,Yes,Executive alignment
O04596,A0636,P007,Healthcare,APAC,Enterprise,Direct,New Logo,106450,0.056,100488,Closed Lost,5/21/2024,9/8/2024,110,Yes,Yes,Timing
O04597,A0416,P001,Manufacturing,Europe,Mid-Market,Partner,New Logo,117942,0.132,102373,Closed Lost,1/20/2025,4/8/2025,78,No,No,Limited budget
O04598,A0564,P003,Financial Services,Middle East,Mid-Market,Partner,New Logo,129372,0.089,117857,Closed Lost,11/8/2025,2/12/2026,96,Yes,Yes,Weak product fit
O04599,A0550,P004,Technology,Europe,Enterprise,Direct,New Logo,135251,0.156,114151,Closed Lost,11/13/2023,3/9/2024,117,Yes,Yes,Price
O04600,A0214,P005,Financial Services,North America,Enterprise,Inside Sales,New Logo,126792,0.06,119184,Closed Lost,2/4/2026,6/1/2026,117,Yes,No,Timing
O04601,A0442,P008,Technology,Middle East,Mid-Market,Inside Sales,New Logo,89895,0.1,80905,Closed Lost,6/20/2024,9/8/2024,80,Yes,No,No executive sponsor
O04602,A0107,P004,Healthcare,APAC,Enterprise,Direct,New Logo,153701,0.114,136179,Closed Won,10/21/2023,2/16/2024,118,No,Yes,Existing relationship
O04603,A0021,P003,Technology,APAC,Enterprise,Partner,New Logo,206460,0.038,198614,Closed Won,3/24/2026,7/23/2026,121,No,Yes,Bundle value
O04604,A0326,P005,Financial Services,APAC,Enterprise,Direct,Expansion,124318,0.096,112383,Closed Won,12/28/2024,5/4/2025,127,No,No,Existing relationship
O04605,A0539,P003,Technology,APAC,Enterprise,Inside Sales,New Logo,211033,0.066,197104,Closed Lost,6/7/2024,8/5/2024,59,Yes,No,Timing
O04606,A0590,P002,Financial Services,Europe,Enterprise,Inside Sales,New Logo,217424,0,217424,Closed Lost,12/6/2025,3/19/2026,103,No,No,Competitor selected
O04607,A0966,P006,Manufacturing,North America,Enterprise,Inside Sales,New Logo,182812,0.123,160326,Closed Lost,8/15/2024,11/22/2024,99,Yes,Yes,Competitor selected
O04608,A0874,P008,Manufacturing,North America,Enterprise,Partner,Expansion,126140,0.103,113147,Closed Lost,6/6/2024,10/9/2024,125,Yes,Yes,No executive sponsor
O04609,A0866,P003,Manufacturing,APAC,Enterprise,Direct,New Logo,190632,0.089,173665,Closed Lost,8/18/2024,11/26/2024,100,No,No,Price
O04610,A0062,P007,Healthcare,North America,Mid-Market,Direct,New Logo,60355,0.194,48646,Closed Lost,7/24/2026,10/7/2026,75,Yes,No,Timing
O04611,A0149,P002,Technology,APAC,Enterprise,Partner,New Logo,204907,0.272,149172,Closed Lost,5/26/2024,7/27/2024,62,Yes,No,Competitor selected
O04612,A0519,P004,Financial Services,APAC,Enterprise,Partner,Expansion,163943,0.135,141810,Closed Lost,12/4/2025,2/24/2026,82,Yes,No,No executive sponsor
O04613,A0676,P002,Technology,APAC,Mid-Market,Partner,New Logo,165471,0.167,137837,Closed Lost,11/2/2024,12/28/2024,56,Yes,Yes,Competitor selected
O04614,A0136,P002,Financial Services,North America,Strategic,Direct,Expansion,333162,0.059,313505,Closed Won,12/22/2023,5/21/2024,151,Yes,Yes,Existing relationship
O04615,A0850,P005,Technology,APAC,Mid-Market,Partner,Renewal,84393,0.108,75278,Closed Won,5/11/2026,7/28/2026,78,Yes,No,Executive alignment
O04616,A0356,P001,Technology,APAC,Mid-Market,Inside Sales,New Logo,133698,0.165,111637,Closed Lost,1/29/2024,4/24/2024,86,No,No,Limited budget
O04617,A0824,P006,Financial Services,North America,Strategic,Direct,New Logo,301104,0.065,281532,Closed Lost,1/28/2025,6/18/2025,141,Yes,No,Price
O04618,A0359,P006,Healthcare,APAC,Mid-Market,Direct,New Logo,130618,0.132,113376,Closed Won,6/16/2024,9/1/2024,77,No,No,Bundle value
O04619,A0955,P004,Healthcare,North America,Enterprise,Direct,New Logo,185081,0.126,161760,Closed Lost,4/3/2025,7/11/2025,99,No,Yes,No executive sponsor
O04620,A0620,P006,Healthcare,North America,Enterprise,Direct,Expansion,203759,0.141,175028,Closed Lost,3/7/2026,7/7/2026,122,Yes,Yes,Price
O04621,A0624,P008,Financial Services,Europe,Enterprise,Direct,Expansion,131988,0.083,121032,Closed Lost,7/9/2024,10/7/2024,90,Yes,Yes,Weak product fit
O04622,A0336,P001,Financial Services,Europe,Enterprise,Direct,New Logo,223899,0.117,197702,Closed Lost,2/20/2025,6/30/2025,130,No,Yes,Timing
O04623,A0736,P001,Healthcare,APAC,Enterprise,Partner,Renewal,181859,0.128,158581,Closed Lost,3/23/2024,7/20/2024,119,Yes,Yes,Weak product fit
O04624,A0420,P005,Financial Services,North America,Enterprise,Direct,New Logo,122274,0.138,105400,Closed Lost,12/2/2025,2/22/2026,82,No,No,Price
O04625,A0188,P003,Technology,Europe,Mid-Market,Partner,Renewal,134741,0.138,116146,Closed Lost,2/3/2024,4/4/2024,61,Yes,Yes,Competitor selected
O04626,A0778,P004,Technology,Europe,Enterprise,Partner,New Logo,172813,0.085,158123,Closed Lost,12/12/2025,4/17/2026,126,No,No,Competitor selected
O04627,A0310,P003,Manufacturing,APAC,Enterprise,Direct,Expansion,191202,0.102,171699,Closed Lost,1/2/2024,4/24/2024,113,No,Yes,Timing
O04628,A0176,P007,Healthcare,North America,Enterprise,Inside Sales,New Logo,87919,0.063,82380,Closed Lost,2/19/2024,6/21/2024,123,No,Yes,Limited budget
O04629,A0235,P003,Manufacturing,Middle East,Mid-Market,Direct,New Logo,123629,0.108,110277,Closed Won,6/3/2024,8/13/2024,71,No,Yes,Existing relationship
O04630,A0650,P008,Financial Services,Europe,Enterprise,Inside Sales,Renewal,129523,0.096,117088,Closed Lost,11/11/2024,3/1/2025,110,Yes,Yes,Limited budget
O04631,A0947,P006,Manufacturing,North America,Enterprise,Partner,Renewal,249629,0.109,222419,Closed Lost,11/6/2023,3/2/2024,117,Yes,Yes,Price
O04632,A0699,P001,Technology,APAC,Enterprise,Inside Sales,New Logo,184646,0.042,176890,Closed Lost,6/17/2025,11/20/2025,156,Yes,No,Price
O04633,A0794,P008,Financial Services,North America,Enterprise,Inside Sales,Expansion,135921,0.147,115940,Closed Lost,12/10/2023,4/15/2024,127,Yes,No,Weak product fit
O04634,A0108,P004,Healthcare,North America,Enterprise,Direct,New Logo,165208,0.021,161738,Closed Lost,8/22/2023,11/23/2023,93,Yes,No,Price
O04635,A0552,P002,Manufacturing,North America,Strategic,Inside Sales,New Logo,310564,0.098,280128,Closed Lost,10/16/2024,3/14/2025,149,Yes,No,Competitor selected
O04636,A0218,P007,Financial Services,APAC,Enterprise,Direct,Expansion,108353,0.131,94158,Closed Won,1/24/2024,6/20/2024,148,Yes,Yes,Bundle value
O04637,A0637,P002,Technology,APAC,Mid-Market,Direct,New Logo,152679,0.114,135273,Closed Lost,5/10/2024,7/15/2024,66,Yes,No,Weak product fit
O04638,A0784,P002,Financial Services,Europe,Strategic,Direct,New Logo,312879,0.031,303179,Closed Lost,12/21/2023,5/29/2024,160,No,No,Timing
O04639,A0076,P006,Technology,APAC,Enterprise,Direct,New Logo,223994,0.141,192410,Closed Lost,9/18/2025,1/29/2026,133,No,Yes,Price
O04640,A0933,P002,Manufacturing,Europe,Strategic,Direct,Expansion,290613,0,290613,Closed Lost,1/3/2026,4/11/2026,98,Yes,No,Timing
O04641,A0786,P005,Healthcare,North America,Enterprise,Direct,Expansion,128493,0.154,108705,Closed Lost,5/30/2024,8/1/2024,63,No,Yes,Limited budget
O04642,A0422,P007,Financial Services,Europe,Strategic,Direct,Renewal,127067,0.128,110802,Closed Won,9/9/2023,3/8/2024,181,No,Yes,Strong product fit
O04643,A0508,P007,Technology,Middle East,Mid-Market,Direct,New Logo,61431,0.074,56885,Closed Won,2/24/2025,5/3/2025,68,Yes,Yes,Executive alignment
O04644,A0075,P006,Healthcare,APAC,Mid-Market,Direct,New Logo,126647,0.117,111829,Closed Lost,8/18/2025,9/24/2025,37,No,No,Weak product fit
O04645,A0941,P001,Financial Services,North America,Mid-Market,Direct,New Logo,134489,0.144,115122,Open Pipeline,6/17/2026,9/14/2026,89,No,No,In progress
O04646,A0964,P004,Technology,Middle East,Mid-Market,Inside Sales,New Logo,95147,0.156,80304,Closed Lost,11/18/2023,3/9/2024,112,Yes,Yes,Price
O04647,A0239,P004,Technology,North America,Enterprise,Direct,Expansion,137135,0.102,123147,Closed Lost,2/3/2025,6/20/2025,137,No,No,No executive sponsor
O04648,A0845,P006,Technology,Europe,Strategic,Direct,New Logo,306684,0.158,258227,Open Pipeline,4/29/2026,9/29/2026,153,Yes,Yes,In progress
O04649,A0722,P007,Manufacturing,Europe,Enterprise,Direct,New Logo,110257,0.132,95703,Closed Lost,12/6/2025,3/29/2026,113,No,Yes,Competitor selected
O04650,A0608,P008,Manufacturing,Europe,Enterprise,Direct,Expansion,126048,0.138,108653,Closed Won,7/18/2025,11/30/2025,135,Yes,Yes,Bundle value
O04651,A0483,P004,Financial Services,APAC,Mid-Market,Direct,Expansion,88368,0.151,75024,Closed Lost,11/26/2025,4/25/2026,150,Yes,No,Timing
O04652,A0839,P002,Financial Services,APAC,Enterprise,Direct,Expansion,251198,0.064,235121,Closed Lost,11/11/2023,2/2/2024,83,Yes,No,No executive sponsor
O04653,A0385,P004,Technology,North America,Enterprise,Inside Sales,New Logo,178344,0.098,160866,Closed Won,2/6/2025,5/27/2025,110,Yes,Yes,Bundle value
O04654,A0154,P003,Technology,Europe,Mid-Market,Direct,New Logo,107450,0.145,91869,Closed Lost,7/22/2024,9/4/2024,44,Yes,No,Limited budget
O04655,A0867,P001,Technology,Europe,Enterprise,Inside Sales,New Logo,186795,0.091,169796,Closed Lost,6/28/2025,10/25/2025,119,Yes,No,Price
O04656,A0755,P004,Financial Services,APAC,Mid-Market,Direct,Expansion,117415,0.11,104499,Closed Won,6/20/2026,8/25/2026,66,No,No,Superior analytics
O04657,A0906,P002,Technology,Europe,Mid-Market,Direct,New Logo,171185,0.105,153210,Open Pipeline,8/6/2026,10/8/2026,63,Yes,Yes,In progress
O04658,A0372,P005,Manufacturing,APAC,Enterprise,Inside Sales,New Logo,139176,0.002,138897,Closed Won,8/21/2025,11/29/2025,100,Yes,Yes,Strong product fit
O04659,A0424,P006,Healthcare,Middle East,Enterprise,Direct,New Logo,208042,0.115,184117,Closed Lost,1/7/2024,5/3/2024,117,Yes,Yes,Timing
O04660,A0874,P006,Manufacturing,North America,Enterprise,Partner,Expansion,188582,0.187,153317,Closed Lost,8/18/2025,11/23/2025,97,No,No,Competitor selected
O04661,A0836,P005,Technology,Europe,Strategic,Partner,Renewal,154713,0.174,127792,Closed Lost,3/16/2024,8/12/2024,149,Yes,No,Limited budget
O04662,A0198,P003,Financial Services,North America,Mid-Market,Direct,Expansion,108803,0.056,102710,Closed Won,6/17/2025,10/18/2025,123,Yes,No,Strong product fit
O04663,A0092,P001,Manufacturing,APAC,Enterprise,Direct,New Logo,197938,0.17,164288,Closed Lost,11/2/2023,3/15/2024,134,No,Yes,Competitor selected
O04664,A0579,P006,Healthcare,North America,Enterprise,Direct,New Logo,186614,0.064,174670,Closed Lost,1/5/2024,4/6/2024,92,Yes,Yes,Timing
O04665,A0463,P002,Technology,APAC,Enterprise,Direct,New Logo,235508,0.116,208189,Closed Won,6/25/2024,8/26/2024,62,Yes,Yes,Superior analytics
O04666,A0373,P006,Technology,APAC,Enterprise,Direct,New Logo,230453,0.091,209481,Closed Lost,2/27/2026,6/23/2026,116,Yes,Yes,Weak product fit
O04667,A0445,P002,Healthcare,North America,Mid-Market,Direct,New Logo,153301,0.13,133371,Closed Lost,5/19/2026,6/25/2026,37,No,No,Price
O04668,A0464,P003,Technology,North America,Enterprise,Direct,New Logo,194869,0.088,177720,Closed Lost,2/24/2025,5/4/2025,69,Yes,Yes,Timing
O04669,A0372,P005,Manufacturing,APAC,Enterprise,Partner,New Logo,137632,0.215,108041,Closed Lost,10/28/2023,1/20/2024,84,Yes,Yes,Timing
O04670,A0934,P003,Financial Services,Middle East,Enterprise,Direct,New Logo,187361,0.129,163191,Closed Lost,9/11/2023,2/9/2024,151,Yes,No,Competitor selected
O04671,A0004,P007,Financial Services,APAC,Strategic,Direct,Expansion,129925,0.081,119401,Closed Won,1/7/2025,7/1/2025,175,No,Yes,Bundle value
O04672,A0401,P006,Healthcare,APAC,Mid-Market,Direct,New Logo,163368,0.128,142456,Closed Won,9/13/2024,12/18/2024,96,No,Yes,Existing relationship
O04673,A0442,P003,Technology,Middle East,Mid-Market,Direct,New Logo,133570,0.201,106722,Closed Lost,11/18/2023,1/30/2024,73,Yes,Yes,Timing
O04674,A0925,P003,Manufacturing,North America,Enterprise,Direct,Expansion,210203,0.147,179303,Closed Lost,2/16/2024,7/7/2024,142,No,Yes,Weak product fit
O04675,A0037,P008,Financial Services,North America,Enterprise,Partner,Expansion,166498,0.268,121876,Closed Won,3/5/2025,7/12/2025,129,No,Yes,Executive alignment
O04676,A0675,P007,Technology,North America,Mid-Market,Inside Sales,New Logo,76344,0.062,71610,Closed Lost,7/4/2025,10/3/2025,91,Yes,No,Price
O04677,A0050,P008,Manufacturing,Europe,Mid-Market,Partner,New Logo,104410,0.106,93342,Closed Lost,5/28/2024,8/24/2024,88,No,No,Limited budget
O04678,A0241,P003,Technology,Europe,Enterprise,Direct,Renewal,153689,0.133,133248,Closed Won,4/6/2025,7/4/2025,89,Yes,Yes,Bundle value
O04679,A0141,P006,Healthcare,North America,Enterprise,Inside Sales,New Logo,208226,0.033,201354,Closed Lost,9/10/2023,12/28/2023,109,Yes,Yes,Limited budget
O04680,A0789,P001,Healthcare,North America,Mid-Market,Partner,New Logo,123425,0.231,94913,Closed Lost,6/18/2024,8/28/2024,71,No,Yes,Competitor selected
O04681,A0446,P004,Manufacturing,Europe,Mid-Market,Partner,Renewal,105842,0.158,89118,Closed Won,3/26/2025,7/3/2025,99,Yes,Yes,Strong product fit
O04682,A0009,P003,Healthcare,North America,Enterprise,Direct,New Logo,169467,0.135,146588,Open Pipeline,5/28/2026,9/23/2026,118,No,Yes,In progress
O04683,A0308,P005,Manufacturing,North America,Strategic,Inside Sales,Expansion,182130,0.152,154446,Closed Lost,3/3/2025,6/6/2025,95,No,No,Limited budget
O04684,A0158,P008,Technology,North America,Mid-Market,Direct,New Logo,89110,0.147,76010,Closed Won,8/14/2024,10/29/2024,76,No,No,Strong product fit
O04685,A0977,P008,Manufacturing,Middle East,Enterprise,Direct,New Logo,153082,0.095,138539,Closed Lost,10/13/2025,2/19/2026,129,Yes,No,No executive sponsor
O04686,A0809,P008,Manufacturing,North America,Mid-Market,Direct,New Logo,109980,0.088,100301,Closed Lost,8/4/2025,9/27/2025,54,No,No,Competitor selected
O04687,A0978,P002,Manufacturing,Middle East,Enterprise,Partner,Expansion,257626,0.158,216921,Closed Won,12/19/2024,4/15/2025,117,Yes,Yes,Bundle value
O04688,A0664,P002,Financial Services,Europe,Enterprise,Direct,New Logo,260459,0.077,240403,Closed Lost,11/4/2025,1/11/2026,68,No,No,No executive sponsor
O04689,A0295,P006,Financial Services,North America,Enterprise,Partner,New Logo,179839,0.127,156999,Closed Lost,11/14/2025,3/30/2026,136,No,Yes,Competitor selected
O04690,A0819,P006,Manufacturing,North America,Enterprise,Direct,Expansion,241820,0.109,215461,Closed Lost,1/29/2024,6/14/2024,137,Yes,No,Weak product fit
O04691,A0857,P006,Healthcare,APAC,Mid-Market,Direct,Expansion,119596,0.03,116008,Closed Won,4/30/2026,8/5/2026,97,No,No,Existing relationship
O04692,A0693,P005,Financial Services,Europe,Mid-Market,Direct,Renewal,74920,0.225,58063,Closed Lost,6/4/2025,9/3/2025,91,No,Yes,Competitor selected
O04693,A0278,P002,Technology,APAC,Mid-Market,Direct,New Logo,152971,0.083,140274,Closed Lost,7/18/2025,9/26/2025,70,Yes,No,Limited budget
O04694,A0528,P002,Financial Services,APAC,Enterprise,Direct,New Logo,201747,0.14,173502,Closed Lost,1/20/2024,4/24/2024,95,No,No,Weak product fit
O04695,A0578,P002,Manufacturing,North America,Enterprise,Inside Sales,New Logo,250756,0.094,227184,Closed Lost,9/18/2025,12/4/2025,77,No,Yes,Weak product fit
O04696,A0045,P001,Technology,Europe,Strategic,Direct,New Logo,283663,0.151,240829,Closed Lost,7/2/2024,11/3/2024,124,No,No,Competitor selected
O04697,A0135,P008,Financial Services,Europe,Mid-Market,Direct,New Logo,97001,0.079,89337,Closed Lost,2/20/2025,6/6/2025,106,Yes,Yes,Timing
O04698,A0855,P005,Healthcare,Middle East,Enterprise,Direct,New Logo,139793,0.083,128190,Closed Won,12/11/2024,4/3/2025,113,No,No,Strong product fit
O04699,A0035,P002,Technology,Middle East,Enterprise,Direct,New Logo,222166,0.12,195506,Closed Lost,11/26/2025,4/5/2026,130,No,No,No executive sponsor
O04700,A0188,P005,Technology,Europe,Mid-Market,Direct,Renewal,77777,0.031,75365,Closed Lost,10/27/2025,11/30/2025,34,No,Yes,Competitor selected
O04701,A0482,P006,Healthcare,Middle East,Enterprise,Partner,New Logo,251685,0.185,205123,Closed Lost,4/11/2026,7/22/2026,102,Yes,No,No executive sponsor
O04702,A0110,P005,Technology,North America,Mid-Market,Inside Sales,New Logo,70099,0.129,61056,Closed Lost,11/11/2023,1/10/2024,60,No,No,Timing
O04703,A0370,P001,Financial Services,Europe,Enterprise,Direct,Renewal,174548,0.101,156918,Closed Won,9/6/2025,12/10/2025,95,No,No,Strong product fit
O04704,A0409,P001,Healthcare,APAC,Mid-Market,Partner,New Logo,138752,0.12,122101,Closed Lost,6/4/2024,8/23/2024,80,No,Yes,Timing
O04705,A0751,P008,Financial Services,APAC,Enterprise,Direct,Renewal,160787,0.2,128629,Closed Won,2/6/2025,6/1/2025,115,Yes,Yes,Strong product fit
O04706,A0967,P005,Healthcare,North America,Mid-Market,Partner,New Logo,92144,0.126,80533,Closed Lost,5/30/2024,8/24/2024,86,No,Yes,Price
O04707,A0983,P001,Healthcare,North America,Enterprise,Partner,New Logo,172948,0.203,137839,Closed Won,1/19/2026,6/7/2026,139,Yes,Yes,Existing relationship
O04708,A0523,P007,Financial Services,APAC,Mid-Market,Direct,New Logo,70997,0.18,58217,Closed Won,11/18/2023,1/25/2024,68,No,Yes,Bundle value
O04709,A0515,P006,Financial Services,Middle East,Mid-Market,Direct,New Logo,117945,0.128,102848,Closed Won,7/8/2025,10/2/2025,86,No,No,Bundle value
O04710,A0131,P008,Technology,Europe,Mid-Market,Direct,New Logo,108955,0.036,105032,Closed Won,5/22/2026,10/1/2026,132,No,No,Executive alignment
O04711,A0051,P005,Technology,APAC,Enterprise,Direct,New Logo,131618,0.2,105294,Closed Lost,8/5/2025,1/7/2026,155,Yes,No,Price
O04712,A0790,P004,Financial Services,Europe,Strategic,Inside Sales,New Logo,223367,0.022,218452,Closed Won,3/9/2025,8/5/2025,149,No,Yes,Bundle value
O04713,A0648,P002,Manufacturing,APAC,Strategic,Partner,New Logo,310662,0.209,245733,Closed Won,2/6/2024,5/22/2024,106,Yes,No,Superior analytics
O04714,A0229,P002,Technology,Middle East,Mid-Market,Direct,New Logo,148596,0.092,134925,Closed Lost,7/5/2026,8/15/2026,41,Yes,No,Weak product fit
O04715,A0654,P005,Healthcare,Europe,Mid-Market,Direct,Expansion,71458,0.092,64883,Open Pipeline,6/21/2026,9/16/2026,87,Yes,Yes,In progress
O04716,A0777,P005,Financial Services,Europe,Mid-Market,Direct,New Logo,92046,0.121,80908,Closed Lost,6/25/2025,9/16/2025,83,Yes,Yes,Timing
O04717,A0118,P005,Manufacturing,Europe,Strategic,Direct,Renewal,149330,0.143,127975,Open Pipeline,4/3/2026,9/9/2026,159,Yes,Yes,In progress
O04718,A0009,P003,Healthcare,North America,Enterprise,Direct,Renewal,162280,0.073,150433,Closed Lost,5/8/2026,10/31/2026,176,Yes,No,No executive sponsor
O04719,A0340,P003,Technology,North America,Mid-Market,Inside Sales,New Logo,113733,0.024,111003,Closed Won,10/19/2023,12/31/2023,73,No,No,Strong product fit
O04720,A0389,P008,Healthcare,North America,Strategic,Inside Sales,Expansion,195186,0.079,179766,Closed Won,12/18/2025,6/11/2026,175,No,No,Bundle value
O04721,A0008,P004,Financial Services,North America,Strategic,Direct,New Logo,240917,0.105,215620,Closed Lost,3/2/2024,8/5/2024,156,Yes,Yes,Limited budget
O04722,A0330,P003,Healthcare,North America,Mid-Market,Direct,New Logo,98629,0.053,93401,Closed Lost,1/25/2024,4/11/2024,77,Yes,No,Weak product fit
O04723,A0987,P004,Manufacturing,North America,Enterprise,Direct,New Logo,169642,0.094,153695,Closed Lost,10/2/2023,1/28/2024,118,Yes,No,Timing
O04724,A0824,P001,Financial Services,North America,Strategic,Direct,New Logo,272890,0.107,243690,Closed Won,4/3/2026,8/11/2026,130,Yes,No,Executive alignment
O04725,A0600,P006,Financial Services,Europe,Enterprise,Direct,New Logo,225810,0.128,196906,Closed Won,11/6/2024,3/30/2025,144,No,Yes,Strong product fit
O04726,A0803,P005,Manufacturing,Middle East,Enterprise,Direct,New Logo,120428,0.01,119223,Closed Won,2/20/2024,5/18/2024,88,Yes,No,Executive alignment
O04727,A0477,P006,Manufacturing,North America,Mid-Market,Inside Sales,Renewal,121469,0.05,115395,Closed Lost,1/21/2026,4/18/2026,87,No,Yes,Competitor selected
O04728,A0643,P006,Healthcare,North America,Mid-Market,Partner,New Logo,142132,0.118,125360,Closed Lost,5/3/2025,8/28/2025,117,Yes,Yes,Competitor selected
O04729,A0127,P007,Healthcare,Europe,Mid-Market,Direct,New Logo,61411,0.127,53611,Closed Lost,8/30/2024,11/7/2024,69,Yes,Yes,No executive sponsor
O04730,A0274,P006,Technology,North America,Mid-Market,Partner,New Logo,136498,0.152,115750,Closed Lost,3/24/2026,7/5/2026,103,No,No,Weak product fit
O04731,A0775,P001,Manufacturing,Europe,Enterprise,Direct,New Logo,230098,0.154,194662,Closed Lost,7/6/2025,10/27/2025,113,Yes,No,Price
O04732,A0961,P008,Manufacturing,Europe,Mid-Market,Direct,New Logo,106070,0.069,98751,Closed Lost,7/8/2026,8/2/2026,25,Yes,Yes,Price
O04733,A0049,P004,Manufacturing,Middle East,Enterprise,Direct,New Logo,187146,0,187146,Closed Won,1/28/2024,5/18/2024,111,No,Yes,Strong product fit
O04734,A0633,P007,Manufacturing,Europe,Enterprise,Inside Sales,Renewal,108338,0.169,90028,Open Pipeline,5/20/2026,11/13/2026,177,Yes,Yes,In progress
O04735,A0584,P006,Healthcare,APAC,Mid-Market,Partner,Renewal,156210,0.25,117157,Closed Lost,9/4/2024,12/29/2024,116,No,Yes,No executive sponsor
O04736,A0703,P002,Healthcare,APAC,Strategic,Partner,New Logo,339956,0.177,279783,Closed Lost,10/30/2023,3/19/2024,141,No,No,Timing
O04737,A0521,P002,Manufacturing,Europe,Mid-Market,Direct,New Logo,151550,0.045,144730,Closed Lost,11/29/2023,2/12/2024,75,No,Yes,Timing
O04738,A0541,P002,Technology,APAC,Enterprise,Inside Sales,New Logo,224162,0.045,214074,Closed Lost,3/14/2024,7/6/2024,114,Yes,Yes,Limited budget
O04739,A0883,P002,Healthcare,North America,Mid-Market,Direct,New Logo,172554,0.164,144255,Closed Lost,7/30/2024,9/2/2024,34,No,No,Limited budget
O04740,A0621,P007,Technology,North America,Strategic,Direct,New Logo,143202,0.091,130170,Closed Lost,8/24/2023,1/11/2024,140,No,No,Weak product fit
O04741,A0946,P001,Financial Services,Middle East,Enterprise,Direct,Expansion,225142,0.16,189119,Closed Won,2/24/2025,6/15/2025,111,No,No,Bundle value
O04742,A0709,P003,Technology,APAC,Mid-Market,Inside Sales,Renewal,100372,0.171,83208,Closed Lost,12/21/2023,4/5/2024,106,Yes,No,Limited budget
O04743,A0543,P001,Healthcare,APAC,Enterprise,Direct,New Logo,171933,0.124,150613,Closed Lost,6/22/2025,10/10/2025,110,No,No,Price
O04744,A0808,P006,Healthcare,North America,Mid-Market,Direct,New Logo,132954,0.125,116334,Closed Lost,3/22/2024,6/17/2024,87,No,Yes,No executive sponsor
O04745,A0253,P007,Technology,North America,Strategic,Direct,New Logo,125907,0.01,124647,Closed Lost,9/16/2025,1/10/2026,116,No,Yes,Competitor selected
O04746,A0188,P005,Technology,Europe,Mid-Market,Inside Sales,Expansion,79119,0.14,68042,Closed Lost,2/3/2024,4/18/2024,75,Yes,Yes,Weak product fit
O04747,A0347,P005,Healthcare,Europe,Enterprise,Inside Sales,New Logo,101612,0.069,94600,Closed Won,2/6/2026,7/26/2026,170,No,Yes,Superior analytics
O04748,A0956,P003,Financial Services,North America,Strategic,Direct,New Logo,281908,0.134,244132,Closed Won,4/21/2025,9/24/2025,156,No,Yes,Bundle value
O04749,A0581,P003,Manufacturing,North America,Mid-Market,Inside Sales,New Logo,135618,0.147,115682,Closed Won,10/16/2024,2/4/2025,111,No,Yes,Existing relationship
O04750,A0798,P008,Financial Services,North America,Mid-Market,Direct,New Logo,88427,0.158,74455,Closed Lost,12/14/2023,2/16/2024,64,No,Yes,No executive sponsor
O04751,A0401,P008,Healthcare,APAC,Mid-Market,Partner,New Logo,110581,0.137,95431,Closed Won,5/1/2024,7/12/2024,72,No,Yes,Executive alignment
O04752,A0043,P006,Financial Services,Middle East,Mid-Market,Partner,New Logo,153507,0.216,120349,Closed Lost,2/14/2025,7/4/2025,140,No,No,Limited budget
O04753,A0304,P003,Manufacturing,APAC,Enterprise,Direct,New Logo,177387,0.146,151488,Closed Lost,12/8/2025,4/2/2026,115,Yes,No,Competitor selected
O04754,A0085,P005,Healthcare,APAC,Enterprise,Direct,New Logo,126135,0.064,118062,Closed Lost,9/16/2023,1/1/2024,107,Yes,No,Limited budget
O04755,A0127,P007,Healthcare,Europe,Mid-Market,Inside Sales,New Logo,65741,0.063,61599,Closed Lost,11/13/2024,2/22/2025,101,Yes,No,Timing
O04756,A0058,P008,Technology,APAC,Enterprise,Inside Sales,Expansion,148038,0,148038,Closed Lost,6/27/2025,10/11/2025,106,Yes,No,Competitor selected
O04757,A0546,P004,Technology,North America,Enterprise,Partner,New Logo,170351,0.181,139517,Closed Lost,3/23/2026,8/7/2026,137,Yes,No,Price
O04758,A0735,P007,Technology,APAC,Strategic,Inside Sales,New Logo,157834,0.103,141577,Closed Lost,3/15/2026,8/11/2026,149,Yes,Yes,Limited budget
O04759,A0466,P004,Manufacturing,North America,Mid-Market,Direct,New Logo,96717,0.072,89753,Closed Lost,4/18/2025,6/23/2025,66,No,Yes,No executive sponsor
O04760,A0257,P008,Manufacturing,North America,Enterprise,Inside Sales,Renewal,140793,0.069,131078,Closed Lost,7/13/2025,11/4/2025,114,No,Yes,Competitor selected
O04761,A0466,P007,Manufacturing,North America,Mid-Market,Direct,New Logo,72799,0.038,70032,Closed Lost,4/21/2024,6/13/2024,53,Yes,No,Limited budget
O04762,A0129,P003,Technology,APAC,Mid-Market,Inside Sales,Expansion,104233,0,104233,Closed Lost,1/10/2025,3/4/2025,53,Yes,No,Limited budget
O04763,A0945,P008,Healthcare,Middle East,Enterprise,Inside Sales,Expansion,126568,0.124,110873,Open Pipeline,6/4/2026,10/2/2026,120,No,No,In progress
O04764,A0796,P005,Technology,North America,Enterprise,Direct,New Logo,110905,0.148,94491,Closed Lost,5/28/2026,9/1/2026,96,No,Yes,Price
O04765,A0611,P005,Healthcare,APAC,Mid-Market,Direct,New Logo,78636,0.078,72502,Closed Lost,9/17/2023,11/14/2023,58,Yes,Yes,Competitor selected
O04766,A0580,P006,Financial Services,Europe,Enterprise,Inside Sales,New Logo,196613,0.134,170266,Closed Lost,12/8/2023,2/29/2024,83,No,Yes,Timing
O04767,A0889,P007,Financial Services,Middle East,Strategic,Direct,New Logo,137346,0.151,116606,Closed Lost,11/28/2024,2/18/2025,82,Yes,Yes,Price
O04768,A0337,P008,Healthcare,North America,Enterprise,Direct,Expansion,172959,0.177,142345,Closed Lost,6/14/2024,9/27/2024,105,Yes,Yes,Weak product fit
O04769,A0600,P008,Financial Services,Europe,Enterprise,Direct,New Logo,145221,0.111,129101,Closed Lost,11/6/2024,4/2/2025,147,No,No,No executive sponsor
O04770,A0371,P003,Manufacturing,Europe,Strategic,Direct,New Logo,236379,0.061,221959,Closed Won,5/19/2024,10/6/2024,140,Yes,No,Strong product fit
O04771,A0004,P007,Financial Services,APAC,Strategic,Inside Sales,Renewal,152036,0,152036,Closed Lost,2/18/2025,6/29/2025,131,Yes,No,Price
O04772,A0408,P007,Healthcare,North America,Enterprise,Direct,Expansion,88041,0.261,65062,Closed Lost,11/30/2024,2/11/2025,73,Yes,No,Competitor selected
O04773,A0751,P001,Financial Services,APAC,Enterprise,Direct,Expansion,178445,0.192,144183,Closed Lost,2/12/2024,5/16/2024,94,Yes,No,Limited budget
O04774,A0002,P005,Technology,Middle East,Enterprise,Inside Sales,New Logo,120544,0.128,105114,Closed Won,7/14/2026,11/16/2026,125,Yes,Yes,Strong product fit
O04775,A0154,P008,Technology,Europe,Mid-Market,Direct,New Logo,91825,0.08,84479,Closed Won,7/19/2025,10/26/2025,99,No,Yes,Bundle value
O04776,A0696,P008,Healthcare,APAC,Mid-Market,Direct,New Logo,105610,0.083,96844,Closed Won,5/23/2026,8/9/2026,78,No,No,Bundle value
O04777,A0274,P006,Technology,North America,Mid-Market,Inside Sales,New Logo,130066,0.041,124733,Closed Lost,8/4/2024,11/9/2024,97,No,No,Price
O04778,A0334,P004,Technology,Middle East,Enterprise,Inside Sales,New Logo,166432,0.145,142299,Closed Lost,3/28/2026,6/16/2026,80,Yes,No,Price
O04779,A0728,P005,Financial Services,Europe,Enterprise,Direct,Expansion,139442,0.098,125776,Closed Lost,4/6/2024,8/8/2024,124,No,Yes,Price
O04780,A0360,P005,Financial Services,North America,Enterprise,Direct,New Logo,116880,0.143,100166,Closed Lost,2/25/2026,7/18/2026,143,No,Yes,No executive sponsor
O04781,A0626,P002,Technology,Middle East,Mid-Market,Direct,Expansion,150425,0.164,125755,Closed Lost,8/9/2026,11/7/2026,90,Yes,Yes,No executive sponsor
O04782,A0338,P005,Healthcare,APAC,Mid-Market,Direct,New Logo,78795,0.123,69103,Open Pipeline,5/30/2026,9/13/2026,106,Yes,No,In progress
O04783,A0498,P005,Healthcare,North America,Mid-Market,Direct,New Logo,88918,0.116,78603,Closed Lost,3/2/2024,5/14/2024,73,Yes,No,Limited budget
O04784,A0545,P003,Financial Services,North America,Enterprise,Direct,Renewal,190693,0.168,158656,Closed Won,7/13/2025,10/6/2025,85,Yes,No,Bundle value
O04785,A0153,P008,Financial Services,Europe,Mid-Market,Inside Sales,New Logo,107123,0.11,95339,Closed Won,5/17/2024,6/18/2024,32,Yes,No,Existing relationship
O04786,A0587,P002,Healthcare,APAC,Enterprise,Direct,New Logo,204728,0.061,192239,Closed Won,11/30/2025,3/7/2026,97,No,Yes,Bundle value
O04787,A0263,P004,Manufacturing,North America,Strategic,Direct,New Logo,243464,0.063,228125,Closed Won,6/7/2024,11/2/2024,148,No,Yes,Existing relationship
O04788,A0612,P007,Healthcare,North America,Mid-Market,Direct,Renewal,64555,0.057,60875,Closed Won,8/23/2023,11/24/2023,93,No,Yes,Superior analytics
O04789,A0009,P007,Healthcare,North America,Enterprise,Direct,Expansion,108016,0.149,91921,Closed Won,1/13/2025,5/16/2025,123,No,Yes,Existing relationship
O04790,A0133,P006,Financial Services,North America,Mid-Market,Partner,New Logo,154938,0.203,123485,Closed Lost,11/8/2025,3/15/2026,127,Yes,No,Timing
O04791,A0443,P005,Manufacturing,North America,Mid-Market,Direct,New Logo,89404,0.079,82341,Closed Won,9/18/2023,1/11/2024,115,Yes,Yes,Executive alignment
O04792,A0778,P004,Technology,Europe,Enterprise,Direct,New Logo,169166,0.175,139561,Closed Lost,4/30/2025,7/29/2025,90,No,Yes,Competitor selected
O04793,A0253,P007,Technology,North America,Strategic,Inside Sales,New Logo,144710,0.1,130239,Closed Lost,12/8/2025,4/14/2026,127,No,No,Timing
O04794,A0769,P001,Technology,North America,Enterprise,Direct,New Logo,166529,0.077,153706,Closed Lost,1/30/2026,4/26/2026,86,Yes,No,Weak product fit
O04795,A0491,P006,Technology,Europe,Strategic,Direct,Renewal,334611,0.111,297469,Closed Won,7/11/2024,11/21/2024,133,No,Yes,Executive alignment
O04796,A0511,P002,Technology,North America,Mid-Market,Direct,Expansion,174561,0.128,152217,Closed Lost,3/29/2026,6/27/2026,90,Yes,Yes,Price
O04797,A0210,P003,Manufacturing,North America,Enterprise,Direct,Expansion,209205,0.121,183891,Closed Lost,11/5/2023,4/18/2024,165,Yes,No,Weak product fit
O04798,A0364,P001,Financial Services,North America,Strategic,Direct,Expansion,271913,0.159,228678,Closed Lost,11/8/2024,4/15/2025,158,Yes,Yes,Price
O04799,A0970,P003,Technology,Europe,Enterprise,Partner,New Logo,168412,0.19,136413,Closed Lost,8/29/2024,11/30/2024,93,Yes,Yes,Price
O04800,A0788,P001,Financial Services,APAC,Strategic,Direct,New Logo,247766,0.105,221750,Closed Won,6/19/2024,10/30/2024,133,Yes,Yes,Bundle value
O04801,A0210,P002,Manufacturing,North America,Enterprise,Direct,Expansion,242089,0.06,227563,Closed Lost,7/23/2025,12/21/2025,151,Yes,No,Competitor selected
O04802,A0513,P007,Financial Services,North America,Mid-Market,Direct,New Logo,79055,0.105,70754,Closed Won,3/7/2024,5/16/2024,70,No,No,Superior analytics
O04803,A0870,P004,Healthcare,Europe,Enterprise,Direct,New Logo,187189,0.15,159110,Closed Lost,8/18/2024,2/5/2025,171,No,No,Weak product fit
O04804,A0657,P007,Manufacturing,North America,Strategic,Direct,Expansion,159363,0.135,137848,Closed Won,11/3/2024,4/28/2025,176,Yes,No,Executive alignment
O04805,A0373,P002,Technology,APAC,Enterprise,Direct,New Logo,235272,0.046,224449,Closed Won,12/25/2025,4/8/2026,104,No,Yes,Existing relationship
O04806,A0852,P007,Manufacturing,North America,Strategic,Direct,New Logo,147926,0.007,146890,Closed Lost,1/14/2025,5/3/2025,109,No,Yes,Limited budget
O04807,A0241,P001,Technology,Europe,Enterprise,Direct,Expansion,173462,0.032,167911,Closed Won,12/18/2024,2/20/2025,64,No,Yes,Existing relationship
O04808,A0952,P003,Financial Services,Middle East,Mid-Market,Direct,New Logo,126879,0.203,101122,Closed Won,9/24/2024,12/6/2024,73,No,No,Strong product fit
O04809,A0340,P008,Technology,North America,Mid-Market,Direct,New Logo,99975,0.135,86478,Closed Won,2/21/2024,4/3/2024,42,Yes,Yes,Strong product fit
O04810,A0405,P001,Healthcare,Europe,Enterprise,Direct,Expansion,200815,0.096,181536,Closed Lost,4/28/2026,9/2/2026,127,Yes,Yes,Weak product fit
O04811,A0736,P005,Healthcare,APAC,Enterprise,Inside Sales,Renewal,128608,0.131,111760,Closed Won,3/11/2025,6/4/2025,85,No,Yes,Existing relationship
O04812,A0124,P004,Financial Services,APAC,Strategic,Direct,New Logo,240541,0,240541,Closed Lost,3/12/2024,7/23/2024,133,No,No,Weak product fit
O04813,A0037,P001,Financial Services,North America,Enterprise,Direct,New Logo,221794,0.199,177656,Closed Lost,11/29/2023,2/11/2024,74,No,Yes,Competitor selected
O04814,A0441,P001,Financial Services,Europe,Mid-Market,Inside Sales,New Logo,141309,0.096,127743,Closed Lost,12/27/2023,4/26/2024,121,Yes,No,Competitor selected
O04815,A0370,P001,Financial Services,Europe,Enterprise,Direct,Expansion,169227,0.111,150442,Closed Lost,8/27/2025,12/4/2025,99,Yes,No,Limited budget
O04816,A0152,P003,Manufacturing,North America,Mid-Market,Direct,New Logo,124459,0.119,109648,Closed Lost,10/10/2024,11/19/2024,40,Yes,No,Timing
O04817,A0096,P007,Healthcare,Middle East,Enterprise,Inside Sales,New Logo,91104,0.128,79442,Closed Lost,9/3/2023,12/19/2023,107,Yes,No,Timing
O04818,A0898,P007,Manufacturing,APAC,Strategic,Direct,New Logo,160836,0.076,148612,Closed Won,5/27/2024,9/24/2024,120,No,No,Bundle value
O04819,A0144,P005,Financial Services,Europe,Strategic,Inside Sales,New Logo,163607,0.006,162625,Closed Lost,9/17/2025,3/2/2026,166,No,No,Timing
O04820,A0618,P008,Technology,North America,Mid-Market,Direct,New Logo,95680,0.179,78553,Closed Lost,7/2/2024,8/22/2024,51,Yes,No,Competitor selected
O04821,A0927,P002,Healthcare,Europe,Strategic,Direct,Expansion,361531,0.095,327185,Open Pipeline,8/17/2026,2/10/2027,177,Yes,Yes,In progress
O04822,A0847,P006,Technology,Middle East,Mid-Market,Direct,New Logo,162481,0.143,139246,Closed Lost,7/31/2024,11/11/2024,103,Yes,No,Weak product fit
O04823,A0764,P005,Financial Services,Europe,Enterprise,Direct,New Logo,113707,0.218,88918,Closed Lost,9/1/2024,1/28/2025,149,Yes,No,No executive sponsor
O04824,A0552,P004,Manufacturing,North America,Strategic,Direct,New Logo,242361,0.173,200432,Closed Lost,9/27/2025,2/6/2026,132,No,Yes,Price
O04825,A0637,P008,Technology,APAC,Mid-Market,Partner,New Logo,108378,0.128,94505,Closed Lost,9/18/2024,10/30/2024,42,Yes,No,Limited budget
O04826,A0993,P001,Technology,North America,Mid-Market,Direct,New Logo,115489,0.153,97819,Closed Lost,5/6/2026,5/31/2026,25,Yes,Yes,Timing
O04827,A0496,P001,Healthcare,Europe,Mid-Market,Partner,Expansion,131925,0.201,105408,Closed Lost,8/15/2024,12/18/2024,125,No,Yes,Limited budget
O04828,A0428,P008,Healthcare,APAC,Strategic,Direct,New Logo,206907,0.085,189319,Closed Lost,3/31/2024,9/27/2024,180,Yes,No,Timing
O04829,A0649,P008,Technology,Europe,Enterprise,Inside Sales,New Logo,153823,0.061,144439,Closed Lost,1/12/2024,4/29/2024,108,Yes,Yes,Limited budget
O04830,A0252,P008,Financial Services,Europe,Enterprise,Direct,New Logo,161726,0.059,152184,Closed Lost,9/26/2025,2/4/2026,131,Yes,Yes,Timing
O04831,A0699,P005,Technology,APAC,Enterprise,Direct,New Logo,117963,0.133,102273,Closed Lost,1/25/2024,4/28/2024,94,Yes,Yes,Timing
O04832,A0136,P004,Financial Services,North America,Strategic,Inside Sales,Expansion,236850,0.103,212454,Closed Lost,2/3/2024,5/23/2024,110,Yes,Yes,Price
O04833,A0798,P004,Financial Services,North America,Mid-Market,Inside Sales,Expansion,120792,0.076,111611,Closed Won,3/4/2024,6/25/2024,113,Yes,No,Superior analytics
O04834,A0312,P008,Technology,Europe,Enterprise,Partner,Expansion,148838,0.153,126065,Closed Won,1/3/2025,3/10/2025,66,Yes,Yes,Bundle value
O04835,A0627,P006,Financial Services,North America,Mid-Market,Direct,New Logo,155057,0.071,144047,Closed Lost,10/11/2025,1/22/2026,103,Yes,No,No executive sponsor
O04836,A0378,P006,Technology,Europe,Enterprise,Direct,New Logo,251926,0.112,223710,Closed Won,10/28/2025,3/19/2026,142,No,Yes,Bundle value
O04837,A0126,P004,Manufacturing,APAC,Strategic,Direct,New Logo,230118,0.179,188926,Closed Won,10/10/2023,12/27/2023,78,No,Yes,Executive alignment
O04838,A0198,P006,Financial Services,North America,Mid-Market,Direct,New Logo,123571,0.11,109978,Closed Lost,11/3/2023,1/12/2024,70,Yes,No,Weak product fit
O04839,A0751,P007,Financial Services,APAC,Enterprise,Inside Sales,New Logo,105368,0.118,92934,Closed Won,8/26/2024,1/14/2025,141,No,Yes,Strong product fit
O04840,A0627,P002,Financial Services,North America,Mid-Market,Partner,Renewal,134141,0.081,123275,Closed Lost,2/28/2024,6/18/2024,111,No,Yes,Competitor selected
O04841,A0063,P006,Healthcare,Europe,Strategic,Partner,Expansion,347353,0.188,282050,Open Pipeline,6/11/2026,11/21/2026,163,Yes,Yes,In progress
O04842,A0598,P003,Financial Services,Europe,Mid-Market,Direct,New Logo,111611,0.092,101342,Closed Lost,12/16/2023,1/30/2024,45,No,No,Limited budget
O04843,A0813,P004,Healthcare,North America,Enterprise,Direct,New Logo,162689,0.118,143491,Closed Lost,11/18/2023,1/24/2024,67,Yes,No,Timing
O04844,A0891,P003,Financial Services,North America,Strategic,Partner,Renewal,237227,0.108,211606,Closed Won,8/3/2025,1/15/2026,165,Yes,No,Existing relationship
O04845,A0880,P002,Financial Services,APAC,Mid-Market,Direct,New Logo,126960,0.017,124801,Closed Lost,12/24/2023,2/22/2024,60,No,No,Timing
O04846,A0595,P002,Manufacturing,North America,Enterprise,Direct,New Logo,223067,0.039,214367,Open Pipeline,7/26/2026,11/15/2026,112,Yes,No,In progress
O04847,A0150,P004,Healthcare,Middle East,Enterprise,Inside Sales,New Logo,163220,0.103,146408,Closed Won,9/8/2024,3/8/2025,181,Yes,No,Bundle value
O04848,A0782,P001,Healthcare,Middle East,Enterprise,Direct,New Logo,196606,0.094,178125,Closed Lost,12/25/2025,3/28/2026,93,Yes,No,No executive sponsor
O04849,A0738,P002,Healthcare,Europe,Mid-Market,Direct,New Logo,151799,0.06,142691,Closed Lost,9/19/2025,10/30/2025,41,Yes,Yes,Limited budget
O04850,A0616,P002,Healthcare,APAC,Mid-Market,Direct,New Logo,136084,0.079,125333,Closed Won,3/5/2026,6/14/2026,101,Yes,Yes,Strong product fit
O04851,A0032,P001,Healthcare,North America,Enterprise,Direct,New Logo,172889,0.131,150240,Closed Won,1/31/2024,7/11/2024,162,No,Yes,Strong product fit
O04852,A0307,P003,Healthcare,APAC,Strategic,Inside Sales,New Logo,287807,0.062,269962,Closed Won,1/15/2025,5/23/2025,128,No,No,Bundle value
O04853,A0017,P008,Technology,APAC,Strategic,Direct,Expansion,180699,0.059,170037,Closed Lost,9/22/2024,3/4/2025,163,No,No,Timing
O04854,A0622,P005,Healthcare,North America,Enterprise,Direct,New Logo,136950,0.124,119968,Closed Lost,8/30/2023,12/20/2023,112,No,No,Limited budget
O04855,A0362,P001,Healthcare,North America,Enterprise,Direct,New Logo,169696,0.104,152047,Closed Lost,6/25/2024,8/16/2024,52,Yes,Yes,No executive sponsor
O04856,A0363,P007,Financial Services,North America,Strategic,Direct,Expansion,144263,0.097,130269,Closed Won,8/23/2024,2/16/2025,177,No,Yes,Bundle value
O04857,A0762,P007,Financial Services,North America,Enterprise,Direct,Expansion,111767,0.088,101931,Closed Won,3/4/2026,7/12/2026,130,Yes,Yes,Existing relationship
O04858,A0323,P002,Financial Services,North America,Strategic,Inside Sales,New Logo,372149,0.034,359495,Closed Lost,11/3/2025,4/6/2026,154,Yes,No,Timing
O04859,A0708,P006,Technology,North America,Enterprise,Direct,New Logo,224461,0.149,191016,Closed Lost,12/7/2023,4/9/2024,124,Yes,No,Timing
O04860,A0713,P008,Financial Services,Middle East,Enterprise,Direct,Renewal,137042,0.132,118952,Closed Won,5/26/2024,9/27/2024,124,No,No,Superior analytics
O04861,A0124,P003,Financial Services,APAC,Strategic,Direct,New Logo,291294,0.099,262455,Closed Won,6/12/2024,11/30/2024,171,No,Yes,Strong product fit
O04862,A0292,P005,Technology,North America,Mid-Market,Inside Sales,New Logo,83296,0.053,78881,Closed Lost,2/21/2025,5/29/2025,97,Yes,Yes,Limited budget
O04863,A0058,P006,Technology,APAC,Enterprise,Direct,New Logo,233668,0.221,182027,Closed Lost,7/11/2025,10/31/2025,112,No,No,No executive sponsor
O04864,A0869,P005,Financial Services,Europe,Enterprise,Direct,Expansion,130199,0.099,117309,Closed Lost,5/8/2025,8/23/2025,107,No,Yes,No executive sponsor
O04865,A0144,P002,Financial Services,Europe,Strategic,Direct,New Logo,291547,0.181,238776,Closed Lost,8/4/2025,1/13/2026,162,Yes,Yes,No executive sponsor
O04866,A0111,P007,Manufacturing,APAC,Enterprise,Inside Sales,New Logo,105685,0.105,94588,Closed Lost,8/5/2024,11/8/2024,95,Yes,Yes,Price
O04867,A0229,P005,Technology,Middle East,Mid-Market,Direct,New Logo,72505,0.097,65472,Closed Lost,5/11/2026,7/22/2026,72,No,Yes,Price
O04868,A0856,P004,Financial Services,North America,Enterprise,Direct,Renewal,172543,0.034,166676,Open Pipeline,7/6/2026,10/1/2026,87,Yes,Yes,In progress
O04869,A0231,P002,Healthcare,Europe,Mid-Market,Direct,New Logo,127177,0.084,116494,Closed Lost,7/31/2025,12/9/2025,131,Yes,No,Limited budget
O04870,A0132,P007,Financial Services,North America,Mid-Market,Partner,New Logo,61037,0.125,53407,Closed Lost,8/27/2023,11/17/2023,82,No,No,Limited budget
O04871,A0449,P001,Financial Services,APAC,Enterprise,Direct,New Logo,225082,0.133,195146,Closed Lost,5/25/2024,9/19/2024,117,Yes,Yes,Price
O04872,A0445,P003,Healthcare,North America,Mid-Market,Direct,New Logo,136698,0.094,123848,Closed Lost,5/8/2024,8/25/2024,109,Yes,Yes,Limited budget
O04873,A0086,P004,Technology,North America,Strategic,Direct,New Logo,244756,0.17,203147,Closed Lost,11/29/2024,4/21/2025,143,Yes,No,Price
O04874,A0388,P003,Manufacturing,Middle East,Enterprise,Partner,New Logo,183849,0.028,178701,Closed Lost,6/15/2025,12/2/2025,170,No,Yes,Weak product fit
O04875,A0818,P007,Technology,North America,Enterprise,Direct,New Logo,111645,0.063,104611,Open Pipeline,6/7/2026,10/17/2026,132,Yes,Yes,In progress
O04876,A0166,P001,Healthcare,North America,Mid-Market,Direct,New Logo,133726,0,133726,Closed Lost,3/4/2026,3/29/2026,25,Yes,No,Weak product fit
O04877,A0677,P002,Manufacturing,APAC,Mid-Market,Direct,New Logo,129674,0.109,115539,Closed Lost,11/28/2025,2/27/2026,91,No,Yes,Limited budget
O04878,A0479,P006,Healthcare,North America,Mid-Market,Direct,New Logo,145195,0.086,132708,Closed Lost,11/11/2023,1/17/2024,67,No,No,Weak product fit
O04879,A0791,P004,Healthcare,Europe,Enterprise,Inside Sales,Expansion,155357,0,155357,Closed Lost,1/11/2024,4/16/2024,96,Yes,No,Limited budget
O04880,A0534,P006,Manufacturing,North America,Mid-Market,Direct,New Logo,126652,0.041,121459,Closed Won,4/10/2026,6/15/2026,66,No,No,Strong product fit
O04881,A0258,P002,Manufacturing,Europe,Strategic,Inside Sales,Expansion,279762,0.108,249547,Closed Lost,1/19/2025,6/30/2025,162,No,Yes,Weak product fit
O04882,A0991,P007,Healthcare,Europe,Enterprise,Inside Sales,New Logo,97334,0.064,91104,Closed Won,9/4/2024,1/6/2025,124,Yes,No,Superior analytics
O04883,A0622,P008,Healthcare,North America,Enterprise,Direct,New Logo,132767,0.149,112984,Closed Lost,7/28/2024,11/27/2024,122,No,No,Competitor selected
O04884,A0595,P001,Manufacturing,North America,Enterprise,Inside Sales,New Logo,166185,0.117,146741,Closed Lost,12/22/2023,5/29/2024,159,Yes,No,Competitor selected
O04885,A0648,P005,Manufacturing,APAC,Strategic,Direct,New Logo,186116,0.077,171785,Closed Lost,11/23/2025,4/21/2026,149,Yes,No,Limited budget
O04886,A0767,P005,Technology,North America,Enterprise,Direct,New Logo,122904,0.091,111719,Closed Lost,11/23/2023,4/4/2024,133,No,No,Price
O04887,A0421,P005,Healthcare,APAC,Enterprise,Direct,New Logo,116200,0.099,104696,Closed Won,11/8/2023,4/20/2024,164,No,No,Bundle value
O04888,A0314,P003,Technology,North America,Mid-Market,Inside Sales,New Logo,130351,0.062,122269,Closed Lost,11/15/2023,1/30/2024,76,Yes,Yes,Competitor selected
O04889,A0719,P002,Healthcare,Middle East,Mid-Market,Direct,New Logo,125729,0.078,115922,Closed Won,7/19/2024,10/16/2024,89,No,No,Existing relationship
O04890,A0814,P006,Manufacturing,North America,Mid-Market,Direct,New Logo,132797,0.142,113939,Closed Won,8/27/2025,10/10/2025,44,Yes,Yes,Existing relationship
O04891,A0252,P005,Financial Services,Europe,Enterprise,Direct,New Logo,120718,0.084,110577,Closed Lost,4/5/2026,7/4/2026,90,Yes,No,Limited budget
O04892,A0057,P005,Manufacturing,Europe,Enterprise,Direct,New Logo,133506,0.174,110275,Closed Won,12/24/2024,5/8/2025,135,No,Yes,Bundle value
O04893,A0432,P006,Technology,Europe,Enterprise,Direct,Expansion,197471,0.089,179896,Closed Lost,10/11/2023,3/10/2024,151,Yes,No,Price
O04894,A0629,P008,Manufacturing,North America,Enterprise,Direct,Expansion,173549,0.117,153243,Closed Won,7/18/2024,9/30/2024,74,No,Yes,Superior analytics
O04895,A0259,P004,Financial Services,North America,Mid-Market,Direct,Renewal,103710,0.128,90435,Closed Won,4/5/2026,6/19/2026,75,No,No,Executive alignment
O04896,A0046,P002,Healthcare,Europe,Strategic,Direct,New Logo,311186,0.16,261396,Closed Lost,1/22/2026,6/2/2026,131,No,Yes,Limited budget
O04897,A0350,P004,Financial Services,North America,Mid-Market,Partner,New Logo,112729,0.21,89055,Closed Lost,1/28/2024,3/15/2024,47,No,No,Competitor selected
O04898,A0087,P006,Technology,Europe,Enterprise,Direct,Expansion,190047,0.142,163060,Closed Lost,3/27/2025,9/7/2025,164,Yes,Yes,Limited budget
O04899,A0821,P007,Manufacturing,Middle East,Mid-Market,Direct,New Logo,63225,0.211,49884,Closed Lost,9/5/2023,12/31/2023,117,Yes,Yes,Price
O04900,A0827,P008,Manufacturing,North America,Enterprise,Direct,New Logo,150851,0.17,125206,Closed Won,7/22/2025,10/28/2025,98,Yes,Yes,Existing relationship
O04901,A0654,P007,Healthcare,Europe,Mid-Market,Direct,New Logo,61519,0.128,53644,Closed Won,5/8/2025,7/14/2025,67,Yes,Yes,Existing relationship
O04902,A0226,P007,Financial Services,North America,Mid-Market,Direct,Renewal,74885,0.096,67696,Closed Lost,4/24/2025,8/20/2025,118,Yes,Yes,Limited budget
O04903,A0762,P007,Financial Services,North America,Enterprise,Inside Sales,New Logo,90738,0.069,84477,Closed Won,10/9/2024,11/16/2024,38,No,Yes,Superior analytics
O04904,A0763,P003,Technology,Middle East,Enterprise,Direct,New Logo,196810,0.092,178703,Closed Lost,4/30/2025,7/25/2025,86,No,Yes,Weak product fit
O04905,A0431,P003,Healthcare,APAC,Enterprise,Direct,Expansion,185717,0.055,175502,Closed Lost,11/25/2025,3/27/2026,122,No,Yes,Limited budget
O04906,A0819,P008,Manufacturing,North America,Enterprise,Direct,Expansion,125139,0.137,107994,Closed Won,10/10/2025,1/4/2026,86,Yes,No,Strong product fit
O04907,A0619,P001,Manufacturing,North America,Enterprise,Partner,New Logo,170526,0.198,136761,Closed Lost,7/14/2024,1/15/2025,185,No,Yes,Competitor selected
O04908,A0001,P001,Healthcare,APAC,Enterprise,Direct,New Logo,220600,0.136,190598,Closed Lost,10/23/2023,2/17/2024,117,Yes,Yes,Limited budget
O04909,A0968,P001,Technology,Europe,Enterprise,Direct,New Logo,192351,0.096,173885,Closed Won,6/2/2025,9/18/2025,108,No,Yes,Superior analytics
O04910,A0206,P006,Manufacturing,North America,Enterprise,Direct,Expansion,228304,0.142,195884,Closed Lost,7/9/2025,10/19/2025,102,Yes,No,Weak product fit
O04911,A0473,P001,Healthcare,Middle East,Enterprise,Inside Sales,New Logo,168107,0,168107,Closed Won,4/15/2024,9/1/2024,139,No,Yes,Existing relationship
O04912,A0595,P001,Manufacturing,North America,Enterprise,Direct,New Logo,225987,0.135,195478,Closed Won,8/16/2025,1/2/2026,139,Yes,No,Strong product fit
O04913,A0786,P001,Healthcare,North America,Enterprise,Partner,Expansion,173562,0.151,147354,Closed Lost,9/5/2024,1/15/2025,132,Yes,Yes,Competitor selected
O04914,A0039,P007,Manufacturing,Europe,Enterprise,Inside Sales,New Logo,106524,0,106524,Closed Lost,8/5/2025,2/4/2026,183,Yes,Yes,Competitor selected
O04915,A0641,P003,Healthcare,Europe,Mid-Market,Direct,New Logo,106011,0.146,90533,Open Pipeline,7/20/2026,9/11/2026,53,Yes,No,In progress
O04916,A0153,P008,Financial Services,Europe,Mid-Market,Partner,New Logo,81149,0.142,69625,Open Pipeline,8/10/2026,10/27/2026,78,No,Yes,In progress
O04917,A0056,P006,Financial Services,APAC,Enterprise,Direct,New Logo,195969,0.065,183231,Closed Lost,5/18/2024,7/31/2024,74,No,Yes,Weak product fit
O04918,A0811,P005,Technology,North America,Mid-Market,Partner,Expansion,84782,0.181,69436,Closed Lost,9/8/2024,12/9/2024,92,No,No,Limited budget
O04919,A0830,P001,Financial Services,Europe,Enterprise,Direct,New Logo,173167,0.162,145113,Closed Won,1/15/2025,5/10/2025,115,Yes,Yes,Strong product fit
O04920,A0234,P002,Technology,APAC,Mid-Market,Partner,New Logo,167806,0.133,145487,Closed Lost,11/3/2025,2/7/2026,96,Yes,Yes,Price
O04921,A0775,P001,Manufacturing,Europe,Enterprise,Direct,New Logo,193583,0.169,160867,Closed Won,2/20/2026,5/29/2026,98,Yes,No,Existing relationship
O04922,A0037,P006,Financial Services,North America,Enterprise,Inside Sales,Renewal,243080,0,243080,Closed Lost,4/28/2026,8/7/2026,101,No,No,No executive sponsor
O04923,A0276,P004,Technology,North America,Enterprise,Direct,New Logo,167402,0.089,152503,Closed Won,4/13/2026,8/9/2026,118,Yes,No,Existing relationship
O04924,A0084,P006,Technology,APAC,Enterprise,Direct,Expansion,252072,0.112,223839,Closed Lost,2/28/2026,6/23/2026,115,Yes,No,Timing
O04925,A0922,P002,Manufacturing,APAC,Enterprise,Inside Sales,New Logo,211303,0.049,200949,Closed Lost,2/1/2024,6/16/2024,136,Yes,No,No executive sponsor
O04926,A0934,P006,Financial Services,Middle East,Enterprise,Direct,New Logo,217119,0.095,196492,Closed Lost,12/1/2025,3/11/2026,100,No,No,Weak product fit
O04927,A0980,P007,Manufacturing,Europe,Enterprise,Direct,Renewal,87672,0.161,73556,Closed Lost,2/8/2025,4/7/2025,58,Yes,No,Timing
O04928,A0954,P003,Manufacturing,Middle East,Mid-Market,Partner,New Logo,114840,0.214,90264,Closed Lost,7/24/2024,10/1/2024,69,Yes,No,Timing
O04929,A0321,P006,Healthcare,Europe,Enterprise,Direct,Renewal,181369,0.172,150173,Closed Lost,6/23/2025,12/19/2025,179,Yes,No,Price
O04930,A0015,P001,Financial Services,Europe,Mid-Market,Partner,New Logo,110206,0.167,91801,Closed Lost,10/27/2025,12/21/2025,55,No,Yes,Price
O04931,A0069,P002,Technology,Europe,Enterprise,Direct,Expansion,261892,0.034,252987,Closed Lost,1/27/2026,5/2/2026,95,Yes,Yes,Competitor selected
O04932,A0119,P001,Technology,APAC,Mid-Market,Inside Sales,Expansion,107524,0.044,102792,Closed Lost,12/6/2024,1/16/2025,41,No,No,Price
O04933,A0981,P005,Financial Services,North America,Enterprise,Inside Sales,Renewal,118141,0.088,107744,Closed Lost,6/4/2024,9/29/2024,117,No,Yes,Weak product fit
O04934,A0593,P008,Manufacturing,Middle East,Mid-Market,Direct,New Logo,98207,0.086,89761,Closed Lost,8/3/2025,11/15/2025,104,Yes,No,Competitor selected
O04935,A0279,P008,Healthcare,APAC,Strategic,Direct,New Logo,173565,0.09,157944,Closed Lost,5/7/2024,9/27/2024,143,No,No,Competitor selected
O04936,A0006,P001,Manufacturing,North America,Mid-Market,Direct,New Logo,148827,0.127,129925,Open Pipeline,4/26/2026,8/24/2026,120,Yes,Yes,In progress
O04937,A0285,P005,Financial Services,APAC,Mid-Market,Inside Sales,New Logo,69617,0.168,57921,Closed Won,4/22/2024,6/16/2024,55,No,No,Executive alignment
O04938,A0127,P003,Healthcare,Europe,Mid-Market,Direct,New Logo,115395,0.061,108355,Closed Lost,4/8/2026,6/5/2026,58,Yes,No,Price
O04939,A0135,P007,Financial Services,Europe,Mid-Market,Partner,New Logo,70276,0.143,60226,Closed Lost,12/15/2024,4/18/2025,124,No,Yes,Price
O04940,A0034,P001,Financial Services,APAC,Enterprise,Direct,New Logo,226191,0.161,189774,Closed Won,11/19/2025,4/9/2026,141,Yes,Yes,Superior analytics
O04941,A0567,P003,Manufacturing,Middle East,Enterprise,Direct,New Logo,204395,0.111,181707,Closed Won,8/14/2025,12/26/2025,134,Yes,Yes,Executive alignment
O04942,A0256,P002,Technology,APAC,Enterprise,Direct,New Logo,207643,0.113,184179,Closed Lost,9/27/2025,1/26/2026,121,Yes,Yes,Competitor selected
O04943,A0864,P006,Healthcare,North America,Enterprise,Direct,Expansion,214481,0.106,191746,Closed Lost,12/26/2025,2/25/2026,61,Yes,No,Limited budget
O04944,A0143,P005,Financial Services,Europe,Enterprise,Direct,New Logo,118730,0.151,100801,Closed Won,1/22/2026,5/28/2026,126,No,Yes,Existing relationship
O04945,A0032,P007,Healthcare,North America,Enterprise,Direct,Expansion,121536,0.13,105736,Open Pipeline,5/6/2026,9/8/2026,125,Yes,Yes,In progress
O04946,A0619,P007,Manufacturing,North America,Enterprise,Inside Sales,New Logo,119548,0.042,114526,Closed Lost,5/29/2024,10/28/2024,152,Yes,Yes,Weak product fit
O04947,A0787,P003,Financial Services,North America,Mid-Market,Direct,New Logo,134853,0.133,116917,Closed Lost,9/4/2024,11/23/2024,80,No,No,Timing
O04948,A0247,P001,Financial Services,North America,Enterprise,Inside Sales,New Logo,172399,0.022,168606,Closed Lost,1/26/2026,4/18/2026,82,No,Yes,Competitor selected
O04949,A0851,P007,Technology,Middle East,Mid-Market,Partner,Expansion,63597,0.118,56092,Closed Lost,5/14/2025,7/8/2025,55,No,No,Weak product fit
O04950,A0382,P002,Healthcare,Europe,Mid-Market,Direct,New Logo,154639,0.186,125876,Closed Won,12/21/2025,5/1/2026,131,Yes,Yes,Executive alignment
O04951,A0232,P004,Manufacturing,North America,Mid-Market,Direct,New Logo,96975,0.139,83495,Closed Won,10/5/2024,12/6/2024,62,No,Yes,Executive alignment
O04952,A0349,P004,Healthcare,North America,Enterprise,Partner,New Logo,182201,0.038,175277,Closed Lost,9/21/2025,12/29/2025,99,Yes,Yes,Limited budget
O04953,A0172,P001,Manufacturing,Middle East,Enterprise,Direct,Renewal,174729,0.12,153761,Open Pipeline,5/2/2026,9/20/2026,141,Yes,No,In progress
O04954,A0175,P007,Technology,Europe,Strategic,Inside Sales,Expansion,122567,0.092,111290,Closed Lost,12/12/2024,5/4/2025,143,No,No,Limited budget
O04955,A0255,P003,Healthcare,APAC,Mid-Market,Partner,New Logo,133536,0.095,120850,Closed Lost,1/30/2025,2/25/2025,26,Yes,Yes,Limited budget
O04956,A0707,P002,Technology,Middle East,Mid-Market,Direct,Expansion,130404,0.096,117885,Closed Lost,4/8/2025,6/13/2025,66,Yes,Yes,Competitor selected
O04957,A0815,P008,Healthcare,North America,Mid-Market,Direct,New Logo,111687,0.132,96944,Closed Lost,3/28/2024,7/8/2024,102,Yes,No,No executive sponsor
O04958,A0087,P004,Technology,Europe,Enterprise,Inside Sales,New Logo,184887,0.162,154935,Closed Lost,3/4/2024,7/19/2024,137,Yes,Yes,Competitor selected
O04959,A0105,P007,Financial Services,North America,Strategic,Direct,Renewal,142433,0.172,117934,Closed Lost,1/29/2024,7/30/2024,183,Yes,No,Timing
O04960,A0609,P004,Healthcare,North America,Enterprise,Inside Sales,New Logo,161636,0.012,159696,Closed Lost,11/5/2023,12/16/2023,41,Yes,No,Price
O04961,A0007,P005,Technology,Europe,Enterprise,Direct,New Logo,114182,0.219,89176,Closed Lost,10/18/2025,2/21/2026,126,No,Yes,Limited budget
O04962,A0695,P002,Manufacturing,APAC,Enterprise,Partner,Expansion,242248,0.096,218992,Closed Won,2/15/2025,6/4/2025,109,No,Yes,Executive alignment
O04963,A0207,P001,Technology,North America,Mid-Market,Inside Sales,Renewal,115929,0.048,110364,Closed Won,8/11/2024,10/21/2024,71,No,Yes,Existing relationship
O04964,A0413,P007,Financial Services,APAC,Mid-Market,Direct,Renewal,69421,0.079,63936,Closed Lost,8/11/2025,11/1/2025,82,No,Yes,Competitor selected
O04965,A0008,P005,Financial Services,North America,Strategic,Partner,New Logo,180544,0.181,147865,Closed Lost,3/30/2025,8/3/2025,126,No,No,Weak product fit
O04966,A0909,P006,Healthcare,North America,Mid-Market,Direct,New Logo,162431,0.061,152522,Closed Lost,5/4/2025,6/19/2025,46,Yes,Yes,Price
O04967,A0391,P007,Manufacturing,Europe,Enterprise,Direct,New Logo,107503,0.148,91592,Closed Won,9/26/2023,1/2/2024,98,Yes,No,Executive alignment
O04968,A0532,P004,Financial Services,Europe,Mid-Market,Partner,Expansion,115210,0.133,99887,Closed Lost,6/17/2026,8/19/2026,63,Yes,No,No executive sponsor
O04969,A0263,P003,Manufacturing,North America,Strategic,Direct,Expansion,282684,0.141,242825,Closed Lost,7/19/2024,1/18/2025,183,Yes,No,Limited budget
O04970,A0282,P008,Financial Services,North America,Enterprise,Direct,New Logo,124287,0.038,119564,Closed Lost,3/31/2025,8/24/2025,146,Yes,No,Competitor selected
O04971,A0583,P001,Healthcare,North America,Enterprise,Direct,Expansion,190753,0.062,178926,Closed Lost,6/16/2024,10/6/2024,112,Yes,Yes,Competitor selected
O04972,A0913,P007,Technology,North America,Enterprise,Direct,New Logo,91119,0.128,79455,Closed Lost,12/5/2025,2/28/2026,85,Yes,No,Limited budget
O04973,A0264,P003,Manufacturing,North America,Mid-Market,Direct,New Logo,104515,0.1,94063,Closed Lost,5/27/2026,8/10/2026,75,Yes,No,No executive sponsor
O04974,A0340,P008,Technology,North America,Mid-Market,Direct,New Logo,98922,0.125,86556,Open Pipeline,7/10/2026,10/26/2026,108,Yes,Yes,In progress
O04975,A0438,P007,Manufacturing,Europe,Enterprise,Inside Sales,New Logo,109623,0.117,96797,Closed Lost,2/25/2026,6/26/2026,121,Yes,Yes,Limited budget
O04976,A0205,P008,Manufacturing,Europe,Enterprise,Direct,Renewal,143586,0.091,130519,Closed Lost,9/6/2024,12/14/2024,99,No,No,Weak product fit
O04977,A0276,P005,Technology,North America,Enterprise,Partner,Expansion,138734,0.204,110432,Closed Lost,3/31/2024,7/13/2024,104,No,No,Weak product fit
O04978,A0510,P008,Financial Services,Europe,Strategic,Direct,Renewal,186232,0.089,169657,Closed Lost,5/28/2025,12/31/2025,217,Yes,No,Competitor selected
O04979,A0421,P004,Healthcare,APAC,Enterprise,Inside Sales,New Logo,175110,0.146,149543,Closed Won,2/23/2025,7/8/2025,135,Yes,Yes,Superior analytics
O04980,A0350,P003,Financial Services,North America,Mid-Market,Partner,New Logo,121018,0.238,92215,Closed Won,5/19/2026,8/13/2026,86,Yes,Yes,Superior analytics
O04981,A0725,P007,Manufacturing,North America,Enterprise,Direct,New Logo,98728,0.093,89546,Closed Won,10/27/2025,3/19/2026,143,No,Yes,Superior analytics
O04982,A0911,P006,Healthcare,North America,Enterprise,Partner,Expansion,207070,0.206,164413,Closed Lost,5/28/2024,9/2/2024,97,No,No,Price
O04983,A0175,P008,Technology,Europe,Strategic,Direct,New Logo,201865,0.008,200250,Closed Won,10/18/2024,3/25/2025,158,Yes,Yes,Existing relationship
O04984,A0321,P006,Healthcare,Europe,Enterprise,Direct,New Logo,198465,0.091,180404,Closed Lost,4/7/2026,7/18/2026,102,No,Yes,Price
O04985,A0617,P001,Technology,APAC,Mid-Market,Direct,New Logo,139770,0.211,110278,Closed Lost,11/17/2025,1/21/2026,65,Yes,No,Limited budget
O04986,A0294,P003,Manufacturing,North America,Mid-Market,Direct,New Logo,107715,0.1,96943,Closed Lost,11/17/2023,2/10/2024,85,No,No,Timing
O04987,A0109,P002,Financial Services,Middle East,Enterprise,Partner,Expansion,255325,0.104,228771,Closed Lost,1/15/2026,5/3/2026,108,Yes,Yes,Competitor selected
O04988,A0459,P004,Financial Services,Europe,Mid-Market,Direct,Expansion,115874,0.134,100346,Closed Lost,12/10/2023,3/12/2024,93,Yes,Yes,Competitor selected
O04989,A0689,P003,Manufacturing,APAC,Mid-Market,Inside Sales,New Logo,123797,0.027,120454,Closed Lost,4/12/2026,7/2/2026,81,Yes,Yes,Limited budget
O04990,A0826,P002,Financial Services,North America,Mid-Market,Direct,New Logo,173121,0.055,163599,Closed Lost,12/15/2025,3/2/2026,77,Yes,Yes,Price
O04991,A0100,P001,Manufacturing,Europe,Strategic,Inside Sales,Renewal,278087,0.124,243604,Closed Lost,2/14/2026,7/22/2026,158,Yes,Yes,No executive sponsor
O04992,A0065,P001,Technology,North America,Mid-Market,Partner,New Logo,140549,0.111,124948,Closed Lost,9/16/2025,1/10/2026,116,No,Yes,Weak product fit
O04993,A0667,P005,Manufacturing,North America,Enterprise,Direct,Expansion,130898,0.179,107467,Closed Lost,3/30/2024,6/24/2024,86,Yes,Yes,Limited budget
O04994,A0418,P003,Manufacturing,North America,Mid-Market,Direct,New Logo,106141,0.048,101046,Closed Won,7/15/2025,9/19/2025,66,No,No,Superior analytics
O04995,A0524,P002,Healthcare,North America,Mid-Market,Partner,New Logo,135554,0.162,113594,Closed Lost,5/22/2026,7/30/2026,69,Yes,Yes,Weak product fit
O04996,A0631,P005,Technology,North America,Strategic,Direct,New Logo,170023,0.13,147920,Closed Lost,3/4/2026,7/30/2026,148,Yes,No,Timing
O04997,A0571,P003,Financial Services,North America,Enterprise,Direct,Expansion,173382,0.15,147374,Closed Lost,2/22/2025,5/18/2025,85,Yes,No,Timing
O04998,A0497,P008,Healthcare,APAC,Enterprise,Direct,New Logo,142206,0.155,120164,Closed Won,10/30/2024,4/12/2025,164,No,Yes,Superior analytics
O04999,A0656,P002,Healthcare,Europe,Enterprise,Partner,Expansion,246609,0.086,225400,Closed Lost,6/2/2024,7/20/2024,48,Yes,No,Competitor selected
O05000,A0088,P003,Technology,APAC,Strategic,Direct,Renewal,253850,0.049,241411,Closed Lost,7/13/2025,11/27/2025,137,No,No,No executive sponsor
