product_market_id,market_id,product_id,product_name,product_family,product_category,product_tier,target_persona,bundle_eligible_flag,industry,geography,company_size,buyer_persona,total_companies,addressable_pct,segment_tam_value_usd,base_acv_usd,product_fit_score,product_tam_share_pct,product_tam_value_usd,product_addressable_accounts_est,product_average_budget_usd,market_growth_rate,competitive_intensity,regulatory_complexity,tam_allocation_method
M0001_P001,M0001,P001,Market Intelligence Pro,Market Intelligence,Core Platform,Premium,Strategy,Yes,Healthcare,North America,Strategic,CFO,154,0.292,45717209,150000,1.207363,0.104745,4788648,5,957730,0.106,High,High,Normalized persona x industry x company-size x ACV fit weights
M0001_P002,M0001,P002,Risk Analytics Suite,Risk Analytics,Analytics Add-on,Premium,CFO,Yes,Healthcare,North America,Strategic,CFO,154,0.292,45717209,175000,2.580223,0.223848,10233692,10,1023369,0.106,High,High,Normalized persona x industry x company-size x ACV fit weights
M0001_P003,M0001,P003,Pricing Intelligence Engine,Pricing Intelligence,Decision Engine,Enterprise,CRO,Yes,Healthcare,North America,Strategic,CFO,154,0.292,45717209,135000,0.889865,0.0772,3529385,3,1176462,0.106,High,High,Normalized persona x industry x company-size x ACV fit weights
M0001_P004,M0001,P004,Customer Intelligence Cloud,Customer Intelligence,Workflow Platform,Enterprise,CRO,Yes,Healthcare,North America,Strategic,CFO,154,0.292,45717209,120000,1.062291,0.092159,4213264,4,1053316,0.106,High,High,Normalized persona x industry x company-size x ACV fit weights
M0001_P005,M0001,P005,Competitive Intelligence Radar,Competitive Intelligence,Insights Module,Standard,Strategy,Yes,Healthcare,North America,Strategic,CFO,154,0.292,45717209,90000,0.713523,0.061902,2829977,3,943326,0.106,High,High,Normalized persona x industry x company-size x ACV fit weights
M0001_P006,M0001,P006,Forecasting Platform,Forecasting Platform,Decision Engine,Premium,CFO,Yes,Healthcare,North America,Strategic,CFO,154,0.292,45717209,160000,2.33164,0.202282,9247760,9,1027529,0.106,High,High,Normalized persona x industry x company-size x ACV fit weights
M0001_P007,M0001,P007,Workflow Automation Hub,Workflow Automation,Workflow Platform,Standard,Product,Yes,Healthcare,North America,Strategic,CFO,154,0.292,45717209,80000,0.766602,0.066507,3040501,3,1013500,0.106,High,High,Normalized persona x industry x company-size x ACV fit weights
M0001_P008,M0001,P008,Executive Insights Portal,Executive Insights,Executive Layer,Premium,CFO,Yes,Healthcare,North America,Strategic,CFO,154,0.292,45717209,110000,1.975184,0.171357,7833982,8,979248,0.106,High,High,Normalized persona x industry x company-size x ACV fit weights
M0002_P001,M0002,P001,Market Intelligence Pro,Market Intelligence,Core Platform,Premium,Strategy,Yes,Healthcare,North America,Strategic,CRO,145,0.228,25973863,150000,1.207363,0.120446,3128458,4,782114,0.088,Low,High,Normalized persona x industry x company-size x ACV fit weights
M0002_P002,M0002,P002,Risk Analytics Suite,Risk Analytics,Analytics Add-on,Premium,CFO,Yes,Healthcare,North America,Strategic,CRO,145,0.228,25973863,175000,1.414961,0.141156,3666376,5,733275,0.088,Low,High,Normalized persona x industry x company-size x ACV fit weights
M0002_P003,M0002,P003,Pricing Intelligence Engine,Pricing Intelligence,Decision Engine,Enterprise,CRO,Yes,Healthcare,North America,Strategic,CRO,145,0.228,25973863,135000,1.622695,0.16188,4204644,5,840929,0.088,Low,High,Normalized persona x industry x company-size x ACV fit weights
M0002_P004,M0002,P004,Customer Intelligence Cloud,Customer Intelligence,Workflow Platform,Enterprise,CRO,Yes,Healthcare,North America,Strategic,CRO,145,0.228,25973863,120000,1.93712,0.193247,5019366,6,836561,0.088,Low,High,Normalized persona x industry x company-size x ACV fit weights
M0002_P005,M0002,P005,Competitive Intelligence Radar,Competitive Intelligence,Insights Module,Standard,Strategy,Yes,Healthcare,North America,Strategic,CRO,145,0.228,25973863,90000,0.713523,0.071181,1848844,2,924422,0.088,Low,High,Normalized persona x industry x company-size x ACV fit weights
M0002_P006,M0002,P006,Forecasting Platform,Forecasting Platform,Decision Engine,Premium,CFO,Yes,Healthcare,North America,Strategic,CRO,145,0.228,25973863,160000,1.278641,0.127557,3313151,4,828288,0.088,Low,High,Normalized persona x industry x company-size x ACV fit weights
M0002_P007,M0002,P007,Workflow Automation Hub,Workflow Automation,Workflow Platform,Standard,Product,Yes,Healthcare,North America,Strategic,CRO,145,0.228,25973863,80000,0.766602,0.076476,1986381,3,662127,0.088,Low,High,Normalized persona x industry x company-size x ACV fit weights
M0002_P008,M0002,P008,Executive Insights Portal,Executive Insights,Executive Layer,Premium,CFO,Yes,Healthcare,North America,Strategic,CRO,145,0.228,25973863,110000,1.083165,0.108056,2806643,4,701661,0.088,Low,High,Normalized persona x industry x company-size x ACV fit weights
M0003_P001,M0003,P001,Market Intelligence Pro,Market Intelligence,Core Platform,Premium,Strategy,Yes,Healthcare,North America,Strategic,Strategy,185,0.402,81055714,150000,2.201662,0.220203,17848729,16,1115546,0.097,High,High,Normalized persona x industry x company-size x ACV fit weights
M0003_P002,M0003,P002,Risk Analytics Suite,Risk Analytics,Analytics Add-on,Premium,CFO,Yes,Healthcare,North America,Strategic,Strategy,185,0.402,81055714,175000,1.414961,0.14152,11470998,11,1042818,0.097,High,High,Normalized persona x industry x company-size x ACV fit weights
M0003_P003,M0003,P003,Pricing Intelligence Engine,Pricing Intelligence,Decision Engine,Enterprise,CRO,Yes,Healthcare,North America,Strategic,Strategy,185,0.402,81055714,135000,0.889865,0.089001,7214076,7,1030582,0.097,High,High,Normalized persona x industry x company-size x ACV fit weights
M0003_P004,M0003,P004,Customer Intelligence Cloud,Customer Intelligence,Workflow Platform,Enterprise,CRO,Yes,Healthcare,North America,Strategic,Strategy,185,0.402,81055714,120000,1.062291,0.106247,8611927,8,1076491,0.097,High,High,Normalized persona x industry x company-size x ACV fit weights
M0003_P005,M0003,P005,Competitive Intelligence Radar,Competitive Intelligence,Insights Module,Standard,Strategy,Yes,Healthcare,North America,Strategic,Strategy,185,0.402,81055714,90000,1.30113,0.130135,10548176,10,1054818,0.097,High,High,Normalized persona x industry x company-size x ACV fit weights
M0003_P006,M0003,P006,Forecasting Platform,Forecasting Platform,Decision Engine,Premium,CFO,Yes,Healthcare,North America,Strategic,Strategy,185,0.402,81055714,160000,1.278641,0.127886,10365862,10,1036586,0.097,High,High,Normalized persona x industry x company-size x ACV fit weights
M0003_P007,M0003,P007,Workflow Automation Hub,Workflow Automation,Workflow Platform,Standard,Product,Yes,Healthcare,North America,Strategic,Strategy,185,0.402,81055714,80000,0.766602,0.076673,6214795,6,1035799,0.097,High,High,Normalized persona x industry x company-size x ACV fit weights
M0003_P008,M0003,P008,Executive Insights Portal,Executive Insights,Executive Layer,Premium,CFO,Yes,Healthcare,North America,Strategic,Strategy,185,0.402,81055714,110000,1.083165,0.108335,8781151,8,1097644,0.097,High,High,Normalized persona x industry x company-size x ACV fit weights
M0004_P001,M0004,P001,Market Intelligence Pro,Market Intelligence,Core Platform,Premium,Strategy,Yes,Healthcare,North America,Strategic,Product,115,0.262,29642758,150000,1.207363,0.125635,3724154,4,931038,0.051,High,High,Normalized persona x industry x company-size x ACV fit weights
M0004_P002,M0004,P002,Risk Analytics Suite,Risk Analytics,Analytics Add-on,Premium,CFO,Yes,Healthcare,North America,Strategic,Product,115,0.262,29642758,175000,1.414961,0.147237,4364498,4,1091124,0.051,High,High,Normalized persona x industry x company-size x ACV fit weights
M0004_P003,M0004,P003,Pricing Intelligence Engine,Pricing Intelligence,Decision Engine,Enterprise,CRO,Yes,Healthcare,North America,Strategic,Product,115,0.262,29642758,135000,0.889865,0.092597,2744819,3,914940,0.051,High,High,Normalized persona x industry x company-size x ACV fit weights
M0004_P004,M0004,P004,Customer Intelligence Cloud,Customer Intelligence,Workflow Platform,Enterprise,CRO,Yes,Healthcare,North America,Strategic,Product,115,0.262,29642758,120000,1.624681,0.169059,5011386,5,1002277,0.051,High,High,Normalized persona x industry x company-size x ACV fit weights
M0004_P005,M0004,P005,Competitive Intelligence Radar,Competitive Intelligence,Insights Module,Standard,Strategy,Yes,Healthcare,North America,Strategic,Product,115,0.262,29642758,90000,0.713523,0.074247,2200887,2,1100444,0.051,High,High,Normalized persona x industry x company-size x ACV fit weights
M0004_P006,M0004,P006,Forecasting Platform,Forecasting Platform,Decision Engine,Premium,CFO,Yes,Healthcare,North America,Strategic,Product,115,0.262,29642758,160000,1.278641,0.133052,3944014,4,986004,0.051,High,High,Normalized persona x industry x company-size x ACV fit weights
M0004_P007,M0004,P007,Workflow Automation Hub,Workflow Automation,Workflow Platform,Standard,Product,Yes,Healthcare,North America,Strategic,Product,115,0.262,29642758,80000,1.397922,0.145463,4311939,4,1077985,0.051,High,High,Normalized persona x industry x company-size x ACV fit weights
M0004_P008,M0004,P008,Executive Insights Portal,Executive Insights,Executive Layer,Premium,CFO,Yes,Healthcare,North America,Strategic,Product,115,0.262,29642758,110000,1.083165,0.112711,3341061,3,1113687,0.051,High,High,Normalized persona x industry x company-size x ACV fit weights
M0005_P001,M0005,P001,Market Intelligence Pro,Market Intelligence,Core Platform,Premium,Strategy,Yes,Healthcare,North America,Enterprise,CFO,431,0.319,75946263,150000,1.062479,0.098335,7468172,14,533441,0.063,Low,High,Normalized persona x industry x company-size x ACV fit weights
M0005_P002,M0005,P002,Risk Analytics Suite,Risk Analytics,Analytics Add-on,Premium,CFO,Yes,Healthcare,North America,Enterprise,CFO,431,0.319,75946263,175000,2.270597,0.210149,15960033,29,550346,0.063,Low,High,Normalized persona x industry x company-size x ACV fit weights
M0005_P003,M0005,P003,Pricing Intelligence Engine,Pricing Intelligence,Decision Engine,Enterprise,CRO,Yes,Healthcare,North America,Enterprise,CFO,431,0.319,75946263,135000,0.928554,0.08594,6526814,12,543901,0.063,Low,High,Normalized persona x industry x company-size x ACV fit weights
M0005_P004,M0005,P004,Customer Intelligence Cloud,Customer Intelligence,Workflow Platform,Enterprise,CRO,Yes,Healthcare,North America,Enterprise,CFO,431,0.319,75946263,120000,1.108478,0.102592,7791497,14,556536,0.063,Low,High,Normalized persona x industry x company-size x ACV fit weights
M0005_P005,M0005,P005,Competitive Intelligence Radar,Competitive Intelligence,Insights Module,Standard,Strategy,Yes,Healthcare,North America,Enterprise,CFO,431,0.319,75946263,90000,0.792803,0.073376,5572617,10,557262,0.063,Low,High,Normalized persona x industry x company-size x ACV fit weights
M0005_P006,M0005,P006,Forecasting Platform,Forecasting Platform,Decision Engine,Premium,CFO,Yes,Healthcare,North America,Enterprise,CFO,431,0.319,75946263,160000,2.051843,0.189903,14422416,26,554708,0.063,Low,High,Normalized persona x industry x company-size x ACV fit weights
M0005_P007,M0005,P007,Workflow Automation Hub,Workflow Automation,Workflow Platform,Standard,Product,Yes,Healthcare,North America,Enterprise,CFO,431,0.319,75946263,80000,0.85178,0.078834,5987167,11,544288,0.063,Low,High,Normalized persona x industry x company-size x ACV fit weights
M0005_P008,M0005,P008,Executive Insights Portal,Executive Insights,Executive Layer,Premium,CFO,Yes,Healthcare,North America,Enterprise,CFO,431,0.319,75946263,110000,1.738162,0.160871,12217547,22,555343,0.063,Low,High,Normalized persona x industry x company-size x ACV fit weights
M0006_P001,M0006,P001,Market Intelligence Pro,Market Intelligence,Core Platform,Premium,Strategy,Yes,Healthcare,North America,Enterprise,CRO,749,0.473,126965312,150000,1.062479,0.109026,13842500,39,354936,0.066,Medium,High,Normalized persona x industry x company-size x ACV fit weights
M0006_P002,M0006,P002,Risk Analytics Suite,Risk Analytics,Analytics Add-on,Premium,CFO,Yes,Healthcare,North America,Enterprise,CRO,749,0.473,126965312,175000,1.245166,0.127772,16222628,45,360503,0.066,Medium,High,Normalized persona x industry x company-size x ACV fit weights
M0006_P003,M0006,P003,Pricing Intelligence Engine,Pricing Intelligence,Decision Engine,Enterprise,CRO,Yes,Healthcare,North America,Enterprise,CRO,749,0.473,126965312,135000,1.693246,0.173752,22060440,62,355814,0.066,Medium,High,Normalized persona x industry x company-size x ACV fit weights
M0006_P004,M0006,P004,Customer Intelligence Cloud,Customer Intelligence,Workflow Platform,Enterprise,CRO,Yes,Healthcare,North America,Enterprise,CRO,749,0.473,126965312,120000,2.021342,0.207419,26335032,73,360754,0.066,Medium,High,Normalized persona x industry x company-size x ACV fit weights
M0006_P005,M0006,P005,Competitive Intelligence Radar,Competitive Intelligence,Insights Module,Standard,Strategy,Yes,Healthcare,North America,Enterprise,CRO,749,0.473,126965312,90000,0.792803,0.081353,10329027,29,356173,0.066,Medium,High,Normalized persona x industry x company-size x ACV fit weights
M0006_P006,M0006,P006,Forecasting Platform,Forecasting Platform,Decision Engine,Premium,CFO,Yes,Healthcare,North America,Enterprise,CRO,749,0.473,126965312,160000,1.125204,0.115462,14659711,41,357554,0.066,Medium,High,Normalized persona x industry x company-size x ACV fit weights
M0006_P007,M0006,P007,Workflow Automation Hub,Workflow Automation,Workflow Platform,Standard,Product,Yes,Healthcare,North America,Enterprise,CRO,749,0.473,126965312,80000,0.85178,0.087405,11097409,31,357981,0.066,Medium,High,Normalized persona x industry x company-size x ACV fit weights
M0006_P008,M0006,P008,Executive Insights Portal,Executive Insights,Executive Layer,Premium,CFO,Yes,Healthcare,North America,Enterprise,CRO,749,0.473,126965312,110000,0.953185,0.097811,12418565,35,354816,0.066,Medium,High,Normalized persona x industry x company-size x ACV fit weights
M0007_P001,M0007,P001,Market Intelligence Pro,Market Intelligence,Core Platform,Premium,Strategy,Yes,Healthcare,North America,Enterprise,Strategy,779,0.403,203020546,150000,1.937462,0.201913,40992488,63,650674,0.116,High,High,Normalized persona x industry x company-size x ACV fit weights
M0007_P002,M0007,P002,Risk Analytics Suite,Risk Analytics,Analytics Add-on,Premium,CFO,Yes,Healthcare,North America,Enterprise,Strategy,779,0.403,203020546,175000,1.245166,0.129765,26344999,41,642561,0.116,High,High,Normalized persona x industry x company-size x ACV fit weights
M0007_P003,M0007,P003,Pricing Intelligence Engine,Pricing Intelligence,Decision Engine,Enterprise,CRO,Yes,Healthcare,North America,Enterprise,Strategy,779,0.403,203020546,135000,0.928554,0.096769,19646192,30,654873,0.116,High,High,Normalized persona x industry x company-size x ACV fit weights
M0007_P004,M0007,P004,Customer Intelligence Cloud,Customer Intelligence,Workflow Platform,Enterprise,CRO,Yes,Healthcare,North America,Enterprise,Strategy,779,0.403,203020546,120000,1.108478,0.11552,23452981,36,651472,0.116,High,High,Normalized persona x industry x company-size x ACV fit weights
M0007_P005,M0007,P005,Competitive Intelligence Radar,Competitive Intelligence,Insights Module,Standard,Strategy,Yes,Healthcare,North America,Enterprise,Strategy,779,0.403,203020546,90000,1.4457,0.150664,30587864,47,650806,0.116,High,High,Normalized persona x industry x company-size x ACV fit weights
M0007_P006,M0007,P006,Forecasting Platform,Forecasting Platform,Decision Engine,Premium,CFO,Yes,Healthcare,North America,Enterprise,Strategy,779,0.403,203020546,160000,1.125204,0.117263,23806876,37,643429,0.116,High,High,Normalized persona x industry x company-size x ACV fit weights
M0007_P007,M0007,P007,Workflow Automation Hub,Workflow Automation,Workflow Platform,Standard,Product,Yes,Healthcare,North America,Enterprise,Strategy,779,0.403,203020546,80000,0.85178,0.088768,18021816,28,643636,0.116,High,High,Normalized persona x industry x company-size x ACV fit weights
M0007_P008,M0007,P008,Executive Insights Portal,Executive Insights,Executive Layer,Premium,CFO,Yes,Healthcare,North America,Enterprise,Strategy,779,0.403,203020546,110000,0.953185,0.099336,20167330,31,650559,0.116,High,High,Normalized persona x industry x company-size x ACV fit weights
M0008_P001,M0008,P001,Market Intelligence Pro,Market Intelligence,Core Platform,Premium,Strategy,Yes,Healthcare,North America,Enterprise,Product,430,0.292,43537842,150000,1.062479,0.113562,4944235,14,353160,0.072,Medium,High,Normalized persona x industry x company-size x ACV fit weights
M0008_P002,M0008,P002,Risk Analytics Suite,Risk Analytics,Analytics Add-on,Premium,CFO,Yes,Healthcare,North America,Enterprise,Product,430,0.292,43537842,175000,1.245166,0.133088,5794365,17,340845,0.072,Medium,High,Normalized persona x industry x company-size x ACV fit weights
M0008_P003,M0008,P003,Pricing Intelligence Engine,Pricing Intelligence,Decision Engine,Enterprise,CRO,Yes,Healthcare,North America,Enterprise,Product,430,0.292,43537842,135000,0.928554,0.099247,4321017,12,360085,0.072,Medium,High,Normalized persona x industry x company-size x ACV fit weights
M0008_P004,M0008,P004,Customer Intelligence Cloud,Customer Intelligence,Workflow Platform,Enterprise,CRO,Yes,Healthcare,North America,Enterprise,Product,430,0.292,43537842,120000,1.695319,0.181202,7889148,23,343006,0.072,Medium,High,Normalized persona x industry x company-size x ACV fit weights
M0008_P005,M0008,P005,Competitive Intelligence Radar,Competitive Intelligence,Insights Module,Standard,Strategy,Yes,Healthcare,North America,Enterprise,Product,430,0.292,43537842,90000,0.792803,0.084738,3689300,11,335391,0.072,Medium,High,Normalized persona x industry x company-size x ACV fit weights
M0008_P006,M0008,P006,Forecasting Platform,Forecasting Platform,Decision Engine,Premium,CFO,Yes,Healthcare,North America,Enterprise,Product,430,0.292,43537842,160000,1.125204,0.120266,5236125,15,349075,0.072,Medium,High,Normalized persona x industry x company-size x ACV fit weights
M0008_P007,M0008,P007,Workflow Automation Hub,Workflow Automation,Workflow Platform,Standard,Product,Yes,Healthcare,North America,Enterprise,Product,430,0.292,43537842,80000,1.553246,0.166017,7228014,21,344191,0.072,Medium,High,Normalized persona x industry x company-size x ACV fit weights
M0008_P008,M0008,P008,Executive Insights Portal,Executive Insights,Executive Layer,Premium,CFO,Yes,Healthcare,North America,Enterprise,Product,430,0.292,43537842,110000,0.953185,0.10188,4435638,13,341203,0.072,Medium,High,Normalized persona x industry x company-size x ACV fit weights
M0009_P001,M0009,P001,Market Intelligence Pro,Market Intelligence,Core Platform,Premium,Strategy,Yes,Healthcare,North America,Mid-Market,CFO,1787,0.264,114571076,150000,0.772712,0.086494,9909745,41,241701,0.075,High,High,Normalized persona x industry x company-size x ACV fit weights
M0009_P002,M0009,P002,Risk Analytics Suite,Risk Analytics,Analytics Add-on,Premium,CFO,Yes,Healthcare,North America,Mid-Market,CFO,1787,0.264,114571076,175000,1.651343,0.184845,21177853,87,243424,0.075,High,High,Normalized persona x industry x company-size x ACV fit weights
M0009_P003,M0009,P003,Pricing Intelligence Engine,Pricing Intelligence,Decision Engine,Enterprise,CRO,Yes,Healthcare,North America,Mid-Market,CFO,1787,0.264,114571076,135000,0.773795,0.086616,9923636,41,242040,0.075,High,High,Normalized persona x industry x company-size x ACV fit weights
M0009_P004,M0009,P004,Customer Intelligence Cloud,Customer Intelligence,Workflow Platform,Enterprise,CRO,Yes,Healthcare,North America,Mid-Market,CFO,1787,0.264,114571076,120000,0.923732,0.103399,11846511,49,241766,0.075,High,High,Normalized persona x industry x company-size x ACV fit weights
M0009_P005,M0009,P005,Competitive Intelligence Radar,Competitive Intelligence,Insights Module,Standard,Strategy,Yes,Healthcare,North America,Mid-Market,CFO,1787,0.264,114571076,90000,0.991004,0.110929,12709254,52,244409,0.075,High,High,Normalized persona x industry x company-size x ACV fit weights
M0009_P006,M0009,P006,Forecasting Platform,Forecasting Platform,Decision Engine,Premium,CFO,Yes,Healthcare,North America,Mid-Market,CFO,1787,0.264,114571076,160000,1.49225,0.167036,19137541,79,242247,0.075,High,High,Normalized persona x industry x company-size x ACV fit weights
M0009_P007,M0009,P007,Workflow Automation Hub,Workflow Automation,Workflow Platform,Standard,Product,Yes,Healthcare,North America,Mid-Market,CFO,1787,0.264,114571076,80000,1.064725,0.119181,13654702,56,243834,0.075,High,High,Normalized persona x industry x company-size x ACV fit weights
M0009_P008,M0009,P008,Executive Insights Portal,Executive Insights,Executive Layer,Premium,CFO,Yes,Healthcare,North America,Mid-Market,CFO,1787,0.264,114571076,110000,1.264118,0.1415,16211834,67,241968,0.075,High,High,Normalized persona x industry x company-size x ACV fit weights
M0010_P001,M0010,P001,Market Intelligence Pro,Market Intelligence,Core Platform,Premium,Strategy,Yes,Healthcare,North America,Mid-Market,CRO,1332,0.439,60424759,150000,0.772712,0.09264,5597722,54,103662,0.12,Medium,High,Normalized persona x industry x company-size x ACV fit weights
M0010_P002,M0010,P002,Risk Analytics Suite,Risk Analytics,Analytics Add-on,Premium,CFO,Yes,Healthcare,North America,Mid-Market,CRO,1332,0.439,60424759,175000,0.905575,0.108568,6560214,63,104130,0.12,Medium,High,Normalized persona x industry x company-size x ACV fit weights
M0010_P003,M0010,P003,Pricing Intelligence Engine,Pricing Intelligence,Decision Engine,Enterprise,CRO,Yes,Healthcare,North America,Mid-Market,CRO,1332,0.439,60424759,135000,1.411039,0.169168,10221919,99,103252,0.12,Medium,High,Normalized persona x industry x company-size x ACV fit weights
M0010_P004,M0010,P004,Customer Intelligence Cloud,Customer Intelligence,Workflow Platform,Enterprise,CRO,Yes,Healthcare,North America,Mid-Market,CRO,1332,0.439,60424759,120000,1.684452,0.201947,12202592,118,103412,0.12,Medium,High,Normalized persona x industry x company-size x ACV fit weights
M0010_P005,M0010,P005,Competitive Intelligence Radar,Competitive Intelligence,Insights Module,Standard,Strategy,Yes,Healthcare,North America,Mid-Market,CRO,1332,0.439,60424759,90000,0.991004,0.11881,7179082,69,104045,0.12,Medium,High,Normalized persona x industry x company-size x ACV fit weights
M0010_P006,M0010,P006,Forecasting Platform,Forecasting Platform,Decision Engine,Premium,CFO,Yes,Healthcare,North America,Mid-Market,CRO,1332,0.439,60424759,160000,0.81833,0.098109,5928191,57,104003,0.12,Medium,High,Normalized persona x industry x company-size x ACV fit weights
M0010_P007,M0010,P007,Workflow Automation Hub,Workflow Automation,Workflow Platform,Standard,Product,Yes,Healthcare,North America,Mid-Market,CRO,1332,0.439,60424759,80000,1.064725,0.127649,7713138,75,102842,0.12,Medium,High,Normalized persona x industry x company-size x ACV fit weights
M0010_P008,M0010,P008,Executive Insights Portal,Executive Insights,Executive Layer,Premium,CFO,Yes,Healthcare,North America,Mid-Market,CRO,1332,0.439,60424759,110000,0.693226,0.08311,5021901,49,102488,0.12,Medium,High,Normalized persona x industry x company-size x ACV fit weights
M0011_P001,M0011,P001,Market Intelligence Pro,Market Intelligence,Core Platform,Premium,Strategy,Yes,Healthcare,North America,Mid-Market,Strategy,1687,0.448,166928245,150000,1.409064,0.167834,28016257,127,220600,0.077,High,High,Normalized persona x industry x company-size x ACV fit weights
M0011_P002,M0011,P002,Risk Analytics Suite,Risk Analytics,Analytics Add-on,Premium,CFO,Yes,Healthcare,North America,Mid-Market,Strategy,1687,0.448,166928245,175000,0.905575,0.107863,18005452,82,219579,0.077,High,High,Normalized persona x industry x company-size x ACV fit weights
M0011_P003,M0011,P003,Pricing Intelligence Engine,Pricing Intelligence,Decision Engine,Enterprise,CRO,Yes,Healthcare,North America,Mid-Market,Strategy,1687,0.448,166928245,135000,0.773795,0.092167,15385290,70,219790,0.077,High,High,Normalized persona x industry x company-size x ACV fit weights
M0011_P004,M0011,P004,Customer Intelligence Cloud,Customer Intelligence,Workflow Platform,Enterprise,CRO,Yes,Healthcare,North America,Mid-Market,Strategy,1687,0.448,166928245,120000,0.923732,0.110026,18366455,83,221283,0.077,High,High,Normalized persona x industry x company-size x ACV fit weights
M0011_P005,M0011,P005,Competitive Intelligence Radar,Competitive Intelligence,Insights Module,Standard,Strategy,Yes,Healthcare,North America,Mid-Market,Strategy,1687,0.448,166928245,90000,1.807125,0.215247,35930867,163,220435,0.077,High,High,Normalized persona x industry x company-size x ACV fit weights
M0011_P006,M0011,P006,Forecasting Platform,Forecasting Platform,Decision Engine,Premium,CFO,Yes,Healthcare,North America,Mid-Market,Strategy,1687,0.448,166928245,160000,0.81833,0.097472,16270775,74,219875,0.077,High,High,Normalized persona x industry x company-size x ACV fit weights
M0011_P007,M0011,P007,Workflow Automation Hub,Workflow Automation,Workflow Platform,Standard,Product,Yes,Healthcare,North America,Mid-Market,Strategy,1687,0.448,166928245,80000,1.064725,0.12682,21169817,96,220519,0.077,High,High,Normalized persona x industry x company-size x ACV fit weights
M0011_P008,M0011,P008,Executive Insights Portal,Executive Insights,Executive Layer,Premium,CFO,Yes,Healthcare,North America,Mid-Market,Strategy,1687,0.448,166928245,110000,0.693226,0.08257,13783332,62,222312,0.077,High,High,Normalized persona x industry x company-size x ACV fit weights
M0012_P001,M0012,P001,Market Intelligence Pro,Market Intelligence,Core Platform,Premium,Strategy,Yes,Healthcare,North America,Mid-Market,Product,1245,0.256,69774341,150000,0.772712,0.092997,6488832,30,216294,0.08,Medium,High,Normalized persona x industry x company-size x ACV fit weights
M0012_P002,M0012,P002,Risk Analytics Suite,Risk Analytics,Analytics Add-on,Premium,CFO,Yes,Healthcare,North America,Mid-Market,Product,1245,0.256,69774341,175000,0.905575,0.108988,7604544,35,217273,0.08,Medium,High,Normalized persona x industry x company-size x ACV fit weights
M0012_P003,M0012,P003,Pricing Intelligence Engine,Pricing Intelligence,Decision Engine,Enterprise,CRO,Yes,Healthcare,North America,Mid-Market,Product,1245,0.256,69774341,135000,0.773795,0.093128,6497927,30,216598,0.08,Medium,High,Normalized persona x industry x company-size x ACV fit weights
M0012_P004,M0012,P004,Customer Intelligence Cloud,Customer Intelligence,Workflow Platform,Enterprise,CRO,Yes,Healthcare,North America,Mid-Market,Product,1245,0.256,69774341,120000,1.412766,0.170029,11863667,54,219698,0.08,Medium,High,Normalized persona x industry x company-size x ACV fit weights
M0012_P005,M0012,P005,Competitive Intelligence Radar,Competitive Intelligence,Insights Module,Standard,Strategy,Yes,Healthcare,North America,Mid-Market,Product,1245,0.256,69774341,90000,0.991004,0.119269,8321931,38,218998,0.08,Medium,High,Normalized persona x industry x company-size x ACV fit weights
M0012_P006,M0012,P006,Forecasting Platform,Forecasting Platform,Decision Engine,Premium,CFO,Yes,Healthcare,North America,Mid-Market,Product,1245,0.256,69774341,160000,0.81833,0.098488,6871909,31,221674,0.08,Medium,High,Normalized persona x industry x company-size x ACV fit weights
M0012_P007,M0012,P007,Workflow Automation Hub,Workflow Automation,Workflow Platform,Standard,Product,Yes,Healthcare,North America,Mid-Market,Product,1245,0.256,69774341,80000,1.941558,0.23367,16304184,74,220327,0.08,Medium,High,Normalized persona x industry x company-size x ACV fit weights
M0012_P008,M0012,P008,Executive Insights Portal,Executive Insights,Executive Layer,Premium,CFO,Yes,Healthcare,North America,Mid-Market,Product,1245,0.256,69774341,110000,0.693226,0.083431,5821347,27,215605,0.08,Medium,High,Normalized persona x industry x company-size x ACV fit weights
M0013_P001,M0013,P001,Market Intelligence Pro,Market Intelligence,Core Platform,Premium,Strategy,Yes,Healthcare,Europe,Strategic,CFO,198,0.352,59738096,150000,1.207363,0.104745,6257265,7,893895,0.125,Low,High,Normalized persona x industry x company-size x ACV fit weights
M0013_P002,M0013,P002,Risk Analytics Suite,Risk Analytics,Analytics Add-on,Premium,CFO,Yes,Healthcare,Europe,Strategic,CFO,198,0.352,59738096,175000,2.580223,0.223848,13372235,16,835765,0.125,Low,High,Normalized persona x industry x company-size x ACV fit weights
M0013_P003,M0013,P003,Pricing Intelligence Engine,Pricing Intelligence,Decision Engine,Enterprise,CRO,Yes,Healthcare,Europe,Strategic,CFO,198,0.352,59738096,135000,0.889865,0.0772,4611803,5,922361,0.125,Low,High,Normalized persona x industry x company-size x ACV fit weights
M0013_P004,M0013,P004,Customer Intelligence Cloud,Customer Intelligence,Workflow Platform,Enterprise,CRO,Yes,Healthcare,Europe,Strategic,CFO,198,0.352,59738096,120000,1.062291,0.092159,5505419,6,917570,0.125,Low,High,Normalized persona x industry x company-size x ACV fit weights
M0013_P005,M0013,P005,Competitive Intelligence Radar,Competitive Intelligence,Insights Module,Standard,Strategy,Yes,Healthcare,Europe,Strategic,CFO,198,0.352,59738096,90000,0.713523,0.061902,3697895,4,924474,0.125,Low,High,Normalized persona x industry x company-size x ACV fit weights
M0013_P006,M0013,P006,Forecasting Platform,Forecasting Platform,Decision Engine,Premium,CFO,Yes,Healthcare,Europe,Strategic,CFO,198,0.352,59738096,160000,2.33164,0.202282,12083931,14,863138,0.125,Low,High,Normalized persona x industry x company-size x ACV fit weights
M0013_P007,M0013,P007,Workflow Automation Hub,Workflow Automation,Workflow Platform,Standard,Product,Yes,Healthcare,Europe,Strategic,CFO,198,0.352,59738096,80000,0.766602,0.066507,3972984,5,794597,0.125,Low,High,Normalized persona x industry x company-size x ACV fit weights
M0013_P008,M0013,P008,Executive Insights Portal,Executive Insights,Executive Layer,Premium,CFO,Yes,Healthcare,Europe,Strategic,CFO,198,0.352,59738096,110000,1.975184,0.171357,10236564,12,853047,0.125,Low,High,Normalized persona x industry x company-size x ACV fit weights
M0014_P001,M0014,P001,Market Intelligence Pro,Market Intelligence,Core Platform,Premium,Strategy,Yes,Healthcare,Europe,Strategic,CRO,138,0.375,57242219,150000,1.207363,0.120446,6894618,6,1149103,0.14,Medium,High,Normalized persona x industry x company-size x ACV fit weights
M0014_P002,M0014,P002,Risk Analytics Suite,Risk Analytics,Analytics Add-on,Premium,CFO,Yes,Healthcare,Europe,Strategic,CRO,138,0.375,57242219,175000,1.414961,0.141156,8080103,7,1154300,0.14,Medium,High,Normalized persona x industry x company-size x ACV fit weights
M0014_P003,M0014,P003,Pricing Intelligence Engine,Pricing Intelligence,Decision Engine,Enterprise,CRO,Yes,Healthcare,Europe,Strategic,CRO,138,0.375,57242219,135000,1.622695,0.16188,9266359,8,1158295,0.14,Medium,High,Normalized persona x industry x company-size x ACV fit weights
M0014_P004,M0014,P004,Customer Intelligence Cloud,Customer Intelligence,Workflow Platform,Enterprise,CRO,Yes,Healthcare,Europe,Strategic,CRO,138,0.375,57242219,120000,1.93712,0.193247,11061877,10,1106188,0.14,Medium,High,Normalized persona x industry x company-size x ACV fit weights
M0014_P005,M0014,P005,Competitive Intelligence Radar,Competitive Intelligence,Insights Module,Standard,Strategy,Yes,Healthcare,Europe,Strategic,CRO,138,0.375,57242219,90000,0.713523,0.071181,4074556,4,1018639,0.14,Medium,High,Normalized persona x industry x company-size x ACV fit weights
M0014_P006,M0014,P006,Forecasting Platform,Forecasting Platform,Decision Engine,Premium,CFO,Yes,Healthcare,Europe,Strategic,CRO,138,0.375,57242219,160000,1.278641,0.127557,7301652,7,1043093,0.14,Medium,High,Normalized persona x industry x company-size x ACV fit weights
M0014_P007,M0014,P007,Workflow Automation Hub,Workflow Automation,Workflow Platform,Standard,Product,Yes,Healthcare,Europe,Strategic,CRO,138,0.375,57242219,80000,0.766602,0.076476,4377664,4,1094416,0.14,Medium,High,Normalized persona x industry x company-size x ACV fit weights
M0014_P008,M0014,P008,Executive Insights Portal,Executive Insights,Executive Layer,Premium,CFO,Yes,Healthcare,Europe,Strategic,CRO,138,0.375,57242219,110000,1.083165,0.108056,6185390,6,1030898,0.14,Medium,High,Normalized persona x industry x company-size x ACV fit weights
M0015_P001,M0015,P001,Market Intelligence Pro,Market Intelligence,Core Platform,Premium,Strategy,Yes,Healthcare,Europe,Strategic,Strategy,94,0.25,21849971,150000,2.201662,0.220203,4811434,5,962287,0.047,Medium,High,Normalized persona x industry x company-size x ACV fit weights
M0015_P002,M0015,P002,Risk Analytics Suite,Risk Analytics,Analytics Add-on,Premium,CFO,Yes,Healthcare,Europe,Strategic,Strategy,94,0.25,21849971,175000,1.414961,0.14152,3092206,3,1030735,0.047,Medium,High,Normalized persona x industry x company-size x ACV fit weights
M0015_P003,M0015,P003,Pricing Intelligence Engine,Pricing Intelligence,Decision Engine,Enterprise,CRO,Yes,Healthcare,Europe,Strategic,Strategy,94,0.25,21849971,135000,0.889865,0.089001,1944679,2,972340,0.047,Medium,High,Normalized persona x industry x company-size x ACV fit weights
M0015_P004,M0015,P004,Customer Intelligence Cloud,Customer Intelligence,Workflow Platform,Enterprise,CRO,Yes,Healthcare,Europe,Strategic,Strategy,94,0.25,21849971,120000,1.062291,0.106247,2321494,2,1160747,0.047,Medium,High,Normalized persona x industry x company-size x ACV fit weights
M0015_P005,M0015,P005,Competitive Intelligence Radar,Competitive Intelligence,Insights Module,Standard,Strategy,Yes,Healthcare,Europe,Strategic,Strategy,94,0.25,21849971,90000,1.30113,0.130135,2843443,3,947814,0.047,Medium,High,Normalized persona x industry x company-size x ACV fit weights
M0015_P006,M0015,P006,Forecasting Platform,Forecasting Platform,Decision Engine,Premium,CFO,Yes,Healthcare,Europe,Strategic,Strategy,94,0.25,21849971,160000,1.278641,0.127886,2794298,3,931433,0.047,Medium,High,Normalized persona x industry x company-size x ACV fit weights
M0015_P007,M0015,P007,Workflow Automation Hub,Workflow Automation,Workflow Platform,Standard,Product,Yes,Healthcare,Europe,Strategic,Strategy,94,0.25,21849971,80000,0.766602,0.076673,1675305,2,837652,0.047,Medium,High,Normalized persona x industry x company-size x ACV fit weights
M0015_P008,M0015,P008,Executive Insights Portal,Executive Insights,Executive Layer,Premium,CFO,Yes,Healthcare,Europe,Strategic,Strategy,94,0.25,21849971,110000,1.083165,0.108335,2367112,3,789037,0.047,Medium,High,Normalized persona x industry x company-size x ACV fit weights
M0016_P001,M0016,P001,Market Intelligence Pro,Market Intelligence,Core Platform,Premium,Strategy,Yes,Healthcare,Europe,Strategic,Product,226,0.448,84396758,150000,1.207363,0.125635,10603146,13,815627,0.088,Low,High,Normalized persona x industry x company-size x ACV fit weights
M0016_P002,M0016,P002,Risk Analytics Suite,Risk Analytics,Analytics Add-on,Premium,CFO,Yes,Healthcare,Europe,Strategic,Product,226,0.448,84396758,175000,1.414961,0.147237,12426288,15,828419,0.088,Low,High,Normalized persona x industry x company-size x ACV fit weights
M0016_P003,M0016,P003,Pricing Intelligence Engine,Pricing Intelligence,Decision Engine,Enterprise,CRO,Yes,Healthcare,Europe,Strategic,Product,226,0.448,84396758,135000,0.889865,0.092597,7814855,9,868317,0.088,Low,High,Normalized persona x industry x company-size x ACV fit weights
M0016_P004,M0016,P004,Customer Intelligence Cloud,Customer Intelligence,Workflow Platform,Enterprise,CRO,Yes,Healthcare,Europe,Strategic,Product,226,0.448,84396758,120000,1.624681,0.169059,14268062,17,839298,0.088,Low,High,Normalized persona x industry x company-size x ACV fit weights
M0016_P005,M0016,P005,Competitive Intelligence Radar,Competitive Intelligence,Insights Module,Standard,Strategy,Yes,Healthcare,Europe,Strategic,Product,226,0.448,84396758,90000,0.713523,0.074247,6266208,8,783276,0.088,Low,High,Normalized persona x industry x company-size x ACV fit weights
M0016_P006,M0016,P006,Forecasting Platform,Forecasting Platform,Decision Engine,Premium,CFO,Yes,Healthcare,Europe,Strategic,Product,226,0.448,84396758,160000,1.278641,0.133052,11229118,13,863778,0.088,Low,High,Normalized persona x industry x company-size x ACV fit weights
M0016_P007,M0016,P007,Workflow Automation Hub,Workflow Automation,Workflow Platform,Standard,Product,Yes,Healthcare,Europe,Strategic,Product,226,0.448,84396758,80000,1.397922,0.145463,12276647,15,818443,0.088,Low,High,Normalized persona x industry x company-size x ACV fit weights
M0016_P008,M0016,P008,Executive Insights Portal,Executive Insights,Executive Layer,Premium,CFO,Yes,Healthcare,Europe,Strategic,Product,226,0.448,84396758,110000,1.083165,0.112711,9512434,11,864767,0.088,Low,High,Normalized persona x industry x company-size x ACV fit weights
M0017_P001,M0017,P001,Market Intelligence Pro,Market Intelligence,Core Platform,Premium,Strategy,Yes,Healthcare,Europe,Enterprise,CFO,666,0.378,143608060,150000,1.062479,0.098335,14121692,25,564868,0.092,High,High,Normalized persona x industry x company-size x ACV fit weights
M0017_P002,M0017,P002,Risk Analytics Suite,Risk Analytics,Analytics Add-on,Premium,CFO,Yes,Healthcare,Europe,Enterprise,CFO,666,0.378,143608060,175000,2.270597,0.210149,30179094,53,569417,0.092,High,High,Normalized persona x industry x company-size x ACV fit weights
M0017_P003,M0017,P003,Pricing Intelligence Engine,Pricing Intelligence,Decision Engine,Enterprise,CRO,Yes,Healthcare,Europe,Enterprise,CFO,666,0.378,143608060,135000,0.928554,0.08594,12341661,22,560985,0.092,High,High,Normalized persona x industry x company-size x ACV fit weights
M0017_P004,M0017,P004,Customer Intelligence Cloud,Customer Intelligence,Workflow Platform,Enterprise,CRO,Yes,Healthcare,Europe,Enterprise,CFO,666,0.378,143608060,120000,1.108478,0.102592,14733072,26,566657,0.092,High,High,Normalized persona x industry x company-size x ACV fit weights
M0017_P005,M0017,P005,Competitive Intelligence Radar,Competitive Intelligence,Insights Module,Standard,Strategy,Yes,Healthcare,Europe,Enterprise,CFO,666,0.378,143608060,90000,0.792803,0.073376,10537355,18,585409,0.092,High,High,Normalized persona x industry x company-size x ACV fit weights
M0017_P006,M0017,P006,Forecasting Platform,Forecasting Platform,Decision Engine,Premium,CFO,Yes,Healthcare,Europe,Enterprise,CFO,666,0.378,143608060,160000,2.051843,0.189903,27271587,48,568158,0.092,High,High,Normalized persona x industry x company-size x ACV fit weights
M0017_P007,M0017,P007,Workflow Automation Hub,Workflow Automation,Workflow Platform,Standard,Product,Yes,Healthcare,Europe,Enterprise,CFO,666,0.378,143608060,80000,0.85178,0.078834,11321235,20,566062,0.092,High,High,Normalized persona x industry x company-size x ACV fit weights
M0017_P008,M0017,P008,Executive Insights Portal,Executive Insights,Executive Layer,Premium,CFO,Yes,Healthcare,Europe,Enterprise,CFO,666,0.378,143608060,110000,1.738162,0.160871,23102364,40,577559,0.092,High,High,Normalized persona x industry x company-size x ACV fit weights
M0018_P001,M0018,P001,Market Intelligence Pro,Market Intelligence,Core Platform,Premium,Strategy,Yes,Healthcare,Europe,Enterprise,CRO,288,0.304,32970551,150000,1.062479,0.109026,3594642,10,359464,0.127,High,High,Normalized persona x industry x company-size x ACV fit weights
M0018_P002,M0018,P002,Risk Analytics Suite,Risk Analytics,Analytics Add-on,Premium,CFO,Yes,Healthcare,Europe,Enterprise,CRO,288,0.304,32970551,175000,1.245166,0.127772,4212717,11,382974,0.127,High,High,Normalized persona x industry x company-size x ACV fit weights
M0018_P003,M0018,P003,Pricing Intelligence Engine,Pricing Intelligence,Decision Engine,Enterprise,CRO,Yes,Healthcare,Europe,Enterprise,CRO,288,0.304,32970551,135000,1.693246,0.173752,5728690,15,381913,0.127,High,High,Normalized persona x industry x company-size x ACV fit weights
M0018_P004,M0018,P004,Customer Intelligence Cloud,Customer Intelligence,Workflow Platform,Enterprise,CRO,Yes,Healthcare,Europe,Enterprise,CRO,288,0.304,32970551,120000,2.021342,0.207419,6838722,18,379929,0.127,High,High,Normalized persona x industry x company-size x ACV fit weights
M0018_P005,M0018,P005,Competitive Intelligence Radar,Competitive Intelligence,Insights Module,Standard,Strategy,Yes,Healthcare,Europe,Enterprise,CRO,288,0.304,32970551,90000,0.792803,0.081353,2682258,7,383180,0.127,High,High,Normalized persona x industry x company-size x ACV fit weights
M0018_P006,M0018,P006,Forecasting Platform,Forecasting Platform,Decision Engine,Premium,CFO,Yes,Healthcare,Europe,Enterprise,CRO,288,0.304,32970551,160000,1.125204,0.115462,3806857,10,380686,0.127,High,High,Normalized persona x industry x company-size x ACV fit weights
M0018_P007,M0018,P007,Workflow Automation Hub,Workflow Automation,Workflow Platform,Standard,Product,Yes,Healthcare,Europe,Enterprise,CRO,288,0.304,32970551,80000,0.85178,0.087405,2881792,8,360224,0.127,High,High,Normalized persona x industry x company-size x ACV fit weights
M0018_P008,M0018,P008,Executive Insights Portal,Executive Insights,Executive Layer,Premium,CFO,Yes,Healthcare,Europe,Enterprise,CRO,288,0.304,32970551,110000,0.953185,0.097811,3224873,9,358319,0.127,High,High,Normalized persona x industry x company-size x ACV fit weights
M0019_P001,M0019,P001,Market Intelligence Pro,Market Intelligence,Core Platform,Premium,Strategy,Yes,Healthcare,Europe,Enterprise,Strategy,429,0.283,41874124,150000,1.937462,0.201913,8454930,25,338197,0.121,High,High,Normalized persona x industry x company-size x ACV fit weights
M0019_P002,M0019,P002,Risk Analytics Suite,Risk Analytics,Analytics Add-on,Premium,CFO,Yes,Healthcare,Europe,Enterprise,Strategy,429,0.283,41874124,175000,1.245166,0.129765,5433804,16,339613,0.121,High,High,Normalized persona x industry x company-size x ACV fit weights
M0019_P003,M0019,P003,Pricing Intelligence Engine,Pricing Intelligence,Decision Engine,Enterprise,CRO,Yes,Healthcare,Europe,Enterprise,Strategy,429,0.283,41874124,135000,0.928554,0.096769,4052137,12,337678,0.121,High,High,Normalized persona x industry x company-size x ACV fit weights
M0019_P004,M0019,P004,Customer Intelligence Cloud,Customer Intelligence,Workflow Platform,Enterprise,CRO,Yes,Healthcare,Europe,Enterprise,Strategy,429,0.283,41874124,120000,1.108478,0.11552,4837309,14,345522,0.121,High,High,Normalized persona x industry x company-size x ACV fit weights
M0019_P005,M0019,P005,Competitive Intelligence Radar,Competitive Intelligence,Insights Module,Standard,Strategy,Yes,Healthcare,Europe,Enterprise,Strategy,429,0.283,41874124,90000,1.4457,0.150664,6308918,18,350495,0.121,High,High,Normalized persona x industry x company-size x ACV fit weights
M0019_P006,M0019,P006,Forecasting Platform,Forecasting Platform,Decision Engine,Premium,CFO,Yes,Healthcare,Europe,Enterprise,Strategy,429,0.283,41874124,160000,1.125204,0.117263,4910301,14,350736,0.121,High,High,Normalized persona x industry x company-size x ACV fit weights
M0019_P007,M0019,P007,Workflow Automation Hub,Workflow Automation,Workflow Platform,Standard,Product,Yes,Healthcare,Europe,Enterprise,Strategy,429,0.283,41874124,80000,0.85178,0.088768,3717101,11,337918,0.121,High,High,Normalized persona x industry x company-size x ACV fit weights
M0019_P008,M0019,P008,Executive Insights Portal,Executive Insights,Executive Layer,Premium,CFO,Yes,Healthcare,Europe,Enterprise,Strategy,429,0.283,41874124,110000,0.953185,0.099336,4159624,12,346635,0.121,High,High,Normalized persona x industry x company-size x ACV fit weights
M0020_P001,M0020,P001,Market Intelligence Pro,Market Intelligence,Core Platform,Premium,Strategy,Yes,Healthcare,Europe,Enterprise,Product,741,0.253,99253736,150000,1.062479,0.113562,11271432,21,536735,0.063,High,High,Normalized persona x industry x company-size x ACV fit weights
M0020_P002,M0020,P002,Risk Analytics Suite,Risk Analytics,Analytics Add-on,Premium,CFO,Yes,Healthcare,Europe,Enterprise,Product,741,0.253,99253736,175000,1.245166,0.133088,13209482,25,528379,0.063,High,High,Normalized persona x industry x company-size x ACV fit weights
M0020_P003,M0020,P003,Pricing Intelligence Engine,Pricing Intelligence,Decision Engine,Enterprise,CRO,Yes,Healthcare,Europe,Enterprise,Product,741,0.253,99253736,135000,0.928554,0.099247,9850675,19,518457,0.063,High,High,Normalized persona x industry x company-size x ACV fit weights
M0020_P004,M0020,P004,Customer Intelligence Cloud,Customer Intelligence,Workflow Platform,Enterprise,CRO,Yes,Healthcare,Europe,Enterprise,Product,741,0.253,99253736,120000,1.695319,0.181202,17984985,34,528970,0.063,High,High,Normalized persona x industry x company-size x ACV fit weights
M0020_P005,M0020,P005,Competitive Intelligence Radar,Competitive Intelligence,Insights Module,Standard,Strategy,Yes,Healthcare,Europe,Enterprise,Product,741,0.253,99253736,90000,0.792803,0.084738,8410542,16,525659,0.063,High,High,Normalized persona x industry x company-size x ACV fit weights
M0020_P006,M0020,P006,Forecasting Platform,Forecasting Platform,Decision Engine,Premium,CFO,Yes,Healthcare,Europe,Enterprise,Product,741,0.253,99253736,160000,1.125204,0.120266,11936857,23,518994,0.063,High,High,Normalized persona x industry x company-size x ACV fit weights
M0020_P007,M0020,P007,Workflow Automation Hub,Workflow Automation,Workflow Platform,Standard,Product,Yes,Healthcare,Europe,Enterprise,Product,741,0.253,99253736,80000,1.553246,0.166017,16477789,31,531542,0.063,High,High,Normalized persona x industry x company-size x ACV fit weights
M0020_P008,M0020,P008,Executive Insights Portal,Executive Insights,Executive Layer,Premium,CFO,Yes,Healthcare,Europe,Enterprise,Product,741,0.253,99253736,110000,0.953185,0.10188,10111974,19,532209,0.063,High,High,Normalized persona x industry x company-size x ACV fit weights
M0021_P001,M0021,P001,Market Intelligence Pro,Market Intelligence,Core Platform,Premium,Strategy,Yes,Healthcare,Europe,Mid-Market,CFO,1330,0.416,109256810,150000,0.772712,0.086494,9450091,48,196877,0.077,Medium,High,Normalized persona x industry x company-size x ACV fit weights
M0021_P002,M0021,P002,Risk Analytics Suite,Risk Analytics,Analytics Add-on,Premium,CFO,Yes,Healthcare,Europe,Mid-Market,CFO,1330,0.416,109256810,175000,1.651343,0.184845,20195539,102,197995,0.077,Medium,High,Normalized persona x industry x company-size x ACV fit weights
M0021_P003,M0021,P003,Pricing Intelligence Engine,Pricing Intelligence,Decision Engine,Enterprise,CRO,Yes,Healthcare,Europe,Mid-Market,CFO,1330,0.416,109256810,135000,0.773795,0.086616,9463338,48,197153,0.077,Medium,High,Normalized persona x industry x company-size x ACV fit weights
M0021_P004,M0021,P004,Customer Intelligence Cloud,Customer Intelligence,Workflow Platform,Enterprise,CRO,Yes,Healthcare,Europe,Mid-Market,CFO,1330,0.416,109256810,120000,0.923732,0.103399,11297023,57,198193,0.077,Medium,High,Normalized persona x industry x company-size x ACV fit weights
M0021_P005,M0021,P005,Competitive Intelligence Radar,Competitive Intelligence,Insights Module,Standard,Strategy,Yes,Healthcare,Europe,Mid-Market,CFO,1330,0.416,109256810,90000,0.991004,0.110929,12119748,61,198684,0.077,Medium,High,Normalized persona x industry x company-size x ACV fit weights
M0021_P006,M0021,P006,Forecasting Platform,Forecasting Platform,Decision Engine,Premium,CFO,Yes,Healthcare,Europe,Mid-Market,CFO,1330,0.416,109256810,160000,1.49225,0.167036,18249865,92,198368,0.077,Medium,High,Normalized persona x industry x company-size x ACV fit weights
M0021_P007,M0021,P007,Workflow Automation Hub,Workflow Automation,Workflow Platform,Standard,Product,Yes,Healthcare,Europe,Mid-Market,CFO,1330,0.416,109256810,80000,1.064725,0.119181,13021343,66,197293,0.077,Medium,High,Normalized persona x industry x company-size x ACV fit weights
M0021_P008,M0021,P008,Executive Insights Portal,Executive Insights,Executive Layer,Premium,CFO,Yes,Healthcare,Europe,Mid-Market,CFO,1330,0.416,109256810,110000,1.264118,0.1415,15459863,78,198203,0.077,Medium,High,Normalized persona x industry x company-size x ACV fit weights
M0022_P001,M0022,P001,Market Intelligence Pro,Market Intelligence,Core Platform,Premium,Strategy,Yes,Healthcare,Europe,Mid-Market,CRO,1303,0.337,49234530,150000,0.772712,0.09264,4561064,41,111245,0.07,Medium,High,Normalized persona x industry x company-size x ACV fit weights
M0022_P002,M0022,P002,Risk Analytics Suite,Risk Analytics,Analytics Add-on,Premium,CFO,Yes,Healthcare,Europe,Mid-Market,CRO,1303,0.337,49234530,175000,0.905575,0.108568,5345310,48,111361,0.07,Medium,High,Normalized persona x industry x company-size x ACV fit weights
M0022_P003,M0022,P003,Pricing Intelligence Engine,Pricing Intelligence,Decision Engine,Enterprise,CRO,Yes,Healthcare,Europe,Mid-Market,CRO,1303,0.337,49234530,135000,1.411039,0.169168,8328893,74,112553,0.07,Medium,High,Normalized persona x industry x company-size x ACV fit weights
M0022_P004,M0022,P004,Customer Intelligence Cloud,Customer Intelligence,Workflow Platform,Enterprise,CRO,Yes,Healthcare,Europe,Mid-Market,CRO,1303,0.337,49234530,120000,1.684452,0.201947,9942760,89,111716,0.07,Medium,High,Normalized persona x industry x company-size x ACV fit weights
M0022_P005,M0022,P005,Competitive Intelligence Radar,Competitive Intelligence,Insights Module,Standard,Strategy,Yes,Healthcare,Europe,Mid-Market,CRO,1303,0.337,49234530,90000,0.991004,0.11881,5849568,52,112492,0.07,Medium,High,Normalized persona x industry x company-size x ACV fit weights
M0022_P006,M0022,P006,Forecasting Platform,Forecasting Platform,Decision Engine,Premium,CFO,Yes,Healthcare,Europe,Mid-Market,CRO,1303,0.337,49234530,160000,0.81833,0.098109,4830333,43,112333,0.07,Medium,High,Normalized persona x industry x company-size x ACV fit weights
M0022_P007,M0022,P007,Workflow Automation Hub,Workflow Automation,Workflow Platform,Standard,Product,Yes,Healthcare,Europe,Mid-Market,CRO,1303,0.337,49234530,80000,1.064725,0.127649,6284720,56,112227,0.07,Medium,High,Normalized persona x industry x company-size x ACV fit weights
M0022_P008,M0022,P008,Executive Insights Portal,Executive Insights,Executive Layer,Premium,CFO,Yes,Healthcare,Europe,Mid-Market,CRO,1303,0.337,49234530,110000,0.693226,0.08311,4091882,36,113663,0.07,Medium,High,Normalized persona x industry x company-size x ACV fit weights
M0023_P001,M0023,P001,Market Intelligence Pro,Market Intelligence,Core Platform,Premium,Strategy,Yes,Healthcare,Europe,Mid-Market,Strategy,952,0.222,22754985,150000,1.409064,0.167834,3819063,35,109116,0.13,High,High,Normalized persona x industry x company-size x ACV fit weights
M0023_P002,M0023,P002,Risk Analytics Suite,Risk Analytics,Analytics Add-on,Premium,CFO,Yes,Healthcare,Europe,Mid-Market,Strategy,952,0.222,22754985,175000,0.905575,0.107863,2454431,23,106714,0.13,High,High,Normalized persona x industry x company-size x ACV fit weights
M0023_P003,M0023,P003,Pricing Intelligence Engine,Pricing Intelligence,Decision Engine,Enterprise,CRO,Yes,Healthcare,Europe,Mid-Market,Strategy,952,0.222,22754985,135000,0.773795,0.092167,2097261,19,110382,0.13,High,High,Normalized persona x industry x company-size x ACV fit weights
M0023_P004,M0023,P004,Customer Intelligence Cloud,Customer Intelligence,Workflow Platform,Enterprise,CRO,Yes,Healthcare,Europe,Mid-Market,Strategy,952,0.222,22754985,120000,0.923732,0.110026,2503641,23,108854,0.13,High,High,Normalized persona x industry x company-size x ACV fit weights
M0023_P005,M0023,P005,Competitive Intelligence Radar,Competitive Intelligence,Insights Module,Standard,Strategy,Yes,Healthcare,Europe,Mid-Market,Strategy,952,0.222,22754985,90000,1.807125,0.215247,4897951,45,108843,0.13,High,High,Normalized persona x industry x company-size x ACV fit weights
M0023_P006,M0023,P006,Forecasting Platform,Forecasting Platform,Decision Engine,Premium,CFO,Yes,Healthcare,Europe,Mid-Market,Strategy,952,0.222,22754985,160000,0.81833,0.097472,2217966,21,105617,0.13,High,High,Normalized persona x industry x company-size x ACV fit weights
M0023_P007,M0023,P007,Workflow Automation Hub,Workflow Automation,Workflow Platform,Standard,Product,Yes,Healthcare,Europe,Mid-Market,Strategy,952,0.222,22754985,80000,1.064725,0.12682,2885784,27,106881,0.13,High,High,Normalized persona x industry x company-size x ACV fit weights
M0023_P008,M0023,P008,Executive Insights Portal,Executive Insights,Executive Layer,Premium,CFO,Yes,Healthcare,Europe,Mid-Market,Strategy,952,0.222,22754985,110000,0.693226,0.08257,1878888,17,110523,0.13,High,High,Normalized persona x industry x company-size x ACV fit weights
M0024_P001,M0024,P001,Market Intelligence Pro,Market Intelligence,Core Platform,Premium,Strategy,Yes,Healthcare,Europe,Mid-Market,Product,973,0.292,59158747,150000,0.772712,0.092997,5501609,26,211600,0.049,High,High,Normalized persona x industry x company-size x ACV fit weights
M0024_P002,M0024,P002,Risk Analytics Suite,Risk Analytics,Analytics Add-on,Premium,CFO,Yes,Healthcare,Europe,Mid-Market,Product,973,0.292,59158747,175000,0.905575,0.108988,6447575,31,207986,0.049,High,High,Normalized persona x industry x company-size x ACV fit weights
M0024_P003,M0024,P003,Pricing Intelligence Engine,Pricing Intelligence,Decision Engine,Enterprise,CRO,Yes,Healthcare,Europe,Mid-Market,Product,973,0.292,59158747,135000,0.773795,0.093128,5509321,26,211897,0.049,High,High,Normalized persona x industry x company-size x ACV fit weights
M0024_P004,M0024,P004,Customer Intelligence Cloud,Customer Intelligence,Workflow Platform,Enterprise,CRO,Yes,Healthcare,Europe,Mid-Market,Product,973,0.292,59158747,120000,1.412766,0.170029,10058707,48,209556,0.049,High,High,Normalized persona x industry x company-size x ACV fit weights
M0024_P005,M0024,P005,Competitive Intelligence Radar,Competitive Intelligence,Insights Module,Standard,Strategy,Yes,Healthcare,Europe,Mid-Market,Product,973,0.292,59158747,90000,0.991004,0.119269,7055817,34,207524,0.049,High,High,Normalized persona x industry x company-size x ACV fit weights
M0024_P006,M0024,P006,Forecasting Platform,Forecasting Platform,Decision Engine,Premium,CFO,Yes,Healthcare,Europe,Mid-Market,Product,973,0.292,59158747,160000,0.81833,0.098488,5826405,28,208086,0.049,High,High,Normalized persona x industry x company-size x ACV fit weights
M0024_P007,M0024,P007,Workflow Automation Hub,Workflow Automation,Workflow Platform,Standard,Product,Yes,Healthcare,Europe,Mid-Market,Product,973,0.292,59158747,80000,1.941558,0.23367,13823636,66,209449,0.049,High,High,Normalized persona x industry x company-size x ACV fit weights
M0024_P008,M0024,P008,Executive Insights Portal,Executive Insights,Executive Layer,Premium,CFO,Yes,Healthcare,Europe,Mid-Market,Product,973,0.292,59158747,110000,0.693226,0.083431,4935677,24,205653,0.049,High,High,Normalized persona x industry x company-size x ACV fit weights
M0025_P001,M0025,P001,Market Intelligence Pro,Market Intelligence,Core Platform,Premium,Strategy,Yes,Healthcare,APAC,Strategic,CFO,254,0.343,107888221,150000,1.207363,0.104745,11300748,9,1255639,0.045,Medium,High,Normalized persona x industry x company-size x ACV fit weights
M0025_P002,M0025,P002,Risk Analytics Suite,Risk Analytics,Analytics Add-on,Premium,CFO,Yes,Healthcare,APAC,Strategic,CFO,254,0.343,107888221,175000,2.580223,0.223848,24150530,20,1207526,0.045,Medium,High,Normalized persona x industry x company-size x ACV fit weights
M0025_P003,M0025,P003,Pricing Intelligence Engine,Pricing Intelligence,Decision Engine,Enterprise,CRO,Yes,Healthcare,APAC,Strategic,CFO,254,0.343,107888221,135000,0.889865,0.0772,8329010,7,1189859,0.045,Medium,High,Normalized persona x industry x company-size x ACV fit weights
M0025_P004,M0025,P004,Customer Intelligence Cloud,Customer Intelligence,Workflow Platform,Enterprise,CRO,Yes,Healthcare,APAC,Strategic,CFO,254,0.343,107888221,120000,1.062291,0.092159,9942899,8,1242862,0.045,Medium,High,Normalized persona x industry x company-size x ACV fit weights
M0025_P005,M0025,P005,Competitive Intelligence Radar,Competitive Intelligence,Insights Module,Standard,Strategy,Yes,Healthcare,APAC,Strategic,CFO,254,0.343,107888221,90000,0.713523,0.061902,6678474,5,1335695,0.045,Medium,High,Normalized persona x industry x company-size x ACV fit weights
M0025_P006,M0025,P006,Forecasting Platform,Forecasting Platform,Decision Engine,Premium,CFO,Yes,Healthcare,APAC,Strategic,CFO,254,0.343,107888221,160000,2.33164,0.202282,21823825,18,1212435,0.045,Medium,High,Normalized persona x industry x company-size x ACV fit weights
M0025_P007,M0025,P007,Workflow Automation Hub,Workflow Automation,Workflow Platform,Standard,Product,Yes,Healthcare,APAC,Strategic,CFO,254,0.343,107888221,80000,0.766602,0.066507,7175290,6,1195882,0.045,Medium,High,Normalized persona x industry x company-size x ACV fit weights
M0025_P008,M0025,P008,Executive Insights Portal,Executive Insights,Executive Layer,Premium,CFO,Yes,Healthcare,APAC,Strategic,CFO,254,0.343,107888221,110000,1.975184,0.171357,18487445,15,1232496,0.045,Medium,High,Normalized persona x industry x company-size x ACV fit weights
M0026_P001,M0026,P001,Market Intelligence Pro,Market Intelligence,Core Platform,Premium,Strategy,Yes,Healthcare,APAC,Strategic,CRO,237,0.445,78270016,150000,1.207363,0.120446,9427340,13,725180,0.041,Medium,High,Normalized persona x industry x company-size x ACV fit weights
M0026_P002,M0026,P002,Risk Analytics Suite,Risk Analytics,Analytics Add-on,Premium,CFO,Yes,Healthcare,APAC,Strategic,CRO,237,0.445,78270016,175000,1.414961,0.141156,11048310,15,736554,0.041,Medium,High,Normalized persona x industry x company-size x ACV fit weights
M0026_P003,M0026,P003,Pricing Intelligence Engine,Pricing Intelligence,Decision Engine,Enterprise,CRO,Yes,Healthcare,APAC,Strategic,CRO,237,0.445,78270016,135000,1.622695,0.16188,12670335,17,745314,0.041,Medium,High,Normalized persona x industry x company-size x ACV fit weights
M0026_P004,M0026,P004,Customer Intelligence Cloud,Customer Intelligence,Workflow Platform,Enterprise,CRO,Yes,Healthcare,APAC,Strategic,CRO,237,0.445,78270016,120000,1.93712,0.193247,15125431,20,756272,0.041,Medium,High,Normalized persona x industry x company-size x ACV fit weights
M0026_P005,M0026,P005,Competitive Intelligence Radar,Competitive Intelligence,Insights Module,Standard,Strategy,Yes,Healthcare,APAC,Strategic,CRO,237,0.445,78270016,90000,0.713523,0.071181,5571334,8,696417,0.041,Medium,High,Normalized persona x industry x company-size x ACV fit weights
M0026_P006,M0026,P006,Forecasting Platform,Forecasting Platform,Decision Engine,Premium,CFO,Yes,Healthcare,APAC,Strategic,CRO,237,0.445,78270016,160000,1.278641,0.127557,9983897,13,767992,0.041,Medium,High,Normalized persona x industry x company-size x ACV fit weights
M0026_P007,M0026,P007,Workflow Automation Hub,Workflow Automation,Workflow Platform,Standard,Product,Yes,Healthcare,APAC,Strategic,CRO,237,0.445,78270016,80000,0.766602,0.076476,5985789,8,748224,0.041,Medium,High,Normalized persona x industry x company-size x ACV fit weights
M0026_P008,M0026,P008,Executive Insights Portal,Executive Insights,Executive Layer,Premium,CFO,Yes,Healthcare,APAC,Strategic,CRO,237,0.445,78270016,110000,1.083165,0.108056,8457580,11,768871,0.041,Medium,High,Normalized persona x industry x company-size x ACV fit weights
M0027_P001,M0027,P001,Market Intelligence Pro,Market Intelligence,Core Platform,Premium,Strategy,Yes,Healthcare,APAC,Strategic,Strategy,135,0.269,40687507,150000,2.201662,0.220203,8959520,8,1119940,0.054,Medium,High,Normalized persona x industry x company-size x ACV fit weights
M0027_P002,M0027,P002,Risk Analytics Suite,Risk Analytics,Analytics Add-on,Premium,CFO,Yes,Healthcare,APAC,Strategic,Strategy,135,0.269,40687507,175000,1.414961,0.14152,5758093,5,1151619,0.054,Medium,High,Normalized persona x industry x company-size x ACV fit weights
M0027_P003,M0027,P003,Pricing Intelligence Engine,Pricing Intelligence,Decision Engine,Enterprise,CRO,Yes,Healthcare,APAC,Strategic,Strategy,135,0.269,40687507,135000,0.889865,0.089001,3621247,3,1207082,0.054,Medium,High,Normalized persona x industry x company-size x ACV fit weights
M0027_P004,M0027,P004,Customer Intelligence Cloud,Customer Intelligence,Workflow Platform,Enterprise,CRO,Yes,Healthcare,APAC,Strategic,Strategy,135,0.269,40687507,120000,1.062291,0.106247,4322926,4,1080732,0.054,Medium,High,Normalized persona x industry x company-size x ACV fit weights
M0027_P005,M0027,P005,Competitive Intelligence Radar,Competitive Intelligence,Insights Module,Standard,Strategy,Yes,Healthcare,APAC,Strategic,Strategy,135,0.269,40687507,90000,1.30113,0.130135,5294864,5,1058973,0.054,Medium,High,Normalized persona x industry x company-size x ACV fit weights
M0027_P006,M0027,P006,Forecasting Platform,Forecasting Platform,Decision Engine,Premium,CFO,Yes,Healthcare,APAC,Strategic,Strategy,135,0.269,40687507,160000,1.278641,0.127886,5203348,5,1040670,0.054,Medium,High,Normalized persona x industry x company-size x ACV fit weights
M0027_P007,M0027,P007,Workflow Automation Hub,Workflow Automation,Workflow Platform,Standard,Product,Yes,Healthcare,APAC,Strategic,Strategy,135,0.269,40687507,80000,0.766602,0.076673,3119638,3,1039879,0.054,Medium,High,Normalized persona x industry x company-size x ACV fit weights
M0027_P008,M0027,P008,Executive Insights Portal,Executive Insights,Executive Layer,Premium,CFO,Yes,Healthcare,APAC,Strategic,Strategy,135,0.269,40687507,110000,1.083165,0.108335,4407871,4,1101968,0.054,Medium,High,Normalized persona x industry x company-size x ACV fit weights
M0028_P001,M0028,P001,Market Intelligence Pro,Market Intelligence,Core Platform,Premium,Strategy,Yes,Healthcare,APAC,Strategic,Product,125,0.444,37595566,150000,1.207363,0.125635,4723301,7,674757,0.123,High,High,Normalized persona x industry x company-size x ACV fit weights
M0028_P002,M0028,P002,Risk Analytics Suite,Risk Analytics,Analytics Add-on,Premium,CFO,Yes,Healthcare,APAC,Strategic,Product,125,0.444,37595566,175000,1.414961,0.147237,5535442,8,691930,0.123,High,High,Normalized persona x industry x company-size x ACV fit weights
M0028_P003,M0028,P003,Pricing Intelligence Engine,Pricing Intelligence,Decision Engine,Enterprise,CRO,Yes,Healthcare,APAC,Strategic,Product,125,0.444,37595566,135000,0.889865,0.092597,3481222,5,696244,0.123,High,High,Normalized persona x industry x company-size x ACV fit weights
M0028_P004,M0028,P004,Customer Intelligence Cloud,Customer Intelligence,Workflow Platform,Enterprise,CRO,Yes,Healthcare,APAC,Strategic,Product,125,0.444,37595566,120000,1.624681,0.169059,6355883,9,706209,0.123,High,High,Normalized persona x industry x company-size x ACV fit weights
M0028_P005,M0028,P005,Competitive Intelligence Radar,Competitive Intelligence,Insights Module,Standard,Strategy,Yes,Healthcare,APAC,Strategic,Product,125,0.444,37595566,90000,0.713523,0.074247,2791359,4,697840,0.123,High,High,Normalized persona x industry x company-size x ACV fit weights
M0028_P006,M0028,P006,Forecasting Platform,Forecasting Platform,Decision Engine,Premium,CFO,Yes,Healthcare,APAC,Strategic,Product,125,0.444,37595566,160000,1.278641,0.133052,5002148,7,714593,0.123,High,High,Normalized persona x industry x company-size x ACV fit weights
M0028_P007,M0028,P007,Workflow Automation Hub,Workflow Automation,Workflow Platform,Standard,Product,Yes,Healthcare,APAC,Strategic,Product,125,0.444,37595566,80000,1.397922,0.145463,5468782,8,683598,0.123,High,High,Normalized persona x industry x company-size x ACV fit weights
M0028_P008,M0028,P008,Executive Insights Portal,Executive Insights,Executive Layer,Premium,CFO,Yes,Healthcare,APAC,Strategic,Product,125,0.444,37595566,110000,1.083165,0.112711,4237429,6,706238,0.123,High,High,Normalized persona x industry x company-size x ACV fit weights
M0029_P001,M0029,P001,Market Intelligence Pro,Market Intelligence,Core Platform,Premium,Strategy,Yes,Healthcare,APAC,Enterprise,CFO,423,0.346,85882728,150000,1.062479,0.098335,8445274,14,603234,0.052,Low,High,Normalized persona x industry x company-size x ACV fit weights
M0029_P002,M0029,P002,Risk Analytics Suite,Risk Analytics,Analytics Add-on,Premium,CFO,Yes,Healthcare,APAC,Enterprise,CFO,423,0.346,85882728,175000,2.270597,0.210149,18048172,31,582199,0.052,Low,High,Normalized persona x industry x company-size x ACV fit weights
M0029_P003,M0029,P003,Pricing Intelligence Engine,Pricing Intelligence,Decision Engine,Enterprise,CRO,Yes,Healthcare,APAC,Enterprise,CFO,423,0.346,85882728,135000,0.928554,0.08594,7380753,13,567750,0.052,Low,High,Normalized persona x industry x company-size x ACV fit weights
M0029_P004,M0029,P004,Customer Intelligence Cloud,Customer Intelligence,Workflow Platform,Enterprise,CRO,Yes,Healthcare,APAC,Enterprise,CFO,423,0.346,85882728,120000,1.108478,0.102592,8810901,15,587393,0.052,Low,High,Normalized persona x industry x company-size x ACV fit weights
M0029_P005,M0029,P005,Competitive Intelligence Radar,Competitive Intelligence,Insights Module,Standard,Strategy,Yes,Healthcare,APAC,Enterprise,CFO,423,0.346,85882728,90000,0.792803,0.073376,6301713,11,572883,0.052,Low,High,Normalized persona x industry x company-size x ACV fit weights
M0029_P006,M0029,P006,Forecasting Platform,Forecasting Platform,Decision Engine,Premium,CFO,Yes,Healthcare,APAC,Enterprise,CFO,423,0.346,85882728,160000,2.051843,0.189903,16309379,28,582478,0.052,Low,High,Normalized persona x industry x company-size x ACV fit weights
M0029_P007,M0029,P007,Workflow Automation Hub,Workflow Automation,Workflow Platform,Standard,Product,Yes,Healthcare,APAC,Enterprise,CFO,423,0.346,85882728,80000,0.85178,0.078834,6770501,12,564208,0.052,Low,High,Normalized persona x industry x company-size x ACV fit weights
M0029_P008,M0029,P008,Executive Insights Portal,Executive Insights,Executive Layer,Premium,CFO,Yes,Healthcare,APAC,Enterprise,CFO,423,0.346,85882728,110000,1.738162,0.160871,13816035,24,575668,0.052,Low,High,Normalized persona x industry x company-size x ACV fit weights
M0030_P001,M0030,P001,Market Intelligence Pro,Market Intelligence,Core Platform,Premium,Strategy,Yes,Healthcare,APAC,Enterprise,CRO,487,0.424,113127723,150000,1.062479,0.109026,12333845,23,536254,0.104,Medium,High,Normalized persona x industry x company-size x ACV fit weights
M0030_P002,M0030,P002,Risk Analytics Suite,Risk Analytics,Analytics Add-on,Premium,CFO,Yes,Healthcare,APAC,Enterprise,CRO,487,0.424,113127723,175000,1.245166,0.127772,14454570,26,555945,0.104,Medium,High,Normalized persona x industry x company-size x ACV fit weights
M0030_P003,M0030,P003,Pricing Intelligence Engine,Pricing Intelligence,Decision Engine,Enterprise,CRO,Yes,Healthcare,APAC,Enterprise,CRO,487,0.424,113127723,135000,1.693246,0.173752,19656136,36,546004,0.104,Medium,High,Normalized persona x industry x company-size x ACV fit weights
M0030_P004,M0030,P004,Customer Intelligence Cloud,Customer Intelligence,Workflow Platform,Enterprise,CRO,Yes,Healthcare,APAC,Enterprise,CRO,487,0.424,113127723,120000,2.021342,0.207419,23464852,43,545694,0.104,Medium,High,Normalized persona x industry x company-size x ACV fit weights
M0030_P005,M0030,P005,Competitive Intelligence Radar,Competitive Intelligence,Insights Module,Standard,Strategy,Yes,Healthcare,APAC,Enterprise,CRO,487,0.424,113127723,90000,0.792803,0.081353,9203295,17,541370,0.104,Medium,High,Normalized persona x industry x company-size x ACV fit weights
M0030_P006,M0030,P006,Forecasting Platform,Forecasting Platform,Decision Engine,Premium,CFO,Yes,Healthcare,APAC,Enterprise,CRO,487,0.424,113127723,160000,1.125204,0.115462,13061991,24,544250,0.104,Medium,High,Normalized persona x industry x company-size x ACV fit weights
M0030_P007,M0030,P007,Workflow Automation Hub,Workflow Automation,Workflow Platform,Standard,Product,Yes,Healthcare,APAC,Enterprise,CRO,487,0.424,113127723,80000,0.85178,0.087405,9887934,18,549330,0.104,Medium,High,Normalized persona x industry x company-size x ACV fit weights
M0030_P008,M0030,P008,Executive Insights Portal,Executive Insights,Executive Layer,Premium,CFO,Yes,Healthcare,APAC,Enterprise,CRO,487,0.424,113127723,110000,0.953185,0.097811,11065100,20,553255,0.104,Medium,High,Normalized persona x industry x company-size x ACV fit weights
M0031_P001,M0031,P001,Market Intelligence Pro,Market Intelligence,Core Platform,Premium,Strategy,Yes,Healthcare,APAC,Enterprise,Strategy,507,0.472,165635220,150000,1.937462,0.201913,33443904,48,696748,0.041,Medium,High,Normalized persona x industry x company-size x ACV fit weights
M0031_P002,M0031,P002,Risk Analytics Suite,Risk Analytics,Analytics Add-on,Premium,CFO,Yes,Healthcare,APAC,Enterprise,Strategy,507,0.472,165635220,175000,1.245166,0.129765,21493685,31,693345,0.041,Medium,High,Normalized persona x industry x company-size x ACV fit weights
M0031_P003,M0031,P003,Pricing Intelligence Engine,Pricing Intelligence,Decision Engine,Enterprise,CRO,Yes,Healthcare,APAC,Enterprise,Strategy,507,0.472,165635220,135000,0.928554,0.096769,16028434,23,696888,0.041,Medium,High,Normalized persona x industry x company-size x ACV fit weights
M0031_P004,M0031,P004,Customer Intelligence Cloud,Customer Intelligence,Workflow Platform,Enterprise,CRO,Yes,Healthcare,APAC,Enterprise,Strategy,507,0.472,165635220,120000,1.108478,0.11552,19134220,28,683365,0.041,Medium,High,Normalized persona x industry x company-size x ACV fit weights
M0031_P005,M0031,P005,Competitive Intelligence Radar,Competitive Intelligence,Insights Module,Standard,Strategy,Yes,Healthcare,APAC,Enterprise,Strategy,507,0.472,165635220,90000,1.4457,0.150664,24955246,36,693201,0.041,Medium,High,Normalized persona x industry x company-size x ACV fit weights
M0031_P006,M0031,P006,Forecasting Platform,Forecasting Platform,Decision Engine,Premium,CFO,Yes,Healthcare,APAC,Enterprise,Strategy,507,0.472,165635220,160000,1.125204,0.117263,19422946,28,693677,0.041,Medium,High,Normalized persona x industry x company-size x ACV fit weights
M0031_P007,M0031,P007,Workflow Automation Hub,Workflow Automation,Workflow Platform,Standard,Product,Yes,Healthcare,APAC,Enterprise,Strategy,507,0.472,165635220,80000,0.85178,0.088768,14703179,21,700151,0.041,Medium,High,Normalized persona x industry x company-size x ACV fit weights
M0031_P008,M0031,P008,Executive Insights Portal,Executive Insights,Executive Layer,Premium,CFO,Yes,Healthcare,APAC,Enterprise,Strategy,507,0.472,165635220,110000,0.953185,0.099336,16453606,24,685567,0.041,Medium,High,Normalized persona x industry x company-size x ACV fit weights
M0032_P001,M0032,P001,Market Intelligence Pro,Market Intelligence,Core Platform,Premium,Strategy,Yes,Healthcare,APAC,Enterprise,Product,659,0.235,47667586,150000,1.062479,0.113562,5413216,18,300734,0.042,Low,High,Normalized persona x industry x company-size x ACV fit weights
M0032_P002,M0032,P002,Risk Analytics Suite,Risk Analytics,Analytics Add-on,Premium,CFO,Yes,Healthcare,APAC,Enterprise,Product,659,0.235,47667586,175000,1.245166,0.133088,6343984,21,302094,0.042,Low,High,Normalized persona x industry x company-size x ACV fit weights
M0032_P003,M0032,P003,Pricing Intelligence Engine,Pricing Intelligence,Decision Engine,Enterprise,CRO,Yes,Healthcare,APAC,Enterprise,Product,659,0.235,47667586,135000,0.928554,0.099247,4730884,15,315392,0.042,Low,High,Normalized persona x industry x company-size x ACV fit weights
M0032_P004,M0032,P004,Customer Intelligence Cloud,Customer Intelligence,Workflow Platform,Enterprise,CRO,Yes,Healthcare,APAC,Enterprise,Product,659,0.235,47667586,120000,1.695319,0.181202,8637466,28,308481,0.042,Low,High,Normalized persona x industry x company-size x ACV fit weights
M0032_P005,M0032,P005,Competitive Intelligence Radar,Competitive Intelligence,Insights Module,Standard,Strategy,Yes,Healthcare,APAC,Enterprise,Product,659,0.235,47667586,90000,0.792803,0.084738,4039246,13,310711,0.042,Low,High,Normalized persona x industry x company-size x ACV fit weights
M0032_P006,M0032,P006,Forecasting Platform,Forecasting Platform,Decision Engine,Premium,CFO,Yes,Healthcare,APAC,Enterprise,Product,659,0.235,47667586,160000,1.125204,0.120266,5732793,19,301726,0.042,Low,High,Normalized persona x industry x company-size x ACV fit weights
M0032_P007,M0032,P007,Workflow Automation Hub,Workflow Automation,Workflow Platform,Standard,Product,Yes,Healthcare,APAC,Enterprise,Product,659,0.235,47667586,80000,1.553246,0.166017,7913621,26,304370,0.042,Low,High,Normalized persona x industry x company-size x ACV fit weights
M0032_P008,M0032,P008,Executive Insights Portal,Executive Insights,Executive Layer,Premium,CFO,Yes,Healthcare,APAC,Enterprise,Product,659,0.235,47667586,110000,0.953185,0.10188,4856376,16,303524,0.042,Low,High,Normalized persona x industry x company-size x ACV fit weights
M0033_P001,M0033,P001,Market Intelligence Pro,Market Intelligence,Core Platform,Premium,Strategy,Yes,Healthcare,APAC,Mid-Market,CFO,913,0.465,120030058,150000,0.772712,0.086494,10381916,37,280592,0.039,Low,High,Normalized persona x industry x company-size x ACV fit weights
M0033_P002,M0033,P002,Risk Analytics Suite,Risk Analytics,Analytics Add-on,Premium,CFO,Yes,Healthcare,APAC,Mid-Market,CFO,913,0.465,120030058,175000,1.651343,0.184845,22186917,78,284448,0.039,Low,High,Normalized persona x industry x company-size x ACV fit weights
M0033_P003,M0033,P003,Pricing Intelligence Engine,Pricing Intelligence,Decision Engine,Enterprise,CRO,Yes,Healthcare,APAC,Mid-Market,CFO,913,0.465,120030058,135000,0.773795,0.086616,10396468,37,280986,0.039,Low,High,Normalized persona x industry x company-size x ACV fit weights
M0033_P004,M0033,P004,Customer Intelligence Cloud,Customer Intelligence,Workflow Platform,Enterprise,CRO,Yes,Healthcare,APAC,Mid-Market,CFO,913,0.465,120030058,120000,0.923732,0.103399,12410964,44,282067,0.039,Low,High,Normalized persona x industry x company-size x ACV fit weights
M0033_P005,M0033,P005,Competitive Intelligence Radar,Competitive Intelligence,Insights Module,Standard,Strategy,Yes,Healthcare,APAC,Mid-Market,CFO,913,0.465,120030058,90000,0.991004,0.110929,13314813,47,283294,0.039,Low,High,Normalized persona x industry x company-size x ACV fit weights
M0033_P006,M0033,P006,Forecasting Platform,Forecasting Platform,Decision Engine,Premium,CFO,Yes,Healthcare,APAC,Mid-Market,CFO,913,0.465,120030058,160000,1.49225,0.167036,20049390,71,282386,0.039,Low,High,Normalized persona x industry x company-size x ACV fit weights
M0033_P007,M0033,P007,Workflow Automation Hub,Workflow Automation,Workflow Platform,Standard,Product,Yes,Healthcare,APAC,Mid-Market,CFO,913,0.465,120030058,80000,1.064725,0.119181,14305310,51,280496,0.039,Low,High,Normalized persona x industry x company-size x ACV fit weights
M0033_P008,M0033,P008,Executive Insights Portal,Executive Insights,Executive Layer,Premium,CFO,Yes,Healthcare,APAC,Mid-Market,CFO,913,0.465,120030058,110000,1.264118,0.1415,16984280,60,283071,0.039,Low,High,Normalized persona x industry x company-size x ACV fit weights
M0034_P001,M0034,P001,Market Intelligence Pro,Market Intelligence,Core Platform,Premium,Strategy,Yes,Healthcare,APAC,Mid-Market,CRO,1096,0.273,50150387,150000,0.772712,0.09264,4645909,28,165925,0.077,Medium,High,Normalized persona x industry x company-size x ACV fit weights
M0034_P002,M0034,P002,Risk Analytics Suite,Risk Analytics,Analytics Add-on,Premium,CFO,Yes,Healthcare,APAC,Mid-Market,CRO,1096,0.273,50150387,175000,0.905575,0.108568,5444743,32,170148,0.077,Medium,High,Normalized persona x industry x company-size x ACV fit weights
M0034_P003,M0034,P003,Pricing Intelligence Engine,Pricing Intelligence,Decision Engine,Enterprise,CRO,Yes,Healthcare,APAC,Mid-Market,CRO,1096,0.273,50150387,135000,1.411039,0.169168,8483827,51,166350,0.077,Medium,High,Normalized persona x industry x company-size x ACV fit weights
M0034_P004,M0034,P004,Customer Intelligence Cloud,Customer Intelligence,Workflow Platform,Enterprise,CRO,Yes,Healthcare,APAC,Mid-Market,CRO,1096,0.273,50150387,120000,1.684452,0.201947,10127715,60,168795,0.077,Medium,High,Normalized persona x industry x company-size x ACV fit weights
M0034_P005,M0034,P005,Competitive Intelligence Radar,Competitive Intelligence,Insights Module,Standard,Strategy,Yes,Healthcare,APAC,Mid-Market,CRO,1096,0.273,50150387,90000,0.991004,0.11881,5958381,36,165511,0.077,Medium,High,Normalized persona x industry x company-size x ACV fit weights
M0034_P006,M0034,P006,Forecasting Platform,Forecasting Platform,Decision Engine,Premium,CFO,Yes,Healthcare,APAC,Mid-Market,CRO,1096,0.273,50150387,160000,0.81833,0.098109,4920187,29,169662,0.077,Medium,High,Normalized persona x industry x company-size x ACV fit weights
M0034_P007,M0034,P007,Workflow Automation Hub,Workflow Automation,Workflow Platform,Standard,Product,Yes,Healthcare,APAC,Mid-Market,CRO,1096,0.273,50150387,80000,1.064725,0.127649,6401628,38,168464,0.077,Medium,High,Normalized persona x industry x company-size x ACV fit weights
M0034_P008,M0034,P008,Executive Insights Portal,Executive Insights,Executive Layer,Premium,CFO,Yes,Healthcare,APAC,Mid-Market,CRO,1096,0.273,50150387,110000,0.693226,0.08311,4167997,25,166720,0.077,Medium,High,Normalized persona x industry x company-size x ACV fit weights
M0035_P001,M0035,P001,Market Intelligence Pro,Market Intelligence,Core Platform,Premium,Strategy,Yes,Healthcare,APAC,Mid-Market,Strategy,1167,0.462,113295664,150000,1.409064,0.167834,19014879,90,211276,0.1,Medium,High,Normalized persona x industry x company-size x ACV fit weights
M0035_P002,M0035,P002,Risk Analytics Suite,Risk Analytics,Analytics Add-on,Premium,CFO,Yes,Healthcare,APAC,Mid-Market,Strategy,1167,0.462,113295664,175000,0.905575,0.107863,12220458,58,210698,0.1,Medium,High,Normalized persona x industry x company-size x ACV fit weights
M0035_P003,M0035,P003,Pricing Intelligence Engine,Pricing Intelligence,Decision Engine,Enterprise,CRO,Yes,Healthcare,APAC,Mid-Market,Strategy,1167,0.462,113295664,135000,0.773795,0.092167,10442131,50,208843,0.1,Medium,High,Normalized persona x industry x company-size x ACV fit weights
M0035_P004,M0035,P004,Customer Intelligence Cloud,Customer Intelligence,Workflow Platform,Enterprise,CRO,Yes,Healthcare,APAC,Mid-Market,Strategy,1167,0.462,113295664,120000,0.923732,0.110026,12465474,59,211279,0.1,Medium,High,Normalized persona x industry x company-size x ACV fit weights
M0035_P005,M0035,P005,Competitive Intelligence Radar,Competitive Intelligence,Insights Module,Standard,Strategy,Yes,Healthcare,APAC,Mid-Market,Strategy,1167,0.462,113295664,90000,1.807125,0.215247,24386595,116,210229,0.1,Medium,High,Normalized persona x industry x company-size x ACV fit weights
M0035_P006,M0035,P006,Forecasting Platform,Forecasting Platform,Decision Engine,Premium,CFO,Yes,Healthcare,APAC,Mid-Market,Strategy,1167,0.462,113295664,160000,0.81833,0.097472,11043118,53,208361,0.1,Medium,High,Normalized persona x industry x company-size x ACV fit weights
M0035_P007,M0035,P007,Workflow Automation Hub,Workflow Automation,Workflow Platform,Standard,Product,Yes,Healthcare,APAC,Mid-Market,Strategy,1167,0.462,113295664,80000,1.064725,0.12682,14368141,68,211296,0.1,Medium,High,Normalized persona x industry x company-size x ACV fit weights
M0035_P008,M0035,P008,Executive Insights Portal,Executive Insights,Executive Layer,Premium,CFO,Yes,Healthcare,APAC,Mid-Market,Strategy,1167,0.462,113295664,110000,0.693226,0.08257,9354868,45,207886,0.1,Medium,High,Normalized persona x industry x company-size x ACV fit weights
M0036_P001,M0036,P001,Market Intelligence Pro,Market Intelligence,Core Platform,Premium,Strategy,Yes,Healthcare,APAC,Mid-Market,Product,1454,0.275,65311898,150000,0.772712,0.092997,6073836,37,164158,0.127,High,High,Normalized persona x industry x company-size x ACV fit weights
M0036_P002,M0036,P002,Risk Analytics Suite,Risk Analytics,Analytics Add-on,Premium,CFO,Yes,Healthcare,APAC,Mid-Market,Product,1454,0.275,65311898,175000,0.905575,0.108988,7118193,44,161777,0.127,High,High,Normalized persona x industry x company-size x ACV fit weights
M0036_P003,M0036,P003,Pricing Intelligence Engine,Pricing Intelligence,Decision Engine,Enterprise,CRO,Yes,Healthcare,APAC,Mid-Market,Product,1454,0.275,65311898,135000,0.773795,0.093128,6082350,37,164388,0.127,High,High,Normalized persona x industry x company-size x ACV fit weights
M0036_P004,M0036,P004,Customer Intelligence Cloud,Customer Intelligence,Workflow Platform,Enterprise,CRO,Yes,Healthcare,APAC,Mid-Market,Product,1454,0.275,65311898,120000,1.412766,0.170029,11104922,68,163308,0.127,High,High,Normalized persona x industry x company-size x ACV fit weights
M0036_P005,M0036,P005,Competitive Intelligence Radar,Competitive Intelligence,Insights Module,Standard,Strategy,Yes,Healthcare,APAC,Mid-Market,Product,1454,0.275,65311898,90000,0.991004,0.119269,7789699,48,162285,0.127,High,High,Normalized persona x industry x company-size x ACV fit weights
M0036_P006,M0036,P006,Forecasting Platform,Forecasting Platform,Decision Engine,Premium,CFO,Yes,Healthcare,APAC,Mid-Market,Product,1454,0.275,65311898,160000,0.81833,0.098488,6432414,39,164934,0.127,High,High,Normalized persona x industry x company-size x ACV fit weights
M0036_P007,M0036,P007,Workflow Automation Hub,Workflow Automation,Workflow Platform,Standard,Product,Yes,Healthcare,APAC,Mid-Market,Product,1454,0.275,65311898,80000,1.941558,0.23367,15261444,93,164102,0.127,High,High,Normalized persona x industry x company-size x ACV fit weights
M0036_P008,M0036,P008,Executive Insights Portal,Executive Insights,Executive Layer,Premium,CFO,Yes,Healthcare,APAC,Mid-Market,Product,1454,0.275,65311898,110000,0.693226,0.083431,5449040,33,165122,0.127,High,High,Normalized persona x industry x company-size x ACV fit weights
M0037_P001,M0037,P001,Market Intelligence Pro,Market Intelligence,Core Platform,Premium,Strategy,Yes,Healthcare,Middle East,Strategic,CFO,105,0.334,39008143,150000,1.207363,0.104745,4085907,4,1021477,0.036,High,High,Normalized persona x industry x company-size x ACV fit weights
M0037_P002,M0037,P002,Risk Analytics Suite,Risk Analytics,Analytics Add-on,Premium,CFO,Yes,Healthcare,Middle East,Strategic,CFO,105,0.334,39008143,175000,2.580223,0.223848,8731883,8,1091485,0.036,High,High,Normalized persona x industry x company-size x ACV fit weights
M0037_P003,M0037,P003,Pricing Intelligence Engine,Pricing Intelligence,Decision Engine,Enterprise,CRO,Yes,Healthcare,Middle East,Strategic,CFO,105,0.334,39008143,135000,0.889865,0.0772,3011443,3,1003814,0.036,High,High,Normalized persona x industry x company-size x ACV fit weights
M0037_P004,M0037,P004,Customer Intelligence Cloud,Customer Intelligence,Workflow Platform,Enterprise,CRO,Yes,Healthcare,Middle East,Strategic,CFO,105,0.334,39008143,120000,1.062291,0.092159,3594962,3,1198321,0.036,High,High,Normalized persona x industry x company-size x ACV fit weights
M0037_P005,M0037,P005,Competitive Intelligence Radar,Competitive Intelligence,Insights Module,Standard,Strategy,Yes,Healthcare,Middle East,Strategic,CFO,105,0.334,39008143,90000,0.713523,0.061902,2414674,2,1207337,0.036,High,High,Normalized persona x industry x company-size x ACV fit weights
M0037_P006,M0037,P006,Forecasting Platform,Forecasting Platform,Decision Engine,Premium,CFO,Yes,Healthcare,Middle East,Strategic,CFO,105,0.334,39008143,160000,2.33164,0.202282,7890638,7,1127234,0.036,High,High,Normalized persona x industry x company-size x ACV fit weights
M0037_P007,M0037,P007,Workflow Automation Hub,Workflow Automation,Workflow Platform,Standard,Product,Yes,Healthcare,Middle East,Strategic,CFO,105,0.334,39008143,80000,0.766602,0.066507,2594303,2,1297152,0.036,High,High,Normalized persona x industry x company-size x ACV fit weights
M0037_P008,M0037,P008,Executive Insights Portal,Executive Insights,Executive Layer,Premium,CFO,Yes,Healthcare,Middle East,Strategic,CFO,105,0.334,39008143,110000,1.975184,0.171357,6684333,6,1114056,0.036,High,High,Normalized persona x industry x company-size x ACV fit weights
M0038_P001,M0038,P001,Market Intelligence Pro,Market Intelligence,Core Platform,Premium,Strategy,Yes,Healthcare,Middle East,Strategic,CRO,94,0.464,36216750,150000,1.207363,0.120446,4362176,5,872435,0.128,Medium,High,Normalized persona x industry x company-size x ACV fit weights
M0038_P002,M0038,P002,Risk Analytics Suite,Risk Analytics,Analytics Add-on,Premium,CFO,Yes,Healthcare,Middle East,Strategic,CRO,94,0.464,36216750,175000,1.414961,0.141156,5112224,6,852037,0.128,Medium,High,Normalized persona x industry x company-size x ACV fit weights
M0038_P003,M0038,P003,Pricing Intelligence Engine,Pricing Intelligence,Decision Engine,Enterprise,CRO,Yes,Healthcare,Middle East,Strategic,CRO,94,0.464,36216750,135000,1.622695,0.16188,5862760,7,837537,0.128,Medium,High,Normalized persona x industry x company-size x ACV fit weights
M0038_P004,M0038,P004,Customer Intelligence Cloud,Customer Intelligence,Workflow Platform,Enterprise,CRO,Yes,Healthcare,Middle East,Strategic,CRO,94,0.464,36216750,120000,1.93712,0.193247,6998772,8,874846,0.128,Medium,High,Normalized persona x industry x company-size x ACV fit weights
M0038_P005,M0038,P005,Competitive Intelligence Radar,Competitive Intelligence,Insights Module,Standard,Strategy,Yes,Healthcare,Middle East,Strategic,CRO,94,0.464,36216750,90000,0.713523,0.071181,2577943,3,859314,0.128,Medium,High,Normalized persona x industry x company-size x ACV fit weights
M0038_P006,M0038,P006,Forecasting Platform,Forecasting Platform,Decision Engine,Premium,CFO,Yes,Healthcare,Middle East,Strategic,CRO,94,0.464,36216750,160000,1.278641,0.127557,4619704,6,769951,0.128,Medium,High,Normalized persona x industry x company-size x ACV fit weights
M0038_P007,M0038,P007,Workflow Automation Hub,Workflow Automation,Workflow Platform,Standard,Product,Yes,Healthcare,Middle East,Strategic,CRO,94,0.464,36216750,80000,0.766602,0.076476,2769717,3,923239,0.128,Medium,High,Normalized persona x industry x company-size x ACV fit weights
M0038_P008,M0038,P008,Executive Insights Portal,Executive Insights,Executive Layer,Premium,CFO,Yes,Healthcare,Middle East,Strategic,CRO,94,0.464,36216750,110000,1.083165,0.108056,3913454,5,782691,0.128,Medium,High,Normalized persona x industry x company-size x ACV fit weights
M0039_P001,M0039,P001,Market Intelligence Pro,Market Intelligence,Core Platform,Premium,Strategy,Yes,Healthcare,Middle East,Strategic,Strategy,71,0.377,27022250,150000,2.201662,0.220203,5950387,6,991731,0.088,Medium,High,Normalized persona x industry x company-size x ACV fit weights
M0039_P002,M0039,P002,Risk Analytics Suite,Risk Analytics,Analytics Add-on,Premium,CFO,Yes,Healthcare,Middle East,Strategic,Strategy,71,0.377,27022250,175000,1.414961,0.14152,3824187,4,956047,0.088,Medium,High,Normalized persona x industry x company-size x ACV fit weights
M0039_P003,M0039,P003,Pricing Intelligence Engine,Pricing Intelligence,Decision Engine,Enterprise,CRO,Yes,Healthcare,Middle East,Strategic,Strategy,71,0.377,27022250,135000,0.889865,0.089001,2405019,2,1202510,0.088,Medium,High,Normalized persona x industry x company-size x ACV fit weights
M0039_P004,M0039,P004,Customer Intelligence Cloud,Customer Intelligence,Workflow Platform,Enterprise,CRO,Yes,Healthcare,Middle East,Strategic,Strategy,71,0.377,27022250,120000,1.062291,0.106247,2871033,3,957011,0.088,Medium,High,Normalized persona x industry x company-size x ACV fit weights
M0039_P005,M0039,P005,Competitive Intelligence Radar,Competitive Intelligence,Insights Module,Standard,Strategy,Yes,Healthcare,Middle East,Strategic,Strategy,71,0.377,27022250,90000,1.30113,0.130135,3516537,3,1172179,0.088,Medium,High,Normalized persona x industry x company-size x ACV fit weights
M0039_P006,M0039,P006,Forecasting Platform,Forecasting Platform,Decision Engine,Premium,CFO,Yes,Healthcare,Middle East,Strategic,Strategy,71,0.377,27022250,160000,1.278641,0.127886,3455758,3,1151919,0.088,Medium,High,Normalized persona x industry x company-size x ACV fit weights
M0039_P007,M0039,P007,Workflow Automation Hub,Workflow Automation,Workflow Platform,Standard,Product,Yes,Healthcare,Middle East,Strategic,Strategy,71,0.377,27022250,80000,0.766602,0.076673,2071880,2,1035940,0.088,Medium,High,Normalized persona x industry x company-size x ACV fit weights
M0039_P008,M0039,P008,Executive Insights Portal,Executive Insights,Executive Layer,Premium,CFO,Yes,Healthcare,Middle East,Strategic,Strategy,71,0.377,27022250,110000,1.083165,0.108335,2927449,3,975816,0.088,Medium,High,Normalized persona x industry x company-size x ACV fit weights
M0040_P001,M0040,P001,Market Intelligence Pro,Market Intelligence,Core Platform,Premium,Strategy,Yes,Healthcare,Middle East,Strategic,Product,56,0.33,15636075,150000,1.207363,0.125635,1964431,2,982216,0.07,Low,High,Normalized persona x industry x company-size x ACV fit weights
M0040_P002,M0040,P002,Risk Analytics Suite,Risk Analytics,Analytics Add-on,Premium,CFO,Yes,Healthcare,Middle East,Strategic,Product,56,0.33,15636075,175000,1.414961,0.147237,2302202,3,767401,0.07,Low,High,Normalized persona x industry x company-size x ACV fit weights
M0040_P003,M0040,P003,Pricing Intelligence Engine,Pricing Intelligence,Decision Engine,Enterprise,CRO,Yes,Healthcare,Middle East,Strategic,Product,56,0.33,15636075,135000,0.889865,0.092597,1447848,2,723924,0.07,Low,High,Normalized persona x industry x company-size x ACV fit weights
M0040_P004,M0040,P004,Customer Intelligence Cloud,Customer Intelligence,Workflow Platform,Enterprise,CRO,Yes,Healthcare,Middle East,Strategic,Product,56,0.33,15636075,120000,1.624681,0.169059,2643425,3,881142,0.07,Low,High,Normalized persona x industry x company-size x ACV fit weights
M0040_P005,M0040,P005,Competitive Intelligence Radar,Competitive Intelligence,Insights Module,Standard,Strategy,Yes,Healthcare,Middle East,Strategic,Product,56,0.33,15636075,90000,0.713523,0.074247,1160932,1,1160932,0.07,Low,High,Normalized persona x industry x company-size x ACV fit weights
M0040_P006,M0040,P006,Forecasting Platform,Forecasting Platform,Decision Engine,Premium,CFO,Yes,Healthcare,Middle East,Strategic,Product,56,0.33,15636075,160000,1.278641,0.133052,2080404,2,1040202,0.07,Low,High,Normalized persona x industry x company-size x ACV fit weights
M0040_P007,M0040,P007,Workflow Automation Hub,Workflow Automation,Workflow Platform,Standard,Product,Yes,Healthcare,Middle East,Strategic,Product,56,0.33,15636075,80000,1.397922,0.145463,2274478,3,758159,0.07,Low,High,Normalized persona x industry x company-size x ACV fit weights
M0040_P008,M0040,P008,Executive Insights Portal,Executive Insights,Executive Layer,Premium,CFO,Yes,Healthcare,Middle East,Strategic,Product,56,0.33,15636075,110000,1.083165,0.112711,1762355,2,881178,0.07,Low,High,Normalized persona x industry x company-size x ACV fit weights
M0041_P001,M0041,P001,Market Intelligence Pro,Market Intelligence,Core Platform,Premium,Strategy,Yes,Healthcare,Middle East,Enterprise,CFO,200,0.335,45773555,150000,1.062479,0.098335,4501140,7,643020,0.047,High,High,Normalized persona x industry x company-size x ACV fit weights
M0041_P002,M0041,P002,Risk Analytics Suite,Risk Analytics,Analytics Add-on,Premium,CFO,Yes,Healthcare,Middle East,Enterprise,CFO,200,0.335,45773555,175000,2.270597,0.210149,9619268,14,687091,0.047,High,High,Normalized persona x industry x company-size x ACV fit weights
M0041_P003,M0041,P003,Pricing Intelligence Engine,Pricing Intelligence,Decision Engine,Enterprise,CRO,Yes,Healthcare,Middle East,Enterprise,CFO,200,0.335,45773555,135000,0.928554,0.08594,3933774,6,655629,0.047,High,High,Normalized persona x industry x company-size x ACV fit weights
M0041_P004,M0041,P004,Customer Intelligence Cloud,Customer Intelligence,Workflow Platform,Enterprise,CRO,Yes,Healthcare,Middle East,Enterprise,CFO,200,0.335,45773555,120000,1.108478,0.102592,4696011,7,670859,0.047,High,High,Normalized persona x industry x company-size x ACV fit weights
M0041_P005,M0041,P005,Competitive Intelligence Radar,Competitive Intelligence,Insights Module,Standard,Strategy,Yes,Healthcare,Middle East,Enterprise,CFO,200,0.335,45773555,90000,0.792803,0.073376,3358671,5,671734,0.047,High,High,Normalized persona x industry x company-size x ACV fit weights
M0041_P006,M0041,P006,Forecasting Platform,Forecasting Platform,Decision Engine,Premium,CFO,Yes,Healthcare,Middle East,Enterprise,CFO,200,0.335,45773555,160000,2.051843,0.189903,8692531,13,668656,0.047,High,High,Normalized persona x industry x company-size x ACV fit weights
M0041_P007,M0041,P007,Workflow Automation Hub,Workflow Automation,Workflow Platform,Standard,Product,Yes,Healthcare,Middle East,Enterprise,CFO,200,0.335,45773555,80000,0.85178,0.078834,3608524,5,721705,0.047,High,High,Normalized persona x industry x company-size x ACV fit weights
M0041_P008,M0041,P008,Executive Insights Portal,Executive Insights,Executive Layer,Premium,CFO,Yes,Healthcare,Middle East,Enterprise,CFO,200,0.335,45773555,110000,1.738162,0.160871,7363636,11,669421,0.047,High,High,Normalized persona x industry x company-size x ACV fit weights
M0042_P001,M0042,P001,Market Intelligence Pro,Market Intelligence,Core Platform,Premium,Strategy,Yes,Healthcare,Middle East,Enterprise,CRO,320,0.437,77135548,150000,1.062479,0.109026,8409768,15,560651,0.039,Medium,High,Normalized persona x industry x company-size x ACV fit weights
M0042_P002,M0042,P002,Risk Analytics Suite,Risk Analytics,Analytics Add-on,Premium,CFO,Yes,Healthcare,Middle East,Enterprise,CRO,320,0.437,77135548,175000,1.245166,0.127772,9855773,18,547543,0.039,Medium,High,Normalized persona x industry x company-size x ACV fit weights
M0042_P003,M0042,P003,Pricing Intelligence Engine,Pricing Intelligence,Decision Engine,Enterprise,CRO,Yes,Healthcare,Middle East,Enterprise,CRO,320,0.437,77135548,135000,1.693246,0.173752,13402434,24,558435,0.039,Medium,High,Normalized persona x industry x company-size x ACV fit weights
M0042_P004,M0042,P004,Customer Intelligence Cloud,Customer Intelligence,Workflow Platform,Enterprise,CRO,Yes,Healthcare,Middle East,Enterprise,CRO,320,0.437,77135548,120000,2.021342,0.207419,15999387,29,551703,0.039,Medium,High,Normalized persona x industry x company-size x ACV fit weights
M0042_P005,M0042,P005,Competitive Intelligence Radar,Competitive Intelligence,Insights Module,Standard,Strategy,Yes,Healthcare,Middle East,Enterprise,CRO,320,0.437,77135548,90000,0.792803,0.081353,6275219,11,570474,0.039,Medium,High,Normalized persona x industry x company-size x ACV fit weights
M0042_P006,M0042,P006,Forecasting Platform,Forecasting Platform,Decision Engine,Premium,CFO,Yes,Healthcare,Middle East,Enterprise,CRO,320,0.437,77135548,160000,1.125204,0.115462,8906250,16,556641,0.039,Medium,High,Normalized persona x industry x company-size x ACV fit weights
M0042_P007,M0042,P007,Workflow Automation Hub,Workflow Automation,Workflow Platform,Standard,Product,Yes,Healthcare,Middle East,Enterprise,CRO,320,0.437,77135548,80000,0.85178,0.087405,6742036,12,561836,0.039,Medium,High,Normalized persona x industry x company-size x ACV fit weights
M0042_P008,M0042,P008,Executive Insights Portal,Executive Insights,Executive Layer,Premium,CFO,Yes,Healthcare,Middle East,Enterprise,CRO,320,0.437,77135548,110000,0.953185,0.097811,7544681,14,538906,0.039,Medium,High,Normalized persona x industry x company-size x ACV fit weights
M0043_P001,M0043,P001,Market Intelligence Pro,Market Intelligence,Core Platform,Premium,Strategy,Yes,Healthcare,Middle East,Enterprise,Strategy,261,0.397,50298696,150000,1.937462,0.201913,10155961,21,483617,0.128,Medium,High,Normalized persona x industry x company-size x ACV fit weights
M0043_P002,M0043,P002,Risk Analytics Suite,Risk Analytics,Analytics Add-on,Premium,CFO,Yes,Healthcare,Middle East,Enterprise,Strategy,261,0.397,50298696,175000,1.245166,0.129765,6527020,13,502078,0.128,Medium,High,Normalized persona x industry x company-size x ACV fit weights
M0043_P003,M0043,P003,Pricing Intelligence Engine,Pricing Intelligence,Decision Engine,Enterprise,CRO,Yes,Healthcare,Middle East,Enterprise,Strategy,261,0.397,50298696,135000,0.928554,0.096769,4867379,10,486738,0.128,Medium,High,Normalized persona x industry x company-size x ACV fit weights
M0043_P004,M0043,P004,Customer Intelligence Cloud,Customer Intelligence,Workflow Platform,Enterprise,CRO,Yes,Healthcare,Middle East,Enterprise,Strategy,261,0.397,50298696,120000,1.108478,0.11552,5810517,12,484210,0.128,Medium,High,Normalized persona x industry x company-size x ACV fit weights
M0043_P005,M0043,P005,Competitive Intelligence Radar,Competitive Intelligence,Insights Module,Standard,Strategy,Yes,Healthcare,Middle East,Enterprise,Strategy,261,0.397,50298696,90000,1.4457,0.150664,7578197,16,473637,0.128,Medium,High,Normalized persona x industry x company-size x ACV fit weights
M0043_P006,M0043,P006,Forecasting Platform,Forecasting Platform,Decision Engine,Premium,CFO,Yes,Healthcare,Middle East,Enterprise,Strategy,261,0.397,50298696,160000,1.125204,0.117263,5898195,12,491516,0.128,Medium,High,Normalized persona x industry x company-size x ACV fit weights
M0043_P007,M0043,P007,Workflow Automation Hub,Workflow Automation,Workflow Platform,Standard,Product,Yes,Healthcare,Middle East,Enterprise,Strategy,261,0.397,50298696,80000,0.85178,0.088768,4464937,9,496104,0.128,Medium,High,Normalized persona x industry x company-size x ACV fit weights
M0043_P008,M0043,P008,Executive Insights Portal,Executive Insights,Executive Layer,Premium,CFO,Yes,Healthcare,Middle East,Enterprise,Strategy,261,0.397,50298696,110000,0.953185,0.099336,4996490,10,499649,0.128,Medium,High,Normalized persona x industry x company-size x ACV fit weights
M0044_P001,M0044,P001,Market Intelligence Pro,Market Intelligence,Core Platform,Premium,Strategy,Yes,Healthcare,Middle East,Enterprise,Product,224,0.262,27263211,150000,1.062479,0.113562,3096059,7,442294,0.054,High,High,Normalized persona x industry x company-size x ACV fit weights
M0044_P002,M0044,P002,Risk Analytics Suite,Risk Analytics,Analytics Add-on,Premium,CFO,Yes,Healthcare,Middle East,Enterprise,Product,224,0.262,27263211,175000,1.245166,0.133088,3628406,8,453551,0.054,High,High,Normalized persona x industry x company-size x ACV fit weights
M0044_P003,M0044,P003,Pricing Intelligence Engine,Pricing Intelligence,Decision Engine,Enterprise,CRO,Yes,Healthcare,Middle East,Enterprise,Product,224,0.262,27263211,135000,0.928554,0.099247,2705803,6,450967,0.054,High,High,Normalized persona x industry x company-size x ACV fit weights
M0044_P004,M0044,P004,Customer Intelligence Cloud,Customer Intelligence,Workflow Platform,Enterprise,CRO,Yes,Healthcare,Middle East,Enterprise,Product,224,0.262,27263211,120000,1.695319,0.181202,4940151,11,449105,0.054,High,High,Normalized persona x industry x company-size x ACV fit weights
M0044_P005,M0044,P005,Competitive Intelligence Radar,Competitive Intelligence,Insights Module,Standard,Strategy,Yes,Healthcare,Middle East,Enterprise,Product,224,0.262,27263211,90000,0.792803,0.084738,2310224,5,462045,0.054,High,High,Normalized persona x industry x company-size x ACV fit weights
M0044_P006,M0044,P006,Forecasting Platform,Forecasting Platform,Decision Engine,Premium,CFO,Yes,Healthcare,Middle East,Enterprise,Product,224,0.262,27263211,160000,1.125204,0.120266,3278839,7,468406,0.054,High,High,Normalized persona x industry x company-size x ACV fit weights
M0044_P007,M0044,P007,Workflow Automation Hub,Workflow Automation,Workflow Platform,Standard,Product,Yes,Healthcare,Middle East,Enterprise,Product,224,0.262,27263211,80000,1.553246,0.166017,4526151,10,452615,0.054,High,High,Normalized persona x industry x company-size x ACV fit weights
M0044_P008,M0044,P008,Executive Insights Portal,Executive Insights,Executive Layer,Premium,CFO,Yes,Healthcare,Middle East,Enterprise,Product,224,0.262,27263211,110000,0.953185,0.10188,2777578,6,462930,0.054,High,High,Normalized persona x industry x company-size x ACV fit weights
M0045_P001,M0045,P001,Market Intelligence Pro,Market Intelligence,Core Platform,Premium,Strategy,Yes,Healthcare,Middle East,Mid-Market,CFO,897,0.411,55850027,150000,0.772712,0.086494,4830709,32,150960,0.118,Low,High,Normalized persona x industry x company-size x ACV fit weights
M0045_P002,M0045,P002,Risk Analytics Suite,Risk Analytics,Analytics Add-on,Premium,CFO,Yes,Healthcare,Middle East,Mid-Market,CFO,897,0.411,55850027,175000,1.651343,0.184845,10323580,68,151817,0.118,Low,High,Normalized persona x industry x company-size x ACV fit weights
M0045_P003,M0045,P003,Pricing Intelligence Engine,Pricing Intelligence,Decision Engine,Enterprise,CRO,Yes,Healthcare,Middle East,Mid-Market,CFO,897,0.411,55850027,135000,0.773795,0.086616,4837480,32,151171,0.118,Low,High,Normalized persona x industry x company-size x ACV fit weights
M0045_P004,M0045,P004,Customer Intelligence Cloud,Customer Intelligence,Workflow Platform,Enterprise,CRO,Yes,Healthcare,Middle East,Mid-Market,CFO,897,0.411,55850027,120000,0.923732,0.103399,5774826,38,151969,0.118,Low,High,Normalized persona x industry x company-size x ACV fit weights
M0045_P005,M0045,P005,Competitive Intelligence Radar,Competitive Intelligence,Insights Module,Standard,Strategy,Yes,Healthcare,Middle East,Mid-Market,CFO,897,0.411,55850027,90000,0.991004,0.110929,6195387,41,151107,0.118,Low,High,Normalized persona x industry x company-size x ACV fit weights
M0045_P006,M0045,P006,Forecasting Platform,Forecasting Platform,Decision Engine,Premium,CFO,Yes,Healthcare,Middle East,Mid-Market,CFO,897,0.411,55850027,160000,1.49225,0.167036,9328988,62,150468,0.118,Low,High,Normalized persona x industry x company-size x ACV fit weights
M0045_P007,M0045,P007,Workflow Automation Hub,Workflow Automation,Workflow Platform,Standard,Product,Yes,Healthcare,Middle East,Mid-Market,CFO,897,0.411,55850027,80000,1.064725,0.119181,6656265,44,151279,0.118,Low,High,Normalized persona x industry x company-size x ACV fit weights
M0045_P008,M0045,P008,Executive Insights Portal,Executive Insights,Executive Layer,Premium,CFO,Yes,Healthcare,Middle East,Mid-Market,CFO,897,0.411,55850027,110000,1.264118,0.1415,7902792,52,151977,0.118,Low,High,Normalized persona x industry x company-size x ACV fit weights
M0046_P001,M0046,P001,Market Intelligence Pro,Market Intelligence,Core Platform,Premium,Strategy,Yes,Healthcare,Middle East,Mid-Market,CRO,500,0.272,24276428,150000,0.772712,0.09264,2248957,13,172997,0.121,High,High,Normalized persona x industry x company-size x ACV fit weights
M0046_P002,M0046,P002,Risk Analytics Suite,Risk Analytics,Analytics Add-on,Premium,CFO,Yes,Healthcare,Middle East,Mid-Market,CRO,500,0.272,24276428,175000,0.905575,0.108568,2635651,15,175710,0.121,High,High,Normalized persona x industry x company-size x ACV fit weights
M0046_P003,M0046,P003,Pricing Intelligence Engine,Pricing Intelligence,Decision Engine,Enterprise,CRO,Yes,Healthcare,Middle East,Mid-Market,CRO,500,0.272,24276428,135000,1.411039,0.169168,4106788,23,178556,0.121,High,High,Normalized persona x industry x company-size x ACV fit weights
M0046_P004,M0046,P004,Customer Intelligence Cloud,Customer Intelligence,Workflow Platform,Enterprise,CRO,Yes,Healthcare,Middle East,Mid-Market,CRO,500,0.272,24276428,120000,1.684452,0.201947,4902549,27,181576,0.121,High,High,Normalized persona x industry x company-size x ACV fit weights
M0046_P005,M0046,P005,Competitive Intelligence Radar,Competitive Intelligence,Insights Module,Standard,Strategy,Yes,Healthcare,Middle East,Mid-Market,CRO,500,0.272,24276428,90000,0.991004,0.11881,2884289,16,180268,0.121,High,High,Normalized persona x industry x company-size x ACV fit weights
M0046_P006,M0046,P006,Forecasting Platform,Forecasting Platform,Decision Engine,Premium,CFO,Yes,Healthcare,Middle East,Mid-Market,CRO,500,0.272,24276428,160000,0.81833,0.098109,2381727,13,183210,0.121,High,High,Normalized persona x industry x company-size x ACV fit weights
M0046_P007,M0046,P007,Workflow Automation Hub,Workflow Automation,Workflow Platform,Standard,Product,Yes,Healthcare,Middle East,Mid-Market,CRO,500,0.272,24276428,80000,1.064725,0.127649,3098853,17,182285,0.121,High,High,Normalized persona x industry x company-size x ACV fit weights
M0046_P008,M0046,P008,Executive Insights Portal,Executive Insights,Executive Layer,Premium,CFO,Yes,Healthcare,Middle East,Mid-Market,CRO,500,0.272,24276428,110000,0.693226,0.08311,2017614,11,183419,0.121,High,High,Normalized persona x industry x company-size x ACV fit weights
M0047_P001,M0047,P001,Market Intelligence Pro,Market Intelligence,Core Platform,Premium,Strategy,Yes,Healthcare,Middle East,Mid-Market,Strategy,771,0.27,22523577,150000,1.409064,0.167834,3780225,35,108006,0.137,Medium,High,Normalized persona x industry x company-size x ACV fit weights
M0047_P002,M0047,P002,Risk Analytics Suite,Risk Analytics,Analytics Add-on,Premium,CFO,Yes,Healthcare,Middle East,Mid-Market,Strategy,771,0.27,22523577,175000,0.905575,0.107863,2429470,22,110430,0.137,Medium,High,Normalized persona x industry x company-size x ACV fit weights
M0047_P003,M0047,P003,Pricing Intelligence Engine,Pricing Intelligence,Decision Engine,Enterprise,CRO,Yes,Healthcare,Middle East,Mid-Market,Strategy,771,0.27,22523577,135000,0.773795,0.092167,2075932,19,109260,0.137,Medium,High,Normalized persona x industry x company-size x ACV fit weights
M0047_P004,M0047,P004,Customer Intelligence Cloud,Customer Intelligence,Workflow Platform,Enterprise,CRO,Yes,Healthcare,Middle East,Mid-Market,Strategy,771,0.27,22523577,120000,0.923732,0.110026,2478180,23,107747,0.137,Medium,High,Normalized persona x industry x company-size x ACV fit weights
M0047_P005,M0047,P005,Competitive Intelligence Radar,Competitive Intelligence,Insights Module,Standard,Strategy,Yes,Healthcare,Middle East,Mid-Market,Strategy,771,0.27,22523577,90000,1.807125,0.215247,4848141,45,107736,0.137,Medium,High,Normalized persona x industry x company-size x ACV fit weights
M0047_P006,M0047,P006,Forecasting Platform,Forecasting Platform,Decision Engine,Premium,CFO,Yes,Healthcare,Middle East,Mid-Market,Strategy,771,0.27,22523577,160000,0.81833,0.097472,2195411,20,109771,0.137,Medium,High,Normalized persona x industry x company-size x ACV fit weights
M0047_P007,M0047,P007,Workflow Automation Hub,Workflow Automation,Workflow Platform,Standard,Product,Yes,Healthcare,Middle East,Mid-Market,Strategy,771,0.27,22523577,80000,1.064725,0.12682,2856437,26,109863,0.137,Medium,High,Normalized persona x industry x company-size x ACV fit weights
M0047_P008,M0047,P008,Executive Insights Portal,Executive Insights,Executive Layer,Premium,CFO,Yes,Healthcare,Middle East,Mid-Market,Strategy,771,0.27,22523577,110000,0.693226,0.08257,1859781,17,109399,0.137,Medium,High,Normalized persona x industry x company-size x ACV fit weights
M0048_P001,M0048,P001,Market Intelligence Pro,Market Intelligence,Core Platform,Premium,Strategy,Yes,Healthcare,Middle East,Mid-Market,Product,783,0.475,40246896,150000,0.772712,0.092997,3742856,35,106939,0.127,Medium,High,Normalized persona x industry x company-size x ACV fit weights
M0048_P002,M0048,P002,Risk Analytics Suite,Risk Analytics,Analytics Add-on,Premium,CFO,Yes,Healthcare,Middle East,Mid-Market,Product,783,0.475,40246896,175000,0.905575,0.108988,4386416,41,106986,0.127,Medium,High,Normalized persona x industry x company-size x ACV fit weights
M0048_P003,M0048,P003,Pricing Intelligence Engine,Pricing Intelligence,Decision Engine,Enterprise,CRO,Yes,Healthcare,Middle East,Mid-Market,Product,783,0.475,40246896,135000,0.773795,0.093128,3748103,35,107089,0.127,Medium,High,Normalized persona x industry x company-size x ACV fit weights
M0048_P004,M0048,P004,Customer Intelligence Cloud,Customer Intelligence,Workflow Platform,Enterprise,CRO,Yes,Healthcare,Middle East,Mid-Market,Product,783,0.475,40246896,120000,1.412766,0.170029,6843143,63,108621,0.127,Medium,High,Normalized persona x industry x company-size x ACV fit weights
M0048_P005,M0048,P005,Competitive Intelligence Radar,Competitive Intelligence,Insights Module,Standard,Strategy,Yes,Healthcare,Middle East,Mid-Market,Product,783,0.475,40246896,90000,0.991004,0.119269,4800216,44,109096,0.127,Medium,High,Normalized persona x industry x company-size x ACV fit weights
M0048_P006,M0048,P006,Forecasting Platform,Forecasting Platform,Decision Engine,Premium,CFO,Yes,Healthcare,Middle East,Mid-Market,Product,783,0.475,40246896,160000,0.81833,0.098488,3963821,37,107130,0.127,Medium,High,Normalized persona x industry x company-size x ACV fit weights
M0048_P007,M0048,P007,Workflow Automation Hub,Workflow Automation,Workflow Platform,Standard,Product,Yes,Healthcare,Middle East,Mid-Market,Product,783,0.475,40246896,80000,1.941558,0.23367,9404500,87,108098,0.127,Medium,High,Normalized persona x industry x company-size x ACV fit weights
M0048_P008,M0048,P008,Executive Insights Portal,Executive Insights,Executive Layer,Premium,CFO,Yes,Healthcare,Middle East,Mid-Market,Product,783,0.475,40246896,110000,0.693226,0.083431,3357841,31,108317,0.127,Medium,High,Normalized persona x industry x company-size x ACV fit weights
M0049_P001,M0049,P001,Market Intelligence Pro,Market Intelligence,Core Platform,Premium,Strategy,Yes,Financial Services,North America,Strategic,CFO,229,0.375,99988629,150000,1.262243,0.101798,10178640,9,1130960,0.081,High,High,Normalized persona x industry x company-size x ACV fit weights
M0049_P002,M0049,P002,Risk Analytics Suite,Risk Analytics,Analytics Add-on,Premium,CFO,Yes,Financial Services,North America,Strategic,CFO,229,0.375,99988629,175000,2.88985,0.233062,23303550,20,1165178,0.081,High,High,Normalized persona x industry x company-size x ACV fit weights
M0049_P003,M0049,P003,Pricing Intelligence Engine,Pricing Intelligence,Decision Engine,Enterprise,CRO,Yes,Financial Services,North America,Strategic,CFO,229,0.375,99988629,135000,1.137049,0.091701,9169087,8,1146136,0.081,High,High,Normalized persona x industry x company-size x ACV fit weights
M0049_P004,M0049,P004,Customer Intelligence Cloud,Customer Intelligence,Workflow Platform,Enterprise,CRO,Yes,Financial Services,North America,Strategic,CFO,229,0.375,99988629,120000,0.965719,0.077884,7787494,7,1112499,0.081,High,High,Normalized persona x industry x company-size x ACV fit weights
M0049_P005,M0049,P005,Competitive Intelligence Radar,Competitive Intelligence,Insights Module,Standard,Strategy,Yes,Financial Services,North America,Strategic,CFO,229,0.375,99988629,90000,0.784875,0.063299,6329179,5,1265836,0.081,High,High,Normalized persona x industry x company-size x ACV fit weights
M0049_P006,M0049,P006,Forecasting Platform,Forecasting Platform,Decision Engine,Premium,CFO,Yes,Financial Services,North America,Strategic,CFO,229,0.375,99988629,160000,2.534391,0.204395,20437156,18,1135398,0.081,High,High,Normalized persona x industry x company-size x ACV fit weights
M0049_P007,M0049,P007,Workflow Automation Hub,Workflow Automation,Workflow Platform,Standard,Product,Yes,Financial Services,North America,Strategic,CFO,229,0.375,99988629,80000,0.662066,0.053395,5338851,5,1067770,0.081,High,High,Normalized persona x industry x company-size x ACV fit weights
M0049_P008,M0049,P008,Executive Insights Portal,Executive Insights,Executive Layer,Premium,CFO,Yes,Financial Services,North America,Strategic,CFO,229,0.375,99988629,110000,2.163297,0.174467,17444672,15,1162978,0.081,High,High,Normalized persona x industry x company-size x ACV fit weights
M0050_P001,M0050,P001,Market Intelligence Pro,Market Intelligence,Core Platform,Premium,Strategy,Yes,Financial Services,North America,Strategic,CRO,170,0.269,33445508,150000,1.262243,0.117916,3943776,5,788755,0.035,High,High,Normalized persona x industry x company-size x ACV fit weights
M0050_P002,M0050,P002,Risk Analytics Suite,Risk Analytics,Analytics Add-on,Premium,CFO,Yes,Financial Services,North America,Strategic,CRO,170,0.269,33445508,175000,1.584757,0.148045,4951443,7,707349,0.035,High,High,Normalized persona x industry x company-size x ACV fit weights
M0050_P003,M0050,P003,Pricing Intelligence Engine,Pricing Intelligence,Decision Engine,Enterprise,CRO,Yes,Financial Services,North America,Strategic,CRO,170,0.269,33445508,135000,2.073443,0.193697,6478305,9,719812,0.035,High,High,Normalized persona x industry x company-size x ACV fit weights
M0050_P004,M0050,P004,Customer Intelligence Cloud,Customer Intelligence,Workflow Platform,Enterprise,CRO,Yes,Financial Services,North America,Strategic,CRO,170,0.269,33445508,120000,1.761018,0.164511,5502158,8,687770,0.035,High,High,Normalized persona x industry x company-size x ACV fit weights
M0050_P005,M0050,P005,Competitive Intelligence Radar,Competitive Intelligence,Insights Module,Standard,Strategy,Yes,Financial Services,North America,Strategic,CRO,170,0.269,33445508,90000,0.784875,0.073322,2452279,3,817426,0.035,High,High,Normalized persona x industry x company-size x ACV fit weights
M0050_P006,M0050,P006,Forecasting Platform,Forecasting Platform,Decision Engine,Premium,CFO,Yes,Financial Services,North America,Strategic,CRO,170,0.269,33445508,160000,1.389828,0.129835,4342404,6,723734,0.035,High,High,Normalized persona x industry x company-size x ACV fit weights
M0050_P007,M0050,P007,Workflow Automation Hub,Workflow Automation,Workflow Platform,Standard,Product,Yes,Financial Services,North America,Strategic,CRO,170,0.269,33445508,80000,0.662066,0.061849,2068570,3,689523,0.035,High,High,Normalized persona x industry x company-size x ACV fit weights
M0050_P008,M0050,P008,Executive Insights Portal,Executive Insights,Executive Layer,Premium,CFO,Yes,Financial Services,North America,Strategic,CRO,170,0.269,33445508,110000,1.186324,0.110824,3706573,5,741315,0.035,High,High,Normalized persona x industry x company-size x ACV fit weights
M0051_P001,M0051,P001,Market Intelligence Pro,Market Intelligence,Core Platform,Premium,Strategy,Yes,Financial Services,North America,Strategic,Strategy,338,0.464,134343232,150000,2.301737,0.215949,29011247,34,853272,0.042,Medium,High,Normalized persona x industry x company-size x ACV fit weights
M0051_P002,M0051,P002,Risk Analytics Suite,Risk Analytics,Analytics Add-on,Premium,CFO,Yes,Financial Services,North America,Strategic,Strategy,338,0.464,134343232,175000,1.584757,0.148682,19974374,23,868451,0.042,Medium,High,Normalized persona x industry x company-size x ACV fit weights
M0051_P003,M0051,P003,Pricing Intelligence Engine,Pricing Intelligence,Decision Engine,Enterprise,CRO,Yes,Financial Services,North America,Strategic,Strategy,338,0.464,134343232,135000,1.137049,0.106678,14331444,17,843026,0.042,Medium,High,Normalized persona x industry x company-size x ACV fit weights
M0051_P004,M0051,P004,Customer Intelligence Cloud,Customer Intelligence,Workflow Platform,Enterprise,CRO,Yes,Financial Services,North America,Strategic,Strategy,338,0.464,134343232,120000,0.965719,0.090604,12171991,14,869428,0.042,Medium,High,Normalized persona x industry x company-size x ACV fit weights
M0051_P005,M0051,P005,Competitive Intelligence Radar,Competitive Intelligence,Insights Module,Standard,Strategy,Yes,Financial Services,North America,Strategic,Strategy,338,0.464,134343232,90000,1.431243,0.134279,18039479,21,859023,0.042,Medium,High,Normalized persona x industry x company-size x ACV fit weights
M0051_P006,M0051,P006,Forecasting Platform,Forecasting Platform,Decision Engine,Premium,CFO,Yes,Financial Services,North America,Strategic,Strategy,338,0.464,134343232,160000,1.389828,0.130393,17517476,20,875874,0.042,Medium,High,Normalized persona x industry x company-size x ACV fit weights
M0051_P007,M0051,P007,Workflow Automation Hub,Workflow Automation,Workflow Platform,Standard,Product,Yes,Financial Services,North America,Strategic,Strategy,338,0.464,134343232,80000,0.662066,0.062115,8344717,10,834472,0.042,Medium,High,Normalized persona x industry x company-size x ACV fit weights
M0051_P008,M0051,P008,Executive Insights Portal,Executive Insights,Executive Layer,Premium,CFO,Yes,Financial Services,North America,Strategic,Strategy,338,0.464,134343232,110000,1.186324,0.111301,14952504,17,879559,0.042,Medium,High,Normalized persona x industry x company-size x ACV fit weights
M0052_P001,M0052,P001,Market Intelligence Pro,Market Intelligence,Core Platform,Premium,Strategy,Yes,Financial Services,North America,Strategic,Product,255,0.392,70233005,150000,1.262243,0.125855,8839166,13,679936,0.088,Medium,High,Normalized persona x industry x company-size x ACV fit weights
M0052_P002,M0052,P002,Risk Analytics Suite,Risk Analytics,Analytics Add-on,Premium,CFO,Yes,Financial Services,North America,Strategic,Product,255,0.392,70233005,175000,1.584757,0.158012,11097645,16,693603,0.088,Medium,High,Normalized persona x industry x company-size x ACV fit weights
M0052_P003,M0052,P003,Pricing Intelligence Engine,Pricing Intelligence,Decision Engine,Enterprise,CRO,Yes,Financial Services,North America,Strategic,Product,255,0.392,70233005,135000,1.137049,0.113372,7962466,11,723861,0.088,Medium,High,Normalized persona x industry x company-size x ACV fit weights
M0052_P004,M0052,P004,Customer Intelligence Cloud,Customer Intelligence,Workflow Platform,Enterprise,CRO,Yes,Financial Services,North America,Strategic,Product,255,0.392,70233005,120000,1.476983,0.147266,10342932,15,689529,0.088,Medium,High,Normalized persona x industry x company-size x ACV fit weights
M0052_P005,M0052,P005,Competitive Intelligence Radar,Competitive Intelligence,Insights Module,Standard,Strategy,Yes,Financial Services,North America,Strategic,Product,255,0.392,70233005,90000,0.784875,0.078258,5496280,8,687035,0.088,Medium,High,Normalized persona x industry x company-size x ACV fit weights
M0052_P006,M0052,P006,Forecasting Platform,Forecasting Platform,Decision Engine,Premium,CFO,Yes,Financial Services,North America,Strategic,Product,255,0.392,70233005,160000,1.389828,0.138576,9732607,14,695186,0.088,Medium,High,Normalized persona x industry x company-size x ACV fit weights
M0052_P007,M0052,P007,Workflow Automation Hub,Workflow Automation,Workflow Platform,Standard,Product,Yes,Financial Services,North America,Strategic,Product,255,0.392,70233005,80000,1.207296,0.120376,8454386,12,704532,0.088,Medium,High,Normalized persona x industry x company-size x ACV fit weights
M0052_P008,M0052,P008,Executive Insights Portal,Executive Insights,Executive Layer,Premium,CFO,Yes,Financial Services,North America,Strategic,Product,255,0.392,70233005,110000,1.186324,0.118285,8307523,12,692294,0.088,Medium,High,Normalized persona x industry x company-size x ACV fit weights
M0053_P001,M0053,P001,Market Intelligence Pro,Market Intelligence,Core Platform,Premium,Strategy,Yes,Financial Services,North America,Enterprise,CFO,711,0.297,97277425,150000,1.110774,0.095841,9323201,20,466160,0.105,Medium,High,Normalized persona x industry x company-size x ACV fit weights
M0053_P002,M0053,P002,Risk Analytics Suite,Risk Analytics,Analytics Add-on,Premium,CFO,Yes,Financial Services,North America,Enterprise,CFO,711,0.297,97277425,175000,2.543068,0.219425,21345060,46,464023,0.105,Medium,High,Normalized persona x industry x company-size x ACV fit weights
M0053_P003,M0053,P003,Pricing Intelligence Engine,Pricing Intelligence,Decision Engine,Enterprise,CRO,Yes,Financial Services,North America,Enterprise,CFO,711,0.297,97277425,135000,1.186486,0.102374,9958688,22,452668,0.105,Medium,High,Normalized persona x industry x company-size x ACV fit weights
M0053_P004,M0053,P004,Customer Intelligence Cloud,Customer Intelligence,Workflow Platform,Enterprise,CRO,Yes,Financial Services,North America,Enterprise,CFO,711,0.297,97277425,120000,1.007707,0.086948,8458119,18,469896,0.105,Medium,High,Normalized persona x industry x company-size x ACV fit weights
M0053_P005,M0053,P005,Competitive Intelligence Radar,Competitive Intelligence,Insights Module,Standard,Strategy,Yes,Financial Services,North America,Enterprise,CFO,711,0.297,97277425,90000,0.872084,0.075246,7319771,16,457486,0.105,Medium,High,Normalized persona x industry x company-size x ACV fit weights
M0053_P006,M0053,P006,Forecasting Platform,Forecasting Platform,Decision Engine,Premium,CFO,Yes,Financial Services,North America,Enterprise,CFO,711,0.297,97277425,160000,2.230264,0.192435,18719565,41,456575,0.105,Medium,High,Normalized persona x industry x company-size x ACV fit weights
M0053_P007,M0053,P007,Workflow Automation Hub,Workflow Automation,Workflow Platform,Standard,Product,Yes,Financial Services,North America,Enterprise,CFO,711,0.297,97277425,80000,0.735628,0.063473,6174444,13,474957,0.105,Medium,High,Normalized persona x industry x company-size x ACV fit weights
M0053_P008,M0053,P008,Executive Insights Portal,Executive Insights,Executive Layer,Premium,CFO,Yes,Financial Services,North America,Enterprise,CFO,711,0.297,97277425,110000,1.903701,0.164258,15978577,35,456531,0.105,Medium,High,Normalized persona x industry x company-size x ACV fit weights
M0054_P001,M0054,P001,Market Intelligence Pro,Market Intelligence,Core Platform,Premium,Strategy,Yes,Financial Services,North America,Enterprise,CRO,881,0.298,126617574,150000,1.110774,0.106998,13547824,28,483851,0.057,High,High,Normalized persona x industry x company-size x ACV fit weights
M0054_P002,M0054,P002,Risk Analytics Suite,Risk Analytics,Analytics Add-on,Premium,CFO,Yes,Financial Services,North America,Enterprise,CRO,881,0.298,126617574,175000,1.394586,0.134337,17009404,35,485983,0.057,High,High,Normalized persona x industry x company-size x ACV fit weights
M0054_P003,M0054,P003,Pricing Intelligence Engine,Pricing Intelligence,Decision Engine,Enterprise,CRO,Yes,Financial Services,North America,Enterprise,CRO,881,0.298,126617574,135000,2.163593,0.208413,26388783,55,479796,0.057,High,High,Normalized persona x industry x company-size x ACV fit weights
M0054_P004,M0054,P004,Customer Intelligence Cloud,Customer Intelligence,Workflow Platform,Enterprise,CRO,Yes,Financial Services,North America,Enterprise,CRO,881,0.298,126617574,120000,1.837584,0.17701,22412537,46,487229,0.057,High,High,Normalized persona x industry x company-size x ACV fit weights
M0054_P005,M0054,P005,Competitive Intelligence Radar,Competitive Intelligence,Insights Module,Standard,Strategy,Yes,Financial Services,North America,Enterprise,CRO,881,0.298,126617574,90000,0.872084,0.084006,10636578,22,483481,0.057,High,High,Normalized persona x industry x company-size x ACV fit weights
M0054_P006,M0054,P006,Forecasting Platform,Forecasting Platform,Decision Engine,Premium,CFO,Yes,Financial Services,North America,Enterprise,CRO,881,0.298,126617574,160000,1.223048,0.117813,14917205,31,481200,0.057,High,High,Normalized persona x industry x company-size x ACV fit weights
M0054_P007,M0054,P007,Workflow Automation Hub,Workflow Automation,Workflow Platform,Standard,Product,Yes,Financial Services,North America,Enterprise,CRO,881,0.298,126617574,80000,0.735628,0.070861,8972270,19,472225,0.057,High,High,Normalized persona x industry x company-size x ACV fit weights
M0054_P008,M0054,P008,Executive Insights Portal,Executive Insights,Executive Layer,Premium,CFO,Yes,Financial Services,North America,Enterprise,CRO,881,0.298,126617574,110000,1.043965,0.100562,12732973,26,489730,0.057,High,High,Normalized persona x industry x company-size x ACV fit weights
M0055_P001,M0055,P001,Market Intelligence Pro,Market Intelligence,Core Platform,Premium,Strategy,Yes,Financial Services,North America,Enterprise,Strategy,761,0.335,144803589,150000,2.025529,0.198441,28734940,51,563430,0.118,High,High,Normalized persona x industry x company-size x ACV fit weights
M0055_P002,M0055,P002,Risk Analytics Suite,Risk Analytics,Analytics Add-on,Premium,CFO,Yes,Financial Services,North America,Enterprise,Strategy,761,0.335,144803589,175000,1.394586,0.136627,19784136,35,565261,0.118,High,High,Normalized persona x industry x company-size x ACV fit weights
M0055_P003,M0055,P003,Pricing Intelligence Engine,Pricing Intelligence,Decision Engine,Enterprise,CRO,Yes,Financial Services,North America,Enterprise,Strategy,761,0.335,144803589,135000,1.186486,0.11624,16831956,30,561065,0.118,High,High,Normalized persona x industry x company-size x ACV fit weights
M0055_P004,M0055,P004,Customer Intelligence Cloud,Customer Intelligence,Workflow Platform,Enterprise,CRO,Yes,Financial Services,North America,Enterprise,Strategy,761,0.335,144803589,120000,1.007707,0.098725,14295727,25,571829,0.118,High,High,Normalized persona x industry x company-size x ACV fit weights
M0055_P005,M0055,P005,Competitive Intelligence Radar,Competitive Intelligence,Insights Module,Standard,Strategy,Yes,Financial Services,North America,Enterprise,Strategy,761,0.335,144803589,90000,1.59027,0.155799,22560188,40,564005,0.118,High,High,Normalized persona x industry x company-size x ACV fit weights
M0055_P006,M0055,P006,Forecasting Platform,Forecasting Platform,Decision Engine,Premium,CFO,Yes,Financial Services,North America,Enterprise,Strategy,761,0.335,144803589,160000,1.223048,0.119822,17350638,31,559698,0.118,High,High,Normalized persona x industry x company-size x ACV fit weights
M0055_P007,M0055,P007,Workflow Automation Hub,Workflow Automation,Workflow Platform,Standard,Product,Yes,Financial Services,North America,Enterprise,Strategy,761,0.335,144803589,80000,0.735628,0.072069,10435911,18,579773,0.118,High,High,Normalized persona x industry x company-size x ACV fit weights
M0055_P008,M0055,P008,Executive Insights Portal,Executive Insights,Executive Layer,Premium,CFO,Yes,Financial Services,North America,Enterprise,Strategy,761,0.335,144803589,110000,1.043965,0.102277,14810093,26,569619,0.118,High,High,Normalized persona x industry x company-size x ACV fit weights
M0056_P001,M0056,P001,Market Intelligence Pro,Market Intelligence,Core Platform,Premium,Strategy,Yes,Financial Services,North America,Enterprise,Product,915,0.294,84486598,150000,1.110774,0.114353,9661267,31,311654,0.106,Medium,High,Normalized persona x industry x company-size x ACV fit weights
M0056_P002,M0056,P002,Risk Analytics Suite,Risk Analytics,Analytics Add-on,Premium,CFO,Yes,Financial Services,North America,Enterprise,Product,915,0.294,84486598,175000,1.394586,0.143571,12129800,39,311021,0.106,Medium,High,Normalized persona x industry x company-size x ACV fit weights
M0056_P003,M0056,P003,Pricing Intelligence Engine,Pricing Intelligence,Decision Engine,Enterprise,CRO,Yes,Financial Services,North America,Enterprise,Product,915,0.294,84486598,135000,1.186486,0.122147,10319797,33,312721,0.106,Medium,High,Normalized persona x industry x company-size x ACV fit weights
M0056_P004,M0056,P004,Customer Intelligence Cloud,Customer Intelligence,Workflow Platform,Enterprise,CRO,Yes,Financial Services,North America,Enterprise,Product,915,0.294,84486598,120000,1.541199,0.158664,13405012,43,311744,0.106,Medium,High,Normalized persona x industry x company-size x ACV fit weights
M0056_P005,M0056,P005,Competitive Intelligence Radar,Competitive Intelligence,Insights Module,Standard,Strategy,Yes,Financial Services,North America,Enterprise,Product,915,0.294,84486598,90000,0.872084,0.08978,7585190,24,316050,0.106,Medium,High,Normalized persona x industry x company-size x ACV fit weights
M0056_P006,M0056,P006,Forecasting Platform,Forecasting Platform,Decision Engine,Premium,CFO,Yes,Financial Services,North America,Enterprise,Product,915,0.294,84486598,160000,1.223048,0.125911,10637804,34,312877,0.106,Medium,High,Normalized persona x industry x company-size x ACV fit weights
M0056_P007,M0056,P007,Workflow Automation Hub,Workflow Automation,Workflow Platform,Standard,Product,Yes,Financial Services,North America,Enterprise,Product,915,0.294,84486598,80000,1.34144,0.138099,11667550,37,315339,0.106,Medium,High,Normalized persona x industry x company-size x ACV fit weights
M0056_P008,M0056,P008,Executive Insights Portal,Executive Insights,Executive Layer,Premium,CFO,Yes,Financial Services,North America,Enterprise,Product,915,0.294,84486598,110000,1.043965,0.107475,9080178,29,313110,0.106,Medium,High,Normalized persona x industry x company-size x ACV fit weights
M0057_P001,M0057,P001,Market Intelligence Pro,Market Intelligence,Core Platform,Premium,Strategy,Yes,Financial Services,North America,Mid-Market,CFO,975,0.232,28377841,150000,0.807836,0.085017,2412612,19,126980,0.083,High,High,Normalized persona x industry x company-size x ACV fit weights
M0057_P002,M0057,P002,Risk Analytics Suite,Risk Analytics,Analytics Add-on,Premium,CFO,Yes,Financial Services,North America,Mid-Market,CFO,975,0.232,28377841,175000,1.849504,0.194644,5523570,44,125536,0.083,High,High,Normalized persona x industry x company-size x ACV fit weights
M0057_P003,M0057,P003,Pricing Intelligence Engine,Pricing Intelligence,Decision Engine,Enterprise,CRO,Yes,Financial Services,North America,Mid-Market,CFO,975,0.232,28377841,135000,0.988739,0.104056,2952882,24,123037,0.083,High,High,Normalized persona x industry x company-size x ACV fit weights
M0057_P004,M0057,P004,Customer Intelligence Cloud,Customer Intelligence,Workflow Platform,Enterprise,CRO,Yes,Financial Services,North America,Mid-Market,CFO,975,0.232,28377841,120000,0.839756,0.088377,2507943,20,125397,0.083,High,High,Normalized persona x industry x company-size x ACV fit weights
M0057_P005,M0057,P005,Competitive Intelligence Radar,Competitive Intelligence,Insights Module,Standard,Strategy,Yes,Financial Services,North America,Mid-Market,CFO,975,0.232,28377841,90000,1.090104,0.114724,3255612,26,125216,0.083,High,High,Normalized persona x industry x company-size x ACV fit weights
M0057_P006,M0057,P006,Forecasting Platform,Forecasting Platform,Decision Engine,Premium,CFO,Yes,Financial Services,North America,Mid-Market,CFO,975,0.232,28377841,160000,1.62201,0.170702,4844157,39,124209,0.083,High,High,Normalized persona x industry x company-size x ACV fit weights
M0057_P007,M0057,P007,Workflow Automation Hub,Workflow Automation,Workflow Platform,Standard,Product,Yes,Financial Services,North America,Mid-Market,CFO,975,0.232,28377841,80000,0.919536,0.096773,2746206,22,124828,0.083,High,High,Normalized persona x industry x company-size x ACV fit weights
M0057_P008,M0057,P008,Executive Insights Portal,Executive Insights,Executive Layer,Premium,CFO,Yes,Financial Services,North America,Mid-Market,CFO,975,0.232,28377841,110000,1.38451,0.145707,4134859,33,125299,0.083,High,High,Normalized persona x industry x company-size x ACV fit weights
M0058_P001,M0058,P001,Market Intelligence Pro,Market Intelligence,Core Platform,Premium,Strategy,Yes,Financial Services,North America,Mid-Market,CRO,2048,0.32,88551063,150000,0.807836,0.091646,8115322,60,135255,0.104,Low,High,Normalized persona x industry x company-size x ACV fit weights
M0058_P002,M0058,P002,Risk Analytics Suite,Risk Analytics,Analytics Add-on,Premium,CFO,Yes,Financial Services,North America,Mid-Market,CRO,2048,0.32,88551063,175000,1.014244,0.115062,10188853,75,135851,0.104,Low,High,Normalized persona x industry x company-size x ACV fit weights
M0058_P003,M0058,P003,Pricing Intelligence Engine,Pricing Intelligence,Decision Engine,Enterprise,CRO,Yes,Financial Services,North America,Mid-Market,CRO,2048,0.32,88551063,135000,1.802994,0.204542,18112443,134,135167,0.104,Low,High,Normalized persona x industry x company-size x ACV fit weights
M0058_P004,M0058,P004,Customer Intelligence Cloud,Customer Intelligence,Workflow Platform,Enterprise,CRO,Yes,Financial Services,North America,Mid-Market,CRO,2048,0.32,88551063,120000,1.53132,0.173722,15383271,114,134941,0.104,Low,High,Normalized persona x industry x company-size x ACV fit weights
M0058_P005,M0058,P005,Competitive Intelligence Radar,Competitive Intelligence,Insights Module,Standard,Strategy,Yes,Financial Services,North America,Mid-Market,CRO,2048,0.32,88551063,90000,1.090104,0.123668,10950927,81,135197,0.104,Low,High,Normalized persona x industry x company-size x ACV fit weights
M0058_P006,M0058,P006,Forecasting Platform,Forecasting Platform,Decision Engine,Premium,CFO,Yes,Financial Services,North America,Mid-Market,CRO,2048,0.32,88551063,160000,0.88949,0.100909,8935599,66,135388,0.104,Low,High,Normalized persona x industry x company-size x ACV fit weights
M0058_P007,M0058,P007,Workflow Automation Hub,Workflow Automation,Workflow Platform,Standard,Product,Yes,Financial Services,North America,Mid-Market,CRO,2048,0.32,88551063,80000,0.919536,0.104318,9237433,68,135845,0.104,Low,High,Normalized persona x industry x company-size x ACV fit weights
M0058_P008,M0058,P008,Executive Insights Portal,Executive Insights,Executive Layer,Premium,CFO,Yes,Financial Services,North America,Mid-Market,CRO,2048,0.32,88551063,110000,0.759247,0.086134,7627215,56,136200,0.104,Low,High,Normalized persona x industry x company-size x ACV fit weights
M0059_P001,M0059,P001,Market Intelligence Pro,Market Intelligence,Core Platform,Premium,Strategy,Yes,Financial Services,North America,Mid-Market,Strategy,1614,0.277,46122354,150000,1.473112,0.166041,7658216,74,103489,0.094,High,High,Normalized persona x industry x company-size x ACV fit weights
M0059_P002,M0059,P002,Risk Analytics Suite,Risk Analytics,Analytics Add-on,Premium,CFO,Yes,Financial Services,North America,Mid-Market,Strategy,1614,0.277,46122354,175000,1.014244,0.11432,5272716,51,103387,0.094,High,High,Normalized persona x industry x company-size x ACV fit weights
M0059_P003,M0059,P003,Pricing Intelligence Engine,Pricing Intelligence,Decision Engine,Enterprise,CRO,Yes,Financial Services,North America,Mid-Market,Strategy,1614,0.277,46122354,135000,0.988739,0.111445,5140121,50,102802,0.094,High,High,Normalized persona x industry x company-size x ACV fit weights
M0059_P004,M0059,P004,Customer Intelligence Cloud,Customer Intelligence,Workflow Platform,Enterprise,CRO,Yes,Financial Services,North America,Mid-Market,Strategy,1614,0.277,46122354,120000,0.839756,0.094653,4365611,42,103943,0.094,High,High,Normalized persona x industry x company-size x ACV fit weights
M0059_P005,M0059,P005,Competitive Intelligence Radar,Competitive Intelligence,Insights Module,Standard,Strategy,Yes,Financial Services,North America,Mid-Market,Strategy,1614,0.277,46122354,90000,1.987837,0.224058,10334102,100,103341,0.094,High,High,Normalized persona x industry x company-size x ACV fit weights
M0059_P006,M0059,P006,Forecasting Platform,Forecasting Platform,Decision Engine,Premium,CFO,Yes,Financial Services,North America,Mid-Market,Strategy,1614,0.277,46122354,160000,0.88949,0.100259,4624159,45,102759,0.094,High,High,Normalized persona x industry x company-size x ACV fit weights
M0059_P007,M0059,P007,Workflow Automation Hub,Workflow Automation,Workflow Platform,Standard,Product,Yes,Financial Services,North America,Mid-Market,Strategy,1614,0.277,46122354,80000,0.919536,0.103645,4780357,46,103921,0.094,High,High,Normalized persona x industry x company-size x ACV fit weights
M0059_P008,M0059,P008,Executive Insights Portal,Executive Insights,Executive Layer,Premium,CFO,Yes,Financial Services,North America,Mid-Market,Strategy,1614,0.277,46122354,110000,0.759247,0.085578,3947072,38,103870,0.094,High,High,Normalized persona x industry x company-size x ACV fit weights
M0060_P001,M0060,P001,Market Intelligence Pro,Market Intelligence,Core Platform,Premium,Strategy,Yes,Financial Services,North America,Mid-Market,Product,1148,0.428,91102695,150000,0.807836,0.094919,8647373,47,183987,0.099,Medium,High,Normalized persona x industry x company-size x ACV fit weights
M0060_P002,M0060,P002,Risk Analytics Suite,Risk Analytics,Analytics Add-on,Premium,CFO,Yes,Financial Services,North America,Mid-Market,Product,1148,0.428,91102695,175000,1.014244,0.119172,10856848,59,184014,0.099,Medium,High,Normalized persona x industry x company-size x ACV fit weights
M0060_P003,M0060,P003,Pricing Intelligence Engine,Pricing Intelligence,Decision Engine,Enterprise,CRO,Yes,Financial Services,North America,Mid-Market,Product,1148,0.428,91102695,135000,0.988739,0.116175,10583826,57,185681,0.099,Medium,High,Normalized persona x industry x company-size x ACV fit weights
M0060_P004,M0060,P004,Customer Intelligence Cloud,Customer Intelligence,Workflow Platform,Enterprise,CRO,Yes,Financial Services,North America,Mid-Market,Product,1148,0.428,91102695,120000,1.284333,0.150906,13747977,74,185783,0.099,Medium,High,Normalized persona x industry x company-size x ACV fit weights
M0060_P005,M0060,P005,Competitive Intelligence Radar,Competitive Intelligence,Insights Module,Standard,Strategy,Yes,Financial Services,North America,Mid-Market,Product,1148,0.428,91102695,90000,1.090104,0.128085,11668884,63,185220,0.099,Medium,High,Normalized persona x industry x company-size x ACV fit weights
M0060_P006,M0060,P006,Forecasting Platform,Forecasting Platform,Decision Engine,Premium,CFO,Yes,Financial Services,North America,Mid-Market,Product,1148,0.428,91102695,160000,0.88949,0.104513,9521428,51,186695,0.099,Medium,High,Normalized persona x industry x company-size x ACV fit weights
M0060_P007,M0060,P007,Workflow Automation Hub,Workflow Automation,Workflow Platform,Standard,Product,Yes,Financial Services,North America,Mid-Market,Product,1148,0.428,91102695,80000,1.6768,0.19702,17949093,97,185042,0.099,Medium,High,Normalized persona x industry x company-size x ACV fit weights
M0060_P008,M0060,P008,Executive Insights Portal,Executive Insights,Executive Layer,Premium,CFO,Yes,Financial Services,North America,Mid-Market,Product,1148,0.428,91102695,110000,0.759247,0.08921,8127266,44,184711,0.099,Medium,High,Normalized persona x industry x company-size x ACV fit weights
M0061_P001,M0061,P001,Market Intelligence Pro,Market Intelligence,Core Platform,Premium,Strategy,Yes,Financial Services,Europe,Strategic,CFO,263,0.456,154132676,150000,1.262243,0.101798,15690395,12,1307533,0.082,High,High,Normalized persona x industry x company-size x ACV fit weights
M0061_P002,M0061,P002,Risk Analytics Suite,Risk Analytics,Analytics Add-on,Premium,CFO,Yes,Financial Services,Europe,Strategic,CFO,263,0.456,154132676,175000,2.88985,0.233062,35922470,28,1282945,0.082,High,High,Normalized persona x industry x company-size x ACV fit weights
M0061_P003,M0061,P003,Pricing Intelligence Engine,Pricing Intelligence,Decision Engine,Enterprise,CRO,Yes,Financial Services,Europe,Strategic,CFO,263,0.456,154132676,135000,1.137049,0.091701,14134166,11,1284924,0.082,High,High,Normalized persona x industry x company-size x ACV fit weights
M0061_P004,M0061,P004,Customer Intelligence Cloud,Customer Intelligence,Workflow Platform,Enterprise,CRO,Yes,Financial Services,Europe,Strategic,CFO,263,0.456,154132676,120000,0.965719,0.077884,12004439,9,1333827,0.082,High,High,Normalized persona x industry x company-size x ACV fit weights
M0061_P005,M0061,P005,Competitive Intelligence Radar,Competitive Intelligence,Insights Module,Standard,Strategy,Yes,Financial Services,Europe,Strategic,CFO,263,0.456,154132676,90000,0.784875,0.063299,9756442,8,1219555,0.082,High,High,Normalized persona x industry x company-size x ACV fit weights
M0061_P006,M0061,P006,Forecasting Platform,Forecasting Platform,Decision Engine,Premium,CFO,Yes,Financial Services,Europe,Strategic,CFO,263,0.456,154132676,160000,2.534391,0.204395,31503917,25,1260157,0.082,High,High,Normalized persona x industry x company-size x ACV fit weights
M0061_P007,M0061,P007,Workflow Automation Hub,Workflow Automation,Workflow Platform,Standard,Product,Yes,Financial Services,Europe,Strategic,CFO,263,0.456,154132676,80000,0.662066,0.053395,8229849,6,1371642,0.082,High,High,Normalized persona x industry x company-size x ACV fit weights
M0061_P008,M0061,P008,Executive Insights Portal,Executive Insights,Executive Layer,Premium,CFO,Yes,Financial Services,Europe,Strategic,CFO,263,0.456,154132676,110000,2.163297,0.174467,26890998,21,1280524,0.082,High,High,Normalized persona x industry x company-size x ACV fit weights
M0062_P001,M0062,P001,Market Intelligence Pro,Market Intelligence,Core Platform,Premium,Strategy,Yes,Financial Services,Europe,Strategic,CRO,189,0.356,63644631,150000,1.262243,0.117916,7504750,8,938094,0.043,Medium,High,Normalized persona x industry x company-size x ACV fit weights
M0062_P002,M0062,P002,Risk Analytics Suite,Risk Analytics,Analytics Add-on,Premium,CFO,Yes,Financial Services,Europe,Strategic,CRO,189,0.356,63644631,175000,1.584757,0.148045,9422276,10,942228,0.043,Medium,High,Normalized persona x industry x company-size x ACV fit weights
M0062_P003,M0062,P003,Pricing Intelligence Engine,Pricing Intelligence,Decision Engine,Enterprise,CRO,Yes,Financial Services,Europe,Strategic,CRO,189,0.356,63644631,135000,2.073443,0.193697,12327793,13,948292,0.043,Medium,High,Normalized persona x industry x company-size x ACV fit weights
M0062_P004,M0062,P004,Customer Intelligence Cloud,Customer Intelligence,Workflow Platform,Enterprise,CRO,Yes,Financial Services,Europe,Strategic,CRO,189,0.356,63644631,120000,1.761018,0.164511,10470249,11,951841,0.043,Medium,High,Normalized persona x industry x company-size x ACV fit weights
M0062_P005,M0062,P005,Competitive Intelligence Radar,Competitive Intelligence,Insights Module,Standard,Strategy,Yes,Financial Services,Europe,Strategic,CRO,189,0.356,63644631,90000,0.784875,0.073322,4666528,5,933306,0.043,Medium,High,Normalized persona x industry x company-size x ACV fit weights
M0062_P006,M0062,P006,Forecasting Platform,Forecasting Platform,Decision Engine,Premium,CFO,Yes,Financial Services,Europe,Strategic,CRO,189,0.356,63644631,160000,1.389828,0.129835,8263312,9,918146,0.043,Medium,High,Normalized persona x industry x company-size x ACV fit weights
M0062_P007,M0062,P007,Workflow Automation Hub,Workflow Automation,Workflow Platform,Standard,Product,Yes,Financial Services,Europe,Strategic,CRO,189,0.356,63644631,80000,0.662066,0.061849,3936355,4,984089,0.043,Medium,High,Normalized persona x industry x company-size x ACV fit weights
M0062_P008,M0062,P008,Executive Insights Portal,Executive Insights,Executive Layer,Premium,CFO,Yes,Financial Services,Europe,Strategic,CRO,189,0.356,63644631,110000,1.186324,0.110824,7053368,7,1007624,0.043,Medium,High,Normalized persona x industry x company-size x ACV fit weights
M0063_P001,M0063,P001,Market Intelligence Pro,Market Intelligence,Core Platform,Premium,Strategy,Yes,Financial Services,Europe,Strategic,Strategy,187,0.452,62082117,150000,2.301737,0.215949,13406553,18,744808,0.059,Medium,High,Normalized persona x industry x company-size x ACV fit weights
M0063_P002,M0063,P002,Risk Analytics Suite,Risk Analytics,Analytics Add-on,Premium,CFO,Yes,Financial Services,Europe,Strategic,Strategy,187,0.452,62082117,175000,1.584757,0.148682,9230472,13,710036,0.059,Medium,High,Normalized persona x industry x company-size x ACV fit weights
M0063_P003,M0063,P003,Pricing Intelligence Engine,Pricing Intelligence,Decision Engine,Enterprise,CRO,Yes,Financial Services,Europe,Strategic,Strategy,187,0.452,62082117,135000,1.137049,0.106678,6622785,9,735865,0.059,Medium,High,Normalized persona x industry x company-size x ACV fit weights
M0063_P004,M0063,P004,Customer Intelligence Cloud,Customer Intelligence,Workflow Platform,Enterprise,CRO,Yes,Financial Services,Europe,Strategic,Strategy,187,0.452,62082117,120000,0.965719,0.090604,5624868,8,703108,0.059,Medium,High,Normalized persona x industry x company-size x ACV fit weights
M0063_P005,M0063,P005,Competitive Intelligence Radar,Competitive Intelligence,Insights Module,Standard,Strategy,Yes,Financial Services,Europe,Strategic,Strategy,187,0.452,62082117,90000,1.431243,0.134279,8336326,11,757848,0.059,Medium,High,Normalized persona x industry x company-size x ACV fit weights
M0063_P006,M0063,P006,Forecasting Platform,Forecasting Platform,Decision Engine,Premium,CFO,Yes,Financial Services,Europe,Strategic,Strategy,187,0.452,62082117,160000,1.389828,0.130393,8095101,11,735918,0.059,Medium,High,Normalized persona x industry x company-size x ACV fit weights
M0063_P007,M0063,P007,Workflow Automation Hub,Workflow Automation,Workflow Platform,Standard,Product,Yes,Financial Services,Europe,Strategic,Strategy,187,0.452,62082117,80000,0.662066,0.062115,3856225,5,771245,0.059,Medium,High,Normalized persona x industry x company-size x ACV fit weights
M0063_P008,M0063,P008,Executive Insights Portal,Executive Insights,Executive Layer,Premium,CFO,Yes,Financial Services,Europe,Strategic,Strategy,187,0.452,62082117,110000,1.186324,0.111301,6909787,9,767754,0.059,Medium,High,Normalized persona x industry x company-size x ACV fit weights
M0064_P001,M0064,P001,Market Intelligence Pro,Market Intelligence,Core Platform,Premium,Strategy,Yes,Financial Services,Europe,Strategic,Product,168,0.326,56120840,150000,1.262243,0.125855,7063081,7,1009012,0.057,Medium,High,Normalized persona x industry x company-size x ACV fit weights
M0064_P002,M0064,P002,Risk Analytics Suite,Risk Analytics,Analytics Add-on,Premium,CFO,Yes,Financial Services,Europe,Strategic,Product,168,0.326,56120840,175000,1.584757,0.158012,8867756,9,985306,0.057,Medium,High,Normalized persona x industry x company-size x ACV fit weights
M0064_P003,M0064,P003,Pricing Intelligence Engine,Pricing Intelligence,Decision Engine,Enterprise,CRO,Yes,Financial Services,Europe,Strategic,Product,168,0.326,56120840,135000,1.137049,0.113372,6362540,6,1060423,0.057,Medium,High,Normalized persona x industry x company-size x ACV fit weights
M0064_P004,M0064,P004,Customer Intelligence Cloud,Customer Intelligence,Workflow Platform,Enterprise,CRO,Yes,Financial Services,Europe,Strategic,Product,168,0.326,56120840,120000,1.476983,0.147266,8264691,8,1033086,0.057,Medium,High,Normalized persona x industry x company-size x ACV fit weights
M0064_P005,M0064,P005,Competitive Intelligence Radar,Competitive Intelligence,Insights Module,Standard,Strategy,Yes,Financial Services,Europe,Strategic,Product,168,0.326,56120840,90000,0.784875,0.078258,4391893,4,1097973,0.057,Medium,High,Normalized persona x industry x company-size x ACV fit weights
M0064_P006,M0064,P006,Forecasting Platform,Forecasting Platform,Decision Engine,Premium,CFO,Yes,Financial Services,Europe,Strategic,Product,168,0.326,56120840,160000,1.389828,0.138576,7777000,8,972125,0.057,Medium,High,Normalized persona x industry x company-size x ACV fit weights
M0064_P007,M0064,P007,Workflow Automation Hub,Workflow Automation,Workflow Platform,Standard,Product,Yes,Financial Services,Europe,Strategic,Product,168,0.326,56120840,80000,1.207296,0.120376,6755616,7,965088,0.057,Medium,High,Normalized persona x industry x company-size x ACV fit weights
M0064_P008,M0064,P008,Executive Insights Portal,Executive Insights,Executive Layer,Premium,CFO,Yes,Financial Services,Europe,Strategic,Product,168,0.326,56120840,110000,1.186324,0.118285,6638263,6,1106377,0.057,Medium,High,Normalized persona x industry x company-size x ACV fit weights
M0065_P001,M0065,P001,Market Intelligence Pro,Market Intelligence,Core Platform,Premium,Strategy,Yes,Financial Services,Europe,Enterprise,CFO,807,0.319,143412140,150000,1.110774,0.095841,13744815,25,549793,0.114,High,High,Normalized persona x industry x company-size x ACV fit weights
M0065_P002,M0065,P002,Risk Analytics Suite,Risk Analytics,Analytics Add-on,Premium,CFO,Yes,Financial Services,Europe,Enterprise,CFO,807,0.319,143412140,175000,2.543068,0.219425,31468152,56,561931,0.114,High,High,Normalized persona x industry x company-size x ACV fit weights
M0065_P003,M0065,P003,Pricing Intelligence Engine,Pricing Intelligence,Decision Engine,Enterprise,CRO,Yes,Financial Services,Europe,Enterprise,CFO,807,0.319,143412140,135000,1.186486,0.102374,14681687,26,564680,0.114,High,High,Normalized persona x industry x company-size x ACV fit weights
M0065_P004,M0065,P004,Customer Intelligence Cloud,Customer Intelligence,Workflow Platform,Enterprise,CRO,Yes,Financial Services,Europe,Enterprise,CFO,807,0.319,143412140,120000,1.007707,0.086948,12469459,22,566794,0.114,High,High,Normalized persona x industry x company-size x ACV fit weights
M0065_P005,M0065,P005,Competitive Intelligence Radar,Competitive Intelligence,Insights Module,Standard,Strategy,Yes,Financial Services,Europe,Enterprise,CFO,807,0.319,143412140,90000,0.872084,0.075246,10791239,19,567960,0.114,High,High,Normalized persona x industry x company-size x ACV fit weights
M0065_P006,M0065,P006,Forecasting Platform,Forecasting Platform,Decision Engine,Premium,CFO,Yes,Financial Services,Europe,Enterprise,CFO,807,0.319,143412140,160000,2.230264,0.192435,27597491,50,551950,0.114,High,High,Normalized persona x industry x company-size x ACV fit weights
M0065_P007,M0065,P007,Workflow Automation Hub,Workflow Automation,Workflow Platform,Standard,Product,Yes,Financial Services,Europe,Enterprise,CFO,807,0.319,143412140,80000,0.735628,0.063473,9102731,16,568921,0.114,High,High,Normalized persona x industry x company-size x ACV fit weights
M0065_P008,M0065,P008,Executive Insights Portal,Executive Insights,Executive Layer,Premium,CFO,Yes,Financial Services,Europe,Enterprise,CFO,807,0.319,143412140,110000,1.903701,0.164258,23556566,42,560871,0.114,High,High,Normalized persona x industry x company-size x ACV fit weights
M0066_P001,M0066,P001,Market Intelligence Pro,Market Intelligence,Core Platform,Premium,Strategy,Yes,Financial Services,Europe,Enterprise,CRO,661,0.411,158593542,150000,1.110774,0.106998,16969187,29,585144,0.064,Medium,High,Normalized persona x industry x company-size x ACV fit weights
M0066_P002,M0066,P002,Risk Analytics Suite,Risk Analytics,Analytics Add-on,Premium,CFO,Yes,Financial Services,Europe,Enterprise,CRO,661,0.411,158593542,175000,1.394586,0.134337,21304954,36,591804,0.064,Medium,High,Normalized persona x industry x company-size x ACV fit weights
M0066_P003,M0066,P003,Pricing Intelligence Engine,Pricing Intelligence,Decision Engine,Enterprise,CRO,Yes,Financial Services,Europe,Enterprise,CRO,661,0.411,158593542,135000,2.163593,0.208413,33053000,57,579877,0.064,Medium,High,Normalized persona x industry x company-size x ACV fit weights
M0066_P004,M0066,P004,Customer Intelligence Cloud,Customer Intelligence,Workflow Platform,Enterprise,CRO,Yes,Financial Services,Europe,Enterprise,CRO,661,0.411,158593542,120000,1.837584,0.17701,28072593,48,584846,0.064,Medium,High,Normalized persona x industry x company-size x ACV fit weights
M0066_P005,M0066,P005,Competitive Intelligence Radar,Competitive Intelligence,Insights Module,Standard,Strategy,Yes,Financial Services,Europe,Enterprise,CRO,661,0.411,158593542,90000,0.872084,0.084006,13322737,23,579249,0.064,Medium,High,Normalized persona x industry x company-size x ACV fit weights
M0066_P006,M0066,P006,Forecasting Platform,Forecasting Platform,Decision Engine,Premium,CFO,Yes,Financial Services,Europe,Enterprise,CRO,661,0.411,158593542,160000,1.223048,0.117813,18684392,32,583887,0.064,Medium,High,Normalized persona x industry x company-size x ACV fit weights
M0066_P007,M0066,P007,Workflow Automation Hub,Workflow Automation,Workflow Platform,Standard,Product,Yes,Financial Services,Europe,Enterprise,CRO,661,0.411,158593542,80000,0.735628,0.070861,11238125,19,591480,0.064,Medium,High,Normalized persona x industry x company-size x ACV fit weights
M0066_P008,M0066,P008,Executive Insights Portal,Executive Insights,Executive Layer,Premium,CFO,Yes,Financial Services,Europe,Enterprise,CRO,661,0.411,158593542,110000,1.043965,0.100562,15948554,27,590687,0.064,Medium,High,Normalized persona x industry x company-size x ACV fit weights
M0067_P001,M0067,P001,Market Intelligence Pro,Market Intelligence,Core Platform,Premium,Strategy,Yes,Financial Services,Europe,Enterprise,Strategy,531,0.397,143281090,150000,2.025529,0.198441,28432814,42,676972,0.123,High,High,Normalized persona x industry x company-size x ACV fit weights
M0067_P002,M0067,P002,Risk Analytics Suite,Risk Analytics,Analytics Add-on,Premium,CFO,Yes,Financial Services,Europe,Enterprise,Strategy,531,0.397,143281090,175000,1.394586,0.136627,19576121,29,675039,0.123,High,High,Normalized persona x industry x company-size x ACV fit weights
M0067_P003,M0067,P003,Pricing Intelligence Engine,Pricing Intelligence,Decision Engine,Enterprise,CRO,Yes,Financial Services,Europe,Enterprise,Strategy,531,0.397,143281090,135000,1.186486,0.11624,16654981,25,666199,0.123,High,High,Normalized persona x industry x company-size x ACV fit weights
M0067_P004,M0067,P004,Customer Intelligence Cloud,Customer Intelligence,Workflow Platform,Enterprise,CRO,Yes,Financial Services,Europe,Enterprise,Strategy,531,0.397,143281090,120000,1.007707,0.098725,14145418,21,673591,0.123,High,High,Normalized persona x industry x company-size x ACV fit weights
M0067_P005,M0067,P005,Competitive Intelligence Radar,Competitive Intelligence,Insights Module,Standard,Strategy,Yes,Financial Services,Europe,Enterprise,Strategy,531,0.397,143281090,90000,1.59027,0.155799,22322985,33,676454,0.123,High,High,Normalized persona x industry x company-size x ACV fit weights
M0067_P006,M0067,P006,Forecasting Platform,Forecasting Platform,Decision Engine,Premium,CFO,Yes,Financial Services,Europe,Enterprise,Strategy,531,0.397,143281090,160000,1.223048,0.119822,17168209,25,686728,0.123,High,High,Normalized persona x industry x company-size x ACV fit weights
M0067_P007,M0067,P007,Workflow Automation Hub,Workflow Automation,Workflow Platform,Standard,Product,Yes,Financial Services,Europe,Enterprise,Strategy,531,0.397,143281090,80000,0.735628,0.072069,10326185,15,688412,0.123,High,High,Normalized persona x industry x company-size x ACV fit weights
M0067_P008,M0067,P008,Executive Insights Portal,Executive Insights,Executive Layer,Premium,CFO,Yes,Financial Services,Europe,Enterprise,Strategy,531,0.397,143281090,110000,1.043965,0.102277,14654377,22,666108,0.123,High,High,Normalized persona x industry x company-size x ACV fit weights
M0068_P001,M0068,P001,Market Intelligence Pro,Market Intelligence,Core Platform,Premium,Strategy,Yes,Financial Services,Europe,Enterprise,Product,331,0.374,38327959,150000,1.110774,0.114353,4382904,14,313065,0.049,Medium,High,Normalized persona x industry x company-size x ACV fit weights
M0068_P002,M0068,P002,Risk Analytics Suite,Risk Analytics,Analytics Add-on,Premium,CFO,Yes,Financial Services,Europe,Enterprise,Product,331,0.374,38327959,175000,1.394586,0.143571,5502772,18,305710,0.049,Medium,High,Normalized persona x industry x company-size x ACV fit weights
M0068_P003,M0068,P003,Pricing Intelligence Engine,Pricing Intelligence,Decision Engine,Enterprise,CRO,Yes,Financial Services,Europe,Enterprise,Product,331,0.374,38327959,135000,1.186486,0.122147,4681651,15,312110,0.049,Medium,High,Normalized persona x industry x company-size x ACV fit weights
M0068_P004,M0068,P004,Customer Intelligence Cloud,Customer Intelligence,Workflow Platform,Enterprise,CRO,Yes,Financial Services,Europe,Enterprise,Product,331,0.374,38327959,120000,1.541199,0.158664,6081281,20,304064,0.049,Medium,High,Normalized persona x industry x company-size x ACV fit weights
M0068_P005,M0068,P005,Competitive Intelligence Radar,Competitive Intelligence,Insights Module,Standard,Strategy,Yes,Financial Services,Europe,Enterprise,Product,331,0.374,38327959,90000,0.872084,0.08978,3441077,11,312825,0.049,Medium,High,Normalized persona x industry x company-size x ACV fit weights
M0068_P006,M0068,P006,Forecasting Platform,Forecasting Platform,Decision Engine,Premium,CFO,Yes,Financial Services,Europe,Enterprise,Product,331,0.374,38327959,160000,1.223048,0.125911,4825917,16,301620,0.049,Medium,High,Normalized persona x industry x company-size x ACV fit weights
M0068_P007,M0068,P007,Workflow Automation Hub,Workflow Automation,Workflow Platform,Standard,Product,Yes,Financial Services,Europe,Enterprise,Product,331,0.374,38327959,80000,1.34144,0.138099,5293069,17,311357,0.049,Medium,High,Normalized persona x industry x company-size x ACV fit weights
M0068_P008,M0068,P008,Executive Insights Portal,Executive Insights,Executive Layer,Premium,CFO,Yes,Financial Services,Europe,Enterprise,Product,331,0.374,38327959,110000,1.043965,0.107475,4119288,13,316868,0.049,Medium,High,Normalized persona x industry x company-size x ACV fit weights
M0069_P001,M0069,P001,Market Intelligence Pro,Market Intelligence,Core Platform,Premium,Strategy,Yes,Financial Services,Europe,Mid-Market,CFO,1244,0.305,77873659,150000,0.807836,0.085017,6620622,32,206894,0.115,Medium,High,Normalized persona x industry x company-size x ACV fit weights
M0069_P002,M0069,P002,Risk Analytics Suite,Risk Analytics,Analytics Add-on,Premium,CFO,Yes,Financial Services,Europe,Mid-Market,CFO,1244,0.305,77873659,175000,1.849504,0.194644,15157623,74,204833,0.115,Medium,High,Normalized persona x industry x company-size x ACV fit weights
M0069_P003,M0069,P003,Pricing Intelligence Engine,Pricing Intelligence,Decision Engine,Enterprise,CRO,Yes,Financial Services,Europe,Mid-Market,CFO,1244,0.305,77873659,135000,0.988739,0.104056,8103214,39,207775,0.115,Medium,High,Normalized persona x industry x company-size x ACV fit weights
M0069_P004,M0069,P004,Customer Intelligence Cloud,Customer Intelligence,Workflow Platform,Enterprise,CRO,Yes,Financial Services,Europe,Mid-Market,CFO,1244,0.305,77873659,120000,0.839756,0.088377,6882226,34,202418,0.115,Medium,High,Normalized persona x industry x company-size x ACV fit weights
M0069_P005,M0069,P005,Competitive Intelligence Radar,Competitive Intelligence,Insights Module,Standard,Strategy,Yes,Financial Services,Europe,Mid-Market,CFO,1244,0.305,77873659,90000,1.090104,0.114724,8933958,44,203044,0.115,Medium,High,Normalized persona x industry x company-size x ACV fit weights
M0069_P006,M0069,P006,Forecasting Platform,Forecasting Platform,Decision Engine,Premium,CFO,Yes,Financial Services,Europe,Mid-Market,CFO,1244,0.305,77873659,160000,1.62201,0.170702,13293198,65,204511,0.115,Medium,High,Normalized persona x industry x company-size x ACV fit weights
M0069_P007,M0069,P007,Workflow Automation Hub,Workflow Automation,Workflow Platform,Standard,Product,Yes,Financial Services,Europe,Mid-Market,CFO,1244,0.305,77873659,80000,0.919536,0.096773,7536059,37,203677,0.115,Medium,High,Normalized persona x industry x company-size x ACV fit weights
M0069_P008,M0069,P008,Executive Insights Portal,Executive Insights,Executive Layer,Premium,CFO,Yes,Financial Services,Europe,Mid-Market,CFO,1244,0.305,77873659,110000,1.38451,0.145707,11346759,55,206305,0.115,Medium,High,Normalized persona x industry x company-size x ACV fit weights
M0070_P001,M0070,P001,Market Intelligence Pro,Market Intelligence,Core Platform,Premium,Strategy,Yes,Financial Services,Europe,Mid-Market,CRO,1832,0.241,107276488,150000,0.807836,0.091646,9831426,40,245786,0.04,High,High,Normalized persona x industry x company-size x ACV fit weights
M0070_P002,M0070,P002,Risk Analytics Suite,Risk Analytics,Analytics Add-on,Premium,CFO,Yes,Financial Services,Europe,Mid-Market,CRO,1832,0.241,107276488,175000,1.014244,0.115062,12343436,51,242028,0.04,High,High,Normalized persona x industry x company-size x ACV fit weights
M0070_P003,M0070,P003,Pricing Intelligence Engine,Pricing Intelligence,Decision Engine,Enterprise,CRO,Yes,Financial Services,Europe,Mid-Market,CRO,1832,0.241,107276488,135000,1.802994,0.204542,21942586,90,243807,0.04,High,High,Normalized persona x industry x company-size x ACV fit weights
M0070_P004,M0070,P004,Customer Intelligence Cloud,Customer Intelligence,Workflow Platform,Enterprise,CRO,Yes,Financial Services,Europe,Mid-Market,CRO,1832,0.241,107276488,120000,1.53132,0.173722,18636290,77,242030,0.04,High,High,Normalized persona x industry x company-size x ACV fit weights
M0070_P005,M0070,P005,Competitive Intelligence Radar,Competitive Intelligence,Insights Module,Standard,Strategy,Yes,Financial Services,Europe,Mid-Market,CRO,1832,0.241,107276488,90000,1.090104,0.123668,13266661,55,241212,0.04,High,High,Normalized persona x industry x company-size x ACV fit weights
M0070_P006,M0070,P006,Forecasting Platform,Forecasting Platform,Decision Engine,Premium,CFO,Yes,Financial Services,Europe,Mid-Market,CRO,1832,0.241,107276488,160000,0.88949,0.100909,10825163,45,240559,0.04,High,High,Normalized persona x industry x company-size x ACV fit weights
M0070_P007,M0070,P007,Workflow Automation Hub,Workflow Automation,Workflow Platform,Standard,Product,Yes,Financial Services,Europe,Mid-Market,CRO,1832,0.241,107276488,80000,0.919536,0.104318,11190824,46,243279,0.04,High,High,Normalized persona x industry x company-size x ACV fit weights
M0070_P008,M0070,P008,Executive Insights Portal,Executive Insights,Executive Layer,Premium,CFO,Yes,Financial Services,Europe,Mid-Market,CRO,1832,0.241,107276488,110000,0.759247,0.086134,9240102,38,243161,0.04,High,High,Normalized persona x industry x company-size x ACV fit weights
M0071_P001,M0071,P001,Market Intelligence Pro,Market Intelligence,Core Platform,Premium,Strategy,Yes,Financial Services,Europe,Mid-Market,Strategy,844,0.423,35035015,150000,1.473112,0.166041,5817260,59,98598,0.135,Low,High,Normalized persona x industry x company-size x ACV fit weights
M0071_P002,M0071,P002,Risk Analytics Suite,Risk Analytics,Analytics Add-on,Premium,CFO,Yes,Financial Services,Europe,Mid-Market,Strategy,844,0.423,35035015,175000,1.014244,0.11432,4005209,41,97688,0.135,Low,High,Normalized persona x industry x company-size x ACV fit weights
M0071_P003,M0071,P003,Pricing Intelligence Engine,Pricing Intelligence,Decision Engine,Enterprise,CRO,Yes,Financial Services,Europe,Mid-Market,Strategy,844,0.423,35035015,135000,0.988739,0.111445,3904489,40,97612,0.135,Low,High,Normalized persona x industry x company-size x ACV fit weights
M0071_P004,M0071,P004,Customer Intelligence Cloud,Customer Intelligence,Workflow Platform,Enterprise,CRO,Yes,Financial Services,Europe,Mid-Market,Strategy,844,0.423,35035015,120000,0.839756,0.094653,3316163,34,97534,0.135,Low,High,Normalized persona x industry x company-size x ACV fit weights
M0071_P005,M0071,P005,Competitive Intelligence Radar,Competitive Intelligence,Insights Module,Standard,Strategy,Yes,Financial Services,Europe,Mid-Market,Strategy,844,0.423,35035015,90000,1.987837,0.224058,7849890,80,98124,0.135,Low,High,Normalized persona x industry x company-size x ACV fit weights
M0071_P006,M0071,P006,Forecasting Platform,Forecasting Platform,Decision Engine,Premium,CFO,Yes,Financial Services,Europe,Mid-Market,Strategy,844,0.423,35035015,160000,0.88949,0.100259,3512559,36,97571,0.135,Low,High,Normalized persona x industry x company-size x ACV fit weights
M0071_P007,M0071,P007,Workflow Automation Hub,Workflow Automation,Workflow Platform,Standard,Product,Yes,Financial Services,Europe,Mid-Market,Strategy,844,0.423,35035015,80000,0.919536,0.103645,3631209,37,98141,0.135,Low,High,Normalized persona x industry x company-size x ACV fit weights
M0071_P008,M0071,P008,Executive Insights Portal,Executive Insights,Executive Layer,Premium,CFO,Yes,Financial Services,Europe,Mid-Market,Strategy,844,0.423,35035015,110000,0.759247,0.085578,2998236,31,96717,0.135,Low,High,Normalized persona x industry x company-size x ACV fit weights
M0072_P001,M0072,P001,Market Intelligence Pro,Market Intelligence,Core Platform,Premium,Strategy,Yes,Financial Services,Europe,Mid-Market,Product,952,0.282,28990729,150000,0.807836,0.094919,2751770,25,110071,0.094,Medium,High,Normalized persona x industry x company-size x ACV fit weights
M0072_P002,M0072,P002,Risk Analytics Suite,Risk Analytics,Analytics Add-on,Premium,CFO,Yes,Financial Services,Europe,Mid-Market,Product,952,0.282,28990729,175000,1.014244,0.119172,3454870,32,107965,0.094,Medium,High,Normalized persona x industry x company-size x ACV fit weights
M0072_P003,M0072,P003,Pricing Intelligence Engine,Pricing Intelligence,Decision Engine,Enterprise,CRO,Yes,Financial Services,Europe,Mid-Market,Product,952,0.282,28990729,135000,0.988739,0.116175,3367989,31,108645,0.094,Medium,High,Normalized persona x industry x company-size x ACV fit weights
M0072_P004,M0072,P004,Customer Intelligence Cloud,Customer Intelligence,Workflow Platform,Enterprise,CRO,Yes,Financial Services,Europe,Mid-Market,Product,952,0.282,28990729,120000,1.284333,0.150906,4374886,41,106705,0.094,Medium,High,Normalized persona x industry x company-size x ACV fit weights
M0072_P005,M0072,P005,Competitive Intelligence Radar,Competitive Intelligence,Insights Module,Standard,Strategy,Yes,Financial Services,Europe,Mid-Market,Product,952,0.282,28990729,90000,1.090104,0.128085,3713276,34,109214,0.094,Medium,High,Normalized persona x industry x company-size x ACV fit weights
M0072_P006,M0072,P006,Forecasting Platform,Forecasting Platform,Decision Engine,Premium,CFO,Yes,Financial Services,Europe,Mid-Market,Product,952,0.282,28990729,160000,0.88949,0.104513,3029912,28,108211,0.094,Medium,High,Normalized persona x industry x company-size x ACV fit weights
M0072_P007,M0072,P007,Workflow Automation Hub,Workflow Automation,Workflow Platform,Standard,Product,Yes,Financial Services,Europe,Mid-Market,Product,952,0.282,28990729,80000,1.6768,0.19702,5711766,53,107769,0.094,Medium,High,Normalized persona x industry x company-size x ACV fit weights
M0072_P008,M0072,P008,Executive Insights Portal,Executive Insights,Executive Layer,Premium,CFO,Yes,Financial Services,Europe,Mid-Market,Product,952,0.282,28990729,110000,0.759247,0.08921,2586260,24,107761,0.094,Medium,High,Normalized persona x industry x company-size x ACV fit weights
M0073_P001,M0073,P001,Market Intelligence Pro,Market Intelligence,Core Platform,Premium,Strategy,Yes,Financial Services,APAC,Strategic,CFO,200,0.264,46760229,150000,1.262243,0.101798,4760097,5,952019,0.046,Low,High,Normalized persona x industry x company-size x ACV fit weights
M0073_P002,M0073,P002,Risk Analytics Suite,Risk Analytics,Analytics Add-on,Premium,CFO,Yes,Financial Services,APAC,Strategic,CFO,200,0.264,46760229,175000,2.88985,0.233062,10898033,12,908169,0.046,Low,High,Normalized persona x industry x company-size x ACV fit weights
M0073_P003,M0073,P003,Pricing Intelligence Engine,Pricing Intelligence,Decision Engine,Enterprise,CRO,Yes,Financial Services,APAC,Strategic,CFO,200,0.264,46760229,135000,1.137049,0.091701,4287974,5,857595,0.046,Low,High,Normalized persona x industry x company-size x ACV fit weights
M0073_P004,M0073,P004,Customer Intelligence Cloud,Customer Intelligence,Workflow Platform,Enterprise,CRO,Yes,Financial Services,APAC,Strategic,CFO,200,0.264,46760229,120000,0.965719,0.077884,3641864,4,910466,0.046,Low,High,Normalized persona x industry x company-size x ACV fit weights
M0073_P005,M0073,P005,Competitive Intelligence Radar,Competitive Intelligence,Insights Module,Standard,Strategy,Yes,Financial Services,APAC,Strategic,CFO,200,0.264,46760229,90000,0.784875,0.063299,2959875,3,986625,0.046,Low,High,Normalized persona x industry x company-size x ACV fit weights
M0073_P006,M0073,P006,Forecasting Platform,Forecasting Platform,Decision Engine,Premium,CFO,Yes,Financial Services,APAC,Strategic,CFO,200,0.264,46760229,160000,2.534391,0.204395,9557548,11,868868,0.046,Low,High,Normalized persona x industry x company-size x ACV fit weights
M0073_P007,M0073,P007,Workflow Automation Hub,Workflow Automation,Workflow Platform,Standard,Product,Yes,Financial Services,APAC,Strategic,CFO,200,0.264,46760229,80000,0.662066,0.053395,2496743,3,832248,0.046,Low,High,Normalized persona x industry x company-size x ACV fit weights
M0073_P008,M0073,P008,Executive Insights Portal,Executive Insights,Executive Layer,Premium,CFO,Yes,Financial Services,APAC,Strategic,CFO,200,0.264,46760229,110000,2.163297,0.174467,8158095,9,906455,0.046,Low,High,Normalized persona x industry x company-size x ACV fit weights
M0074_P001,M0074,P001,Market Intelligence Pro,Market Intelligence,Core Platform,Premium,Strategy,Yes,Financial Services,APAC,Strategic,CRO,219,0.456,109422367,150000,1.262243,0.117916,12902699,12,1075225,0.043,Medium,High,Normalized persona x industry x company-size x ACV fit weights
M0074_P002,M0074,P002,Risk Analytics Suite,Risk Analytics,Analytics Add-on,Premium,CFO,Yes,Financial Services,APAC,Strategic,CRO,219,0.456,109422367,175000,1.584757,0.148045,16199445,15,1079963,0.043,Medium,High,Normalized persona x industry x company-size x ACV fit weights
M0074_P003,M0074,P003,Pricing Intelligence Engine,Pricing Intelligence,Decision Engine,Enterprise,CRO,Yes,Financial Services,APAC,Strategic,CRO,219,0.456,109422367,135000,2.073443,0.193697,21194818,19,1115517,0.043,Medium,High,Normalized persona x industry x company-size x ACV fit weights
M0074_P004,M0074,P004,Customer Intelligence Cloud,Customer Intelligence,Workflow Platform,Enterprise,CRO,Yes,Financial Services,APAC,Strategic,CRO,219,0.456,109422367,120000,1.761018,0.164511,18001195,16,1125075,0.043,Medium,High,Normalized persona x industry x company-size x ACV fit weights
M0074_P005,M0074,P005,Competitive Intelligence Radar,Competitive Intelligence,Insights Module,Standard,Strategy,Yes,Financial Services,APAC,Strategic,CRO,219,0.456,109422367,90000,0.784875,0.073322,8023025,7,1146146,0.043,Medium,High,Normalized persona x industry x company-size x ACV fit weights
M0074_P006,M0074,P006,Forecasting Platform,Forecasting Platform,Decision Engine,Premium,CFO,Yes,Financial Services,APAC,Strategic,CRO,219,0.456,109422367,160000,1.389828,0.129835,14206873,13,1092836,0.043,Medium,High,Normalized persona x industry x company-size x ACV fit weights
M0074_P007,M0074,P007,Workflow Automation Hub,Workflow Automation,Workflow Platform,Standard,Product,Yes,Financial Services,APAC,Strategic,CRO,219,0.456,109422367,80000,0.662066,0.061849,6767661,6,1127944,0.043,Medium,High,Normalized persona x industry x company-size x ACV fit weights
M0074_P008,M0074,P008,Executive Insights Portal,Executive Insights,Executive Layer,Premium,CFO,Yes,Financial Services,APAC,Strategic,CRO,219,0.456,109422367,110000,1.186324,0.110824,12126651,11,1102423,0.043,Medium,High,Normalized persona x industry x company-size x ACV fit weights
M0075_P001,M0075,P001,Market Intelligence Pro,Market Intelligence,Core Platform,Premium,Strategy,Yes,Financial Services,APAC,Strategic,Strategy,195,0.421,63782478,150000,2.301737,0.215949,13773744,18,765208,0.071,Medium,High,Normalized persona x industry x company-size x ACV fit weights
M0075_P002,M0075,P002,Risk Analytics Suite,Risk Analytics,Analytics Add-on,Premium,CFO,Yes,Financial Services,APAC,Strategic,Strategy,195,0.421,63782478,175000,1.584757,0.148682,9483284,12,790274,0.071,Medium,High,Normalized persona x industry x company-size x ACV fit weights
M0075_P003,M0075,P003,Pricing Intelligence Engine,Pricing Intelligence,Decision Engine,Enterprise,CRO,Yes,Financial Services,APAC,Strategic,Strategy,195,0.421,63782478,135000,1.137049,0.106678,6804176,9,756020,0.071,Medium,High,Normalized persona x industry x company-size x ACV fit weights
M0075_P004,M0075,P004,Customer Intelligence Cloud,Customer Intelligence,Workflow Platform,Enterprise,CRO,Yes,Financial Services,APAC,Strategic,Strategy,195,0.421,63782478,120000,0.965719,0.090604,5778927,7,825561,0.071,Medium,High,Normalized persona x industry x company-size x ACV fit weights
M0075_P005,M0075,P005,Competitive Intelligence Radar,Competitive Intelligence,Insights Module,Standard,Strategy,Yes,Financial Services,APAC,Strategic,Strategy,195,0.421,63782478,90000,1.431243,0.134279,8564649,11,778604,0.071,Medium,High,Normalized persona x industry x company-size x ACV fit weights
M0075_P006,M0075,P006,Forecasting Platform,Forecasting Platform,Decision Engine,Premium,CFO,Yes,Financial Services,APAC,Strategic,Strategy,195,0.421,63782478,160000,1.389828,0.130393,8316817,11,756074,0.071,Medium,High,Normalized persona x industry x company-size x ACV fit weights
M0075_P007,M0075,P007,Workflow Automation Hub,Workflow Automation,Workflow Platform,Standard,Product,Yes,Financial Services,APAC,Strategic,Strategy,195,0.421,63782478,80000,0.662066,0.062115,3961843,5,792369,0.071,Medium,High,Normalized persona x industry x company-size x ACV fit weights
M0075_P008,M0075,P008,Executive Insights Portal,Executive Insights,Executive Layer,Premium,CFO,Yes,Financial Services,APAC,Strategic,Strategy,195,0.421,63782478,110000,1.186324,0.111301,7099038,9,788782,0.071,Medium,High,Normalized persona x industry x company-size x ACV fit weights
M0076_P001,M0076,P001,Market Intelligence Pro,Market Intelligence,Core Platform,Premium,Strategy,Yes,Financial Services,APAC,Strategic,Product,240,0.388,55586996,150000,1.262243,0.125855,6995894,12,582991,0.046,High,High,Normalized persona x industry x company-size x ACV fit weights
M0076_P002,M0076,P002,Risk Analytics Suite,Risk Analytics,Analytics Add-on,Premium,CFO,Yes,Financial Services,APAC,Strategic,Product,240,0.388,55586996,175000,1.584757,0.158012,8783402,15,585560,0.046,High,High,Normalized persona x industry x company-size x ACV fit weights
M0076_P003,M0076,P003,Pricing Intelligence Engine,Pricing Intelligence,Decision Engine,Enterprise,CRO,Yes,Financial Services,APAC,Strategic,Product,240,0.388,55586996,135000,1.137049,0.113372,6302017,11,572911,0.046,High,High,Normalized persona x industry x company-size x ACV fit weights
M0076_P004,M0076,P004,Customer Intelligence Cloud,Customer Intelligence,Workflow Platform,Enterprise,CRO,Yes,Financial Services,APAC,Strategic,Product,240,0.388,55586996,120000,1.476983,0.147266,8186073,14,584720,0.046,High,High,Normalized persona x industry x company-size x ACV fit weights
M0076_P005,M0076,P005,Competitive Intelligence Radar,Competitive Intelligence,Insights Module,Standard,Strategy,Yes,Financial Services,APAC,Strategic,Product,240,0.388,55586996,90000,0.784875,0.078258,4350116,7,621445,0.046,High,High,Normalized persona x industry x company-size x ACV fit weights
M0076_P006,M0076,P006,Forecasting Platform,Forecasting Platform,Decision Engine,Premium,CFO,Yes,Financial Services,APAC,Strategic,Product,240,0.388,55586996,160000,1.389828,0.138576,7703022,13,592540,0.046,High,High,Normalized persona x industry x company-size x ACV fit weights
M0076_P007,M0076,P007,Workflow Automation Hub,Workflow Automation,Workflow Platform,Standard,Product,Yes,Financial Services,APAC,Strategic,Product,240,0.388,55586996,80000,1.207296,0.120376,6691354,11,608305,0.046,High,High,Normalized persona x industry x company-size x ACV fit weights
M0076_P008,M0076,P008,Executive Insights Portal,Executive Insights,Executive Layer,Premium,CFO,Yes,Financial Services,APAC,Strategic,Product,240,0.388,55586996,110000,1.186324,0.118285,6575118,11,597738,0.046,High,High,Normalized persona x industry x company-size x ACV fit weights
M0077_P001,M0077,P001,Market Intelligence Pro,Market Intelligence,Core Platform,Premium,Strategy,Yes,Financial Services,APAC,Enterprise,CFO,844,0.333,207186208,150000,1.110774,0.095841,19857009,27,735445,0.1,High,High,Normalized persona x industry x company-size x ACV fit weights
M0077_P002,M0077,P002,Risk Analytics Suite,Risk Analytics,Analytics Add-on,Premium,CFO,Yes,Financial Services,APAC,Enterprise,CFO,844,0.333,207186208,175000,2.543068,0.219425,45461751,62,733254,0.1,High,High,Normalized persona x industry x company-size x ACV fit weights
M0077_P003,M0077,P003,Pricing Intelligence Engine,Pricing Intelligence,Decision Engine,Enterprise,CRO,Yes,Financial Services,APAC,Enterprise,CFO,844,0.333,207186208,135000,1.186486,0.102374,21210499,29,731397,0.1,High,High,Normalized persona x industry x company-size x ACV fit weights
M0077_P004,M0077,P004,Customer Intelligence Cloud,Customer Intelligence,Workflow Platform,Enterprise,CRO,Yes,Financial Services,APAC,Enterprise,CFO,844,0.333,207186208,120000,1.007707,0.086948,18014514,24,750605,0.1,High,High,Normalized persona x industry x company-size x ACV fit weights
M0077_P005,M0077,P005,Competitive Intelligence Radar,Competitive Intelligence,Insights Module,Standard,Strategy,Yes,Financial Services,APAC,Enterprise,CFO,844,0.333,207186208,90000,0.872084,0.075246,15590005,21,742381,0.1,High,High,Normalized persona x industry x company-size x ACV fit weights
M0077_P006,M0077,P006,Forecasting Platform,Forecasting Platform,Decision Engine,Premium,CFO,Yes,Financial Services,APAC,Enterprise,CFO,844,0.333,207186208,160000,2.230264,0.192435,39869843,54,738330,0.1,High,High,Normalized persona x industry x company-size x ACV fit weights
M0077_P007,M0077,P007,Workflow Automation Hub,Workflow Automation,Workflow Platform,Standard,Product,Yes,Financial Services,APAC,Enterprise,CFO,844,0.333,207186208,80000,0.735628,0.063473,13150633,18,730591,0.1,High,High,Normalized persona x industry x company-size x ACV fit weights
M0077_P008,M0077,P008,Executive Insights Portal,Executive Insights,Executive Layer,Premium,CFO,Yes,Financial Services,APAC,Enterprise,CFO,844,0.333,207186208,110000,1.903701,0.164258,34031954,46,739825,0.1,High,High,Normalized persona x industry x company-size x ACV fit weights
M0078_P001,M0078,P001,Market Intelligence Pro,Market Intelligence,Core Platform,Premium,Strategy,Yes,Financial Services,APAC,Enterprise,CRO,673,0.435,144161051,150000,1.110774,0.106998,15424940,31,497579,0.122,Low,High,Normalized persona x industry x company-size x ACV fit weights
M0078_P002,M0078,P002,Risk Analytics Suite,Risk Analytics,Analytics Add-on,Premium,CFO,Yes,Financial Services,APAC,Enterprise,CRO,673,0.435,144161051,175000,1.394586,0.134337,19366139,39,496568,0.122,Low,High,Normalized persona x industry x company-size x ACV fit weights
M0078_P003,M0078,P003,Pricing Intelligence Engine,Pricing Intelligence,Decision Engine,Enterprise,CRO,Yes,Financial Services,APAC,Enterprise,CRO,673,0.435,144161051,135000,2.163593,0.208413,30045077,61,492542,0.122,Low,High,Normalized persona x industry x company-size x ACV fit weights
M0078_P004,M0078,P004,Customer Intelligence Cloud,Customer Intelligence,Workflow Platform,Enterprise,CRO,Yes,Financial Services,APAC,Enterprise,CRO,673,0.435,144161051,120000,1.837584,0.17701,25517903,52,490729,0.122,Low,High,Normalized persona x industry x company-size x ACV fit weights
M0078_P005,M0078,P005,Competitive Intelligence Radar,Competitive Intelligence,Insights Module,Standard,Strategy,Yes,Financial Services,APAC,Enterprise,CRO,673,0.435,144161051,90000,0.872084,0.084006,12110328,25,484413,0.122,Low,High,Normalized persona x industry x company-size x ACV fit weights
M0078_P006,M0078,P006,Forecasting Platform,Forecasting Platform,Decision Engine,Premium,CFO,Yes,Financial Services,APAC,Enterprise,CRO,673,0.435,144161051,160000,1.223048,0.117813,16984056,34,499531,0.122,Low,High,Normalized persona x industry x company-size x ACV fit weights
M0078_P007,M0078,P007,Workflow Automation Hub,Workflow Automation,Workflow Platform,Standard,Product,Yes,Financial Services,APAC,Enterprise,CRO,673,0.435,144161051,80000,0.735628,0.070861,10215422,21,486449,0.122,Low,High,Normalized persona x industry x company-size x ACV fit weights
M0078_P008,M0078,P008,Executive Insights Portal,Executive Insights,Executive Layer,Premium,CFO,Yes,Financial Services,APAC,Enterprise,CRO,673,0.435,144161051,110000,1.043965,0.100562,14497186,29,499903,0.122,Low,High,Normalized persona x industry x company-size x ACV fit weights
M0079_P001,M0079,P001,Market Intelligence Pro,Market Intelligence,Core Platform,Premium,Strategy,Yes,Financial Services,APAC,Enterprise,Strategy,516,0.341,83819807,150000,2.025529,0.198441,16633270,35,475236,0.087,Medium,High,Normalized persona x industry x company-size x ACV fit weights
M0079_P002,M0079,P002,Risk Analytics Suite,Risk Analytics,Analytics Add-on,Premium,CFO,Yes,Financial Services,APAC,Enterprise,Strategy,516,0.341,83819807,175000,1.394586,0.136627,11452081,24,477170,0.087,Medium,High,Normalized persona x industry x company-size x ACV fit weights
M0079_P003,M0079,P003,Pricing Intelligence Engine,Pricing Intelligence,Decision Engine,Enterprise,CRO,Yes,Financial Services,APAC,Enterprise,Strategy,516,0.341,83819807,135000,1.186486,0.11624,9743207,20,487160,0.087,Medium,High,Normalized persona x industry x company-size x ACV fit weights
M0079_P004,M0079,P004,Customer Intelligence Cloud,Customer Intelligence,Workflow Platform,Enterprise,CRO,Yes,Financial Services,APAC,Enterprise,Strategy,516,0.341,83819807,120000,1.007707,0.098725,8275106,17,486771,0.087,Medium,High,Normalized persona x industry x company-size x ACV fit weights
M0079_P005,M0079,P005,Competitive Intelligence Radar,Competitive Intelligence,Insights Module,Standard,Strategy,Yes,Financial Services,APAC,Enterprise,Strategy,516,0.341,83819807,90000,1.59027,0.155799,13059004,27,483667,0.087,Medium,High,Normalized persona x industry x company-size x ACV fit weights
M0079_P006,M0079,P006,Forecasting Platform,Forecasting Platform,Decision Engine,Premium,CFO,Yes,Financial Services,APAC,Enterprise,Strategy,516,0.341,83819807,160000,1.223048,0.119822,10043447,21,478259,0.087,Medium,High,Normalized persona x industry x company-size x ACV fit weights
M0079_P007,M0079,P007,Workflow Automation Hub,Workflow Automation,Workflow Platform,Standard,Product,Yes,Financial Services,APAC,Enterprise,Strategy,516,0.341,83819807,80000,0.735628,0.072069,6040845,13,464680,0.087,Medium,High,Normalized persona x industry x company-size x ACV fit weights
M0079_P008,M0079,P008,Executive Insights Portal,Executive Insights,Executive Layer,Premium,CFO,Yes,Financial Services,APAC,Enterprise,Strategy,516,0.341,83819807,110000,1.043965,0.102277,8572847,18,476269,0.087,Medium,High,Normalized persona x industry x company-size x ACV fit weights
M0080_P001,M0080,P001,Market Intelligence Pro,Market Intelligence,Core Platform,Premium,Strategy,Yes,Financial Services,APAC,Enterprise,Product,494,0.427,84788406,150000,1.110774,0.114353,9695779,24,403991,0.109,Medium,High,Normalized persona x industry x company-size x ACV fit weights
M0080_P002,M0080,P002,Risk Analytics Suite,Risk Analytics,Analytics Add-on,Premium,CFO,Yes,Financial Services,APAC,Enterprise,Product,494,0.427,84788406,175000,1.394586,0.143571,12173130,30,405771,0.109,Medium,High,Normalized persona x industry x company-size x ACV fit weights
M0080_P003,M0080,P003,Pricing Intelligence Engine,Pricing Intelligence,Decision Engine,Enterprise,CRO,Yes,Financial Services,APAC,Enterprise,Product,494,0.427,84788406,135000,1.186486,0.122147,10356662,26,398333,0.109,Medium,High,Normalized persona x industry x company-size x ACV fit weights
M0080_P004,M0080,P004,Customer Intelligence Cloud,Customer Intelligence,Workflow Platform,Enterprise,CRO,Yes,Financial Services,APAC,Enterprise,Product,494,0.427,84788406,120000,1.541199,0.158664,13452899,33,407664,0.109,Medium,High,Normalized persona x industry x company-size x ACV fit weights
M0080_P005,M0080,P005,Competitive Intelligence Radar,Competitive Intelligence,Insights Module,Standard,Strategy,Yes,Financial Services,APAC,Enterprise,Product,494,0.427,84788406,90000,0.872084,0.08978,7612287,19,400647,0.109,Medium,High,Normalized persona x industry x company-size x ACV fit weights
M0080_P006,M0080,P006,Forecasting Platform,Forecasting Platform,Decision Engine,Premium,CFO,Yes,Financial Services,APAC,Enterprise,Product,494,0.427,84788406,160000,1.223048,0.125911,10675805,27,395400,0.109,Medium,High,Normalized persona x industry x company-size x ACV fit weights
M0080_P007,M0080,P007,Workflow Automation Hub,Workflow Automation,Workflow Platform,Standard,Product,Yes,Financial Services,APAC,Enterprise,Product,494,0.427,84788406,80000,1.34144,0.138099,11709230,29,403767,0.109,Medium,High,Normalized persona x industry x company-size x ACV fit weights
M0080_P008,M0080,P008,Executive Insights Portal,Executive Insights,Executive Layer,Premium,CFO,Yes,Financial Services,APAC,Enterprise,Product,494,0.427,84788406,110000,1.043965,0.107475,9112614,23,396201,0.109,Medium,High,Normalized persona x industry x company-size x ACV fit weights
M0081_P001,M0081,P001,Market Intelligence Pro,Market Intelligence,Core Platform,Premium,Strategy,Yes,Financial Services,APAC,Mid-Market,CFO,1097,0.242,71907986,150000,0.807836,0.085017,6113435,23,265802,0.115,Medium,High,Normalized persona x industry x company-size x ACV fit weights
M0081_P002,M0081,P002,Risk Analytics Suite,Risk Analytics,Analytics Add-on,Premium,CFO,Yes,Financial Services,APAC,Mid-Market,CFO,1097,0.242,71907986,175000,1.849504,0.194644,13996442,52,269162,0.115,Medium,High,Normalized persona x industry x company-size x ACV fit weights
M0081_P003,M0081,P003,Pricing Intelligence Engine,Pricing Intelligence,Decision Engine,Enterprise,CRO,Yes,Financial Services,APAC,Mid-Market,CFO,1097,0.242,71907986,135000,0.988739,0.104056,7482450,28,267230,0.115,Medium,High,Normalized persona x industry x company-size x ACV fit weights
M0081_P004,M0081,P004,Customer Intelligence Cloud,Customer Intelligence,Workflow Platform,Enterprise,CRO,Yes,Financial Services,APAC,Mid-Market,CFO,1097,0.242,71907986,120000,0.839756,0.088377,6354999,23,276304,0.115,Medium,High,Normalized persona x industry x company-size x ACV fit weights
M0081_P005,M0081,P005,Competitive Intelligence Radar,Competitive Intelligence,Insights Module,Standard,Strategy,Yes,Financial Services,APAC,Mid-Market,CFO,1097,0.242,71907986,90000,1.090104,0.114724,8249553,30,274985,0.115,Medium,High,Normalized persona x industry x company-size x ACV fit weights
M0081_P006,M0081,P006,Forecasting Platform,Forecasting Platform,Decision Engine,Premium,CFO,Yes,Financial Services,APAC,Mid-Market,CFO,1097,0.242,71907986,160000,1.62201,0.170702,12274845,45,272774,0.115,Medium,High,Normalized persona x industry x company-size x ACV fit weights
M0081_P007,M0081,P007,Workflow Automation Hub,Workflow Automation,Workflow Platform,Standard,Product,Yes,Financial Services,APAC,Mid-Market,CFO,1097,0.242,71907986,80000,0.919536,0.096773,6958744,26,267644,0.115,Medium,High,Normalized persona x industry x company-size x ACV fit weights
M0081_P008,M0081,P008,Executive Insights Portal,Executive Insights,Executive Layer,Premium,CFO,Yes,Financial Services,APAC,Mid-Market,CFO,1097,0.242,71907986,110000,1.38451,0.145707,10477518,39,268654,0.115,Medium,High,Normalized persona x industry x company-size x ACV fit weights
M0082_P001,M0082,P001,Market Intelligence Pro,Market Intelligence,Core Platform,Premium,Strategy,Yes,Financial Services,APAC,Mid-Market,CRO,1947,0.224,89760179,150000,0.807836,0.091646,8226132,40,205653,0.108,Medium,High,Normalized persona x industry x company-size x ACV fit weights
M0082_P002,M0082,P002,Risk Analytics Suite,Risk Analytics,Analytics Add-on,Premium,CFO,Yes,Financial Services,APAC,Mid-Market,CRO,1947,0.224,89760179,175000,1.014244,0.115062,10327976,50,206560,0.108,Medium,High,Normalized persona x industry x company-size x ACV fit weights
M0082_P003,M0082,P003,Pricing Intelligence Engine,Pricing Intelligence,Decision Engine,Enterprise,CRO,Yes,Financial Services,APAC,Mid-Market,CRO,1947,0.224,89760179,135000,1.802994,0.204542,18359759,89,206289,0.108,Medium,High,Normalized persona x industry x company-size x ACV fit weights
M0082_P004,M0082,P004,Customer Intelligence Cloud,Customer Intelligence,Workflow Platform,Enterprise,CRO,Yes,Financial Services,APAC,Mid-Market,CRO,1947,0.224,89760179,120000,1.53132,0.173722,15593321,76,205175,0.108,Medium,High,Normalized persona x industry x company-size x ACV fit weights
M0082_P005,M0082,P005,Competitive Intelligence Radar,Competitive Intelligence,Insights Module,Standard,Strategy,Yes,Financial Services,APAC,Mid-Market,CRO,1947,0.224,89760179,90000,1.090104,0.123668,11100455,54,205564,0.108,Medium,High,Normalized persona x industry x company-size x ACV fit weights
M0082_P006,M0082,P006,Forecasting Platform,Forecasting Platform,Decision Engine,Premium,CFO,Yes,Financial Services,APAC,Mid-Market,CRO,1947,0.224,89760179,160000,0.88949,0.100909,9057610,44,205855,0.108,Medium,High,Normalized persona x industry x company-size x ACV fit weights
M0082_P007,M0082,P007,Workflow Automation Hub,Workflow Automation,Workflow Platform,Standard,Product,Yes,Financial Services,APAC,Mid-Market,CRO,1947,0.224,89760179,80000,0.919536,0.104318,9363565,45,208079,0.108,Medium,High,Normalized persona x industry x company-size x ACV fit weights
M0082_P008,M0082,P008,Executive Insights Portal,Executive Insights,Executive Layer,Premium,CFO,Yes,Financial Services,APAC,Mid-Market,CRO,1947,0.224,89760179,110000,0.759247,0.086134,7731361,38,203457,0.108,Medium,High,Normalized persona x industry x company-size x ACV fit weights
M0083_P001,M0083,P001,Market Intelligence Pro,Market Intelligence,Core Platform,Premium,Strategy,Yes,Financial Services,APAC,Mid-Market,Strategy,1609,0.358,134951010,150000,1.473112,0.166041,22407442,96,233411,0.07,Medium,High,Normalized persona x industry x company-size x ACV fit weights
M0083_P002,M0083,P002,Risk Analytics Suite,Risk Analytics,Analytics Add-on,Premium,CFO,Yes,Financial Services,APAC,Mid-Market,Strategy,1609,0.358,134951010,175000,1.014244,0.11432,15427624,66,233752,0.07,Medium,High,Normalized persona x industry x company-size x ACV fit weights
M0083_P003,M0083,P003,Pricing Intelligence Engine,Pricing Intelligence,Decision Engine,Enterprise,CRO,Yes,Financial Services,APAC,Mid-Market,Strategy,1609,0.358,134951010,135000,0.988739,0.111445,15039660,64,234995,0.07,Medium,High,Normalized persona x industry x company-size x ACV fit weights
M0083_P004,M0083,P004,Customer Intelligence Cloud,Customer Intelligence,Workflow Platform,Enterprise,CRO,Yes,Financial Services,APAC,Mid-Market,Strategy,1609,0.358,134951010,120000,0.839756,0.094653,12773493,55,232245,0.07,Medium,High,Normalized persona x industry x company-size x ACV fit weights
M0083_P005,M0083,P005,Competitive Intelligence Radar,Competitive Intelligence,Insights Module,Standard,Strategy,Yes,Financial Services,APAC,Mid-Market,Strategy,1609,0.358,134951010,90000,1.987837,0.224058,30236909,129,234395,0.07,Medium,High,Normalized persona x industry x company-size x ACV fit weights
M0083_P006,M0083,P006,Forecasting Platform,Forecasting Platform,Decision Engine,Premium,CFO,Yes,Financial Services,APAC,Mid-Market,Strategy,1609,0.358,134951010,160000,0.88949,0.100259,13529988,58,233276,0.07,Medium,High,Normalized persona x industry x company-size x ACV fit weights
M0083_P007,M0083,P007,Workflow Automation Hub,Workflow Automation,Workflow Platform,Standard,Product,Yes,Financial Services,APAC,Mid-Market,Strategy,1609,0.358,134951010,80000,0.919536,0.103645,13987015,60,233117,0.07,Medium,High,Normalized persona x industry x company-size x ACV fit weights
M0083_P008,M0083,P008,Executive Insights Portal,Executive Insights,Executive Layer,Premium,CFO,Yes,Financial Services,APAC,Mid-Market,Strategy,1609,0.358,134951010,110000,0.759247,0.085578,11548879,49,235691,0.07,Medium,High,Normalized persona x industry x company-size x ACV fit weights
M0084_P001,M0084,P001,Market Intelligence Pro,Market Intelligence,Core Platform,Premium,Strategy,Yes,Financial Services,APAC,Mid-Market,Product,1182,0.28,36142817,150000,0.807836,0.094919,3430639,31,110666,0.113,High,High,Normalized persona x industry x company-size x ACV fit weights
M0084_P002,M0084,P002,Risk Analytics Suite,Risk Analytics,Analytics Add-on,Premium,CFO,Yes,Financial Services,APAC,Mid-Market,Product,1182,0.28,36142817,175000,1.014244,0.119172,4307195,39,110441,0.113,High,High,Normalized persona x industry x company-size x ACV fit weights
M0084_P003,M0084,P003,Pricing Intelligence Engine,Pricing Intelligence,Decision Engine,Enterprise,CRO,Yes,Financial Services,APAC,Mid-Market,Product,1182,0.28,36142817,135000,0.988739,0.116175,4198880,38,110497,0.113,High,High,Normalized persona x industry x company-size x ACV fit weights
M0084_P004,M0084,P004,Customer Intelligence Cloud,Customer Intelligence,Workflow Platform,Enterprise,CRO,Yes,Financial Services,APAC,Mid-Market,Product,1182,0.28,36142817,120000,1.284333,0.150906,5454181,50,109084,0.113,High,High,Normalized persona x industry x company-size x ACV fit weights
M0084_P005,M0084,P005,Competitive Intelligence Radar,Competitive Intelligence,Insights Module,Standard,Strategy,Yes,Financial Services,APAC,Mid-Market,Product,1182,0.28,36142817,90000,1.090104,0.128085,4629351,42,110223,0.113,High,High,Normalized persona x industry x company-size x ACV fit weights
M0084_P006,M0084,P006,Forecasting Platform,Forecasting Platform,Decision Engine,Premium,CFO,Yes,Financial Services,APAC,Mid-Market,Product,1182,0.28,36142817,160000,0.88949,0.104513,3777399,35,107926,0.113,High,High,Normalized persona x industry x company-size x ACV fit weights
M0084_P007,M0084,P007,Workflow Automation Hub,Workflow Automation,Workflow Platform,Standard,Product,Yes,Financial Services,APAC,Mid-Market,Product,1182,0.28,36142817,80000,1.6768,0.19702,7120874,65,109552,0.113,High,High,Normalized persona x industry x company-size x ACV fit weights
M0084_P008,M0084,P008,Executive Insights Portal,Executive Insights,Executive Layer,Premium,CFO,Yes,Financial Services,APAC,Mid-Market,Product,1182,0.28,36142817,110000,0.759247,0.08921,3224298,30,107477,0.113,High,High,Normalized persona x industry x company-size x ACV fit weights
M0085_P001,M0085,P001,Market Intelligence Pro,Market Intelligence,Core Platform,Premium,Strategy,Yes,Financial Services,Middle East,Strategic,CFO,83,0.412,36963123,150000,1.262243,0.101798,3762771,3,1254257,0.138,Medium,High,Normalized persona x industry x company-size x ACV fit weights
M0085_P002,M0085,P002,Risk Analytics Suite,Risk Analytics,Analytics Add-on,Premium,CFO,Yes,Financial Services,Middle East,Strategic,CFO,83,0.412,36963123,175000,2.88985,0.233062,8614699,8,1076837,0.138,Medium,High,Normalized persona x industry x company-size x ACV fit weights
M0085_P003,M0085,P003,Pricing Intelligence Engine,Pricing Intelligence,Decision Engine,Enterprise,CRO,Yes,Financial Services,Middle East,Strategic,CFO,83,0.412,36963123,135000,1.137049,0.091701,3389566,3,1129855,0.138,Medium,High,Normalized persona x industry x company-size x ACV fit weights
M0085_P004,M0085,P004,Customer Intelligence Cloud,Customer Intelligence,Workflow Platform,Enterprise,CRO,Yes,Financial Services,Middle East,Strategic,CFO,83,0.412,36963123,120000,0.965719,0.077884,2878828,3,959609,0.138,Medium,High,Normalized persona x industry x company-size x ACV fit weights
M0085_P005,M0085,P005,Competitive Intelligence Radar,Competitive Intelligence,Insights Module,Standard,Strategy,Yes,Financial Services,Middle East,Strategic,CFO,83,0.412,36963123,90000,0.784875,0.063299,2339728,2,1169864,0.138,Medium,High,Normalized persona x industry x company-size x ACV fit weights
M0085_P006,M0085,P006,Forecasting Platform,Forecasting Platform,Decision Engine,Premium,CFO,Yes,Financial Services,Middle East,Strategic,CFO,83,0.412,36963123,160000,2.534391,0.204395,7555070,7,1079296,0.138,Medium,High,Normalized persona x industry x company-size x ACV fit weights
M0085_P007,M0085,P007,Workflow Automation Hub,Workflow Automation,Workflow Platform,Standard,Product,Yes,Financial Services,Middle East,Strategic,CFO,83,0.412,36963123,80000,0.662066,0.053395,1973630,2,986815,0.138,Medium,High,Normalized persona x industry x company-size x ACV fit weights
M0085_P008,M0085,P008,Executive Insights Portal,Executive Insights,Executive Layer,Premium,CFO,Yes,Financial Services,Middle East,Strategic,CFO,83,0.412,36963123,110000,2.163297,0.174467,6448831,6,1074805,0.138,Medium,High,Normalized persona x industry x company-size x ACV fit weights
M0086_P001,M0086,P001,Market Intelligence Pro,Market Intelligence,Core Platform,Premium,Strategy,Yes,Financial Services,Middle East,Strategic,CRO,100,0.27,25189910,150000,1.262243,0.117916,2970305,3,990102,0.067,Medium,High,Normalized persona x industry x company-size x ACV fit weights
M0086_P002,M0086,P002,Risk Analytics Suite,Risk Analytics,Analytics Add-on,Premium,CFO,Yes,Financial Services,Middle East,Strategic,CRO,100,0.27,25189910,175000,1.584757,0.148045,3729243,4,932311,0.067,Medium,High,Normalized persona x industry x company-size x ACV fit weights
M0086_P003,M0086,P003,Pricing Intelligence Engine,Pricing Intelligence,Decision Engine,Enterprise,CRO,Yes,Financial Services,Middle East,Strategic,CRO,100,0.27,25189910,135000,2.073443,0.193697,4879218,5,975844,0.067,Medium,High,Normalized persona x industry x company-size x ACV fit weights
M0086_P004,M0086,P004,Customer Intelligence Cloud,Customer Intelligence,Workflow Platform,Enterprise,CRO,Yes,Financial Services,Middle East,Strategic,CRO,100,0.27,25189910,120000,1.761018,0.164511,4144020,4,1036005,0.067,Medium,High,Normalized persona x industry x company-size x ACV fit weights
M0086_P005,M0086,P005,Competitive Intelligence Radar,Competitive Intelligence,Insights Module,Standard,Strategy,Yes,Financial Services,Middle East,Strategic,CRO,100,0.27,25189910,90000,0.784875,0.073322,1846965,2,923482,0.067,Medium,High,Normalized persona x industry x company-size x ACV fit weights
M0086_P006,M0086,P006,Forecasting Platform,Forecasting Platform,Decision Engine,Premium,CFO,Yes,Financial Services,Middle East,Strategic,CRO,100,0.27,25189910,160000,1.389828,0.129835,3270537,4,817634,0.067,Medium,High,Normalized persona x industry x company-size x ACV fit weights
M0086_P007,M0086,P007,Workflow Automation Hub,Workflow Automation,Workflow Platform,Standard,Product,Yes,Financial Services,Middle East,Strategic,CRO,100,0.27,25189910,80000,0.662066,0.061849,1557970,2,778985,0.067,Medium,High,Normalized persona x industry x company-size x ACV fit weights
M0086_P008,M0086,P008,Executive Insights Portal,Executive Insights,Executive Layer,Premium,CFO,Yes,Financial Services,Middle East,Strategic,CRO,100,0.27,25189910,110000,1.186324,0.110824,2791652,3,930551,0.067,Medium,High,Normalized persona x industry x company-size x ACV fit weights
M0087_P001,M0087,P001,Market Intelligence Pro,Market Intelligence,Core Platform,Premium,Strategy,Yes,Financial Services,Middle East,Strategic,Strategy,73,0.473,33021014,150000,2.301737,0.215949,7130845,7,1018692,0.102,High,High,Normalized persona x industry x company-size x ACV fit weights
M0087_P002,M0087,P002,Risk Analytics Suite,Risk Analytics,Analytics Add-on,Premium,CFO,Yes,Financial Services,Middle East,Strategic,Strategy,73,0.473,33021014,175000,1.584757,0.148682,4909619,5,981924,0.102,High,High,Normalized persona x industry x company-size x ACV fit weights
M0087_P003,M0087,P003,Pricing Intelligence Engine,Pricing Intelligence,Decision Engine,Enterprise,CRO,Yes,Financial Services,Middle East,Strategic,Strategy,73,0.473,33021014,135000,1.137049,0.106678,3522610,4,880652,0.102,High,High,Normalized persona x industry x company-size x ACV fit weights
M0087_P004,M0087,P004,Customer Intelligence Cloud,Customer Intelligence,Workflow Platform,Enterprise,CRO,Yes,Financial Services,Middle East,Strategic,Strategy,73,0.473,33021014,120000,0.965719,0.090604,2991825,3,997275,0.102,High,High,Normalized persona x industry x company-size x ACV fit weights
M0087_P005,M0087,P005,Competitive Intelligence Radar,Competitive Intelligence,Insights Module,Standard,Strategy,Yes,Financial Services,Middle East,Strategic,Strategy,73,0.473,33021014,90000,1.431243,0.134279,4434030,5,886806,0.102,High,High,Normalized persona x industry x company-size x ACV fit weights
M0087_P006,M0087,P006,Forecasting Platform,Forecasting Platform,Decision Engine,Premium,CFO,Yes,Financial Services,Middle East,Strategic,Strategy,73,0.473,33021014,160000,1.389828,0.130393,4305724,5,861145,0.102,High,High,Normalized persona x industry x company-size x ACV fit weights
M0087_P007,M0087,P007,Workflow Automation Hub,Workflow Automation,Workflow Platform,Standard,Product,Yes,Financial Services,Middle East,Strategic,Strategy,73,0.473,33021014,80000,0.662066,0.062115,2051097,2,1025548,0.102,High,High,Normalized persona x industry x company-size x ACV fit weights
M0087_P008,M0087,P008,Executive Insights Portal,Executive Insights,Executive Layer,Premium,CFO,Yes,Financial Services,Middle East,Strategic,Strategy,73,0.473,33021014,110000,1.186324,0.111301,3675264,4,918816,0.102,High,High,Normalized persona x industry x company-size x ACV fit weights
M0088_P001,M0088,P001,Market Intelligence Pro,Market Intelligence,Core Platform,Premium,Strategy,Yes,Financial Services,Middle East,Strategic,Product,69,0.294,21031940,150000,1.262243,0.125855,2646972,3,882324,0.054,Low,High,Normalized persona x industry x company-size x ACV fit weights
M0088_P002,M0088,P002,Risk Analytics Suite,Risk Analytics,Analytics Add-on,Premium,CFO,Yes,Financial Services,Middle East,Strategic,Product,69,0.294,21031940,175000,1.584757,0.158012,3323295,3,1107765,0.054,Low,High,Normalized persona x industry x company-size x ACV fit weights
M0088_P003,M0088,P003,Pricing Intelligence Engine,Pricing Intelligence,Decision Engine,Enterprise,CRO,Yes,Financial Services,Middle East,Strategic,Product,69,0.294,21031940,135000,1.137049,0.113372,2384436,2,1192218,0.054,Low,High,Normalized persona x industry x company-size x ACV fit weights
M0088_P004,M0088,P004,Customer Intelligence Cloud,Customer Intelligence,Workflow Platform,Enterprise,CRO,Yes,Financial Services,Middle East,Strategic,Product,69,0.294,21031940,120000,1.476983,0.147266,3097289,3,1032430,0.054,Low,High,Normalized persona x industry x company-size x ACV fit weights
M0088_P005,M0088,P005,Competitive Intelligence Radar,Competitive Intelligence,Insights Module,Standard,Strategy,Yes,Financial Services,Middle East,Strategic,Product,69,0.294,21031940,90000,0.784875,0.078258,1645913,2,822956,0.054,Low,High,Normalized persona x industry x company-size x ACV fit weights
M0088_P006,M0088,P006,Forecasting Platform,Forecasting Platform,Decision Engine,Premium,CFO,Yes,Financial Services,Middle East,Strategic,Product,69,0.294,21031940,160000,1.389828,0.138576,2914522,3,971507,0.054,Low,High,Normalized persona x industry x company-size x ACV fit weights
M0088_P007,M0088,P007,Workflow Automation Hub,Workflow Automation,Workflow Platform,Standard,Product,Yes,Financial Services,Middle East,Strategic,Product,69,0.294,21031940,80000,1.207296,0.120376,2531746,2,1265873,0.054,Low,High,Normalized persona x industry x company-size x ACV fit weights
M0088_P008,M0088,P008,Executive Insights Portal,Executive Insights,Executive Layer,Premium,CFO,Yes,Financial Services,Middle East,Strategic,Product,69,0.294,21031940,110000,1.186324,0.118285,2487767,2,1243884,0.054,Low,High,Normalized persona x industry x company-size x ACV fit weights
M0089_P001,M0089,P001,Market Intelligence Pro,Market Intelligence,Core Platform,Premium,Strategy,Yes,Financial Services,Middle East,Enterprise,CFO,203,0.237,18747220,150000,1.110774,0.095841,1796759,5,359352,0.101,Low,High,Normalized persona x industry x company-size x ACV fit weights
M0089_P002,M0089,P002,Risk Analytics Suite,Risk Analytics,Analytics Add-on,Premium,CFO,Yes,Financial Services,Middle East,Enterprise,CFO,203,0.237,18747220,175000,2.543068,0.219425,4113601,11,373964,0.101,Low,High,Normalized persona x industry x company-size x ACV fit weights
M0089_P003,M0089,P003,Pricing Intelligence Engine,Pricing Intelligence,Decision Engine,Enterprise,CRO,Yes,Financial Services,Middle East,Enterprise,CFO,203,0.237,18747220,135000,1.186486,0.102374,1919230,5,383846,0.101,Low,High,Normalized persona x industry x company-size x ACV fit weights
M0089_P004,M0089,P004,Customer Intelligence Cloud,Customer Intelligence,Workflow Platform,Enterprise,CRO,Yes,Financial Services,Middle East,Enterprise,CFO,203,0.237,18747220,120000,1.007707,0.086948,1630041,4,407510,0.101,Low,High,Normalized persona x industry x company-size x ACV fit weights
M0089_P005,M0089,P005,Competitive Intelligence Radar,Competitive Intelligence,Insights Module,Standard,Strategy,Yes,Financial Services,Middle East,Enterprise,CFO,203,0.237,18747220,90000,0.872084,0.075246,1410660,4,352665,0.101,Low,High,Normalized persona x industry x company-size x ACV fit weights
M0089_P006,M0089,P006,Forecasting Platform,Forecasting Platform,Decision Engine,Premium,CFO,Yes,Financial Services,Middle East,Enterprise,CFO,203,0.237,18747220,160000,2.230264,0.192435,3607618,9,400846,0.101,Low,High,Normalized persona x industry x company-size x ACV fit weights
M0089_P007,M0089,P007,Workflow Automation Hub,Workflow Automation,Workflow Platform,Standard,Product,Yes,Financial Services,Middle East,Enterprise,CFO,203,0.237,18747220,80000,0.735628,0.063473,1189934,3,396645,0.101,Low,High,Normalized persona x industry x company-size x ACV fit weights
M0089_P008,M0089,P008,Executive Insights Portal,Executive Insights,Executive Layer,Premium,CFO,Yes,Financial Services,Middle East,Enterprise,CFO,203,0.237,18747220,110000,1.903701,0.164258,3079377,8,384922,0.101,Low,High,Normalized persona x industry x company-size x ACV fit weights
M0090_P001,M0090,P001,Market Intelligence Pro,Market Intelligence,Core Platform,Premium,Strategy,Yes,Financial Services,Middle East,Enterprise,CRO,355,0.242,32663591,150000,1.110774,0.106998,3494938,9,388326,0.115,Medium,High,Normalized persona x industry x company-size x ACV fit weights
M0090_P002,M0090,P002,Risk Analytics Suite,Risk Analytics,Analytics Add-on,Premium,CFO,Yes,Financial Services,Middle East,Enterprise,CRO,355,0.242,32663591,175000,1.394586,0.134337,4387923,12,365660,0.115,Medium,High,Normalized persona x industry x company-size x ACV fit weights
M0090_P003,M0090,P003,Pricing Intelligence Engine,Pricing Intelligence,Decision Engine,Enterprise,CRO,Yes,Financial Services,Middle East,Enterprise,CRO,355,0.242,32663591,135000,2.163593,0.208413,6807526,18,378196,0.115,Medium,High,Normalized persona x industry x company-size x ACV fit weights
M0090_P004,M0090,P004,Customer Intelligence Cloud,Customer Intelligence,Workflow Platform,Enterprise,CRO,Yes,Financial Services,Middle East,Enterprise,CRO,355,0.242,32663591,120000,1.837584,0.17701,5781772,15,385451,0.115,Medium,High,Normalized persona x industry x company-size x ACV fit weights
M0090_P005,M0090,P005,Competitive Intelligence Radar,Competitive Intelligence,Insights Module,Standard,Strategy,Yes,Financial Services,Middle East,Enterprise,CRO,355,0.242,32663591,90000,0.872084,0.084006,2743923,7,391989,0.115,Medium,High,Normalized persona x industry x company-size x ACV fit weights
M0090_P006,M0090,P006,Forecasting Platform,Forecasting Platform,Decision Engine,Premium,CFO,Yes,Financial Services,Middle East,Enterprise,CRO,355,0.242,32663591,160000,1.223048,0.117813,3848198,10,384820,0.115,Medium,High,Normalized persona x industry x company-size x ACV fit weights
M0090_P007,M0090,P007,Workflow Automation Hub,Workflow Automation,Workflow Platform,Standard,Product,Yes,Financial Services,Middle East,Enterprise,CRO,355,0.242,32663591,80000,0.735628,0.070861,2314581,6,385764,0.115,Medium,High,Normalized persona x industry x company-size x ACV fit weights
M0090_P008,M0090,P008,Executive Insights Portal,Executive Insights,Executive Layer,Premium,CFO,Yes,Financial Services,Middle East,Enterprise,CRO,355,0.242,32663591,110000,1.043965,0.100562,3284730,9,364970,0.115,Medium,High,Normalized persona x industry x company-size x ACV fit weights
M0091_P001,M0091,P001,Market Intelligence Pro,Market Intelligence,Core Platform,Premium,Strategy,Yes,Financial Services,Middle East,Enterprise,Strategy,427,0.319,62099234,150000,2.025529,0.198441,12323022,27,456408,0.139,Medium,High,Normalized persona x industry x company-size x ACV fit weights
M0091_P002,M0091,P002,Risk Analytics Suite,Risk Analytics,Analytics Add-on,Premium,CFO,Yes,Financial Services,Middle East,Enterprise,Strategy,427,0.319,62099234,175000,1.394586,0.136627,8484456,19,446550,0.139,Medium,High,Normalized persona x industry x company-size x ACV fit weights
M0091_P003,M0091,P003,Pricing Intelligence Engine,Pricing Intelligence,Decision Engine,Enterprise,CRO,Yes,Financial Services,Middle East,Enterprise,Strategy,427,0.319,62099234,135000,1.186486,0.11624,7218409,16,451151,0.139,Medium,High,Normalized persona x industry x company-size x ACV fit weights
M0091_P004,M0091,P004,Customer Intelligence Cloud,Customer Intelligence,Workflow Platform,Enterprise,CRO,Yes,Financial Services,Middle East,Enterprise,Strategy,427,0.319,62099234,120000,1.007707,0.098725,6130744,13,471596,0.139,Medium,High,Normalized persona x industry x company-size x ACV fit weights
M0091_P005,M0091,P005,Competitive Intelligence Radar,Competitive Intelligence,Insights Module,Standard,Strategy,Yes,Financial Services,Middle East,Enterprise,Strategy,427,0.319,62099234,90000,1.59027,0.155799,9674970,21,460713,0.139,Medium,High,Normalized persona x industry x company-size x ACV fit weights
M0091_P006,M0091,P006,Forecasting Platform,Forecasting Platform,Decision Engine,Premium,CFO,Yes,Financial Services,Middle East,Enterprise,Strategy,427,0.319,62099234,160000,1.223048,0.119822,7440847,16,465053,0.139,Medium,High,Normalized persona x industry x company-size x ACV fit weights
M0091_P007,M0091,P007,Workflow Automation Hub,Workflow Automation,Workflow Platform,Standard,Product,Yes,Financial Services,Middle East,Enterprise,Strategy,427,0.319,62099234,80000,0.735628,0.072069,4475456,10,447546,0.139,Medium,High,Normalized persona x industry x company-size x ACV fit weights
M0091_P008,M0091,P008,Executive Insights Portal,Executive Insights,Executive Layer,Premium,CFO,Yes,Financial Services,Middle East,Enterprise,Strategy,427,0.319,62099234,110000,1.043965,0.102277,6351330,14,453666,0.139,Medium,High,Normalized persona x industry x company-size x ACV fit weights
M0092_P001,M0092,P001,Market Intelligence Pro,Market Intelligence,Core Platform,Premium,Strategy,Yes,Financial Services,Middle East,Enterprise,Product,370,0.246,51440408,150000,1.110774,0.114353,5882347,10,588235,0.063,Low,High,Normalized persona x industry x company-size x ACV fit weights
M0092_P002,M0092,P002,Risk Analytics Suite,Risk Analytics,Analytics Add-on,Premium,CFO,Yes,Financial Services,Middle East,Enterprise,Product,370,0.246,51440408,175000,1.394586,0.143571,7385335,13,568103,0.063,Low,High,Normalized persona x industry x company-size x ACV fit weights
M0092_P003,M0092,P003,Pricing Intelligence Engine,Pricing Intelligence,Decision Engine,Enterprise,CRO,Yes,Financial Services,Middle East,Enterprise,Product,370,0.246,51440408,135000,1.186486,0.122147,6283299,11,571209,0.063,Low,High,Normalized persona x industry x company-size x ACV fit weights
M0092_P004,M0092,P004,Customer Intelligence Cloud,Customer Intelligence,Workflow Platform,Enterprise,CRO,Yes,Financial Services,Middle East,Enterprise,Product,370,0.246,51440408,120000,1.541199,0.158664,8161760,14,582983,0.063,Low,High,Normalized persona x industry x company-size x ACV fit weights
M0092_P005,M0092,P005,Competitive Intelligence Radar,Competitive Intelligence,Insights Module,Standard,Strategy,Yes,Financial Services,Middle East,Enterprise,Product,370,0.246,51440408,90000,0.872084,0.08978,4618310,8,577289,0.063,Low,High,Normalized persona x industry x company-size x ACV fit weights
M0092_P006,M0092,P006,Forecasting Platform,Forecasting Platform,Decision Engine,Premium,CFO,Yes,Financial Services,Middle East,Enterprise,Product,370,0.246,51440408,160000,1.223048,0.125911,6476921,11,588811,0.063,Low,High,Normalized persona x industry x company-size x ACV fit weights
M0092_P007,M0092,P007,Workflow Automation Hub,Workflow Automation,Workflow Platform,Standard,Product,Yes,Financial Services,Middle East,Enterprise,Product,370,0.246,51440408,80000,1.34144,0.138099,7103890,13,546453,0.063,Low,High,Normalized persona x industry x company-size x ACV fit weights
M0092_P008,M0092,P008,Executive Insights Portal,Executive Insights,Executive Layer,Premium,CFO,Yes,Financial Services,Middle East,Enterprise,Product,370,0.246,51440408,110000,1.043965,0.107475,5528546,10,552855,0.063,Low,High,Normalized persona x industry x company-size x ACV fit weights
M0093_P001,M0093,P001,Market Intelligence Pro,Market Intelligence,Core Platform,Premium,Strategy,Yes,Financial Services,Middle East,Mid-Market,CFO,768,0.24,44109692,150000,0.807836,0.085017,3750095,16,234381,0.107,Medium,High,Normalized persona x industry x company-size x ACV fit weights
M0093_P002,M0093,P002,Risk Analytics Suite,Risk Analytics,Analytics Add-on,Premium,CFO,Yes,Financial Services,Middle East,Mid-Market,CFO,768,0.24,44109692,175000,1.849504,0.194644,8585677,36,238491,0.107,Medium,High,Normalized persona x industry x company-size x ACV fit weights
M0093_P003,M0093,P003,Pricing Intelligence Engine,Pricing Intelligence,Decision Engine,Enterprise,CRO,Yes,Financial Services,Middle East,Mid-Market,CFO,768,0.24,44109692,135000,0.988739,0.104056,4589874,19,241572,0.107,Medium,High,Normalized persona x industry x company-size x ACV fit weights
M0093_P004,M0093,P004,Customer Intelligence Cloud,Customer Intelligence,Workflow Platform,Enterprise,CRO,Yes,Financial Services,Middle East,Mid-Market,CFO,768,0.24,44109692,120000,0.839756,0.088377,3898274,16,243642,0.107,Medium,High,Normalized persona x industry x company-size x ACV fit weights
M0093_P005,M0093,P005,Competitive Intelligence Radar,Competitive Intelligence,Insights Module,Standard,Strategy,Yes,Financial Services,Middle East,Mid-Market,CFO,768,0.24,44109692,90000,1.090104,0.114724,5060429,21,240973,0.107,Medium,High,Normalized persona x industry x company-size x ACV fit weights
M0093_P006,M0093,P006,Forecasting Platform,Forecasting Platform,Decision Engine,Premium,CFO,Yes,Financial Services,Middle East,Mid-Market,CFO,768,0.24,44109692,160000,1.62201,0.170702,7529617,31,242891,0.107,Medium,High,Normalized persona x industry x company-size x ACV fit weights
M0093_P007,M0093,P007,Workflow Automation Hub,Workflow Automation,Workflow Platform,Standard,Product,Yes,Financial Services,Middle East,Mid-Market,CFO,768,0.24,44109692,80000,0.919536,0.096773,4268623,18,237146,0.107,Medium,High,Normalized persona x industry x company-size x ACV fit weights
M0093_P008,M0093,P008,Executive Insights Portal,Executive Insights,Executive Layer,Premium,CFO,Yes,Financial Services,Middle East,Mid-Market,CFO,768,0.24,44109692,110000,1.38451,0.145707,6427103,27,238041,0.107,Medium,High,Normalized persona x industry x company-size x ACV fit weights
M0094_P001,M0094,P001,Market Intelligence Pro,Market Intelligence,Core Platform,Premium,Strategy,Yes,Financial Services,Middle East,Mid-Market,CRO,590,0.404,37839530,150000,0.807836,0.091646,3467829,22,157629,0.132,High,High,Normalized persona x industry x company-size x ACV fit weights
M0094_P002,M0094,P002,Risk Analytics Suite,Risk Analytics,Analytics Add-on,Premium,CFO,Yes,Financial Services,Middle East,Mid-Market,CRO,590,0.404,37839530,175000,1.014244,0.115062,4353888,27,161255,0.132,High,High,Normalized persona x industry x company-size x ACV fit weights
M0094_P003,M0094,P003,Pricing Intelligence Engine,Pricing Intelligence,Decision Engine,Enterprise,CRO,Yes,Financial Services,Middle East,Mid-Market,CRO,590,0.404,37839530,135000,1.802994,0.204542,7739787,49,157955,0.132,High,High,Normalized persona x industry x company-size x ACV fit weights
M0094_P004,M0094,P004,Customer Intelligence Cloud,Customer Intelligence,Workflow Platform,Enterprise,CRO,Yes,Financial Services,Middle East,Mid-Market,CRO,590,0.404,37839530,120000,1.53132,0.173722,6573560,41,160331,0.132,High,High,Normalized persona x industry x company-size x ACV fit weights
M0094_P005,M0094,P005,Competitive Intelligence Radar,Competitive Intelligence,Insights Module,Standard,Strategy,Yes,Financial Services,Middle East,Mid-Market,CRO,590,0.404,37839530,90000,1.090104,0.123668,4679536,29,161363,0.132,High,High,Normalized persona x industry x company-size x ACV fit weights
M0094_P006,M0094,P006,Forecasting Platform,Forecasting Platform,Decision Engine,Premium,CFO,Yes,Financial Services,Middle East,Mid-Market,CRO,590,0.404,37839530,160000,0.88949,0.100909,3818349,24,159098,0.132,High,High,Normalized persona x industry x company-size x ACV fit weights
M0094_P007,M0094,P007,Workflow Automation Hub,Workflow Automation,Workflow Platform,Standard,Product,Yes,Financial Services,Middle East,Mid-Market,CRO,590,0.404,37839530,80000,0.919536,0.104318,3947328,25,157893,0.132,High,High,Normalized persona x industry x company-size x ACV fit weights
M0094_P008,M0094,P008,Executive Insights Portal,Executive Insights,Executive Layer,Premium,CFO,Yes,Financial Services,Middle East,Mid-Market,CRO,590,0.404,37839530,110000,0.759247,0.086134,3259253,21,155203,0.132,High,High,Normalized persona x industry x company-size x ACV fit weights
M0095_P001,M0095,P001,Market Intelligence Pro,Market Intelligence,Core Platform,Premium,Strategy,Yes,Financial Services,Middle East,Mid-Market,Strategy,473,0.362,21794672,150000,1.473112,0.166041,3618816,28,129243,0.042,Low,High,Normalized persona x industry x company-size x ACV fit weights
M0095_P002,M0095,P002,Risk Analytics Suite,Risk Analytics,Analytics Add-on,Premium,CFO,Yes,Financial Services,Middle East,Mid-Market,Strategy,473,0.362,21794672,175000,1.014244,0.11432,2491571,20,124579,0.042,Low,High,Normalized persona x industry x company-size x ACV fit weights
M0095_P003,M0095,P003,Pricing Intelligence Engine,Pricing Intelligence,Decision Engine,Enterprise,CRO,Yes,Financial Services,Middle East,Mid-Market,Strategy,473,0.362,21794672,135000,0.988739,0.111445,2428914,19,127838,0.042,Low,High,Normalized persona x industry x company-size x ACV fit weights
M0095_P004,M0095,P004,Customer Intelligence Cloud,Customer Intelligence,Workflow Platform,Enterprise,CRO,Yes,Financial Services,Middle East,Mid-Market,Strategy,473,0.362,21794672,120000,0.839756,0.094653,2062927,16,128933,0.042,Low,High,Normalized persona x industry x company-size x ACV fit weights
M0095_P005,M0095,P005,Competitive Intelligence Radar,Competitive Intelligence,Insights Module,Standard,Strategy,Yes,Financial Services,Middle East,Mid-Market,Strategy,473,0.362,21794672,90000,1.987837,0.224058,4883280,38,128507,0.042,Low,High,Normalized persona x industry x company-size x ACV fit weights
M0095_P006,M0095,P006,Forecasting Platform,Forecasting Platform,Decision Engine,Premium,CFO,Yes,Financial Services,Middle East,Mid-Market,Strategy,473,0.362,21794672,160000,0.88949,0.100259,2185102,17,128535,0.042,Low,High,Normalized persona x industry x company-size x ACV fit weights
M0095_P007,M0095,P007,Workflow Automation Hub,Workflow Automation,Workflow Platform,Standard,Product,Yes,Financial Services,Middle East,Mid-Market,Strategy,473,0.362,21794672,80000,0.919536,0.103645,2258912,18,125495,0.042,Low,High,Normalized persona x industry x company-size x ACV fit weights
M0095_P008,M0095,P008,Executive Insights Portal,Executive Insights,Executive Layer,Premium,CFO,Yes,Financial Services,Middle East,Mid-Market,Strategy,473,0.362,21794672,110000,0.759247,0.085578,1865150,15,124343,0.042,Low,High,Normalized persona x industry x company-size x ACV fit weights
M0096_P001,M0096,P001,Market Intelligence Pro,Market Intelligence,Core Platform,Premium,Strategy,Yes,Financial Services,Middle East,Mid-Market,Product,901,0.434,43145987,150000,0.807836,0.094919,4095372,37,110686,0.084,Medium,High,Normalized persona x industry x company-size x ACV fit weights
M0096_P002,M0096,P002,Risk Analytics Suite,Risk Analytics,Analytics Add-on,Premium,CFO,Yes,Financial Services,Middle East,Mid-Market,Product,901,0.434,43145987,175000,1.014244,0.119172,5141773,47,109399,0.084,Medium,High,Normalized persona x industry x company-size x ACV fit weights
M0096_P003,M0096,P003,Pricing Intelligence Engine,Pricing Intelligence,Decision Engine,Enterprise,CRO,Yes,Financial Services,Middle East,Mid-Market,Product,901,0.434,43145987,135000,0.988739,0.116175,5012471,45,111388,0.084,Medium,High,Normalized persona x industry x company-size x ACV fit weights
M0096_P004,M0096,P004,Customer Intelligence Cloud,Customer Intelligence,Workflow Platform,Enterprise,CRO,Yes,Financial Services,Middle East,Mid-Market,Product,901,0.434,43145987,120000,1.284333,0.150906,6511004,59,110356,0.084,Medium,High,Normalized persona x industry x company-size x ACV fit weights
M0096_P005,M0096,P005,Competitive Intelligence Radar,Competitive Intelligence,Insights Module,Standard,Strategy,Yes,Financial Services,Middle East,Mid-Market,Product,901,0.434,43145987,90000,1.090104,0.128085,5526351,50,110527,0.084,Medium,High,Normalized persona x industry x company-size x ACV fit weights
M0096_P006,M0096,P006,Forecasting Platform,Forecasting Platform,Decision Engine,Premium,CFO,Yes,Financial Services,Middle East,Mid-Market,Product,901,0.434,43145987,160000,0.88949,0.104513,4509322,41,109983,0.084,Medium,High,Normalized persona x industry x company-size x ACV fit weights
M0096_P007,M0096,P007,Workflow Automation Hub,Workflow Automation,Workflow Platform,Standard,Product,Yes,Financial Services,Middle East,Mid-Market,Product,901,0.434,43145987,80000,1.6768,0.19702,8500641,77,110398,0.084,Medium,High,Normalized persona x industry x company-size x ACV fit weights
M0096_P008,M0096,P008,Executive Insights Portal,Executive Insights,Executive Layer,Premium,CFO,Yes,Financial Services,Middle East,Mid-Market,Product,901,0.434,43145987,110000,0.759247,0.08921,3849053,35,109973,0.084,Medium,High,Normalized persona x industry x company-size x ACV fit weights
M0097_P001,M0097,P001,Market Intelligence Pro,Market Intelligence,Core Platform,Premium,Strategy,Yes,Technology,North America,Strategic,CFO,297,0.36,136363250,150000,1.317123,0.11309,15421285,12,1285107,0.039,Medium,Medium,Normalized persona x industry x company-size x ACV fit weights
M0097_P002,M0097,P002,Risk Analytics Suite,Risk Analytics,Analytics Add-on,Premium,CFO,Yes,Technology,North America,Strategic,CFO,297,0.36,136363250,175000,1.96097,0.168371,22959639,18,1275536,0.039,Medium,Medium,Normalized persona x industry x company-size x ACV fit weights
M0097_P003,M0097,P003,Pricing Intelligence Engine,Pricing Intelligence,Decision Engine,Enterprise,CRO,Yes,Technology,North America,Strategic,CFO,297,0.36,136363250,135000,1.186486,0.101873,13891748,11,1262886,0.039,Medium,Medium,Normalized persona x industry x company-size x ACV fit weights
M0097_P004,M0097,P004,Customer Intelligence Cloud,Customer Intelligence,Workflow Platform,Enterprise,CRO,Yes,Technology,North America,Strategic,CFO,297,0.36,136363250,120000,1.207149,0.103647,14133677,11,1284880,0.039,Medium,Medium,Normalized persona x industry x company-size x ACV fit weights
M0097_P005,M0097,P005,Competitive Intelligence Radar,Competitive Intelligence,Insights Module,Standard,Strategy,Yes,Technology,North America,Strategic,CFO,297,0.36,136363250,90000,0.856227,0.073517,10024975,8,1253122,0.039,Medium,Medium,Normalized persona x industry x company-size x ACV fit weights
M0097_P006,M0097,P006,Forecasting Platform,Forecasting Platform,Decision Engine,Premium,CFO,Yes,Technology,North America,Strategic,CFO,297,0.36,136363250,160000,2.33164,0.200197,27299561,21,1299979,0.039,Medium,Medium,Normalized persona x industry x company-size x ACV fit weights
M0097_P007,M0097,P007,Workflow Automation Hub,Workflow Automation,Workflow Platform,Standard,Product,Yes,Technology,North America,Strategic,CFO,297,0.36,136363250,80000,0.905984,0.077789,10607546,8,1325943,0.039,Medium,Medium,Normalized persona x industry x company-size x ACV fit weights
M0097_P008,M0097,P008,Executive Insights Portal,Executive Insights,Executive Layer,Premium,CFO,Yes,Technology,North America,Strategic,CFO,297,0.36,136363250,110000,1.881127,0.161516,22024819,17,1295578,0.039,Medium,Medium,Normalized persona x industry x company-size x ACV fit weights
M0098_P001,M0098,P001,Market Intelligence Pro,Market Intelligence,Core Platform,Premium,Strategy,Yes,Technology,North America,Strategic,CRO,234,0.28,46213919,150000,1.317123,0.12162,5620550,8,702569,0.096,High,Low,Normalized persona x industry x company-size x ACV fit weights
M0098_P002,M0098,P002,Risk Analytics Suite,Risk Analytics,Analytics Add-on,Premium,CFO,Yes,Technology,North America,Strategic,CRO,234,0.28,46213919,175000,1.07537,0.099297,4588921,7,655560,0.096,High,Low,Normalized persona x industry x company-size x ACV fit weights
M0098_P003,M0098,P003,Pricing Intelligence Engine,Pricing Intelligence,Decision Engine,Enterprise,CRO,Yes,Technology,North America,Strategic,CRO,234,0.28,46213919,135000,2.163593,0.199781,9232684,13,710206,0.096,High,Low,Normalized persona x industry x company-size x ACV fit weights
M0098_P004,M0098,P004,Customer Intelligence Cloud,Customer Intelligence,Workflow Platform,Enterprise,CRO,Yes,Technology,North America,Strategic,CRO,234,0.28,46213919,120000,2.201272,0.203261,9393473,13,722575,0.096,High,Low,Normalized persona x industry x company-size x ACV fit weights
M0098_P005,M0098,P005,Competitive Intelligence Radar,Competitive Intelligence,Insights Module,Standard,Strategy,Yes,Technology,North America,Strategic,CRO,234,0.28,46213919,90000,0.856227,0.079062,3653773,5,730755,0.096,High,Low,Normalized persona x industry x company-size x ACV fit weights
M0098_P006,M0098,P006,Forecasting Platform,Forecasting Platform,Decision Engine,Premium,CFO,Yes,Technology,North America,Strategic,CRO,234,0.28,46213919,160000,1.278641,0.118067,5456337,8,682042,0.096,High,Low,Normalized persona x industry x company-size x ACV fit weights
M0098_P007,M0098,P007,Workflow Automation Hub,Workflow Automation,Workflow Platform,Standard,Product,Yes,Technology,North America,Strategic,CRO,234,0.28,46213919,80000,0.905984,0.083657,3866101,5,773220,0.096,High,Low,Normalized persona x industry x company-size x ACV fit weights
M0098_P008,M0098,P008,Executive Insights Portal,Executive Insights,Executive Layer,Premium,CFO,Yes,Technology,North America,Strategic,CRO,234,0.28,46213919,110000,1.031586,0.095254,4402080,6,733680,0.096,High,Low,Normalized persona x industry x company-size x ACV fit weights
M0099_P001,M0099,P001,Market Intelligence Pro,Market Intelligence,Core Platform,Premium,Strategy,Yes,Technology,North America,Strategic,Strategy,325,0.335,102524103,150000,2.401813,0.225557,23124978,25,924999,0.081,High,Low,Normalized persona x industry x company-size x ACV fit weights
M0099_P002,M0099,P002,Risk Analytics Suite,Risk Analytics,Analytics Add-on,Premium,CFO,Yes,Technology,North America,Strategic,Strategy,325,0.335,102524103,175000,1.07537,0.100989,10353812,11,941256,0.081,High,Low,Normalized persona x industry x company-size x ACV fit weights
M0099_P003,M0099,P003,Pricing Intelligence Engine,Pricing Intelligence,Decision Engine,Enterprise,CRO,Yes,Technology,North America,Strategic,Strategy,325,0.335,102524103,135000,1.186486,0.111424,11423650,12,951971,0.081,High,Low,Normalized persona x industry x company-size x ACV fit weights
M0099_P004,M0099,P004,Customer Intelligence Cloud,Customer Intelligence,Workflow Platform,Enterprise,CRO,Yes,Technology,North America,Strategic,Strategy,325,0.335,102524103,120000,1.207149,0.113365,11622596,12,968550,0.081,High,Low,Normalized persona x industry x company-size x ACV fit weights
M0099_P005,M0099,P005,Competitive Intelligence Radar,Competitive Intelligence,Insights Module,Standard,Strategy,Yes,Technology,North America,Strategic,Strategy,325,0.335,102524103,90000,1.561356,0.146628,15032945,16,939559,0.081,High,Low,Normalized persona x industry x company-size x ACV fit weights
M0099_P006,M0099,P006,Forecasting Platform,Forecasting Platform,Decision Engine,Premium,CFO,Yes,Technology,North America,Strategic,Strategy,325,0.335,102524103,160000,1.278641,0.120078,12310931,13,946995,0.081,High,Low,Normalized persona x industry x company-size x ACV fit weights
M0099_P007,M0099,P007,Workflow Automation Hub,Workflow Automation,Workflow Platform,Standard,Product,Yes,Technology,North America,Strategic,Strategy,325,0.335,102524103,80000,0.905984,0.085082,8722941,9,969216,0.081,High,Low,Normalized persona x industry x company-size x ACV fit weights
M0099_P008,M0099,P008,Executive Insights Portal,Executive Insights,Executive Layer,Premium,CFO,Yes,Technology,North America,Strategic,Strategy,325,0.335,102524103,110000,1.031586,0.096877,9932250,11,902932,0.081,High,Low,Normalized persona x industry x company-size x ACV fit weights
M0100_P001,M0100,P001,Market Intelligence Pro,Market Intelligence,Core Platform,Premium,Strategy,Yes,Technology,North America,Strategic,Product,325,0.307,68217364,150000,1.317123,0.128578,8771266,13,674713,0.078,Medium,Medium,Normalized persona x industry x company-size x ACV fit weights
M0100_P002,M0100,P002,Risk Analytics Suite,Risk Analytics,Analytics Add-on,Premium,CFO,Yes,Technology,North America,Strategic,Product,325,0.307,68217364,175000,1.07537,0.104978,7161335,10,716134,0.078,Medium,Medium,Normalized persona x industry x company-size x ACV fit weights
M0100_P003,M0100,P003,Pricing Intelligence Engine,Pricing Intelligence,Decision Engine,Enterprise,CRO,Yes,Technology,North America,Strategic,Product,325,0.307,68217364,135000,1.186486,0.115825,7901301,12,658442,0.078,Medium,Medium,Normalized persona x industry x company-size x ACV fit weights
M0100_P004,M0100,P004,Customer Intelligence Cloud,Customer Intelligence,Workflow Platform,Enterprise,CRO,Yes,Technology,North America,Strategic,Product,325,0.307,68217364,120000,1.846228,0.18023,12294795,18,683044,0.078,Medium,Medium,Normalized persona x industry x company-size x ACV fit weights
M0100_P005,M0100,P005,Competitive Intelligence Radar,Competitive Intelligence,Insights Module,Standard,Strategy,Yes,Technology,North America,Strategic,Product,325,0.307,68217364,90000,0.856227,0.083585,5701971,8,712746,0.078,Medium,Medium,Normalized persona x industry x company-size x ACV fit weights
M0100_P006,M0100,P006,Forecasting Platform,Forecasting Platform,Decision Engine,Premium,CFO,Yes,Technology,North America,Strategic,Product,325,0.307,68217364,160000,1.278641,0.124822,8514999,12,709583,0.078,Medium,Medium,Normalized persona x industry x company-size x ACV fit weights
M0100_P007,M0100,P007,Workflow Automation Hub,Workflow Automation,Workflow Platform,Standard,Product,Yes,Technology,North America,Strategic,Product,325,0.307,68217364,80000,1.652089,0.161278,11001943,16,687621,0.078,Medium,Medium,Normalized persona x industry x company-size x ACV fit weights
M0100_P008,M0100,P008,Executive Insights Portal,Executive Insights,Executive Layer,Premium,CFO,Yes,Technology,North America,Strategic,Product,325,0.307,68217364,110000,1.031586,0.100704,6869754,10,686975,0.078,Medium,Medium,Normalized persona x industry x company-size x ACV fit weights
M0101_P001,M0101,P001,Market Intelligence Pro,Market Intelligence,Core Platform,Premium,Strategy,Yes,Technology,North America,Enterprise,CFO,435,0.243,57071313,150000,1.159068,0.104915,5987644,11,544331,0.137,Medium,Low,Normalized persona x industry x company-size x ACV fit weights
M0101_P002,M0101,P002,Risk Analytics Suite,Risk Analytics,Analytics Add-on,Premium,CFO,Yes,Technology,North America,Enterprise,CFO,435,0.243,57071313,175000,1.725653,0.156201,8914571,17,524387,0.137,Medium,Low,Normalized persona x industry x company-size x ACV fit weights
M0101_P003,M0101,P003,Pricing Intelligence Engine,Pricing Intelligence,Decision Engine,Enterprise,CRO,Yes,Technology,North America,Enterprise,CFO,435,0.243,57071313,135000,1.238073,0.112066,6395773,12,532981,0.137,Medium,Low,Normalized persona x industry x company-size x ACV fit weights
M0101_P004,M0101,P004,Customer Intelligence Cloud,Customer Intelligence,Workflow Platform,Enterprise,CRO,Yes,Technology,North America,Enterprise,CFO,435,0.243,57071313,120000,1.259634,0.114018,6507157,12,542263,0.137,Medium,Low,Normalized persona x industry x company-size x ACV fit weights
M0101_P005,M0101,P005,Competitive Intelligence Radar,Competitive Intelligence,Insights Module,Standard,Strategy,Yes,Technology,North America,Enterprise,CFO,435,0.243,57071313,90000,0.951364,0.086114,4914661,9,546073,0.137,Medium,Low,Normalized persona x industry x company-size x ACV fit weights
M0101_P006,M0101,P006,Forecasting Platform,Forecasting Platform,Decision Engine,Premium,CFO,Yes,Technology,North America,Enterprise,CFO,435,0.243,57071313,160000,2.051843,0.185726,10599639,20,529982,0.137,Medium,Low,Normalized persona x industry x company-size x ACV fit weights
M0101_P007,M0101,P007,Workflow Automation Hub,Workflow Automation,Workflow Platform,Standard,Product,Yes,Technology,North America,Enterprise,CFO,435,0.243,57071313,80000,1.006649,0.091119,5200261,10,520026,0.137,Medium,Low,Normalized persona x industry x company-size x ACV fit weights
M0101_P008,M0101,P008,Executive Insights Portal,Executive Insights,Executive Layer,Premium,CFO,Yes,Technology,North America,Enterprise,CFO,435,0.243,57071313,110000,1.655392,0.149841,8551607,16,534475,0.137,Medium,Low,Normalized persona x industry x company-size x ACV fit weights
M0102_P001,M0102,P001,Market Intelligence Pro,Market Intelligence,Core Platform,Premium,Strategy,Yes,Technology,North America,Enterprise,CRO,789,0.234,94927267,150000,1.159068,0.108822,10330174,20,516509,0.101,High,Low,Normalized persona x industry x company-size x ACV fit weights
M0102_P002,M0102,P002,Risk Analytics Suite,Risk Analytics,Analytics Add-on,Premium,CFO,Yes,Technology,North America,Enterprise,CRO,789,0.234,94927267,175000,0.946326,0.088848,8434112,16,527132,0.101,High,Low,Normalized persona x industry x company-size x ACV fit weights
M0102_P003,M0102,P003,Pricing Intelligence Engine,Pricing Intelligence,Decision Engine,Enterprise,CRO,Yes,Technology,North America,Enterprise,CRO,789,0.234,94927267,135000,2.257662,0.211966,20121367,39,515932,0.101,High,Low,Normalized persona x industry x company-size x ACV fit weights
M0102_P004,M0102,P004,Customer Intelligence Cloud,Customer Intelligence,Workflow Platform,Enterprise,CRO,Yes,Technology,North America,Enterprise,CRO,789,0.234,94927267,120000,2.29698,0.215658,20471787,40,511795,0.101,High,Low,Normalized persona x industry x company-size x ACV fit weights
M0102_P005,M0102,P005,Competitive Intelligence Radar,Competitive Intelligence,Insights Module,Standard,Strategy,Yes,Technology,North America,Enterprise,CRO,789,0.234,94927267,90000,0.951364,0.089321,8479011,16,529938,0.101,High,Low,Normalized persona x industry x company-size x ACV fit weights
M0102_P006,M0102,P006,Forecasting Platform,Forecasting Platform,Decision Engine,Premium,CFO,Yes,Technology,North America,Enterprise,CRO,789,0.234,94927267,160000,1.125204,0.105643,10028362,20,501418,0.101,High,Low,Normalized persona x industry x company-size x ACV fit weights
M0102_P007,M0102,P007,Workflow Automation Hub,Workflow Automation,Workflow Platform,Standard,Product,Yes,Technology,North America,Enterprise,CRO,789,0.234,94927267,80000,1.006649,0.094512,8971743,17,527750,0.101,High,Low,Normalized persona x industry x company-size x ACV fit weights
M0102_P008,M0102,P008,Executive Insights Portal,Executive Insights,Executive Layer,Premium,CFO,Yes,Technology,North America,Enterprise,CRO,789,0.234,94927267,110000,0.907796,0.085231,8090711,16,505669,0.101,High,Low,Normalized persona x industry x company-size x ACV fit weights
M0103_P001,M0103,P001,Market Intelligence Pro,Market Intelligence,Core Platform,Premium,Strategy,Yes,Technology,North America,Enterprise,Strategy,862,0.461,264689792,150000,2.113595,0.204566,54146414,81,668474,0.048,High,Low,Normalized persona x industry x company-size x ACV fit weights
M0103_P002,M0103,P002,Risk Analytics Suite,Risk Analytics,Analytics Add-on,Premium,CFO,Yes,Technology,North America,Enterprise,Strategy,862,0.461,264689792,175000,0.946326,0.091591,24243128,36,673420,0.048,High,Low,Normalized persona x industry x company-size x ACV fit weights
M0103_P003,M0103,P003,Pricing Intelligence Engine,Pricing Intelligence,Decision Engine,Enterprise,CRO,Yes,Technology,North America,Enterprise,Strategy,862,0.461,264689792,135000,1.238073,0.119828,31717138,48,660774,0.048,High,Low,Normalized persona x industry x company-size x ACV fit weights
M0103_P004,M0103,P004,Customer Intelligence Cloud,Customer Intelligence,Workflow Platform,Enterprise,CRO,Yes,Technology,North America,Enterprise,Strategy,862,0.461,264689792,120000,1.259634,0.121914,32269501,48,672281,0.048,High,Low,Normalized persona x industry x company-size x ACV fit weights
M0103_P005,M0103,P005,Competitive Intelligence Radar,Competitive Intelligence,Insights Module,Standard,Strategy,Yes,Technology,North America,Enterprise,Strategy,862,0.461,264689792,90000,1.73484,0.167907,44443399,67,663334,0.048,High,Low,Normalized persona x industry x company-size x ACV fit weights
M0103_P006,M0103,P006,Forecasting Platform,Forecasting Platform,Decision Engine,Premium,CFO,Yes,Technology,North America,Enterprise,Strategy,862,0.461,264689792,160000,1.125204,0.108904,28825661,43,670364,0.048,High,Low,Normalized persona x industry x company-size x ACV fit weights
M0103_P007,M0103,P007,Workflow Automation Hub,Workflow Automation,Workflow Platform,Standard,Product,Yes,Technology,North America,Enterprise,Strategy,862,0.461,264689792,80000,1.006649,0.097429,25788501,39,661244,0.048,High,Low,Normalized persona x industry x company-size x ACV fit weights
M0103_P008,M0103,P008,Executive Insights Portal,Executive Insights,Executive Layer,Premium,CFO,Yes,Technology,North America,Enterprise,Strategy,862,0.461,264689792,110000,0.907796,0.087862,23256050,35,664459,0.048,High,Low,Normalized persona x industry x company-size x ACV fit weights
M0104_P001,M0104,P001,Market Intelligence Pro,Market Intelligence,Core Platform,Premium,Strategy,Yes,Technology,North America,Enterprise,Product,664,0.224,46700307,150000,1.159068,0.114873,5364612,17,315565,0.139,High,Medium,Normalized persona x industry x company-size x ACV fit weights
M0104_P002,M0104,P002,Risk Analytics Suite,Risk Analytics,Analytics Add-on,Premium,CFO,Yes,Technology,North America,Enterprise,Product,664,0.224,46700307,175000,0.946326,0.093789,4379959,14,312854,0.139,High,Medium,Normalized persona x industry x company-size x ACV fit weights
M0104_P003,M0104,P003,Pricing Intelligence Engine,Pricing Intelligence,Decision Engine,Enterprise,CRO,Yes,Technology,North America,Enterprise,Product,664,0.224,46700307,135000,1.238073,0.122703,5730274,18,318349,0.139,High,Medium,Normalized persona x industry x company-size x ACV fit weights
M0104_P004,M0104,P004,Customer Intelligence Cloud,Customer Intelligence,Workflow Platform,Enterprise,CRO,Yes,Technology,North America,Enterprise,Product,664,0.224,46700307,120000,1.926499,0.190932,8916574,28,318449,0.139,High,Medium,Normalized persona x industry x company-size x ACV fit weights
M0104_P005,M0104,P005,Competitive Intelligence Radar,Competitive Intelligence,Insights Module,Standard,Strategy,Yes,Technology,North America,Enterprise,Product,664,0.224,46700307,90000,0.951364,0.094288,4403275,14,314520,0.139,High,Medium,Normalized persona x industry x company-size x ACV fit weights
M0104_P006,M0104,P006,Forecasting Platform,Forecasting Platform,Decision Engine,Premium,CFO,Yes,Technology,North America,Enterprise,Product,664,0.224,46700307,160000,1.125204,0.111517,5207876,17,306346,0.139,High,Medium,Normalized persona x industry x company-size x ACV fit weights
M0104_P007,M0104,P007,Workflow Automation Hub,Workflow Automation,Workflow Platform,Standard,Product,Yes,Technology,North America,Enterprise,Product,664,0.224,46700307,80000,1.835655,0.181928,8496112,27,314671,0.139,High,Medium,Normalized persona x industry x company-size x ACV fit weights
M0104_P008,M0104,P008,Executive Insights Portal,Executive Insights,Executive Layer,Premium,CFO,Yes,Technology,North America,Enterprise,Product,664,0.224,46700307,110000,0.907796,0.08997,4201625,13,323202,0.139,High,Medium,Normalized persona x industry x company-size x ACV fit weights
M0105_P001,M0105,P001,Market Intelligence Pro,Market Intelligence,Core Platform,Premium,Strategy,Yes,Technology,North America,Mid-Market,CFO,2359,0.26,114036711,150000,0.842959,0.090416,10310772,55,187469,0.079,Medium,Medium,Normalized persona x industry x company-size x ACV fit weights
M0105_P002,M0105,P002,Risk Analytics Suite,Risk Analytics,Analytics Add-on,Premium,CFO,Yes,Technology,North America,Mid-Market,CFO,2359,0.26,114036711,175000,1.255021,0.134614,15350965,83,184951,0.079,Medium,Medium,Normalized persona x industry x company-size x ACV fit weights
M0105_P003,M0105,P003,Pricing Intelligence Engine,Pricing Intelligence,Decision Engine,Enterprise,CRO,Yes,Technology,North America,Mid-Market,CFO,2359,0.26,114036711,135000,1.031727,0.110664,12619720,68,185584,0.079,Medium,Medium,Normalized persona x industry x company-size x ACV fit weights
M0105_P004,M0105,P004,Customer Intelligence Cloud,Customer Intelligence,Workflow Platform,Enterprise,CRO,Yes,Technology,North America,Mid-Market,CFO,2359,0.26,114036711,120000,1.049695,0.112591,12839496,69,186080,0.079,Medium,Medium,Normalized persona x industry x company-size x ACV fit weights
M0105_P005,M0105,P005,Competitive Intelligence Radar,Competitive Intelligence,Insights Module,Standard,Strategy,Yes,Technology,North America,Mid-Market,CFO,2359,0.26,114036711,90000,1.189205,0.127555,14545930,78,186486,0.079,Medium,Medium,Normalized persona x industry x company-size x ACV fit weights
M0105_P006,M0105,P006,Forecasting Platform,Forecasting Platform,Decision Engine,Premium,CFO,Yes,Technology,North America,Mid-Market,CFO,2359,0.26,114036711,160000,1.49225,0.16006,18252666,98,186252,0.079,Medium,Medium,Normalized persona x industry x company-size x ACV fit weights
M0105_P007,M0105,P007,Workflow Automation Hub,Workflow Automation,Workflow Platform,Standard,Product,Yes,Technology,North America,Mid-Market,CFO,2359,0.26,114036711,80000,1.258312,0.134967,15391221,83,185436,0.079,Medium,Medium,Normalized persona x industry x company-size x ACV fit weights
M0105_P008,M0105,P008,Executive Insights Portal,Executive Insights,Executive Layer,Premium,CFO,Yes,Technology,North America,Mid-Market,CFO,2359,0.26,114036711,110000,1.203922,0.129133,14725941,79,186404,0.079,Medium,Medium,Normalized persona x industry x company-size x ACV fit weights
M0106_P001,M0106,P001,Market Intelligence Pro,Market Intelligence,Core Platform,Premium,Strategy,Yes,Technology,North America,Mid-Market,CRO,1891,0.258,114355480,150000,0.842959,0.091103,10418148,44,236776,0.113,Low,Low,Normalized persona x industry x company-size x ACV fit weights
M0106_P002,M0106,P002,Risk Analytics Suite,Risk Analytics,Analytics Add-on,Premium,CFO,Yes,Technology,North America,Mid-Market,CRO,1891,0.258,114355480,175000,0.688237,0.074382,8505938,36,236276,0.113,Low,Low,Normalized persona x industry x company-size x ACV fit weights
M0106_P003,M0106,P003,Pricing Intelligence Engine,Pricing Intelligence,Decision Engine,Enterprise,CRO,Yes,Technology,North America,Mid-Market,CRO,1891,0.258,114355480,135000,1.881385,0.203332,23252080,99,234869,0.113,Low,Low,Normalized persona x industry x company-size x ACV fit weights
M0106_P004,M0106,P004,Customer Intelligence Cloud,Customer Intelligence,Workflow Platform,Enterprise,CRO,Yes,Technology,North America,Mid-Market,CRO,1891,0.258,114355480,120000,1.91415,0.206873,23657022,101,234228,0.113,Low,Low,Normalized persona x industry x company-size x ACV fit weights
M0106_P005,M0106,P005,Competitive Intelligence Radar,Competitive Intelligence,Insights Module,Standard,Strategy,Yes,Technology,North America,Mid-Market,CRO,1891,0.258,114355480,90000,1.189205,0.128524,14697410,63,233292,0.113,Low,Low,Normalized persona x industry x company-size x ACV fit weights
M0106_P006,M0106,P006,Forecasting Platform,Forecasting Platform,Decision Engine,Premium,CFO,Yes,Technology,North America,Mid-Market,CRO,1891,0.258,114355480,160000,0.81833,0.088441,10113765,43,235204,0.113,Low,Low,Normalized persona x industry x company-size x ACV fit weights
M0106_P007,M0106,P007,Workflow Automation Hub,Workflow Automation,Workflow Platform,Standard,Product,Yes,Technology,North America,Mid-Market,CRO,1891,0.258,114355480,80000,1.258312,0.135993,15551504,66,235629,0.113,Low,Low,Normalized persona x industry x company-size x ACV fit weights
M0106_P008,M0106,P008,Executive Insights Portal,Executive Insights,Executive Layer,Premium,CFO,Yes,Technology,North America,Mid-Market,CRO,1891,0.258,114355480,110000,0.660215,0.071353,8159613,35,233132,0.113,Low,Low,Normalized persona x industry x company-size x ACV fit weights
M0107_P001,M0107,P001,Market Intelligence Pro,Market Intelligence,Core Platform,Premium,Strategy,Yes,Technology,North America,Mid-Market,Strategy,2288,0.442,161844777,150000,1.53716,0.166861,27005562,169,159796,0.121,Medium,Medium,Normalized persona x industry x company-size x ACV fit weights
M0107_P002,M0107,P002,Risk Analytics Suite,Risk Analytics,Analytics Add-on,Premium,CFO,Yes,Technology,North America,Mid-Market,Strategy,2288,0.442,161844777,175000,0.688237,0.074709,12091277,76,159096,0.121,Medium,Medium,Normalized persona x industry x company-size x ACV fit weights
M0107_P003,M0107,P003,Pricing Intelligence Engine,Pricing Intelligence,Decision Engine,Enterprise,CRO,Yes,Technology,North America,Mid-Market,Strategy,2288,0.442,161844777,135000,1.031727,0.111995,18125874,113,160406,0.121,Medium,Medium,Normalized persona x industry x company-size x ACV fit weights
M0107_P004,M0107,P004,Customer Intelligence Cloud,Customer Intelligence,Workflow Platform,Enterprise,CRO,Yes,Technology,North America,Mid-Market,Strategy,2288,0.442,161844777,120000,1.049695,0.113946,18441541,115,160361,0.121,Medium,Medium,Normalized persona x industry x company-size x ACV fit weights
M0107_P005,M0107,P005,Competitive Intelligence Radar,Competitive Intelligence,Insights Module,Standard,Strategy,Yes,Technology,North America,Mid-Market,Strategy,2288,0.442,161844777,90000,2.16855,0.235399,38098115,238,160076,0.121,Medium,Medium,Normalized persona x industry x company-size x ACV fit weights
M0107_P006,M0107,P006,Forecasting Platform,Forecasting Platform,Decision Engine,Premium,CFO,Yes,Technology,North America,Mid-Market,Strategy,2288,0.442,161844777,160000,0.81833,0.088831,14376818,90,159742,0.121,Medium,Medium,Normalized persona x industry x company-size x ACV fit weights
M0107_P007,M0107,P007,Workflow Automation Hub,Workflow Automation,Workflow Platform,Standard,Product,Yes,Technology,North America,Mid-Market,Strategy,2288,0.442,161844777,80000,1.258312,0.136591,22106619,138,160193,0.121,Medium,Medium,Normalized persona x industry x company-size x ACV fit weights
M0107_P008,M0107,P008,Executive Insights Portal,Executive Insights,Executive Layer,Premium,CFO,Yes,Technology,North America,Mid-Market,Strategy,2288,0.442,161844777,110000,0.660215,0.071667,11598971,72,161097,0.121,Medium,Medium,Normalized persona x industry x company-size x ACV fit weights
M0108_P001,M0108,P001,Market Intelligence Pro,Market Intelligence,Core Platform,Premium,Strategy,Yes,Technology,North America,Mid-Market,Product,1717,0.36,130554917,150000,0.842959,0.092322,12053066,57,211457,0.115,Medium,Medium,Normalized persona x industry x company-size x ACV fit weights
M0108_P002,M0108,P002,Risk Analytics Suite,Risk Analytics,Analytics Add-on,Premium,CFO,Yes,Technology,North America,Mid-Market,Product,1717,0.36,130554917,175000,0.688237,0.075377,9840774,47,209378,0.115,Medium,Medium,Normalized persona x industry x company-size x ACV fit weights
M0108_P003,M0108,P003,Pricing Intelligence Engine,Pricing Intelligence,Decision Engine,Enterprise,CRO,Yes,Technology,North America,Mid-Market,Product,1717,0.36,130554917,135000,1.031727,0.112996,14752175,70,210745,0.115,Medium,Medium,Normalized persona x industry x company-size x ACV fit weights
M0108_P004,M0108,P004,Customer Intelligence Cloud,Customer Intelligence,Workflow Platform,Enterprise,CRO,Yes,Technology,North America,Mid-Market,Product,1717,0.36,130554917,120000,1.605416,0.175827,22955076,109,210597,0.115,Medium,Medium,Normalized persona x industry x company-size x ACV fit weights
M0108_P005,M0108,P005,Competitive Intelligence Radar,Competitive Intelligence,Insights Module,Standard,Strategy,Yes,Technology,North America,Mid-Market,Product,1717,0.36,130554917,90000,1.189205,0.130243,17003871,81,209924,0.115,Medium,Medium,Normalized persona x industry x company-size x ACV fit weights
M0108_P006,M0108,P006,Forecasting Platform,Forecasting Platform,Decision Engine,Premium,CFO,Yes,Technology,North America,Mid-Market,Product,1717,0.36,130554917,160000,0.81833,0.089624,11700916,55,212744,0.115,Medium,Medium,Normalized persona x industry x company-size x ACV fit weights
M0108_P007,M0108,P007,Workflow Automation Hub,Workflow Automation,Workflow Platform,Standard,Product,Yes,Technology,North America,Mid-Market,Product,1717,0.36,130554917,80000,2.294568,0.251304,32808939,155,211671,0.115,Medium,Medium,Normalized persona x industry x company-size x ACV fit weights
M0108_P008,M0108,P008,Executive Insights Portal,Executive Insights,Executive Layer,Premium,CFO,Yes,Technology,North America,Mid-Market,Product,1717,0.36,130554917,110000,0.660215,0.072307,9440100,45,209780,0.115,Medium,Medium,Normalized persona x industry x company-size x ACV fit weights
M0109_P001,M0109,P001,Market Intelligence Pro,Market Intelligence,Core Platform,Premium,Strategy,Yes,Technology,Europe,Strategic,CFO,168,0.369,63798635,150000,1.317123,0.11309,7214971,7,1030710,0.068,Medium,Medium,Normalized persona x industry x company-size x ACV fit weights
M0109_P002,M0109,P002,Risk Analytics Suite,Risk Analytics,Analytics Add-on,Premium,CFO,Yes,Technology,Europe,Strategic,CFO,168,0.369,63798635,175000,1.96097,0.168371,10741850,10,1074185,0.068,Medium,Medium,Normalized persona x industry x company-size x ACV fit weights
M0109_P003,M0109,P003,Pricing Intelligence Engine,Pricing Intelligence,Decision Engine,Enterprise,CRO,Yes,Technology,Europe,Strategic,CFO,168,0.369,63798635,135000,1.186486,0.101873,6499365,6,1083228,0.068,Medium,Medium,Normalized persona x industry x company-size x ACV fit weights
M0109_P004,M0109,P004,Customer Intelligence Cloud,Customer Intelligence,Workflow Platform,Enterprise,CRO,Yes,Technology,Europe,Strategic,CFO,168,0.369,63798635,120000,1.207149,0.103647,6612553,6,1102092,0.068,Medium,Medium,Normalized persona x industry x company-size x ACV fit weights
M0109_P005,M0109,P005,Competitive Intelligence Radar,Competitive Intelligence,Insights Module,Standard,Strategy,Yes,Technology,Europe,Strategic,CFO,168,0.369,63798635,90000,0.856227,0.073517,4690265,5,938053,0.068,Medium,Medium,Normalized persona x industry x company-size x ACV fit weights
M0109_P006,M0109,P006,Forecasting Platform,Forecasting Platform,Decision Engine,Premium,CFO,Yes,Technology,Europe,Strategic,CFO,168,0.369,63798635,160000,2.33164,0.200197,12772318,12,1064360,0.068,Medium,Medium,Normalized persona x industry x company-size x ACV fit weights
M0109_P007,M0109,P007,Workflow Automation Hub,Workflow Automation,Workflow Platform,Standard,Product,Yes,Technology,Europe,Strategic,CFO,168,0.369,63798635,80000,0.905984,0.077789,4962825,5,992565,0.068,Medium,Medium,Normalized persona x industry x company-size x ACV fit weights
M0109_P008,M0109,P008,Executive Insights Portal,Executive Insights,Executive Layer,Premium,CFO,Yes,Technology,Europe,Strategic,CFO,168,0.369,63798635,110000,1.881127,0.161516,10304488,10,1030449,0.068,Medium,Medium,Normalized persona x industry x company-size x ACV fit weights
M0110_P001,M0110,P001,Market Intelligence Pro,Market Intelligence,Core Platform,Premium,Strategy,Yes,Technology,Europe,Strategic,CRO,233,0.433,85752386,150000,1.317123,0.12162,10429230,12,869102,0.048,High,Medium,Normalized persona x industry x company-size x ACV fit weights
M0110_P002,M0110,P002,Risk Analytics Suite,Risk Analytics,Analytics Add-on,Premium,CFO,Yes,Technology,Europe,Strategic,CRO,233,0.433,85752386,175000,1.07537,0.099297,8514987,10,851499,0.048,High,Medium,Normalized persona x industry x company-size x ACV fit weights
M0110_P003,M0110,P003,Pricing Intelligence Engine,Pricing Intelligence,Decision Engine,Enterprise,CRO,Yes,Technology,Europe,Strategic,CRO,233,0.433,85752386,135000,2.163593,0.199781,17131736,20,856587,0.048,High,Medium,Normalized persona x industry x company-size x ACV fit weights
M0110_P004,M0110,P004,Customer Intelligence Cloud,Customer Intelligence,Workflow Platform,Enterprise,CRO,Yes,Technology,Europe,Strategic,CRO,233,0.433,85752386,120000,2.201272,0.203261,17430090,21,830004,0.048,High,Medium,Normalized persona x industry x company-size x ACV fit weights
M0110_P005,M0110,P005,Competitive Intelligence Radar,Competitive Intelligence,Insights Module,Standard,Strategy,Yes,Technology,Europe,Strategic,CRO,233,0.433,85752386,90000,0.856227,0.079062,6779771,8,847471,0.048,High,Medium,Normalized persona x industry x company-size x ACV fit weights
M0110_P006,M0110,P006,Forecasting Platform,Forecasting Platform,Decision Engine,Premium,CFO,Yes,Technology,Europe,Strategic,CRO,233,0.433,85752386,160000,1.278641,0.118067,10124524,12,843710,0.048,High,Medium,Normalized persona x industry x company-size x ACV fit weights
M0110_P007,M0110,P007,Workflow Automation Hub,Workflow Automation,Workflow Platform,Standard,Product,Yes,Technology,Europe,Strategic,CRO,233,0.433,85752386,80000,0.905984,0.083657,7173756,8,896720,0.048,High,Medium,Normalized persona x industry x company-size x ACV fit weights
M0110_P008,M0110,P008,Executive Insights Portal,Executive Insights,Executive Layer,Premium,CFO,Yes,Technology,Europe,Strategic,CRO,233,0.433,85752386,110000,1.031586,0.095254,8168292,10,816829,0.048,High,Medium,Normalized persona x industry x company-size x ACV fit weights
M0111_P001,M0111,P001,Market Intelligence Pro,Market Intelligence,Core Platform,Premium,Strategy,Yes,Technology,Europe,Strategic,Strategy,137,0.357,55224276,150000,2.401813,0.225557,12456195,11,1132381,0.078,Medium,Low,Normalized persona x industry x company-size x ACV fit weights
M0111_P002,M0111,P002,Risk Analytics Suite,Risk Analytics,Analytics Add-on,Premium,CFO,Yes,Technology,Europe,Strategic,Strategy,137,0.357,55224276,175000,1.07537,0.100989,5577047,5,1115409,0.078,Medium,Low,Normalized persona x industry x company-size x ACV fit weights
M0111_P003,M0111,P003,Pricing Intelligence Engine,Pricing Intelligence,Decision Engine,Enterprise,CRO,Yes,Technology,Europe,Strategic,Strategy,137,0.357,55224276,135000,1.186486,0.111424,6153312,5,1230662,0.078,Medium,Low,Normalized persona x industry x company-size x ACV fit weights
M0111_P004,M0111,P004,Customer Intelligence Cloud,Customer Intelligence,Workflow Platform,Enterprise,CRO,Yes,Technology,Europe,Strategic,Strategy,137,0.357,55224276,120000,1.207149,0.113365,6260474,6,1043412,0.078,Medium,Low,Normalized persona x industry x company-size x ACV fit weights
M0111_P005,M0111,P005,Competitive Intelligence Radar,Competitive Intelligence,Insights Module,Standard,Strategy,Yes,Technology,Europe,Strategic,Strategy,137,0.357,55224276,90000,1.561356,0.146628,8097447,7,1156778,0.078,Medium,Low,Normalized persona x industry x company-size x ACV fit weights
M0111_P006,M0111,P006,Forecasting Platform,Forecasting Platform,Decision Engine,Premium,CFO,Yes,Technology,Europe,Strategic,Strategy,137,0.357,55224276,160000,1.278641,0.120078,6631243,6,1105207,0.078,Medium,Low,Normalized persona x industry x company-size x ACV fit weights
M0111_P007,M0111,P007,Workflow Automation Hub,Workflow Automation,Workflow Platform,Standard,Product,Yes,Technology,Europe,Strategic,Strategy,137,0.357,55224276,80000,0.905984,0.085082,4698584,4,1174646,0.078,Medium,Low,Normalized persona x industry x company-size x ACV fit weights
M0111_P008,M0111,P008,Executive Insights Portal,Executive Insights,Executive Layer,Premium,CFO,Yes,Technology,Europe,Strategic,Strategy,137,0.357,55224276,110000,1.031586,0.096877,5349974,5,1069995,0.078,Medium,Low,Normalized persona x industry x company-size x ACV fit weights
M0112_P001,M0112,P001,Market Intelligence Pro,Market Intelligence,Core Platform,Premium,Strategy,Yes,Technology,Europe,Strategic,Product,129,0.472,55073579,150000,1.317123,0.128578,7081261,8,885158,0.103,High,Medium,Normalized persona x industry x company-size x ACV fit weights
M0112_P002,M0112,P002,Risk Analytics Suite,Risk Analytics,Analytics Add-on,Premium,CFO,Yes,Technology,Europe,Strategic,Product,129,0.472,55073579,175000,1.07537,0.104978,5781524,6,963587,0.103,High,Medium,Normalized persona x industry x company-size x ACV fit weights
M0112_P003,M0112,P003,Pricing Intelligence Engine,Pricing Intelligence,Decision Engine,Enterprise,CRO,Yes,Technology,Europe,Strategic,Product,129,0.472,55073579,135000,1.186486,0.115825,6378917,7,911274,0.103,High,Medium,Normalized persona x industry x company-size x ACV fit weights
M0112_P004,M0112,P004,Customer Intelligence Cloud,Customer Intelligence,Workflow Platform,Enterprise,CRO,Yes,Technology,Europe,Strategic,Product,129,0.472,55073579,120000,1.846228,0.18023,9925894,11,902354,0.103,High,Medium,Normalized persona x industry x company-size x ACV fit weights
M0112_P005,M0112,P005,Competitive Intelligence Radar,Competitive Intelligence,Insights Module,Standard,Strategy,Yes,Technology,Europe,Strategic,Product,129,0.472,55073579,90000,0.856227,0.083585,4603343,5,920669,0.103,High,Medium,Normalized persona x industry x company-size x ACV fit weights
M0112_P006,M0112,P006,Forecasting Platform,Forecasting Platform,Decision Engine,Premium,CFO,Yes,Technology,Europe,Strategic,Product,129,0.472,55073579,160000,1.278641,0.124822,6874371,8,859296,0.103,High,Medium,Normalized persona x industry x company-size x ACV fit weights
M0112_P007,M0112,P007,Workflow Automation Hub,Workflow Automation,Workflow Platform,Standard,Product,Yes,Technology,Europe,Strategic,Product,129,0.472,55073579,80000,1.652089,0.161278,8882143,10,888214,0.103,High,Medium,Normalized persona x industry x company-size x ACV fit weights
M0112_P008,M0112,P008,Executive Insights Portal,Executive Insights,Executive Layer,Premium,CFO,Yes,Technology,Europe,Strategic,Product,129,0.472,55073579,110000,1.031586,0.100704,5546126,6,924354,0.103,High,Medium,Normalized persona x industry x company-size x ACV fit weights
M0113_P001,M0113,P001,Market Intelligence Pro,Market Intelligence,Core Platform,Premium,Strategy,Yes,Technology,Europe,Enterprise,CFO,748,0.451,226426358,150000,1.159068,0.104915,23755549,35,678730,0.1,Medium,Medium,Normalized persona x industry x company-size x ACV fit weights
M0113_P002,M0113,P002,Risk Analytics Suite,Risk Analytics,Analytics Add-on,Premium,CFO,Yes,Technology,Europe,Enterprise,CFO,748,0.451,226426358,175000,1.725653,0.156201,35367924,53,667319,0.1,Medium,Medium,Normalized persona x industry x company-size x ACV fit weights
M0113_P003,M0113,P003,Pricing Intelligence Engine,Pricing Intelligence,Decision Engine,Enterprise,CRO,Yes,Technology,Europe,Enterprise,CFO,748,0.451,226426358,135000,1.238073,0.112066,25374772,38,667757,0.1,Medium,Medium,Normalized persona x industry x company-size x ACV fit weights
M0113_P004,M0113,P004,Customer Intelligence Cloud,Customer Intelligence,Workflow Platform,Enterprise,CRO,Yes,Technology,Europe,Enterprise,CFO,748,0.451,226426358,120000,1.259634,0.114018,25816681,38,679386,0.1,Medium,Medium,Normalized persona x industry x company-size x ACV fit weights
M0113_P005,M0113,P005,Competitive Intelligence Radar,Competitive Intelligence,Insights Module,Standard,Strategy,Yes,Technology,Europe,Enterprise,CFO,748,0.451,226426358,90000,0.951364,0.086114,19498565,29,672364,0.1,Medium,Medium,Normalized persona x industry x company-size x ACV fit weights
M0113_P006,M0113,P006,Forecasting Platform,Forecasting Platform,Decision Engine,Premium,CFO,Yes,Technology,Europe,Enterprise,CFO,748,0.451,226426358,160000,2.051843,0.185726,42053311,63,667513,0.1,Medium,Medium,Normalized persona x industry x company-size x ACV fit weights
M0113_P007,M0113,P007,Workflow Automation Hub,Workflow Automation,Workflow Platform,Standard,Product,Yes,Technology,Europe,Enterprise,CFO,748,0.451,226426358,80000,1.006649,0.091119,20631664,31,665538,0.1,Medium,Medium,Normalized persona x industry x company-size x ACV fit weights
M0113_P008,M0113,P008,Executive Insights Portal,Executive Insights,Executive Layer,Premium,CFO,Yes,Technology,Europe,Enterprise,CFO,748,0.451,226426358,110000,1.655392,0.149841,33927892,51,665253,0.1,Medium,Medium,Normalized persona x industry x company-size x ACV fit weights
M0114_P001,M0114,P001,Market Intelligence Pro,Market Intelligence,Core Platform,Premium,Strategy,Yes,Technology,Europe,Enterprise,CRO,829,0.333,202511163,150000,1.159068,0.108822,22037668,30,734589,0.082,Medium,Low,Normalized persona x industry x company-size x ACV fit weights
M0114_P002,M0114,P002,Risk Analytics Suite,Risk Analytics,Analytics Add-on,Premium,CFO,Yes,Technology,Europe,Enterprise,CRO,829,0.333,202511163,175000,0.946326,0.088848,17992742,25,719710,0.082,Medium,Low,Normalized persona x industry x company-size x ACV fit weights
M0114_P003,M0114,P003,Pricing Intelligence Engine,Pricing Intelligence,Decision Engine,Enterprise,CRO,Yes,Technology,Europe,Enterprise,CRO,829,0.333,202511163,135000,2.257662,0.211966,42925511,59,727551,0.082,Medium,Low,Normalized persona x industry x company-size x ACV fit weights
M0114_P004,M0114,P004,Customer Intelligence Cloud,Customer Intelligence,Workflow Platform,Enterprise,CRO,Yes,Technology,Europe,Enterprise,CRO,829,0.333,202511163,120000,2.29698,0.215658,43673072,60,727885,0.082,Medium,Low,Normalized persona x industry x company-size x ACV fit weights
M0114_P005,M0114,P005,Competitive Intelligence Radar,Competitive Intelligence,Insights Module,Standard,Strategy,Yes,Technology,Europe,Enterprise,CRO,829,0.333,202511163,90000,0.951364,0.089321,18088527,25,723541,0.082,Medium,Low,Normalized persona x industry x company-size x ACV fit weights
M0114_P006,M0114,P006,Forecasting Platform,Forecasting Platform,Decision Engine,Premium,CFO,Yes,Technology,Europe,Enterprise,CRO,829,0.333,202511163,160000,1.125204,0.105643,21393802,29,737717,0.082,Medium,Low,Normalized persona x industry x company-size x ACV fit weights
M0114_P007,M0114,P007,Workflow Automation Hub,Workflow Automation,Workflow Platform,Standard,Product,Yes,Technology,Europe,Enterprise,CRO,829,0.333,202511163,80000,1.006649,0.094512,19139686,26,736142,0.082,Medium,Low,Normalized persona x industry x company-size x ACV fit weights
M0114_P008,M0114,P008,Executive Insights Portal,Executive Insights,Executive Layer,Premium,CFO,Yes,Technology,Europe,Enterprise,CRO,829,0.333,202511163,110000,0.907796,0.085231,17260155,24,719173,0.082,Medium,Low,Normalized persona x industry x company-size x ACV fit weights
M0115_P001,M0115,P001,Market Intelligence Pro,Market Intelligence,Core Platform,Premium,Strategy,Yes,Technology,Europe,Enterprise,Strategy,546,0.235,63708994,150000,2.113595,0.204566,13032666,26,501256,0.05,Medium,Low,Normalized persona x industry x company-size x ACV fit weights
M0115_P002,M0115,P002,Risk Analytics Suite,Risk Analytics,Analytics Add-on,Premium,CFO,Yes,Technology,Europe,Enterprise,Strategy,546,0.235,63708994,175000,0.946326,0.091591,5835152,12,486263,0.05,Medium,Low,Normalized persona x industry x company-size x ACV fit weights
M0115_P003,M0115,P003,Pricing Intelligence Engine,Pricing Intelligence,Decision Engine,Enterprise,CRO,Yes,Technology,Europe,Enterprise,Strategy,546,0.235,63708994,135000,1.238073,0.119828,7634095,15,508940,0.05,Medium,Low,Normalized persona x industry x company-size x ACV fit weights
M0115_P004,M0115,P004,Customer Intelligence Cloud,Customer Intelligence,Workflow Platform,Enterprise,CRO,Yes,Technology,Europe,Enterprise,Strategy,546,0.235,63708994,120000,1.259634,0.121914,7767045,16,485440,0.05,Medium,Low,Normalized persona x industry x company-size x ACV fit weights
M0115_P005,M0115,P005,Competitive Intelligence Radar,Competitive Intelligence,Insights Module,Standard,Strategy,Yes,Technology,Europe,Enterprise,Strategy,546,0.235,63708994,90000,1.73484,0.167907,10697217,22,486237,0.05,Medium,Low,Normalized persona x industry x company-size x ACV fit weights
M0115_P006,M0115,P006,Forecasting Platform,Forecasting Platform,Decision Engine,Premium,CFO,Yes,Technology,Europe,Enterprise,Strategy,546,0.235,63708994,160000,1.125204,0.108904,6938136,14,495581,0.05,Medium,Low,Normalized persona x industry x company-size x ACV fit weights
M0115_P007,M0115,P007,Workflow Automation Hub,Workflow Automation,Workflow Platform,Standard,Product,Yes,Technology,Europe,Enterprise,Strategy,546,0.235,63708994,80000,1.006649,0.097429,6207113,13,477470,0.05,Medium,Low,Normalized persona x industry x company-size x ACV fit weights
M0115_P008,M0115,P008,Executive Insights Portal,Executive Insights,Executive Layer,Premium,CFO,Yes,Technology,Europe,Enterprise,Strategy,546,0.235,63708994,110000,0.907796,0.087862,5597570,11,508870,0.05,Medium,Low,Normalized persona x industry x company-size x ACV fit weights
M0116_P001,M0116,P001,Market Intelligence Pro,Market Intelligence,Core Platform,Premium,Strategy,Yes,Technology,Europe,Enterprise,Product,444,0.378,94391301,150000,1.159068,0.114873,10843027,19,570686,0.087,Medium,Low,Normalized persona x industry x company-size x ACV fit weights
M0116_P002,M0116,P002,Risk Analytics Suite,Risk Analytics,Analytics Add-on,Premium,CFO,Yes,Technology,Europe,Enterprise,Product,444,0.378,94391301,175000,0.946326,0.093789,8852832,16,553302,0.087,Medium,Low,Normalized persona x industry x company-size x ACV fit weights
M0116_P003,M0116,P003,Pricing Intelligence Engine,Pricing Intelligence,Decision Engine,Enterprise,CRO,Yes,Technology,Europe,Enterprise,Product,444,0.378,94391301,135000,1.238073,0.122703,11582107,21,551529,0.087,Medium,Low,Normalized persona x industry x company-size x ACV fit weights
M0116_P004,M0116,P004,Customer Intelligence Cloud,Customer Intelligence,Workflow Platform,Enterprise,CRO,Yes,Technology,Europe,Enterprise,Product,444,0.378,94391301,120000,1.926499,0.190932,18022303,32,563197,0.087,Medium,Low,Normalized persona x industry x company-size x ACV fit weights
M0116_P005,M0116,P005,Competitive Intelligence Radar,Competitive Intelligence,Insights Module,Standard,Strategy,Yes,Technology,Europe,Enterprise,Product,444,0.378,94391301,90000,0.951364,0.094288,8899961,16,556248,0.087,Medium,Low,Normalized persona x industry x company-size x ACV fit weights
M0116_P006,M0116,P006,Forecasting Platform,Forecasting Platform,Decision Engine,Premium,CFO,Yes,Technology,Europe,Enterprise,Product,444,0.378,94391301,160000,1.125204,0.111517,10526230,19,554012,0.087,Medium,Low,Normalized persona x industry x company-size x ACV fit weights
M0116_P007,M0116,P007,Workflow Automation Hub,Workflow Automation,Workflow Platform,Standard,Product,Yes,Technology,Europe,Enterprise,Product,444,0.378,94391301,80000,1.835655,0.181928,17172458,31,553950,0.087,Medium,Low,Normalized persona x industry x company-size x ACV fit weights
M0116_P008,M0116,P008,Executive Insights Portal,Executive Insights,Executive Layer,Premium,CFO,Yes,Technology,Europe,Enterprise,Product,444,0.378,94391301,110000,0.907796,0.08997,8492383,15,566159,0.087,Medium,Low,Normalized persona x industry x company-size x ACV fit weights
M0117_P001,M0117,P001,Market Intelligence Pro,Market Intelligence,Core Platform,Premium,Strategy,Yes,Technology,Europe,Mid-Market,CFO,1128,0.339,72734782,150000,0.842959,0.090416,6576407,35,187897,0.106,Low,Medium,Normalized persona x industry x company-size x ACV fit weights
M0117_P002,M0117,P002,Risk Analytics Suite,Risk Analytics,Analytics Add-on,Premium,CFO,Yes,Technology,Europe,Mid-Market,CFO,1128,0.339,72734782,175000,1.255021,0.134614,9791138,51,191983,0.106,Low,Medium,Normalized persona x industry x company-size x ACV fit weights
M0117_P003,M0117,P003,Pricing Intelligence Engine,Pricing Intelligence,Decision Engine,Enterprise,CRO,Yes,Technology,Europe,Mid-Market,CFO,1128,0.339,72734782,135000,1.031727,0.110664,8049097,42,191645,0.106,Low,Medium,Normalized persona x industry x company-size x ACV fit weights
M0117_P004,M0117,P004,Customer Intelligence Cloud,Customer Intelligence,Workflow Platform,Enterprise,CRO,Yes,Technology,Europe,Mid-Market,CFO,1128,0.339,72734782,120000,1.049695,0.112591,8189275,43,190448,0.106,Low,Medium,Normalized persona x industry x company-size x ACV fit weights
M0117_P005,M0117,P005,Competitive Intelligence Radar,Competitive Intelligence,Insights Module,Standard,Strategy,Yes,Technology,Europe,Mid-Market,CFO,1128,0.339,72734782,90000,1.189205,0.127555,9277670,49,189340,0.106,Low,Medium,Normalized persona x industry x company-size x ACV fit weights
M0117_P006,M0117,P006,Forecasting Platform,Forecasting Platform,Decision Engine,Premium,CFO,Yes,Technology,Europe,Mid-Market,CFO,1128,0.339,72734782,160000,1.49225,0.16006,11641898,61,190851,0.106,Low,Medium,Normalized persona x industry x company-size x ACV fit weights
M0117_P007,M0117,P007,Workflow Automation Hub,Workflow Automation,Workflow Platform,Standard,Product,Yes,Technology,Europe,Mid-Market,CFO,1128,0.339,72734782,80000,1.258312,0.134967,9816814,52,188785,0.106,Low,Medium,Normalized persona x industry x company-size x ACV fit weights
M0117_P008,M0117,P008,Executive Insights Portal,Executive Insights,Executive Layer,Premium,CFO,Yes,Technology,Europe,Mid-Market,CFO,1128,0.339,72734782,110000,1.203922,0.129133,9392483,49,191683,0.106,Low,Medium,Normalized persona x industry x company-size x ACV fit weights
M0118_P001,M0118,P001,Market Intelligence Pro,Market Intelligence,Core Platform,Premium,Strategy,Yes,Technology,Europe,Mid-Market,CRO,1189,0.386,74965110,150000,0.842959,0.091103,6829560,42,162609,0.083,Medium,Medium,Normalized persona x industry x company-size x ACV fit weights
M0118_P002,M0118,P002,Risk Analytics Suite,Risk Analytics,Analytics Add-on,Premium,CFO,Yes,Technology,Europe,Mid-Market,CRO,1189,0.386,74965110,175000,0.688237,0.074382,5576022,34,164001,0.083,Medium,Medium,Normalized persona x industry x company-size x ACV fit weights
M0118_P003,M0118,P003,Pricing Intelligence Engine,Pricing Intelligence,Decision Engine,Enterprise,CRO,Yes,Technology,Europe,Mid-Market,CRO,1189,0.386,74965110,135000,1.881385,0.203332,15242774,93,163901,0.083,Medium,Medium,Normalized persona x industry x company-size x ACV fit weights
M0118_P004,M0118,P004,Customer Intelligence Cloud,Customer Intelligence,Workflow Platform,Enterprise,CRO,Yes,Technology,Europe,Mid-Market,CRO,1189,0.386,74965110,120000,1.91415,0.206873,15508231,95,163245,0.083,Medium,Medium,Normalized persona x industry x company-size x ACV fit weights
M0118_P005,M0118,P005,Competitive Intelligence Radar,Competitive Intelligence,Insights Module,Standard,Strategy,Yes,Technology,Europe,Mid-Market,CRO,1189,0.386,74965110,90000,1.189205,0.128524,9634807,59,163302,0.083,Medium,Medium,Normalized persona x industry x company-size x ACV fit weights
M0118_P006,M0118,P006,Forecasting Platform,Forecasting Platform,Decision Engine,Premium,CFO,Yes,Technology,Europe,Mid-Market,CRO,1189,0.386,74965110,160000,0.81833,0.088441,6630023,41,161708,0.083,Medium,Medium,Normalized persona x industry x company-size x ACV fit weights
M0118_P007,M0118,P007,Workflow Automation Hub,Workflow Automation,Workflow Platform,Standard,Product,Yes,Technology,Europe,Mid-Market,CRO,1189,0.386,74965110,80000,1.258312,0.135993,10194704,62,164431,0.083,Medium,Medium,Normalized persona x industry x company-size x ACV fit weights
M0118_P008,M0118,P008,Executive Insights Portal,Executive Insights,Executive Layer,Premium,CFO,Yes,Technology,Europe,Mid-Market,CRO,1189,0.386,74965110,110000,0.660215,0.071353,5348989,33,162091,0.083,Medium,Medium,Normalized persona x industry x company-size x ACV fit weights
M0119_P001,M0119,P001,Market Intelligence Pro,Market Intelligence,Core Platform,Premium,Strategy,Yes,Technology,Europe,Mid-Market,Strategy,1105,0.319,59064414,150000,1.53716,0.166861,9855540,59,167043,0.139,Medium,Medium,Normalized persona x industry x company-size x ACV fit weights
M0119_P002,M0119,P002,Risk Analytics Suite,Risk Analytics,Analytics Add-on,Premium,CFO,Yes,Technology,Europe,Mid-Market,Strategy,1105,0.319,59064414,175000,0.688237,0.074709,4412649,26,169717,0.139,Medium,Medium,Normalized persona x industry x company-size x ACV fit weights
M0119_P003,M0119,P003,Pricing Intelligence Engine,Pricing Intelligence,Decision Engine,Enterprise,CRO,Yes,Technology,Europe,Mid-Market,Strategy,1105,0.319,59064414,135000,1.031727,0.111995,6614944,39,169614,0.139,Medium,Medium,Normalized persona x industry x company-size x ACV fit weights
M0119_P004,M0119,P004,Customer Intelligence Cloud,Customer Intelligence,Workflow Platform,Enterprise,CRO,Yes,Technology,Europe,Mid-Market,Strategy,1105,0.319,59064414,120000,1.049695,0.113946,6730145,40,168254,0.139,Medium,Medium,Normalized persona x industry x company-size x ACV fit weights
M0119_P005,M0119,P005,Competitive Intelligence Radar,Competitive Intelligence,Insights Module,Standard,Strategy,Yes,Technology,Europe,Mid-Market,Strategy,1105,0.319,59064414,90000,2.16855,0.235399,13903710,83,167515,0.139,Medium,Medium,Normalized persona x industry x company-size x ACV fit weights
M0119_P006,M0119,P006,Forecasting Platform,Forecasting Platform,Decision Engine,Premium,CFO,Yes,Technology,Europe,Mid-Market,Strategy,1105,0.319,59064414,160000,0.81833,0.088831,5246745,31,169250,0.139,Medium,Medium,Normalized persona x industry x company-size x ACV fit weights
M0119_P007,M0119,P007,Workflow Automation Hub,Workflow Automation,Workflow Platform,Standard,Product,Yes,Technology,Europe,Mid-Market,Strategy,1105,0.319,59064414,80000,1.258312,0.136591,8067696,48,168077,0.139,Medium,Medium,Normalized persona x industry x company-size x ACV fit weights
M0119_P008,M0119,P008,Executive Insights Portal,Executive Insights,Executive Layer,Premium,CFO,Yes,Technology,Europe,Mid-Market,Strategy,1105,0.319,59064414,110000,0.660215,0.071667,4232985,25,169319,0.139,Medium,Medium,Normalized persona x industry x company-size x ACV fit weights
M0120_P001,M0120,P001,Market Intelligence Pro,Market Intelligence,Core Platform,Premium,Strategy,Yes,Technology,Europe,Mid-Market,Product,1547,0.445,136438758,150000,0.842959,0.092322,12596273,64,196817,0.122,High,Low,Normalized persona x industry x company-size x ACV fit weights
M0120_P002,M0120,P002,Risk Analytics Suite,Risk Analytics,Analytics Add-on,Premium,CFO,Yes,Technology,Europe,Mid-Market,Product,1547,0.445,136438758,175000,0.688237,0.075377,10284277,52,197775,0.122,High,Low,Normalized persona x industry x company-size x ACV fit weights
M0120_P003,M0120,P003,Pricing Intelligence Engine,Pricing Intelligence,Decision Engine,Enterprise,CRO,Yes,Technology,Europe,Mid-Market,Product,1547,0.445,136438758,135000,1.031727,0.112996,15417025,78,197654,0.122,High,Low,Normalized persona x industry x company-size x ACV fit weights
M0120_P004,M0120,P004,Customer Intelligence Cloud,Customer Intelligence,Workflow Platform,Enterprise,CRO,Yes,Technology,Europe,Mid-Market,Product,1547,0.445,136438758,120000,1.605416,0.175827,23989614,121,198261,0.122,High,Low,Normalized persona x industry x company-size x ACV fit weights
M0120_P005,M0120,P005,Competitive Intelligence Radar,Competitive Intelligence,Insights Module,Standard,Strategy,Yes,Technology,Europe,Mid-Market,Product,1547,0.445,136438758,90000,1.189205,0.130243,17770201,90,197447,0.122,High,Low,Normalized persona x industry x company-size x ACV fit weights
M0120_P006,M0120,P006,Forecasting Platform,Forecasting Platform,Decision Engine,Premium,CFO,Yes,Technology,Europe,Mid-Market,Product,1547,0.445,136438758,160000,0.81833,0.089624,12228253,62,197230,0.122,High,Low,Normalized persona x industry x company-size x ACV fit weights
M0120_P007,M0120,P007,Workflow Automation Hub,Workflow Automation,Workflow Platform,Standard,Product,Yes,Technology,Europe,Mid-Market,Product,1547,0.445,136438758,80000,2.294568,0.251304,34287570,173,198194,0.122,High,Low,Normalized persona x industry x company-size x ACV fit weights
M0120_P008,M0120,P008,Executive Insights Portal,Executive Insights,Executive Layer,Premium,CFO,Yes,Technology,Europe,Mid-Market,Product,1547,0.445,136438758,110000,0.660215,0.072307,9865545,50,197311,0.122,High,Low,Normalized persona x industry x company-size x ACV fit weights
M0121_P001,M0121,P001,Market Intelligence Pro,Market Intelligence,Core Platform,Premium,Strategy,Yes,Technology,APAC,Strategic,CFO,244,0.269,68899497,150000,1.317123,0.11309,7791826,7,1113118,0.101,High,Low,Normalized persona x industry x company-size x ACV fit weights
M0121_P002,M0121,P002,Risk Analytics Suite,Risk Analytics,Analytics Add-on,Premium,CFO,Yes,Technology,APAC,Strategic,CFO,244,0.269,68899497,175000,1.96097,0.168371,11600688,11,1054608,0.101,High,Low,Normalized persona x industry x company-size x ACV fit weights
M0121_P003,M0121,P003,Pricing Intelligence Engine,Pricing Intelligence,Decision Engine,Enterprise,CRO,Yes,Technology,APAC,Strategic,CFO,244,0.269,68899497,135000,1.186486,0.101873,7019006,7,1002715,0.101,High,Low,Normalized persona x industry x company-size x ACV fit weights
M0121_P004,M0121,P004,Customer Intelligence Cloud,Customer Intelligence,Workflow Platform,Enterprise,CRO,Yes,Technology,APAC,Strategic,CFO,244,0.269,68899497,120000,1.207149,0.103647,7141244,7,1020178,0.101,High,Low,Normalized persona x industry x company-size x ACV fit weights
M0121_P005,M0121,P005,Competitive Intelligence Radar,Competitive Intelligence,Insights Module,Standard,Strategy,Yes,Technology,APAC,Strategic,CFO,244,0.269,68899497,90000,0.856227,0.073517,5065263,5,1013053,0.101,High,Low,Normalized persona x industry x company-size x ACV fit weights
M0121_P006,M0121,P006,Forecasting Platform,Forecasting Platform,Decision Engine,Premium,CFO,Yes,Technology,APAC,Strategic,CFO,244,0.269,68899497,160000,2.33164,0.200197,13793497,13,1061038,0.101,High,Low,Normalized persona x industry x company-size x ACV fit weights
M0121_P007,M0121,P007,Workflow Automation Hub,Workflow Automation,Workflow Platform,Standard,Product,Yes,Technology,APAC,Strategic,CFO,244,0.269,68899497,80000,0.905984,0.077789,5359615,5,1071923,0.101,High,Low,Normalized persona x industry x company-size x ACV fit weights
M0121_P008,M0121,P008,Executive Insights Portal,Executive Insights,Executive Layer,Premium,CFO,Yes,Technology,APAC,Strategic,CFO,244,0.269,68899497,110000,1.881127,0.161516,11128358,11,1011669,0.101,High,Low,Normalized persona x industry x company-size x ACV fit weights
M0122_P001,M0122,P001,Market Intelligence Pro,Market Intelligence,Core Platform,Premium,Strategy,Yes,Technology,APAC,Strategic,CRO,228,0.371,69969903,150000,1.317123,0.12162,8509760,10,850976,0.069,Medium,Low,Normalized persona x industry x company-size x ACV fit weights
M0122_P002,M0122,P002,Risk Analytics Suite,Risk Analytics,Analytics Add-on,Premium,CFO,Yes,Technology,APAC,Strategic,CRO,228,0.371,69969903,175000,1.07537,0.099297,6947828,8,868478,0.069,Medium,Low,Normalized persona x industry x company-size x ACV fit weights
M0122_P003,M0122,P003,Pricing Intelligence Engine,Pricing Intelligence,Decision Engine,Enterprise,CRO,Yes,Technology,APAC,Strategic,CRO,228,0.371,69969903,135000,2.163593,0.199781,13978688,17,822276,0.069,Medium,Low,Normalized persona x industry x company-size x ACV fit weights
M0122_P004,M0122,P004,Customer Intelligence Cloud,Customer Intelligence,Workflow Platform,Enterprise,CRO,Yes,Technology,APAC,Strategic,CRO,228,0.371,69969903,120000,2.201272,0.203261,14222131,17,836596,0.069,Medium,Low,Normalized persona x industry x company-size x ACV fit weights
M0122_P005,M0122,P005,Competitive Intelligence Radar,Competitive Intelligence,Insights Module,Standard,Strategy,Yes,Technology,APAC,Strategic,CRO,228,0.371,69969903,90000,0.856227,0.079062,5531973,7,790282,0.069,Medium,Low,Normalized persona x industry x company-size x ACV fit weights
M0122_P006,M0122,P006,Forecasting Platform,Forecasting Platform,Decision Engine,Premium,CFO,Yes,Technology,APAC,Strategic,CRO,228,0.371,69969903,160000,1.278641,0.118067,8261134,10,826113,0.069,Medium,Low,Normalized persona x industry x company-size x ACV fit weights
M0122_P007,M0122,P007,Workflow Automation Hub,Workflow Automation,Workflow Platform,Standard,Product,Yes,Technology,APAC,Strategic,CRO,228,0.371,69969903,80000,0.905984,0.083657,5853447,7,836207,0.069,Medium,Low,Normalized persona x industry x company-size x ACV fit weights
M0122_P008,M0122,P008,Executive Insights Portal,Executive Insights,Executive Layer,Premium,CFO,Yes,Technology,APAC,Strategic,CRO,228,0.371,69969903,110000,1.031586,0.095254,6664942,8,833118,0.069,Medium,Low,Normalized persona x industry x company-size x ACV fit weights
M0123_P001,M0123,P001,Market Intelligence Pro,Market Intelligence,Core Platform,Premium,Strategy,Yes,Technology,APAC,Strategic,Strategy,162,0.473,90125125,150000,2.401813,0.225557,20328308,17,1195783,0.062,High,Medium,Normalized persona x industry x company-size x ACV fit weights
M0123_P002,M0123,P002,Risk Analytics Suite,Risk Analytics,Analytics Add-on,Premium,CFO,Yes,Technology,APAC,Strategic,Strategy,162,0.473,90125125,175000,1.07537,0.100989,9101651,8,1137706,0.062,High,Medium,Normalized persona x industry x company-size x ACV fit weights
M0123_P003,M0123,P003,Pricing Intelligence Engine,Pricing Intelligence,Decision Engine,Enterprise,CRO,Yes,Technology,APAC,Strategic,Strategy,162,0.473,90125125,135000,1.186486,0.111424,10042106,9,1115790,0.062,High,Medium,Normalized persona x industry x company-size x ACV fit weights
M0123_P004,M0123,P004,Customer Intelligence Cloud,Customer Intelligence,Workflow Platform,Enterprise,CRO,Yes,Technology,APAC,Strategic,Strategy,162,0.473,90125125,120000,1.207149,0.113365,10216992,9,1135221,0.062,High,Medium,Normalized persona x industry x company-size x ACV fit weights
M0123_P005,M0123,P005,Competitive Intelligence Radar,Competitive Intelligence,Insights Module,Standard,Strategy,Yes,Technology,APAC,Strategic,Strategy,162,0.473,90125125,90000,1.561356,0.146628,13214903,11,1201355,0.062,High,Medium,Normalized persona x industry x company-size x ACV fit weights
M0123_P006,M0123,P006,Forecasting Platform,Forecasting Platform,Decision Engine,Premium,CFO,Yes,Technology,APAC,Strategic,Strategy,162,0.473,90125125,160000,1.278641,0.120078,10822082,9,1202454,0.062,High,Medium,Normalized persona x industry x company-size x ACV fit weights
M0123_P007,M0123,P007,Workflow Automation Hub,Workflow Automation,Workflow Platform,Standard,Product,Yes,Technology,APAC,Strategic,Strategy,162,0.473,90125125,80000,0.905984,0.085082,7668013,7,1095430,0.062,High,Medium,Normalized persona x industry x company-size x ACV fit weights
M0123_P008,M0123,P008,Executive Insights Portal,Executive Insights,Executive Layer,Premium,CFO,Yes,Technology,APAC,Strategic,Strategy,162,0.473,90125125,110000,1.031586,0.096877,8731070,7,1247296,0.062,High,Medium,Normalized persona x industry x company-size x ACV fit weights
M0124_P001,M0124,P001,Market Intelligence Pro,Market Intelligence,Core Platform,Premium,Strategy,Yes,Technology,APAC,Strategic,Product,222,0.308,47431583,150000,1.317123,0.128578,6098667,9,677630,0.05,High,Medium,Normalized persona x industry x company-size x ACV fit weights
M0124_P002,M0124,P002,Risk Analytics Suite,Risk Analytics,Analytics Add-on,Premium,CFO,Yes,Technology,APAC,Strategic,Product,222,0.308,47431583,175000,1.07537,0.104978,4979281,7,711326,0.05,High,Medium,Normalized persona x industry x company-size x ACV fit weights
M0124_P003,M0124,P003,Pricing Intelligence Engine,Pricing Intelligence,Decision Engine,Enterprise,CRO,Yes,Technology,APAC,Strategic,Product,222,0.308,47431583,135000,1.186486,0.115825,5493780,8,686722,0.05,High,Medium,Normalized persona x industry x company-size x ACV fit weights
M0124_P004,M0124,P004,Customer Intelligence Cloud,Customer Intelligence,Workflow Platform,Enterprise,CRO,Yes,Technology,APAC,Strategic,Product,222,0.308,47431583,120000,1.846228,0.18023,8548580,12,712382,0.05,High,Medium,Normalized persona x industry x company-size x ACV fit weights
M0124_P005,M0124,P005,Competitive Intelligence Radar,Competitive Intelligence,Insights Module,Standard,Strategy,Yes,Technology,APAC,Strategic,Product,222,0.308,47431583,90000,0.856227,0.083585,3964585,6,660764,0.05,High,Medium,Normalized persona x industry x company-size x ACV fit weights
M0124_P006,M0124,P006,Forecasting Platform,Forecasting Platform,Decision Engine,Premium,CFO,Yes,Technology,APAC,Strategic,Product,222,0.308,47431583,160000,1.278641,0.124822,5920485,9,657832,0.05,High,Medium,Normalized persona x industry x company-size x ACV fit weights
M0124_P007,M0124,P007,Workflow Automation Hub,Workflow Automation,Workflow Platform,Standard,Product,Yes,Technology,APAC,Strategic,Product,222,0.308,47431583,80000,1.652089,0.161278,7649659,11,695424,0.05,High,Medium,Normalized persona x industry x company-size x ACV fit weights
M0124_P008,M0124,P008,Executive Insights Portal,Executive Insights,Executive Layer,Premium,CFO,Yes,Technology,APAC,Strategic,Product,222,0.308,47431583,110000,1.031586,0.100704,4776546,7,682364,0.05,High,Medium,Normalized persona x industry x company-size x ACV fit weights
M0125_P001,M0125,P001,Market Intelligence Pro,Market Intelligence,Core Platform,Premium,Strategy,Yes,Technology,APAC,Enterprise,CFO,425,0.323,91770492,150000,1.159068,0.104915,9628113,14,687722,0.083,Medium,Medium,Normalized persona x industry x company-size x ACV fit weights
M0125_P002,M0125,P002,Risk Analytics Suite,Risk Analytics,Analytics Add-on,Premium,CFO,Yes,Technology,APAC,Enterprise,CFO,425,0.323,91770492,175000,1.725653,0.156201,14334602,21,682600,0.083,Medium,Medium,Normalized persona x industry x company-size x ACV fit weights
M0125_P003,M0125,P003,Pricing Intelligence Engine,Pricing Intelligence,Decision Engine,Enterprise,CRO,Yes,Technology,APAC,Enterprise,CFO,425,0.323,91770492,135000,1.238073,0.112066,10284383,15,685626,0.083,Medium,Medium,Normalized persona x industry x company-size x ACV fit weights
M0125_P004,M0125,P004,Customer Intelligence Cloud,Customer Intelligence,Workflow Platform,Enterprise,CRO,Yes,Technology,APAC,Enterprise,CFO,425,0.323,91770492,120000,1.259634,0.114018,10463488,16,653968,0.083,Medium,Medium,Normalized persona x industry x company-size x ACV fit weights
M0125_P005,M0125,P005,Competitive Intelligence Radar,Competitive Intelligence,Insights Module,Standard,Strategy,Yes,Technology,APAC,Enterprise,CFO,425,0.323,91770492,90000,0.951364,0.086114,7902759,12,658563,0.083,Medium,Medium,Normalized persona x industry x company-size x ACV fit weights
M0125_P006,M0125,P006,Forecasting Platform,Forecasting Platform,Decision Engine,Premium,CFO,Yes,Technology,APAC,Enterprise,CFO,425,0.323,91770492,160000,2.051843,0.185726,17044186,25,681767,0.083,Medium,Medium,Normalized persona x industry x company-size x ACV fit weights
M0125_P007,M0125,P007,Workflow Automation Hub,Workflow Automation,Workflow Platform,Standard,Product,Yes,Technology,APAC,Enterprise,CFO,425,0.323,91770492,80000,1.006649,0.091119,8362003,13,643231,0.083,Medium,Medium,Normalized persona x industry x company-size x ACV fit weights
M0125_P008,M0125,P008,Executive Insights Portal,Executive Insights,Executive Layer,Premium,CFO,Yes,Technology,APAC,Enterprise,CFO,425,0.323,91770492,110000,1.655392,0.149841,13750958,21,654808,0.083,Medium,Medium,Normalized persona x industry x company-size x ACV fit weights
M0126_P001,M0126,P001,Market Intelligence Pro,Market Intelligence,Core Platform,Premium,Strategy,Yes,Technology,APAC,Enterprise,CRO,828,0.248,117980076,150000,1.159068,0.108822,12838827,22,583583,0.1,High,Medium,Normalized persona x industry x company-size x ACV fit weights
M0126_P002,M0126,P002,Risk Analytics Suite,Risk Analytics,Analytics Add-on,Premium,CFO,Yes,Technology,APAC,Enterprise,CRO,828,0.248,117980076,175000,0.946326,0.088848,10482311,18,582351,0.1,High,Medium,Normalized persona x industry x company-size x ACV fit weights
M0126_P003,M0126,P003,Pricing Intelligence Engine,Pricing Intelligence,Decision Engine,Enterprise,CRO,Yes,Technology,APAC,Enterprise,CRO,828,0.248,117980076,135000,2.257662,0.211966,25007782,44,568359,0.1,High,Medium,Normalized persona x industry x company-size x ACV fit weights
M0126_P004,M0126,P004,Customer Intelligence Cloud,Customer Intelligence,Workflow Platform,Enterprise,CRO,Yes,Technology,APAC,Enterprise,CRO,828,0.248,117980076,120000,2.29698,0.215658,25443300,44,578257,0.1,High,Medium,Normalized persona x industry x company-size x ACV fit weights
M0126_P005,M0126,P005,Competitive Intelligence Radar,Competitive Intelligence,Insights Module,Standard,Strategy,Yes,Technology,APAC,Enterprise,CRO,828,0.248,117980076,90000,0.951364,0.089321,10538114,18,585451,0.1,High,Medium,Normalized persona x industry x company-size x ACV fit weights
M0126_P006,M0126,P006,Forecasting Platform,Forecasting Platform,Decision Engine,Premium,CFO,Yes,Technology,APAC,Enterprise,CRO,828,0.248,117980076,160000,1.125204,0.105643,12463720,22,566533,0.1,High,Medium,Normalized persona x industry x company-size x ACV fit weights
M0126_P007,M0126,P007,Workflow Automation Hub,Workflow Automation,Workflow Platform,Standard,Product,Yes,Technology,APAC,Enterprise,CRO,828,0.248,117980076,80000,1.006649,0.094512,11150504,19,586869,0.1,High,Medium,Normalized persona x industry x company-size x ACV fit weights
M0126_P008,M0126,P008,Executive Insights Portal,Executive Insights,Executive Layer,Premium,CFO,Yes,Technology,APAC,Enterprise,CRO,828,0.248,117980076,110000,0.907796,0.085231,10055518,18,558640,0.1,High,Medium,Normalized persona x industry x company-size x ACV fit weights
M0127_P001,M0127,P001,Market Intelligence Pro,Market Intelligence,Core Platform,Premium,Strategy,Yes,Technology,APAC,Enterprise,Strategy,835,0.385,214605779,150000,2.113595,0.204566,43900950,66,665166,0.103,Low,Low,Normalized persona x industry x company-size x ACV fit weights
M0127_P002,M0127,P002,Risk Analytics Suite,Risk Analytics,Analytics Add-on,Premium,CFO,Yes,Technology,APAC,Enterprise,Strategy,835,0.385,214605779,175000,0.946326,0.091591,19655897,29,677790,0.103,Low,Low,Normalized persona x industry x company-size x ACV fit weights
M0127_P003,M0127,P003,Pricing Intelligence Engine,Pricing Intelligence,Decision Engine,Enterprise,CRO,Yes,Technology,APAC,Enterprise,Strategy,835,0.385,214605779,135000,1.238073,0.119828,25715692,39,659377,0.103,Low,Low,Normalized persona x industry x company-size x ACV fit weights
M0127_P004,M0127,P004,Customer Intelligence Cloud,Customer Intelligence,Workflow Platform,Enterprise,CRO,Yes,Technology,APAC,Enterprise,Strategy,835,0.385,214605779,120000,1.259634,0.121914,26163538,39,670860,0.103,Low,Low,Normalized persona x industry x company-size x ACV fit weights
M0127_P005,M0127,P005,Competitive Intelligence Radar,Competitive Intelligence,Insights Module,Standard,Strategy,Yes,Technology,APAC,Enterprise,Strategy,835,0.385,214605779,90000,1.73484,0.167907,36033918,54,667295,0.103,Low,Low,Normalized persona x industry x company-size x ACV fit weights
M0127_P006,M0127,P006,Forecasting Platform,Forecasting Platform,Decision Engine,Premium,CFO,Yes,Technology,APAC,Enterprise,Strategy,835,0.385,214605779,160000,1.125204,0.108904,23371333,35,667752,0.103,Low,Low,Normalized persona x industry x company-size x ACV fit weights
M0127_P007,M0127,P007,Workflow Automation Hub,Workflow Automation,Workflow Platform,Standard,Product,Yes,Technology,APAC,Enterprise,Strategy,835,0.385,214605779,80000,1.006649,0.097429,20908858,31,674479,0.103,Low,Low,Normalized persona x industry x company-size x ACV fit weights
M0127_P008,M0127,P008,Executive Insights Portal,Executive Insights,Executive Layer,Premium,CFO,Yes,Technology,APAC,Enterprise,Strategy,835,0.385,214605779,110000,0.907796,0.087862,18855593,28,673414,0.103,Low,Low,Normalized persona x industry x company-size x ACV fit weights
M0128_P001,M0128,P001,Market Intelligence Pro,Market Intelligence,Core Platform,Premium,Strategy,Yes,Technology,APAC,Enterprise,Product,582,0.25,76190507,150000,1.159068,0.114873,8752244,17,514838,0.076,Medium,Medium,Normalized persona x industry x company-size x ACV fit weights
M0128_P002,M0128,P002,Risk Analytics Suite,Risk Analytics,Analytics Add-on,Premium,CFO,Yes,Technology,APAC,Enterprise,Product,582,0.25,76190507,175000,0.946326,0.093789,7145805,14,510415,0.076,Medium,Medium,Normalized persona x industry x company-size x ACV fit weights
M0128_P003,M0128,P003,Pricing Intelligence Engine,Pricing Intelligence,Decision Engine,Enterprise,CRO,Yes,Technology,APAC,Enterprise,Product,582,0.25,76190507,135000,1.238073,0.122703,9348813,18,519378,0.076,Medium,Medium,Normalized persona x industry x company-size x ACV fit weights
M0128_P004,M0128,P004,Customer Intelligence Cloud,Customer Intelligence,Workflow Platform,Enterprise,CRO,Yes,Technology,APAC,Enterprise,Product,582,0.25,76190507,120000,1.926499,0.190932,14547192,28,519543,0.076,Medium,Medium,Normalized persona x industry x company-size x ACV fit weights
M0128_P005,M0128,P005,Competitive Intelligence Radar,Competitive Intelligence,Insights Module,Standard,Strategy,Yes,Technology,APAC,Enterprise,Product,582,0.25,76190507,90000,0.951364,0.094288,7183845,14,513132,0.076,Medium,Medium,Normalized persona x industry x company-size x ACV fit weights
M0128_P006,M0128,P006,Forecasting Platform,Forecasting Platform,Decision Engine,Premium,CFO,Yes,Technology,APAC,Enterprise,Product,582,0.25,76190507,160000,1.125204,0.111517,8496533,16,531033,0.076,Medium,Medium,Normalized persona x industry x company-size x ACV fit weights
M0128_P007,M0128,P007,Workflow Automation Hub,Workflow Automation,Workflow Platform,Standard,Product,Yes,Technology,APAC,Enterprise,Product,582,0.25,76190507,80000,1.835655,0.181928,13861217,26,533124,0.076,Medium,Medium,Normalized persona x industry x company-size x ACV fit weights
M0128_P008,M0128,P008,Executive Insights Portal,Executive Insights,Executive Layer,Premium,CFO,Yes,Technology,APAC,Enterprise,Product,582,0.25,76190507,110000,0.907796,0.08997,6854858,13,527297,0.076,Medium,Medium,Normalized persona x industry x company-size x ACV fit weights
M0129_P001,M0129,P001,Market Intelligence Pro,Market Intelligence,Core Platform,Premium,Strategy,Yes,Technology,APAC,Mid-Market,CFO,1825,0.246,101701878,150000,0.842959,0.090416,9195503,41,224281,0.134,Medium,Medium,Normalized persona x industry x company-size x ACV fit weights
M0129_P002,M0129,P002,Risk Analytics Suite,Risk Analytics,Analytics Add-on,Premium,CFO,Yes,Technology,APAC,Mid-Market,CFO,1825,0.246,101701878,175000,1.255021,0.134614,13690521,60,228175,0.134,Medium,Medium,Normalized persona x industry x company-size x ACV fit weights
M0129_P003,M0129,P003,Pricing Intelligence Engine,Pricing Intelligence,Decision Engine,Enterprise,CRO,Yes,Technology,APAC,Mid-Market,CFO,1825,0.246,101701878,135000,1.031727,0.110664,11254702,50,225094,0.134,Medium,Medium,Normalized persona x industry x company-size x ACV fit weights
M0129_P004,M0129,P004,Customer Intelligence Cloud,Customer Intelligence,Workflow Platform,Enterprise,CRO,Yes,Technology,APAC,Mid-Market,CFO,1825,0.246,101701878,120000,1.049695,0.112591,11450706,51,224524,0.134,Medium,Medium,Normalized persona x industry x company-size x ACV fit weights
M0129_P005,M0129,P005,Competitive Intelligence Radar,Competitive Intelligence,Insights Module,Standard,Strategy,Yes,Technology,APAC,Mid-Market,CFO,1825,0.246,101701878,90000,1.189205,0.127555,12972562,57,227589,0.134,Medium,Medium,Normalized persona x industry x company-size x ACV fit weights
M0129_P006,M0129,P006,Forecasting Platform,Forecasting Platform,Decision Engine,Premium,CFO,Yes,Technology,APAC,Mid-Market,CFO,1825,0.246,101701878,160000,1.49225,0.16006,16278358,72,226088,0.134,Medium,Medium,Normalized persona x industry x company-size x ACV fit weights
M0129_P007,M0129,P007,Workflow Automation Hub,Workflow Automation,Workflow Platform,Standard,Product,Yes,Technology,APAC,Mid-Market,CFO,1825,0.246,101701878,80000,1.258312,0.134967,13726423,61,225023,0.134,Medium,Medium,Normalized persona x industry x company-size x ACV fit weights
M0129_P008,M0129,P008,Executive Insights Portal,Executive Insights,Executive Layer,Premium,CFO,Yes,Technology,APAC,Mid-Market,CFO,1825,0.246,101701878,110000,1.203922,0.129133,13133103,58,226433,0.134,Medium,Medium,Normalized persona x industry x company-size x ACV fit weights
M0130_P001,M0130,P001,Market Intelligence Pro,Market Intelligence,Core Platform,Premium,Strategy,Yes,Technology,APAC,Mid-Market,CRO,1516,0.467,138485482,150000,0.842959,0.091103,12616468,64,197132,0.092,High,Medium,Normalized persona x industry x company-size x ACV fit weights
M0130_P002,M0130,P002,Risk Analytics Suite,Risk Analytics,Analytics Add-on,Premium,CFO,Yes,Technology,APAC,Mid-Market,CRO,1516,0.467,138485482,175000,0.688237,0.074382,10300766,53,194354,0.092,High,Medium,Normalized persona x industry x company-size x ACV fit weights
M0130_P003,M0130,P003,Pricing Intelligence Engine,Pricing Intelligence,Decision Engine,Enterprise,CRO,Yes,Technology,APAC,Mid-Market,CRO,1516,0.467,138485482,135000,1.881385,0.203332,28158471,144,195545,0.092,High,Medium,Normalized persona x industry x company-size x ACV fit weights
M0130_P004,M0130,P004,Customer Intelligence Cloud,Customer Intelligence,Workflow Platform,Enterprise,CRO,Yes,Technology,APAC,Mid-Market,CRO,1516,0.467,138485482,120000,1.91415,0.206873,28648859,146,196225,0.092,High,Medium,Normalized persona x industry x company-size x ACV fit weights
M0130_P005,M0130,P005,Competitive Intelligence Radar,Competitive Intelligence,Insights Module,Standard,Strategy,Yes,Technology,APAC,Mid-Market,CRO,1516,0.467,138485482,90000,1.189205,0.128524,17798691,91,195590,0.092,High,Medium,Normalized persona x industry x company-size x ACV fit weights
M0130_P006,M0130,P006,Forecasting Platform,Forecasting Platform,Decision Engine,Premium,CFO,Yes,Technology,APAC,Mid-Market,CRO,1516,0.467,138485482,160000,0.81833,0.088441,12247858,63,194410,0.092,High,Medium,Normalized persona x industry x company-size x ACV fit weights
M0130_P007,M0130,P007,Workflow Automation Hub,Workflow Automation,Workflow Platform,Standard,Product,Yes,Technology,APAC,Mid-Market,CRO,1516,0.467,138485482,80000,1.258312,0.135993,18833007,96,196177,0.092,High,Medium,Normalized persona x industry x company-size x ACV fit weights
M0130_P008,M0130,P008,Executive Insights Portal,Executive Insights,Executive Layer,Premium,CFO,Yes,Technology,APAC,Mid-Market,CRO,1516,0.467,138485482,110000,0.660215,0.071353,9881362,51,193752,0.092,High,Medium,Normalized persona x industry x company-size x ACV fit weights
M0131_P001,M0131,P001,Market Intelligence Pro,Market Intelligence,Core Platform,Premium,Strategy,Yes,Technology,APAC,Mid-Market,Strategy,1267,0.269,38864387,150000,1.53716,0.166861,6484946,57,113771,0.105,Medium,Low,Normalized persona x industry x company-size x ACV fit weights
M0131_P002,M0131,P002,Risk Analytics Suite,Risk Analytics,Analytics Add-on,Premium,CFO,Yes,Technology,APAC,Mid-Market,Strategy,1267,0.269,38864387,175000,0.688237,0.074709,2903523,25,116141,0.105,Medium,Low,Normalized persona x industry x company-size x ACV fit weights
M0131_P003,M0131,P003,Pricing Intelligence Engine,Pricing Intelligence,Decision Engine,Enterprise,CRO,Yes,Technology,APAC,Mid-Market,Strategy,1267,0.269,38864387,135000,1.031727,0.111995,4352633,38,114543,0.105,Medium,Low,Normalized persona x industry x company-size x ACV fit weights
M0131_P004,M0131,P004,Customer Intelligence Cloud,Customer Intelligence,Workflow Platform,Enterprise,CRO,Yes,Technology,APAC,Mid-Market,Strategy,1267,0.269,38864387,120000,1.049695,0.113946,4428436,39,113550,0.105,Medium,Low,Normalized persona x industry x company-size x ACV fit weights
M0131_P005,M0131,P005,Competitive Intelligence Radar,Competitive Intelligence,Insights Module,Standard,Strategy,Yes,Technology,APAC,Mid-Market,Strategy,1267,0.269,38864387,90000,2.16855,0.235399,9148642,80,114358,0.105,Medium,Low,Normalized persona x industry x company-size x ACV fit weights
M0131_P006,M0131,P006,Forecasting Platform,Forecasting Platform,Decision Engine,Premium,CFO,Yes,Technology,APAC,Mid-Market,Strategy,1267,0.269,38864387,160000,0.81833,0.088831,3452359,30,115079,0.105,Medium,Low,Normalized persona x industry x company-size x ACV fit weights
M0131_P007,M0131,P007,Workflow Automation Hub,Workflow Automation,Workflow Platform,Standard,Product,Yes,Technology,APAC,Mid-Market,Strategy,1267,0.269,38864387,80000,1.258312,0.136591,5308544,47,112948,0.105,Medium,Low,Normalized persona x industry x company-size x ACV fit weights
M0131_P008,M0131,P008,Executive Insights Portal,Executive Insights,Executive Layer,Premium,CFO,Yes,Technology,APAC,Mid-Market,Strategy,1267,0.269,38864387,110000,0.660215,0.071667,2785304,24,116054,0.105,Medium,Low,Normalized persona x industry x company-size x ACV fit weights
M0132_P001,M0132,P001,Market Intelligence Pro,Market Intelligence,Core Platform,Premium,Strategy,Yes,Technology,APAC,Mid-Market,Product,1220,0.477,123228006,150000,0.842959,0.092322,11376632,54,210678,0.057,Medium,Low,Normalized persona x industry x company-size x ACV fit weights
M0132_P002,M0132,P002,Risk Analytics Suite,Risk Analytics,Analytics Add-on,Premium,CFO,Yes,Technology,APAC,Mid-Market,Product,1220,0.477,123228006,175000,0.688237,0.075377,9288497,44,211102,0.057,Medium,Low,Normalized persona x industry x company-size x ACV fit weights
M0132_P003,M0132,P003,Pricing Intelligence Engine,Pricing Intelligence,Decision Engine,Enterprise,CRO,Yes,Technology,APAC,Mid-Market,Product,1220,0.477,123228006,135000,1.031727,0.112996,13924264,66,210974,0.057,Medium,Low,Normalized persona x industry x company-size x ACV fit weights
M0132_P004,M0132,P004,Customer Intelligence Cloud,Customer Intelligence,Workflow Platform,Enterprise,CRO,Yes,Technology,APAC,Mid-Market,Product,1220,0.477,123228006,120000,1.605416,0.175827,21666808,102,212420,0.057,Medium,Low,Normalized persona x industry x company-size x ACV fit weights
M0132_P005,M0132,P005,Competitive Intelligence Radar,Competitive Intelligence,Insights Module,Standard,Strategy,Yes,Technology,APAC,Mid-Market,Product,1220,0.477,123228006,90000,1.189205,0.130243,16049592,76,211179,0.057,Medium,Low,Normalized persona x industry x company-size x ACV fit weights
M0132_P006,M0132,P006,Forecasting Platform,Forecasting Platform,Decision Engine,Premium,CFO,Yes,Technology,APAC,Mid-Market,Product,1220,0.477,123228006,160000,0.81833,0.089624,11044246,52,212389,0.057,Medium,Low,Normalized persona x industry x company-size x ACV fit weights
M0132_P007,M0132,P007,Workflow Automation Hub,Workflow Automation,Workflow Platform,Standard,Product,Yes,Technology,APAC,Mid-Market,Product,1220,0.477,123228006,80000,2.294568,0.251304,30967659,146,212107,0.057,Medium,Low,Normalized persona x industry x company-size x ACV fit weights
M0132_P008,M0132,P008,Executive Insights Portal,Executive Insights,Executive Layer,Premium,CFO,Yes,Technology,APAC,Mid-Market,Product,1220,0.477,123228006,110000,0.660215,0.072307,8910308,42,212150,0.057,Medium,Low,Normalized persona x industry x company-size x ACV fit weights
M0133_P001,M0133,P001,Market Intelligence Pro,Market Intelligence,Core Platform,Premium,Strategy,Yes,Technology,Middle East,Strategic,CFO,112,0.425,35743742,150000,1.317123,0.11309,4042251,5,808450,0.139,Medium,Low,Normalized persona x industry x company-size x ACV fit weights
M0133_P002,M0133,P002,Risk Analytics Suite,Risk Analytics,Analytics Add-on,Premium,CFO,Yes,Technology,Middle East,Strategic,CFO,112,0.425,35743742,175000,1.96097,0.168371,6018215,8,752277,0.139,Medium,Low,Normalized persona x industry x company-size x ACV fit weights
M0133_P003,M0133,P003,Pricing Intelligence Engine,Pricing Intelligence,Decision Engine,Enterprise,CRO,Yes,Technology,Middle East,Strategic,CFO,112,0.425,35743742,135000,1.186486,0.101873,3641326,5,728265,0.139,Medium,Low,Normalized persona x industry x company-size x ACV fit weights
M0133_P004,M0133,P004,Customer Intelligence Cloud,Customer Intelligence,Workflow Platform,Enterprise,CRO,Yes,Technology,Middle East,Strategic,CFO,112,0.425,35743742,120000,1.207149,0.103647,3704741,5,740948,0.139,Medium,Low,Normalized persona x industry x company-size x ACV fit weights
M0133_P005,M0133,P005,Competitive Intelligence Radar,Competitive Intelligence,Insights Module,Standard,Strategy,Yes,Technology,Middle East,Strategic,CFO,112,0.425,35743742,90000,0.856227,0.073517,2627762,3,875921,0.139,Medium,Low,Normalized persona x industry x company-size x ACV fit weights
M0133_P006,M0133,P006,Forecasting Platform,Forecasting Platform,Decision Engine,Premium,CFO,Yes,Technology,Middle East,Strategic,CFO,112,0.425,35743742,160000,2.33164,0.200197,7155802,10,715580,0.139,Medium,Low,Normalized persona x industry x company-size x ACV fit weights
M0133_P007,M0133,P007,Workflow Automation Hub,Workflow Automation,Workflow Platform,Standard,Product,Yes,Technology,Middle East,Strategic,CFO,112,0.425,35743742,80000,0.905984,0.077789,2780466,4,695116,0.139,Medium,Low,Normalized persona x industry x company-size x ACV fit weights
M0133_P008,M0133,P008,Executive Insights Portal,Executive Insights,Executive Layer,Premium,CFO,Yes,Technology,Middle East,Strategic,CFO,112,0.425,35743742,110000,1.881127,0.161516,5773179,8,721647,0.139,Medium,Low,Normalized persona x industry x company-size x ACV fit weights
M0134_P001,M0134,P001,Market Intelligence Pro,Market Intelligence,Core Platform,Premium,Strategy,Yes,Technology,Middle East,Strategic,CRO,74,0.227,11739468,150000,1.317123,0.12162,1427758,2,713879,0.097,Low,Medium,Normalized persona x industry x company-size x ACV fit weights
M0134_P002,M0134,P002,Risk Analytics Suite,Risk Analytics,Analytics Add-on,Premium,CFO,Yes,Technology,Middle East,Strategic,CRO,74,0.227,11739468,175000,1.07537,0.099297,1165698,2,582849,0.097,Low,Medium,Normalized persona x industry x company-size x ACV fit weights
M0134_P003,M0134,P003,Pricing Intelligence Engine,Pricing Intelligence,Decision Engine,Enterprise,CRO,Yes,Technology,Middle East,Strategic,CRO,74,0.227,11739468,135000,2.163593,0.199781,2345328,3,781776,0.097,Low,Medium,Normalized persona x industry x company-size x ACV fit weights
M0134_P004,M0134,P004,Customer Intelligence Cloud,Customer Intelligence,Workflow Platform,Enterprise,CRO,Yes,Technology,Middle East,Strategic,CRO,74,0.227,11739468,120000,2.201272,0.203261,2386172,3,795391,0.097,Low,Medium,Normalized persona x industry x company-size x ACV fit weights
M0134_P005,M0134,P005,Competitive Intelligence Radar,Competitive Intelligence,Insights Module,Standard,Strategy,Yes,Technology,Middle East,Strategic,CRO,74,0.227,11739468,90000,0.856227,0.079062,928148,1,928148,0.097,Low,Medium,Normalized persona x industry x company-size x ACV fit weights
M0134_P006,M0134,P006,Forecasting Platform,Forecasting Platform,Decision Engine,Premium,CFO,Yes,Technology,Middle East,Strategic,CRO,74,0.227,11739468,160000,1.278641,0.118067,1386043,2,693022,0.097,Low,Medium,Normalized persona x industry x company-size x ACV fit weights
M0134_P007,M0134,P007,Workflow Automation Hub,Workflow Automation,Workflow Platform,Standard,Product,Yes,Technology,Middle East,Strategic,CRO,74,0.227,11739468,80000,0.905984,0.083657,982084,1,982084,0.097,Low,Medium,Normalized persona x industry x company-size x ACV fit weights
M0134_P008,M0134,P008,Executive Insights Portal,Executive Insights,Executive Layer,Premium,CFO,Yes,Technology,Middle East,Strategic,CRO,74,0.227,11739468,110000,1.031586,0.095254,1118237,2,559118,0.097,Low,Medium,Normalized persona x industry x company-size x ACV fit weights
M0135_P001,M0135,P001,Market Intelligence Pro,Market Intelligence,Core Platform,Premium,Strategy,Yes,Technology,Middle East,Strategic,Strategy,63,0.329,15942565,150000,2.401813,0.225557,3595949,5,719190,0.085,High,Low,Normalized persona x industry x company-size x ACV fit weights
M0135_P002,M0135,P002,Risk Analytics Suite,Risk Analytics,Analytics Add-on,Premium,CFO,Yes,Technology,Middle East,Strategic,Strategy,63,0.329,15942565,175000,1.07537,0.100989,1610025,2,805012,0.085,High,Low,Normalized persona x industry x company-size x ACV fit weights
M0135_P003,M0135,P003,Pricing Intelligence Engine,Pricing Intelligence,Decision Engine,Enterprise,CRO,Yes,Technology,Middle East,Strategic,Strategy,63,0.329,15942565,135000,1.186486,0.111424,1776385,2,888192,0.085,High,Low,Normalized persona x industry x company-size x ACV fit weights
M0135_P004,M0135,P004,Customer Intelligence Cloud,Customer Intelligence,Workflow Platform,Enterprise,CRO,Yes,Technology,Middle East,Strategic,Strategy,63,0.329,15942565,120000,1.207149,0.113365,1807321,2,903660,0.085,High,Low,Normalized persona x industry x company-size x ACV fit weights
M0135_P005,M0135,P005,Competitive Intelligence Radar,Competitive Intelligence,Insights Module,Standard,Strategy,Yes,Technology,Middle East,Strategic,Strategy,63,0.329,15942565,90000,1.561356,0.146628,2337633,3,779211,0.085,High,Low,Normalized persona x industry x company-size x ACV fit weights
M0135_P006,M0135,P006,Forecasting Platform,Forecasting Platform,Decision Engine,Premium,CFO,Yes,Technology,Middle East,Strategic,Strategy,63,0.329,15942565,160000,1.278641,0.120078,1914358,2,957179,0.085,High,Low,Normalized persona x industry x company-size x ACV fit weights
M0135_P007,M0135,P007,Workflow Automation Hub,Workflow Automation,Workflow Platform,Standard,Product,Yes,Technology,Middle East,Strategic,Strategy,63,0.329,15942565,80000,0.905984,0.085082,1356423,2,678212,0.085,High,Low,Normalized persona x industry x company-size x ACV fit weights
M0135_P008,M0135,P008,Executive Insights Portal,Executive Insights,Executive Layer,Premium,CFO,Yes,Technology,Middle East,Strategic,Strategy,63,0.329,15942565,110000,1.031586,0.096877,1544471,2,772236,0.085,High,Low,Normalized persona x industry x company-size x ACV fit weights
M0136_P001,M0136,P001,Market Intelligence Pro,Market Intelligence,Core Platform,Premium,Strategy,Yes,Technology,Middle East,Strategic,Product,134,0.466,39085192,150000,1.317123,0.128578,5025503,8,628188,0.067,Medium,Low,Normalized persona x industry x company-size x ACV fit weights
M0136_P002,M0136,P002,Risk Analytics Suite,Risk Analytics,Analytics Add-on,Premium,CFO,Yes,Technology,Middle East,Strategic,Product,134,0.466,39085192,175000,1.07537,0.104978,4103092,7,586156,0.067,Medium,Low,Normalized persona x industry x company-size x ACV fit weights
M0136_P003,M0136,P003,Pricing Intelligence Engine,Pricing Intelligence,Decision Engine,Enterprise,CRO,Yes,Technology,Middle East,Strategic,Product,134,0.466,39085192,135000,1.186486,0.115825,4527056,7,646722,0.067,Medium,Low,Normalized persona x industry x company-size x ACV fit weights
M0136_P004,M0136,P004,Customer Intelligence Cloud,Customer Intelligence,Workflow Platform,Enterprise,CRO,Yes,Technology,Middle East,Strategic,Product,134,0.466,39085192,120000,1.846228,0.18023,7044312,11,640392,0.067,Medium,Low,Normalized persona x industry x company-size x ACV fit weights
M0136_P005,M0136,P005,Competitive Intelligence Radar,Competitive Intelligence,Insights Module,Standard,Strategy,Yes,Technology,Middle East,Strategic,Product,134,0.466,39085192,90000,0.856227,0.083585,3266949,5,653390,0.067,Medium,Low,Normalized persona x industry x company-size x ACV fit weights
M0136_P006,M0136,P006,Forecasting Platform,Forecasting Platform,Decision Engine,Premium,CFO,Yes,Technology,Middle East,Strategic,Product,134,0.466,39085192,160000,1.278641,0.124822,4878675,8,609834,0.067,Medium,Low,Normalized persona x industry x company-size x ACV fit weights
M0136_P007,M0136,P007,Workflow Automation Hub,Workflow Automation,Workflow Platform,Standard,Product,Yes,Technology,Middle East,Strategic,Product,134,0.466,39085192,80000,1.652089,0.161278,6303572,10,630357,0.067,Medium,Low,Normalized persona x industry x company-size x ACV fit weights
M0136_P008,M0136,P008,Executive Insights Portal,Executive Insights,Executive Layer,Premium,CFO,Yes,Technology,Middle East,Strategic,Product,134,0.466,39085192,110000,1.031586,0.100704,3936033,6,656006,0.067,Medium,Low,Normalized persona x industry x company-size x ACV fit weights
M0137_P001,M0137,P001,Market Intelligence Pro,Market Intelligence,Core Platform,Premium,Strategy,Yes,Technology,Middle East,Enterprise,CFO,340,0.324,70568308,150000,1.159068,0.104915,7403683,12,616974,0.043,Low,Low,Normalized persona x industry x company-size x ACV fit weights
M0137_P002,M0137,P002,Risk Analytics Suite,Risk Analytics,Analytics Add-on,Premium,CFO,Yes,Technology,Middle East,Enterprise,CFO,340,0.324,70568308,175000,1.725653,0.156201,11022809,17,648401,0.043,Low,Low,Normalized persona x industry x company-size x ACV fit weights
M0137_P003,M0137,P003,Pricing Intelligence Engine,Pricing Intelligence,Decision Engine,Enterprise,CRO,Yes,Technology,Middle East,Enterprise,CFO,340,0.324,70568308,135000,1.238073,0.112066,7908332,12,659028,0.043,Low,Low,Normalized persona x industry x company-size x ACV fit weights
M0137_P004,M0137,P004,Customer Intelligence Cloud,Customer Intelligence,Workflow Platform,Enterprise,CRO,Yes,Technology,Middle East,Enterprise,CFO,340,0.324,70568308,120000,1.259634,0.114018,8046057,13,618927,0.043,Low,Low,Normalized persona x industry x company-size x ACV fit weights
M0137_P005,M0137,P005,Competitive Intelligence Radar,Competitive Intelligence,Insights Module,Standard,Strategy,Yes,Technology,Middle East,Enterprise,CFO,340,0.324,70568308,90000,0.951364,0.086114,6076946,9,675216,0.043,Low,Low,Normalized persona x industry x company-size x ACV fit weights
M0137_P006,M0137,P006,Forecasting Platform,Forecasting Platform,Decision Engine,Premium,CFO,Yes,Technology,Middle East,Enterprise,CFO,340,0.324,70568308,160000,2.051843,0.185726,13106385,20,655319,0.043,Low,Low,Normalized persona x industry x company-size x ACV fit weights
M0137_P007,M0137,P007,Workflow Automation Hub,Workflow Automation,Workflow Platform,Standard,Product,Yes,Technology,Middle East,Enterprise,CFO,340,0.324,70568308,80000,1.006649,0.091119,6430089,10,643009,0.043,Low,Low,Normalized persona x industry x company-size x ACV fit weights
M0137_P008,M0137,P008,Executive Insights Portal,Executive Insights,Executive Layer,Premium,CFO,Yes,Technology,Middle East,Enterprise,CFO,340,0.324,70568308,110000,1.655392,0.149841,10574007,17,622000,0.043,Low,Low,Normalized persona x industry x company-size x ACV fit weights
M0138_P001,M0138,P001,Market Intelligence Pro,Market Intelligence,Core Platform,Premium,Strategy,Yes,Technology,Middle East,Enterprise,CRO,215,0.382,43092637,150000,1.159068,0.108822,4689427,9,521047,0.091,Medium,Medium,Normalized persona x industry x company-size x ACV fit weights
M0138_P002,M0138,P002,Risk Analytics Suite,Risk Analytics,Analytics Add-on,Premium,CFO,Yes,Technology,Middle East,Enterprise,CRO,215,0.382,43092637,175000,0.946326,0.088848,3828701,7,546957,0.091,Medium,Medium,Normalized persona x industry x company-size x ACV fit weights
M0138_P003,M0138,P003,Pricing Intelligence Engine,Pricing Intelligence,Decision Engine,Enterprise,CRO,Yes,Technology,Middle East,Enterprise,CRO,215,0.382,43092637,135000,2.257662,0.211966,9134180,17,537305,0.091,Medium,Medium,Normalized persona x industry x company-size x ACV fit weights
M0138_P004,M0138,P004,Customer Intelligence Cloud,Customer Intelligence,Workflow Platform,Enterprise,CRO,Yes,Technology,Middle East,Enterprise,CRO,215,0.382,43092637,120000,2.29698,0.215658,9293255,18,516292,0.091,Medium,Medium,Normalized persona x industry x company-size x ACV fit weights
M0138_P005,M0138,P005,Competitive Intelligence Radar,Competitive Intelligence,Insights Module,Standard,Strategy,Yes,Technology,Middle East,Enterprise,CRO,215,0.382,43092637,90000,0.951364,0.089321,3849083,7,549869,0.091,Medium,Medium,Normalized persona x industry x company-size x ACV fit weights
M0138_P006,M0138,P006,Forecasting Platform,Forecasting Platform,Decision Engine,Premium,CFO,Yes,Technology,Middle East,Enterprise,CRO,215,0.382,43092637,160000,1.125204,0.105643,4552417,9,505824,0.091,Medium,Medium,Normalized persona x industry x company-size x ACV fit weights
M0138_P007,M0138,P007,Workflow Automation Hub,Workflow Automation,Workflow Platform,Standard,Product,Yes,Technology,Middle East,Enterprise,CRO,215,0.382,43092637,80000,1.006649,0.094512,4072761,8,509095,0.091,Medium,Medium,Normalized persona x industry x company-size x ACV fit weights
M0138_P008,M0138,P008,Executive Insights Portal,Executive Insights,Executive Layer,Premium,CFO,Yes,Technology,Middle East,Enterprise,CRO,215,0.382,43092637,110000,0.907796,0.085231,3672813,7,524688,0.091,Medium,Medium,Normalized persona x industry x company-size x ACV fit weights
M0139_P001,M0139,P001,Market Intelligence Pro,Market Intelligence,Core Platform,Premium,Strategy,Yes,Technology,Middle East,Enterprise,Strategy,418,0.442,97085582,150000,2.113595,0.204566,19860366,38,522641,0.128,Medium,Medium,Normalized persona x industry x company-size x ACV fit weights
M0139_P002,M0139,P002,Risk Analytics Suite,Risk Analytics,Analytics Add-on,Premium,CFO,Yes,Technology,Middle East,Enterprise,Strategy,418,0.442,97085582,175000,0.946326,0.091591,8892138,17,523067,0.128,Medium,Medium,Normalized persona x industry x company-size x ACV fit weights
M0139_P003,M0139,P003,Pricing Intelligence Engine,Pricing Intelligence,Decision Engine,Enterprise,CRO,Yes,Technology,Middle East,Enterprise,Strategy,418,0.442,97085582,135000,1.238073,0.119828,11633531,22,528797,0.128,Medium,Medium,Normalized persona x industry x company-size x ACV fit weights
M0139_P004,M0139,P004,Customer Intelligence Cloud,Customer Intelligence,Workflow Platform,Enterprise,CRO,Yes,Technology,Middle East,Enterprise,Strategy,418,0.442,97085582,120000,1.259634,0.121914,11836132,23,514614,0.128,Medium,Medium,Normalized persona x industry x company-size x ACV fit weights
M0139_P005,M0139,P005,Competitive Intelligence Radar,Competitive Intelligence,Insights Module,Standard,Strategy,Yes,Technology,Middle East,Enterprise,Strategy,418,0.442,97085582,90000,1.73484,0.167907,16301397,31,525852,0.128,Medium,Medium,Normalized persona x industry x company-size x ACV fit weights
M0139_P006,M0139,P006,Forecasting Platform,Forecasting Platform,Decision Engine,Premium,CFO,Yes,Technology,Middle East,Enterprise,Strategy,418,0.442,97085582,160000,1.125204,0.108904,10572965,20,528648,0.128,Medium,Medium,Normalized persona x industry x company-size x ACV fit weights
M0139_P007,M0139,P007,Workflow Automation Hub,Workflow Automation,Workflow Platform,Standard,Product,Yes,Technology,Middle East,Enterprise,Strategy,418,0.442,97085582,80000,1.006649,0.097429,9458965,18,525498,0.128,Medium,Medium,Normalized persona x industry x company-size x ACV fit weights
M0139_P008,M0139,P008,Executive Insights Portal,Executive Insights,Executive Layer,Premium,CFO,Yes,Technology,Middle East,Enterprise,Strategy,418,0.442,97085582,110000,0.907796,0.087862,8530088,16,533130,0.128,Medium,Medium,Normalized persona x industry x company-size x ACV fit weights
M0140_P001,M0140,P001,Market Intelligence Pro,Market Intelligence,Core Platform,Premium,Strategy,Yes,Technology,Middle East,Enterprise,Product,317,0.245,32422559,150000,1.159068,0.114873,3724482,9,413831,0.074,Low,Medium,Normalized persona x industry x company-size x ACV fit weights
M0140_P002,M0140,P002,Risk Analytics Suite,Risk Analytics,Analytics Add-on,Premium,CFO,Yes,Technology,Middle East,Enterprise,Product,317,0.245,32422559,175000,0.946326,0.093789,3040868,7,434410,0.074,Low,Medium,Normalized persona x industry x company-size x ACV fit weights
M0140_P003,M0140,P003,Pricing Intelligence Engine,Pricing Intelligence,Decision Engine,Enterprise,CRO,Yes,Technology,Middle East,Enterprise,Product,317,0.245,32422559,135000,1.238073,0.122703,3978349,10,397835,0.074,Low,Medium,Normalized persona x industry x company-size x ACV fit weights
M0140_P004,M0140,P004,Customer Intelligence Cloud,Customer Intelligence,Workflow Platform,Enterprise,CRO,Yes,Technology,Middle East,Enterprise,Product,317,0.245,32422559,120000,1.926499,0.190932,6190498,15,412700,0.074,Low,Medium,Normalized persona x industry x company-size x ACV fit weights
M0140_P005,M0140,P005,Competitive Intelligence Radar,Competitive Intelligence,Insights Module,Standard,Strategy,Yes,Technology,Middle East,Enterprise,Product,317,0.245,32422559,90000,0.951364,0.094288,3057056,7,436722,0.074,Low,Medium,Normalized persona x industry x company-size x ACV fit weights
M0140_P006,M0140,P006,Forecasting Platform,Forecasting Platform,Decision Engine,Premium,CFO,Yes,Technology,Middle East,Enterprise,Product,317,0.245,32422559,160000,1.125204,0.111517,3615665,9,401741,0.074,Low,Medium,Normalized persona x industry x company-size x ACV fit weights
M0140_P007,M0140,P007,Workflow Automation Hub,Workflow Automation,Workflow Platform,Standard,Product,Yes,Technology,Middle East,Enterprise,Product,317,0.245,32422559,80000,1.835655,0.181928,5898584,14,421327,0.074,Low,Medium,Normalized persona x industry x company-size x ACV fit weights
M0140_P008,M0140,P008,Executive Insights Portal,Executive Insights,Executive Layer,Premium,CFO,Yes,Technology,Middle East,Enterprise,Product,317,0.245,32422559,110000,0.907796,0.08997,2917057,7,416722,0.074,Low,Medium,Normalized persona x industry x company-size x ACV fit weights
M0141_P001,M0141,P001,Market Intelligence Pro,Market Intelligence,Core Platform,Premium,Strategy,Yes,Technology,Middle East,Mid-Market,CFO,997,0.242,52076592,150000,0.842959,0.090416,4708570,22,214026,0.12,Medium,Medium,Normalized persona x industry x company-size x ACV fit weights
M0141_P002,M0141,P002,Risk Analytics Suite,Risk Analytics,Analytics Add-on,Premium,CFO,Yes,Technology,Middle East,Mid-Market,CFO,997,0.242,52076592,175000,1.255021,0.134614,7010251,32,219070,0.12,Medium,Medium,Normalized persona x industry x company-size x ACV fit weights
M0141_P003,M0141,P003,Pricing Intelligence Engine,Pricing Intelligence,Decision Engine,Enterprise,CRO,Yes,Technology,Middle East,Mid-Market,CFO,997,0.242,52076592,135000,1.031727,0.110664,5762986,27,213444,0.12,Medium,Medium,Normalized persona x industry x company-size x ACV fit weights
M0141_P004,M0141,P004,Customer Intelligence Cloud,Customer Intelligence,Workflow Platform,Enterprise,CRO,Yes,Technology,Middle East,Mid-Market,CFO,997,0.242,52076592,120000,1.049695,0.112591,5863350,27,217161,0.12,Medium,Medium,Normalized persona x industry x company-size x ACV fit weights
M0141_P005,M0141,P005,Competitive Intelligence Radar,Competitive Intelligence,Insights Module,Standard,Strategy,Yes,Technology,Middle East,Mid-Market,CFO,997,0.242,52076592,90000,1.189205,0.127555,6642619,31,214278,0.12,Medium,Medium,Normalized persona x industry x company-size x ACV fit weights
M0141_P006,M0141,P006,Forecasting Platform,Forecasting Platform,Decision Engine,Premium,CFO,Yes,Technology,Middle East,Mid-Market,CFO,997,0.242,52076592,160000,1.49225,0.16006,8335357,39,213727,0.12,Medium,Medium,Normalized persona x industry x company-size x ACV fit weights
M0141_P007,M0141,P007,Workflow Automation Hub,Workflow Automation,Workflow Platform,Standard,Product,Yes,Technology,Middle East,Mid-Market,CFO,997,0.242,52076592,80000,1.258312,0.134967,7028634,33,212989,0.12,Medium,Medium,Normalized persona x industry x company-size x ACV fit weights
M0141_P008,M0141,P008,Executive Insights Portal,Executive Insights,Executive Layer,Premium,CFO,Yes,Technology,Middle East,Mid-Market,CFO,997,0.242,52076592,110000,1.203922,0.129133,6724825,31,216930,0.12,Medium,Medium,Normalized persona x industry x company-size x ACV fit weights
M0142_P001,M0142,P001,Market Intelligence Pro,Market Intelligence,Core Platform,Premium,Strategy,Yes,Technology,Middle East,Mid-Market,CRO,661,0.447,32105532,150000,0.842959,0.091103,2924916,27,108330,0.137,Medium,Medium,Normalized persona x industry x company-size x ACV fit weights
M0142_P002,M0142,P002,Risk Analytics Suite,Risk Analytics,Analytics Add-on,Premium,CFO,Yes,Technology,Middle East,Mid-Market,CRO,661,0.447,32105532,175000,0.688237,0.074382,2388059,22,108548,0.137,Medium,Medium,Normalized persona x industry x company-size x ACV fit weights
M0142_P003,M0142,P003,Pricing Intelligence Engine,Pricing Intelligence,Decision Engine,Enterprise,CRO,Yes,Technology,Middle East,Mid-Market,CRO,661,0.447,32105532,135000,1.881385,0.203332,6528068,60,108801,0.137,Medium,Medium,Normalized persona x industry x company-size x ACV fit weights
M0142_P004,M0142,P004,Customer Intelligence Cloud,Customer Intelligence,Workflow Platform,Enterprise,CRO,Yes,Technology,Middle East,Mid-Market,CRO,661,0.447,32105532,120000,1.91415,0.206873,6641757,61,108881,0.137,Medium,Medium,Normalized persona x industry x company-size x ACV fit weights
M0142_P005,M0142,P005,Competitive Intelligence Radar,Competitive Intelligence,Insights Module,Standard,Strategy,Yes,Technology,Middle East,Mid-Market,CRO,661,0.447,32105532,90000,1.189205,0.128524,4126327,38,108588,0.137,Medium,Medium,Normalized persona x industry x company-size x ACV fit weights
M0142_P006,M0142,P006,Forecasting Platform,Forecasting Platform,Decision Engine,Premium,CFO,Yes,Technology,Middle East,Mid-Market,CRO,661,0.447,32105532,160000,0.81833,0.088441,2839460,26,109210,0.137,Medium,Medium,Normalized persona x industry x company-size x ACV fit weights
M0142_P007,M0142,P007,Workflow Automation Hub,Workflow Automation,Workflow Platform,Standard,Product,Yes,Technology,Middle East,Mid-Market,CRO,661,0.447,32105532,80000,1.258312,0.135993,4366116,40,109153,0.137,Medium,Medium,Normalized persona x industry x company-size x ACV fit weights
M0142_P008,M0142,P008,Executive Insights Portal,Executive Insights,Executive Layer,Premium,CFO,Yes,Technology,Middle East,Mid-Market,CRO,661,0.447,32105532,110000,0.660215,0.071353,2290829,21,109087,0.137,Medium,Medium,Normalized persona x industry x company-size x ACV fit weights
M0143_P001,M0143,P001,Market Intelligence Pro,Market Intelligence,Core Platform,Premium,Strategy,Yes,Technology,Middle East,Mid-Market,Strategy,769,0.275,25031872,150000,1.53716,0.166861,4176840,35,119338,0.072,Medium,Low,Normalized persona x industry x company-size x ACV fit weights
M0143_P002,M0143,P002,Risk Analytics Suite,Risk Analytics,Analytics Add-on,Premium,CFO,Yes,Technology,Middle East,Mid-Market,Strategy,769,0.275,25031872,175000,0.688237,0.074709,1870108,16,116882,0.072,Medium,Low,Normalized persona x industry x company-size x ACV fit weights
M0143_P003,M0143,P003,Pricing Intelligence Engine,Pricing Intelligence,Decision Engine,Enterprise,CRO,Yes,Technology,Middle East,Mid-Market,Strategy,769,0.275,25031872,135000,1.031727,0.111995,2803455,24,116811,0.072,Medium,Low,Normalized persona x industry x company-size x ACV fit weights
M0143_P004,M0143,P004,Customer Intelligence Cloud,Customer Intelligence,Workflow Platform,Enterprise,CRO,Yes,Technology,Middle East,Mid-Market,Strategy,769,0.275,25031872,120000,1.049695,0.113946,2852278,24,118845,0.072,Medium,Low,Normalized persona x industry x company-size x ACV fit weights
M0143_P005,M0143,P005,Competitive Intelligence Radar,Competitive Intelligence,Insights Module,Standard,Strategy,Yes,Technology,Middle East,Mid-Market,Strategy,769,0.275,25031872,90000,2.16855,0.235399,5892480,50,117850,0.072,Medium,Low,Normalized persona x industry x company-size x ACV fit weights
M0143_P006,M0143,P006,Forecasting Platform,Forecasting Platform,Decision Engine,Premium,CFO,Yes,Technology,Middle East,Mid-Market,Strategy,769,0.275,25031872,160000,0.81833,0.088831,2223604,19,117032,0.072,Medium,Low,Normalized persona x industry x company-size x ACV fit weights
M0143_P007,M0143,P007,Workflow Automation Hub,Workflow Automation,Workflow Platform,Standard,Product,Yes,Technology,Middle East,Mid-Market,Strategy,769,0.275,25031872,80000,1.258312,0.136591,3419141,29,117901,0.072,Medium,Low,Normalized persona x industry x company-size x ACV fit weights
M0143_P008,M0143,P008,Executive Insights Portal,Executive Insights,Executive Layer,Premium,CFO,Yes,Technology,Middle East,Mid-Market,Strategy,769,0.275,25031872,110000,0.660215,0.071667,1793966,15,119598,0.072,Medium,Low,Normalized persona x industry x company-size x ACV fit weights
M0144_P001,M0144,P001,Market Intelligence Pro,Market Intelligence,Core Platform,Premium,Strategy,Yes,Technology,Middle East,Mid-Market,Product,571,0.43,35380406,150000,0.842959,0.092322,3266383,23,142017,0.038,Medium,Medium,Normalized persona x industry x company-size x ACV fit weights
M0144_P002,M0144,P002,Risk Analytics Suite,Risk Analytics,Analytics Add-on,Premium,CFO,Yes,Technology,Middle East,Mid-Market,Product,571,0.43,35380406,175000,0.688237,0.075377,2666851,19,140361,0.038,Medium,Medium,Normalized persona x industry x company-size x ACV fit weights
M0144_P003,M0144,P003,Pricing Intelligence Engine,Pricing Intelligence,Decision Engine,Enterprise,CRO,Yes,Technology,Middle East,Mid-Market,Product,571,0.43,35380406,135000,1.031727,0.112996,3997842,28,142780,0.038,Medium,Medium,Normalized persona x industry x company-size x ACV fit weights
M0144_P004,M0144,P004,Customer Intelligence Cloud,Customer Intelligence,Workflow Platform,Enterprise,CRO,Yes,Technology,Middle East,Mid-Market,Product,571,0.43,35380406,120000,1.605416,0.175827,6220830,43,144670,0.038,Medium,Medium,Normalized persona x industry x company-size x ACV fit weights
M0144_P005,M0144,P005,Competitive Intelligence Radar,Competitive Intelligence,Insights Module,Standard,Strategy,Yes,Technology,Middle East,Mid-Market,Product,571,0.43,35380406,90000,1.189205,0.130243,4608052,32,144002,0.038,Medium,Medium,Normalized persona x industry x company-size x ACV fit weights
M0144_P006,M0144,P006,Forecasting Platform,Forecasting Platform,Decision Engine,Premium,CFO,Yes,Technology,Middle East,Mid-Market,Product,571,0.43,35380406,160000,0.81833,0.089624,3170950,22,144134,0.038,Medium,Medium,Normalized persona x industry x company-size x ACV fit weights
M0144_P007,M0144,P007,Workflow Automation Hub,Workflow Automation,Workflow Platform,Standard,Product,Yes,Technology,Middle East,Mid-Market,Product,571,0.43,35380406,80000,2.294568,0.251304,8891228,62,143407,0.038,Medium,Medium,Normalized persona x industry x company-size x ACV fit weights
M0144_P008,M0144,P008,Executive Insights Portal,Executive Insights,Executive Layer,Premium,CFO,Yes,Technology,Middle East,Mid-Market,Product,571,0.43,35380406,110000,0.660215,0.072307,2558270,18,142126,0.038,Medium,Medium,Normalized persona x industry x company-size x ACV fit weights
M0145_P001,M0145,P001,Market Intelligence Pro,Market Intelligence,Core Platform,Premium,Strategy,Yes,Manufacturing,North America,Strategic,CFO,205,0.267,50369418,150000,1.097603,0.097566,4914351,5,982870,0.042,Medium,Low,Normalized persona x industry x company-size x ACV fit weights
M0145_P002,M0145,P002,Risk Analytics Suite,Risk Analytics,Analytics Add-on,Premium,CFO,Yes,Manufacturing,North America,Strategic,CFO,205,0.267,50369418,175000,2.167388,0.19266,9704153,11,882196,0.042,Medium,Low,Normalized persona x industry x company-size x ACV fit weights
M0145_P003,M0145,P003,Pricing Intelligence Engine,Pricing Intelligence,Decision Engine,Enterprise,CRO,Yes,Manufacturing,North America,Strategic,CFO,205,0.267,50369418,135000,1.28536,0.114256,5755007,6,959168,0.042,Medium,Low,Normalized persona x industry x company-size x ACV fit weights
M0145_P004,M0145,P004,Customer Intelligence Cloud,Customer Intelligence,Workflow Platform,Enterprise,CRO,Yes,Manufacturing,North America,Strategic,CFO,205,0.267,50369418,120000,0.917433,0.081551,4107671,4,1026918,0.042,Medium,Low,Normalized persona x industry x company-size x ACV fit weights
M0145_P005,M0145,P005,Competitive Intelligence Radar,Competitive Intelligence,Insights Module,Standard,Strategy,Yes,Manufacturing,North America,Strategic,CFO,205,0.267,50369418,90000,0.784875,0.069768,3514161,4,878540,0.042,Medium,Low,Normalized persona x industry x company-size x ACV fit weights
M0145_P006,M0145,P006,Forecasting Platform,Forecasting Platform,Decision Engine,Premium,CFO,Yes,Manufacturing,North America,Strategic,CFO,205,0.267,50369418,160000,2.433016,0.216271,10893463,12,907789,0.042,Medium,Low,Normalized persona x industry x company-size x ACV fit weights
M0145_P007,M0145,P007,Workflow Automation Hub,Workflow Automation,Workflow Platform,Standard,Product,Yes,Manufacturing,North America,Strategic,CFO,205,0.267,50369418,80000,0.871139,0.077436,3900394,4,975098,0.042,Medium,Low,Normalized persona x industry x company-size x ACV fit weights
M0145_P008,M0145,P008,Executive Insights Portal,Executive Insights,Executive Layer,Premium,CFO,Yes,Manufacturing,North America,Strategic,CFO,205,0.267,50369418,110000,1.693015,0.150492,7580218,8,947527,0.042,Medium,Low,Normalized persona x industry x company-size x ACV fit weights
M0146_P001,M0146,P001,Market Intelligence Pro,Market Intelligence,Core Platform,Premium,Strategy,Yes,Manufacturing,North America,Strategic,CRO,127,0.276,40125331,150000,1.097603,0.10738,4308642,4,1077160,0.052,Medium,Medium,Normalized persona x industry x company-size x ACV fit weights
M0146_P002,M0146,P002,Risk Analytics Suite,Risk Analytics,Analytics Add-on,Premium,CFO,Yes,Manufacturing,North America,Strategic,CRO,127,0.276,40125331,175000,1.188567,0.116279,4665725,4,1166431,0.052,Medium,Medium,Normalized persona x industry x company-size x ACV fit weights
M0146_P003,M0146,P003,Pricing Intelligence Engine,Pricing Intelligence,Decision Engine,Enterprise,CRO,Yes,Manufacturing,North America,Strategic,CRO,127,0.276,40125331,135000,2.343892,0.229305,9200955,8,1150119,0.052,Medium,Medium,Normalized persona x industry x company-size x ACV fit weights
M0146_P004,M0146,P004,Customer Intelligence Cloud,Customer Intelligence,Workflow Platform,Enterprise,CRO,Yes,Manufacturing,North America,Strategic,CRO,127,0.276,40125331,120000,1.672967,0.163668,6567236,6,1094539,0.052,Medium,Medium,Normalized persona x industry x company-size x ACV fit weights
M0146_P005,M0146,P005,Competitive Intelligence Radar,Competitive Intelligence,Insights Module,Standard,Strategy,Yes,Manufacturing,North America,Strategic,CRO,127,0.276,40125331,90000,0.784875,0.076785,3081030,3,1027010,0.052,Medium,Medium,Normalized persona x industry x company-size x ACV fit weights
M0146_P006,M0146,P006,Forecasting Platform,Forecasting Platform,Decision Engine,Premium,CFO,Yes,Manufacturing,North America,Strategic,CRO,127,0.276,40125331,160000,1.334234,0.13053,5237541,5,1047508,0.052,Medium,Medium,Normalized persona x industry x company-size x ACV fit weights
M0146_P007,M0146,P007,Workflow Automation Hub,Workflow Automation,Workflow Platform,Standard,Product,Yes,Manufacturing,North America,Strategic,CRO,127,0.276,40125331,80000,0.871139,0.085224,3419658,3,1139886,0.052,Medium,Medium,Normalized persona x industry x company-size x ACV fit weights
M0146_P008,M0146,P008,Executive Insights Portal,Executive Insights,Executive Layer,Premium,CFO,Yes,Manufacturing,North America,Strategic,CRO,127,0.276,40125331,110000,0.928427,0.090829,3644544,3,1214848,0.052,Medium,Medium,Normalized persona x industry x company-size x ACV fit weights
M0147_P001,M0147,P001,Market Intelligence Pro,Market Intelligence,Core Platform,Premium,Strategy,Yes,Manufacturing,North America,Strategic,Strategy,124,0.261,22725321,150000,2.001511,0.200997,4567720,7,652531,0.064,Medium,Medium,Normalized persona x industry x company-size x ACV fit weights
M0147_P002,M0147,P002,Risk Analytics Suite,Risk Analytics,Analytics Add-on,Premium,CFO,Yes,Manufacturing,North America,Strategic,Strategy,124,0.261,22725321,175000,1.188567,0.119359,2712473,4,678118,0.064,Medium,Medium,Normalized persona x industry x company-size x ACV fit weights
M0147_P003,M0147,P003,Pricing Intelligence Engine,Pricing Intelligence,Decision Engine,Enterprise,CRO,Yes,Manufacturing,North America,Strategic,Strategy,124,0.261,22725321,135000,1.28536,0.129079,2933367,4,733342,0.064,Medium,Medium,Normalized persona x industry x company-size x ACV fit weights
M0147_P004,M0147,P004,Customer Intelligence Cloud,Customer Intelligence,Workflow Platform,Enterprise,CRO,Yes,Manufacturing,North America,Strategic,Strategy,124,0.261,22725321,120000,0.917433,0.092131,2093708,3,697903,0.064,Medium,Medium,Normalized persona x industry x company-size x ACV fit weights
M0147_P005,M0147,P005,Competitive Intelligence Radar,Competitive Intelligence,Insights Module,Standard,Strategy,Yes,Manufacturing,North America,Strategic,Strategy,124,0.261,22725321,90000,1.431243,0.143729,3266292,5,653258,0.064,Medium,Medium,Normalized persona x industry x company-size x ACV fit weights
M0147_P006,M0147,P006,Forecasting Platform,Forecasting Platform,Decision Engine,Premium,CFO,Yes,Manufacturing,North America,Strategic,Strategy,124,0.261,22725321,160000,1.334234,0.133987,3044905,4,761226,0.064,Medium,Medium,Normalized persona x industry x company-size x ACV fit weights
M0147_P007,M0147,P007,Workflow Automation Hub,Workflow Automation,Workflow Platform,Standard,Product,Yes,Manufacturing,North America,Strategic,Strategy,124,0.261,22725321,80000,0.871139,0.087482,1988058,3,662686,0.064,Medium,Medium,Normalized persona x industry x company-size x ACV fit weights
M0147_P008,M0147,P008,Executive Insights Portal,Executive Insights,Executive Layer,Premium,CFO,Yes,Manufacturing,North America,Strategic,Strategy,124,0.261,22725321,110000,0.928427,0.093235,2118798,3,706266,0.064,Medium,Medium,Normalized persona x industry x company-size x ACV fit weights
M0148_P001,M0148,P001,Market Intelligence Pro,Market Intelligence,Core Platform,Premium,Strategy,Yes,Manufacturing,North America,Strategic,Product,238,0.276,70188324,150000,1.097603,0.114206,8015910,8,1001989,0.08,Medium,Medium,Normalized persona x industry x company-size x ACV fit weights
M0148_P002,M0148,P002,Risk Analytics Suite,Risk Analytics,Analytics Add-on,Premium,CFO,Yes,Manufacturing,North America,Strategic,Product,238,0.276,70188324,175000,1.188567,0.123671,8680235,8,1085029,0.08,Medium,Medium,Normalized persona x industry x company-size x ACV fit weights
M0148_P003,M0148,P003,Pricing Intelligence Engine,Pricing Intelligence,Decision Engine,Enterprise,CRO,Yes,Manufacturing,North America,Strategic,Product,238,0.276,70188324,135000,1.28536,0.133742,9387123,9,1043014,0.08,Medium,Medium,Normalized persona x industry x company-size x ACV fit weights
M0148_P004,M0148,P004,Customer Intelligence Cloud,Customer Intelligence,Workflow Platform,Enterprise,CRO,Yes,Manufacturing,North America,Strategic,Product,238,0.276,70188324,120000,1.403134,0.145996,10247235,10,1024724,0.08,Medium,Medium,Normalized persona x industry x company-size x ACV fit weights
M0148_P005,M0148,P005,Competitive Intelligence Radar,Competitive Intelligence,Insights Module,Standard,Strategy,Yes,Manufacturing,North America,Strategic,Product,238,0.276,70188324,90000,0.784875,0.081666,5732027,5,1146405,0.08,Medium,Medium,Normalized persona x industry x company-size x ACV fit weights
M0148_P006,M0148,P006,Forecasting Platform,Forecasting Platform,Decision Engine,Premium,CFO,Yes,Manufacturing,North America,Strategic,Product,238,0.276,70188324,160000,1.334234,0.138827,9744057,9,1082673,0.08,Medium,Medium,Normalized persona x industry x company-size x ACV fit weights
M0148_P007,M0148,P007,Workflow Automation Hub,Workflow Automation,Workflow Platform,Standard,Product,Yes,Manufacturing,North America,Strategic,Product,238,0.276,70188324,80000,1.588547,0.165289,11601332,11,1054667,0.08,Medium,Medium,Normalized persona x industry x company-size x ACV fit weights
M0148_P008,M0148,P008,Executive Insights Portal,Executive Insights,Executive Layer,Premium,CFO,Yes,Manufacturing,North America,Strategic,Product,238,0.276,70188324,110000,0.928427,0.096603,6780405,6,1130068,0.08,Medium,Medium,Normalized persona x industry x company-size x ACV fit weights
M0149_P001,M0149,P001,Market Intelligence Pro,Market Intelligence,Core Platform,Premium,Strategy,Yes,Manufacturing,North America,Enterprise,CFO,729,0.232,119463681,150000,0.96589,0.090756,10842082,15,722805,0.036,Medium,Low,Normalized persona x industry x company-size x ACV fit weights
M0149_P002,M0149,P002,Risk Analytics Suite,Risk Analytics,Analytics Add-on,Premium,CFO,Yes,Manufacturing,North America,Enterprise,CFO,729,0.232,119463681,175000,1.907301,0.179212,21409380,30,713646,0.036,Medium,Low,Normalized persona x industry x company-size x ACV fit weights
M0149_P003,M0149,P003,Pricing Intelligence Engine,Pricing Intelligence,Decision Engine,Enterprise,CRO,Yes,Manufacturing,North America,Enterprise,CFO,729,0.232,119463681,135000,1.341245,0.126025,15055427,21,716925,0.036,Medium,Low,Normalized persona x industry x company-size x ACV fit weights
M0149_P004,M0149,P004,Customer Intelligence Cloud,Customer Intelligence,Workflow Platform,Enterprise,CRO,Yes,Manufacturing,North America,Enterprise,CFO,729,0.232,119463681,120000,0.957322,0.089951,10745901,15,716393,0.036,Medium,Low,Normalized persona x industry x company-size x ACV fit weights
M0149_P005,M0149,P005,Competitive Intelligence Radar,Competitive Intelligence,Insights Module,Standard,Strategy,Yes,Manufacturing,North America,Enterprise,CFO,729,0.232,119463681,90000,0.872084,0.081942,9789103,14,699222,0.036,Medium,Low,Normalized persona x industry x company-size x ACV fit weights
M0149_P006,M0149,P006,Forecasting Platform,Forecasting Platform,Decision Engine,Premium,CFO,Yes,Manufacturing,North America,Enterprise,CFO,729,0.232,119463681,160000,2.141054,0.201176,24033246,34,706860,0.036,Medium,Low,Normalized persona x industry x company-size x ACV fit weights
M0149_P007,M0149,P007,Workflow Automation Hub,Workflow Automation,Workflow Platform,Standard,Product,Yes,Manufacturing,North America,Enterprise,CFO,729,0.232,119463681,80000,0.967932,0.090948,10865000,15,724333,0.036,Medium,Low,Normalized persona x industry x company-size x ACV fit weights
M0149_P008,M0149,P008,Executive Insights Portal,Executive Insights,Executive Layer,Premium,CFO,Yes,Manufacturing,North America,Enterprise,CFO,729,0.232,119463681,110000,1.489853,0.139988,16723542,24,696814,0.036,Medium,Low,Normalized persona x industry x company-size x ACV fit weights
M0150_P001,M0150,P001,Market Intelligence Pro,Market Intelligence,Core Platform,Premium,Strategy,Yes,Manufacturing,North America,Enterprise,CRO,791,0.295,74496464,150000,0.96589,0.096257,7170807,22,325946,0.113,Low,Medium,Normalized persona x industry x company-size x ACV fit weights
M0150_P002,M0150,P002,Risk Analytics Suite,Risk Analytics,Analytics Add-on,Premium,CFO,Yes,Manufacturing,North America,Enterprise,CRO,791,0.295,74496464,175000,1.045939,0.104234,7765094,24,323546,0.113,Low,Medium,Normalized persona x industry x company-size x ACV fit weights
M0150_P003,M0150,P003,Pricing Intelligence Engine,Pricing Intelligence,Decision Engine,Enterprise,CRO,Yes,Manufacturing,North America,Enterprise,CRO,791,0.295,74496464,135000,2.4458,0.243739,18157717,57,318556,0.113,Low,Medium,Normalized persona x industry x company-size x ACV fit weights
M0150_P004,M0150,P004,Customer Intelligence Cloud,Customer Intelligence,Workflow Platform,Enterprise,CRO,Yes,Manufacturing,North America,Enterprise,CRO,791,0.295,74496464,120000,1.745705,0.17397,12960179,41,316102,0.113,Low,Medium,Normalized persona x industry x company-size x ACV fit weights
M0150_P005,M0150,P005,Competitive Intelligence Radar,Competitive Intelligence,Insights Module,Standard,Strategy,Yes,Manufacturing,North America,Enterprise,CRO,791,0.295,74496464,90000,0.872084,0.086909,6474382,20,323719,0.113,Low,Medium,Normalized persona x industry x company-size x ACV fit weights
M0150_P006,M0150,P006,Forecasting Platform,Forecasting Platform,Decision Engine,Premium,CFO,Yes,Manufacturing,North America,Enterprise,CRO,791,0.295,74496464,160000,1.174126,0.117009,8716759,27,322843,0.113,Low,Medium,Normalized persona x industry x company-size x ACV fit weights
M0150_P007,M0150,P007,Workflow Automation Hub,Workflow Automation,Workflow Platform,Standard,Product,Yes,Manufacturing,North America,Enterprise,CRO,791,0.295,74496464,80000,0.967932,0.09646,7185966,23,312433,0.113,Low,Medium,Normalized persona x industry x company-size x ACV fit weights
M0150_P008,M0150,P008,Executive Insights Portal,Executive Insights,Executive Layer,Premium,CFO,Yes,Manufacturing,North America,Enterprise,CRO,791,0.295,74496464,110000,0.817016,0.081421,6065560,19,319240,0.113,Low,Medium,Normalized persona x industry x company-size x ACV fit weights
M0151_P001,M0151,P001,Market Intelligence Pro,Market Intelligence,Core Platform,Premium,Strategy,Yes,Manufacturing,North America,Enterprise,Strategy,753,0.35,89024027,150000,1.761329,0.182423,16240053,48,338334,0.125,Low,Low,Normalized persona x industry x company-size x ACV fit weights
M0151_P002,M0151,P002,Risk Analytics Suite,Risk Analytics,Analytics Add-on,Premium,CFO,Yes,Manufacturing,North America,Enterprise,Strategy,753,0.35,89024027,175000,1.045939,0.108329,9643914,29,332549,0.125,Low,Low,Normalized persona x industry x company-size x ACV fit weights
M0151_P003,M0151,P003,Pricing Intelligence Engine,Pricing Intelligence,Decision Engine,Enterprise,CRO,Yes,Manufacturing,North America,Enterprise,Strategy,753,0.35,89024027,135000,1.341245,0.138915,12366736,37,334236,0.125,Low,Low,Normalized persona x industry x company-size x ACV fit weights
M0151_P004,M0151,P004,Customer Intelligence Cloud,Customer Intelligence,Workflow Platform,Enterprise,CRO,Yes,Manufacturing,North America,Enterprise,Strategy,753,0.35,89024027,120000,0.957322,0.099151,8826831,26,339494,0.125,Low,Low,Normalized persona x industry x company-size x ACV fit weights
M0151_P005,M0151,P005,Competitive Intelligence Radar,Competitive Intelligence,Insights Module,Standard,Strategy,Yes,Manufacturing,North America,Enterprise,Strategy,753,0.35,89024027,90000,1.59027,0.164706,14662826,43,340996,0.125,Low,Low,Normalized persona x industry x company-size x ACV fit weights
M0151_P006,M0151,P006,Forecasting Platform,Forecasting Platform,Decision Engine,Premium,CFO,Yes,Manufacturing,North America,Enterprise,Strategy,753,0.35,89024027,160000,1.174126,0.121606,10825841,32,338308,0.125,Low,Low,Normalized persona x industry x company-size x ACV fit weights
M0151_P007,M0151,P007,Workflow Automation Hub,Workflow Automation,Workflow Platform,Standard,Product,Yes,Manufacturing,North America,Enterprise,Strategy,753,0.35,89024027,80000,0.967932,0.10025,8924661,26,343256,0.125,Low,Low,Normalized persona x industry x company-size x ACV fit weights
M0151_P008,M0151,P008,Executive Insights Portal,Executive Insights,Executive Layer,Premium,CFO,Yes,Manufacturing,North America,Enterprise,Strategy,753,0.35,89024027,110000,0.817016,0.084619,7533165,22,342417,0.125,Low,Low,Normalized persona x industry x company-size x ACV fit weights
M0152_P001,M0152,P001,Market Intelligence Pro,Market Intelligence,Core Platform,Premium,Strategy,Yes,Manufacturing,North America,Enterprise,Product,356,0.301,57924611,150000,0.96589,0.102259,5923335,11,538485,0.109,Medium,Low,Normalized persona x industry x company-size x ACV fit weights
M0152_P002,M0152,P002,Risk Analytics Suite,Risk Analytics,Analytics Add-on,Premium,CFO,Yes,Manufacturing,North America,Enterprise,Product,356,0.301,57924611,175000,1.045939,0.110734,6414237,12,534520,0.109,Medium,Low,Normalized persona x industry x company-size x ACV fit weights
M0152_P003,M0152,P003,Pricing Intelligence Engine,Pricing Intelligence,Decision Engine,Enterprise,CRO,Yes,Manufacturing,North America,Enterprise,Product,356,0.301,57924611,135000,1.341245,0.141998,8225205,15,548347,0.109,Medium,Low,Normalized persona x industry x company-size x ACV fit weights
M0152_P004,M0152,P004,Customer Intelligence Cloud,Customer Intelligence,Workflow Platform,Enterprise,CRO,Yes,Manufacturing,North America,Enterprise,Product,356,0.301,57924611,120000,1.464139,0.155009,8978854,17,528168,0.109,Medium,Low,Normalized persona x industry x company-size x ACV fit weights
M0152_P005,M0152,P005,Competitive Intelligence Radar,Competitive Intelligence,Insights Module,Standard,Strategy,Yes,Manufacturing,North America,Enterprise,Product,356,0.301,57924611,90000,0.872084,0.092328,5348064,10,534806,0.109,Medium,Low,Normalized persona x industry x company-size x ACV fit weights
M0152_P006,M0152,P006,Forecasting Platform,Forecasting Platform,Decision Engine,Premium,CFO,Yes,Manufacturing,North America,Enterprise,Product,356,0.301,57924611,160000,1.174126,0.124305,7200345,13,553873,0.109,Medium,Low,Normalized persona x industry x company-size x ACV fit weights
M0152_P007,M0152,P007,Workflow Automation Hub,Workflow Automation,Workflow Platform,Standard,Product,Yes,Manufacturing,North America,Enterprise,Product,356,0.301,57924611,80000,1.765053,0.186867,10824209,20,541210,0.109,Medium,Low,Normalized persona x industry x company-size x ACV fit weights
M0152_P008,M0152,P008,Executive Insights Portal,Executive Insights,Executive Layer,Premium,CFO,Yes,Manufacturing,North America,Enterprise,Product,356,0.301,57924611,110000,0.817016,0.086498,5010362,9,556707,0.109,Medium,Low,Normalized persona x industry x company-size x ACV fit weights
M0153_P001,M0153,P001,Market Intelligence Pro,Market Intelligence,Core Platform,Premium,Strategy,Yes,Manufacturing,North America,Mid-Market,CFO,1151,0.265,64841781,150000,0.702466,0.078525,5091708,24,212154,0.044,High,Low,Normalized persona x industry x company-size x ACV fit weights
M0153_P002,M0153,P002,Risk Analytics Suite,Risk Analytics,Analytics Add-on,Premium,CFO,Yes,Manufacturing,North America,Mid-Market,CFO,1151,0.265,64841781,175000,1.387128,0.15506,10054372,47,213923,0.044,High,Low,Normalized persona x industry x company-size x ACV fit weights
M0153_P003,M0153,P003,Pricing Intelligence Engine,Pricing Intelligence,Decision Engine,Enterprise,CRO,Yes,Manufacturing,North America,Mid-Market,CFO,1151,0.265,64841781,135000,1.117704,0.124943,8101499,38,213197,0.044,High,Low,Normalized persona x industry x company-size x ACV fit weights
M0153_P004,M0153,P004,Customer Intelligence Cloud,Customer Intelligence,Workflow Platform,Enterprise,CRO,Yes,Manufacturing,North America,Mid-Market,CFO,1151,0.265,64841781,120000,0.797768,0.089179,5782493,27,214166,0.044,High,Low,Normalized persona x industry x company-size x ACV fit weights
M0153_P005,M0153,P005,Competitive Intelligence Radar,Competitive Intelligence,Insights Module,Standard,Strategy,Yes,Manufacturing,North America,Mid-Market,CFO,1151,0.265,64841781,90000,1.090104,0.121857,7901444,37,213553,0.044,High,Low,Normalized persona x industry x company-size x ACV fit weights
M0153_P006,M0153,P006,Forecasting Platform,Forecasting Platform,Decision Engine,Premium,CFO,Yes,Manufacturing,North America,Mid-Market,CFO,1151,0.265,64841781,160000,1.55713,0.174064,11286604,53,212955,0.044,High,Low,Normalized persona x industry x company-size x ACV fit weights
M0153_P007,M0153,P007,Workflow Automation Hub,Workflow Automation,Workflow Platform,Standard,Product,Yes,Manufacturing,North America,Mid-Market,CFO,1151,0.265,64841781,80000,1.209915,0.13525,8769873,41,213899,0.044,High,Low,Normalized persona x industry x company-size x ACV fit weights
M0153_P008,M0153,P008,Executive Insights Portal,Executive Insights,Executive Layer,Premium,CFO,Yes,Manufacturing,North America,Mid-Market,CFO,1151,0.265,64841781,110000,1.083529,0.121122,7853788,37,212265,0.044,High,Low,Normalized persona x industry x company-size x ACV fit weights
M0154_P001,M0154,P001,Market Intelligence Pro,Market Intelligence,Core Platform,Premium,Strategy,Yes,Manufacturing,North America,Mid-Market,CRO,1247,0.356,83437485,150000,0.702466,0.080704,6733763,36,187049,0.058,High,Low,Normalized persona x industry x company-size x ACV fit weights
M0154_P002,M0154,P002,Risk Analytics Suite,Risk Analytics,Analytics Add-on,Premium,CFO,Yes,Manufacturing,North America,Mid-Market,CRO,1247,0.356,83437485,175000,0.760683,0.087393,7291829,39,186970,0.058,High,Low,Normalized persona x industry x company-size x ACV fit weights
M0154_P003,M0154,P003,Pricing Intelligence Engine,Pricing Intelligence,Decision Engine,Enterprise,CRO,Yes,Manufacturing,North America,Mid-Market,CRO,1247,0.356,83437485,135000,2.038167,0.234159,19537657,104,187862,0.058,High,Low,Normalized persona x industry x company-size x ACV fit weights
M0154_P004,M0154,P004,Customer Intelligence Cloud,Customer Intelligence,Workflow Platform,Enterprise,CRO,Yes,Manufacturing,North America,Mid-Market,CRO,1247,0.356,83437485,120000,1.454754,0.167133,13945119,74,188448,0.058,High,Low,Normalized persona x industry x company-size x ACV fit weights
M0154_P005,M0154,P005,Competitive Intelligence Radar,Competitive Intelligence,Insights Module,Standard,Strategy,Yes,Manufacturing,North America,Mid-Market,CRO,1247,0.356,83437485,90000,1.090104,0.125239,10449627,56,186600,0.058,High,Low,Normalized persona x industry x company-size x ACV fit weights
M0154_P006,M0154,P006,Forecasting Platform,Forecasting Platform,Decision Engine,Premium,CFO,Yes,Manufacturing,North America,Mid-Market,CRO,1247,0.356,83437485,160000,0.85391,0.098103,8185493,44,186034,0.058,High,Low,Normalized persona x industry x company-size x ACV fit weights
M0154_P007,M0154,P007,Workflow Automation Hub,Workflow Automation,Workflow Platform,Standard,Product,Yes,Manufacturing,North America,Mid-Market,CRO,1247,0.356,83437485,80000,1.209915,0.139004,11598120,62,187066,0.058,High,Low,Normalized persona x industry x company-size x ACV fit weights
M0154_P008,M0154,P008,Executive Insights Portal,Executive Insights,Executive Layer,Premium,CFO,Yes,Manufacturing,North America,Mid-Market,CRO,1247,0.356,83437485,110000,0.594194,0.068265,5695877,30,189863,0.058,High,Low,Normalized persona x industry x company-size x ACV fit weights
M0155_P001,M0155,P001,Market Intelligence Pro,Market Intelligence,Core Platform,Premium,Strategy,Yes,Manufacturing,North America,Mid-Market,Strategy,884,0.358,57609929,150000,1.280967,0.148898,8578007,47,182511,0.111,High,Low,Normalized persona x industry x company-size x ACV fit weights
M0155_P002,M0155,P002,Risk Analytics Suite,Risk Analytics,Analytics Add-on,Premium,CFO,Yes,Manufacturing,North America,Mid-Market,Strategy,884,0.358,57609929,175000,0.760683,0.088421,5093922,28,181926,0.111,High,Low,Normalized persona x industry x company-size x ACV fit weights
M0155_P003,M0155,P003,Pricing Intelligence Engine,Pricing Intelligence,Decision Engine,Enterprise,CRO,Yes,Manufacturing,North America,Mid-Market,Strategy,884,0.358,57609929,135000,1.117704,0.129921,7484719,41,182554,0.111,High,Low,Normalized persona x industry x company-size x ACV fit weights
M0155_P004,M0155,P004,Customer Intelligence Cloud,Customer Intelligence,Workflow Platform,Enterprise,CRO,Yes,Manufacturing,North America,Mid-Market,Strategy,884,0.358,57609929,120000,0.797768,0.092732,5342263,29,184216,0.111,High,Low,Normalized persona x industry x company-size x ACV fit weights
M0155_P005,M0155,P005,Competitive Intelligence Radar,Competitive Intelligence,Insights Module,Standard,Strategy,Yes,Manufacturing,North America,Mid-Market,Strategy,884,0.358,57609929,90000,1.987837,0.231064,13311572,73,182350,0.111,High,Low,Normalized persona x industry x company-size x ACV fit weights
M0155_P006,M0155,P006,Forecasting Platform,Forecasting Platform,Decision Engine,Premium,CFO,Yes,Manufacturing,North America,Mid-Market,Strategy,884,0.358,57609929,160000,0.85391,0.099257,5718217,31,184459,0.111,High,Low,Normalized persona x industry x company-size x ACV fit weights
M0155_P007,M0155,P007,Workflow Automation Hub,Workflow Automation,Workflow Platform,Standard,Product,Yes,Manufacturing,North America,Mid-Market,Strategy,884,0.358,57609929,80000,1.209915,0.140639,8102208,45,180049,0.111,High,Low,Normalized persona x industry x company-size x ACV fit weights
M0155_P008,M0155,P008,Executive Insights Portal,Executive Insights,Executive Layer,Premium,CFO,Yes,Manufacturing,North America,Mid-Market,Strategy,884,0.358,57609929,110000,0.594194,0.069068,3979021,22,180865,0.111,High,Low,Normalized persona x industry x company-size x ACV fit weights
M0156_P001,M0156,P001,Market Intelligence Pro,Market Intelligence,Core Platform,Premium,Strategy,Yes,Manufacturing,North America,Mid-Market,Product,925,0.287,31078016,150000,0.702466,0.082203,2554708,22,116123,0.115,Medium,Low,Normalized persona x industry x company-size x ACV fit weights
M0156_P002,M0156,P002,Risk Analytics Suite,Risk Analytics,Analytics Add-on,Premium,CFO,Yes,Manufacturing,North America,Mid-Market,Product,925,0.287,31078016,175000,0.760683,0.089016,2766432,24,115268,0.115,Medium,Low,Normalized persona x industry x company-size x ACV fit weights
M0156_P003,M0156,P003,Pricing Intelligence Engine,Pricing Intelligence,Decision Engine,Enterprise,CRO,Yes,Manufacturing,North America,Mid-Market,Product,925,0.287,31078016,135000,1.117704,0.130795,4064837,35,116138,0.115,Medium,Low,Normalized persona x industry x company-size x ACV fit weights
M0156_P004,M0156,P004,Customer Intelligence Cloud,Customer Intelligence,Workflow Platform,Enterprise,CRO,Yes,Manufacturing,North America,Mid-Market,Product,925,0.287,31078016,120000,1.220116,0.142779,4437285,38,116771,0.115,Medium,Low,Normalized persona x industry x company-size x ACV fit weights
M0156_P005,M0156,P005,Competitive Intelligence Radar,Competitive Intelligence,Insights Module,Standard,Strategy,Yes,Manufacturing,North America,Mid-Market,Product,925,0.287,31078016,90000,1.090104,0.127565,3964462,34,116602,0.115,Medium,Low,Normalized persona x industry x company-size x ACV fit weights
M0156_P006,M0156,P006,Forecasting Platform,Forecasting Platform,Decision Engine,Premium,CFO,Yes,Manufacturing,North America,Mid-Market,Product,925,0.287,31078016,160000,0.85391,0.099925,3105477,27,115018,0.115,Medium,Low,Normalized persona x industry x company-size x ACV fit weights
M0156_P007,M0156,P007,Workflow Automation Hub,Workflow Automation,Workflow Platform,Standard,Product,Yes,Manufacturing,North America,Mid-Market,Product,925,0.287,31078016,80000,2.206316,0.258185,8023869,69,116288,0.115,Medium,Low,Normalized persona x industry x company-size x ACV fit weights
M0156_P008,M0156,P008,Executive Insights Portal,Executive Insights,Executive Layer,Premium,CFO,Yes,Manufacturing,North America,Mid-Market,Product,925,0.287,31078016,110000,0.594194,0.069533,2160946,18,120053,0.115,Medium,Low,Normalized persona x industry x company-size x ACV fit weights
M0157_P001,M0157,P001,Market Intelligence Pro,Market Intelligence,Core Platform,Premium,Strategy,Yes,Manufacturing,Europe,Strategic,CFO,205,0.367,96964195,150000,1.097603,0.097566,9460425,7,1351489,0.103,High,Medium,Normalized persona x industry x company-size x ACV fit weights
M0157_P002,M0157,P002,Risk Analytics Suite,Risk Analytics,Analytics Add-on,Premium,CFO,Yes,Manufacturing,Europe,Strategic,CFO,205,0.367,96964195,175000,2.167388,0.19266,18681084,14,1334363,0.103,High,Medium,Normalized persona x industry x company-size x ACV fit weights
M0157_P003,M0157,P003,Pricing Intelligence Engine,Pricing Intelligence,Decision Engine,Enterprise,CRO,Yes,Manufacturing,Europe,Strategic,CFO,205,0.367,96964195,135000,1.28536,0.114256,11078739,9,1230971,0.103,High,Medium,Normalized persona x industry x company-size x ACV fit weights
M0157_P004,M0157,P004,Customer Intelligence Cloud,Customer Intelligence,Workflow Platform,Enterprise,CRO,Yes,Manufacturing,Europe,Strategic,CFO,205,0.367,96964195,120000,0.917433,0.081551,7907516,6,1317919,0.103,High,Medium,Normalized persona x industry x company-size x ACV fit weights
M0157_P005,M0157,P005,Competitive Intelligence Radar,Competitive Intelligence,Insights Module,Standard,Strategy,Yes,Manufacturing,Europe,Strategic,CFO,205,0.367,96964195,90000,0.784875,0.069768,6764973,5,1352995,0.103,High,Medium,Normalized persona x industry x company-size x ACV fit weights
M0157_P006,M0157,P006,Forecasting Platform,Forecasting Platform,Decision Engine,Premium,CFO,Yes,Manufacturing,Europe,Strategic,CFO,205,0.367,96964195,160000,2.433016,0.216271,20970579,16,1310661,0.103,High,Medium,Normalized persona x industry x company-size x ACV fit weights
M0157_P007,M0157,P007,Workflow Automation Hub,Workflow Automation,Workflow Platform,Standard,Product,Yes,Manufacturing,Europe,Strategic,CFO,205,0.367,96964195,80000,0.871139,0.077436,7508495,6,1251416,0.103,High,Medium,Normalized persona x industry x company-size x ACV fit weights
M0157_P008,M0157,P008,Executive Insights Portal,Executive Insights,Executive Layer,Premium,CFO,Yes,Manufacturing,Europe,Strategic,CFO,205,0.367,96964195,110000,1.693015,0.150492,14592384,11,1326580,0.103,High,Medium,Normalized persona x industry x company-size x ACV fit weights
M0158_P001,M0158,P001,Market Intelligence Pro,Market Intelligence,Core Platform,Premium,Strategy,Yes,Manufacturing,Europe,Strategic,CRO,159,0.238,44251390,150000,1.097603,0.10738,4751697,4,1187924,0.119,Medium,Medium,Normalized persona x industry x company-size x ACV fit weights
M0158_P002,M0158,P002,Risk Analytics Suite,Risk Analytics,Analytics Add-on,Premium,CFO,Yes,Manufacturing,Europe,Strategic,CRO,159,0.238,44251390,175000,1.188567,0.116279,5145498,4,1286374,0.119,Medium,Medium,Normalized persona x industry x company-size x ACV fit weights
M0158_P003,M0158,P003,Pricing Intelligence Engine,Pricing Intelligence,Decision Engine,Enterprise,CRO,Yes,Manufacturing,Europe,Strategic,CRO,159,0.238,44251390,135000,2.343892,0.229305,10147082,9,1127454,0.119,Medium,Medium,Normalized persona x industry x company-size x ACV fit weights
M0158_P004,M0158,P004,Customer Intelligence Cloud,Customer Intelligence,Workflow Platform,Enterprise,CRO,Yes,Manufacturing,Europe,Strategic,CRO,159,0.238,44251390,120000,1.672967,0.163668,7242541,6,1207090,0.119,Medium,Medium,Normalized persona x industry x company-size x ACV fit weights
M0158_P005,M0158,P005,Competitive Intelligence Radar,Competitive Intelligence,Insights Module,Standard,Strategy,Yes,Manufacturing,Europe,Strategic,CRO,159,0.238,44251390,90000,0.784875,0.076785,3397850,3,1132617,0.119,Medium,Medium,Normalized persona x industry x company-size x ACV fit weights
M0158_P006,M0158,P006,Forecasting Platform,Forecasting Platform,Decision Engine,Premium,CFO,Yes,Manufacturing,Europe,Strategic,CRO,159,0.238,44251390,160000,1.334234,0.13053,5776114,5,1155223,0.119,Medium,Medium,Normalized persona x industry x company-size x ACV fit weights
M0158_P007,M0158,P007,Workflow Automation Hub,Workflow Automation,Workflow Platform,Standard,Product,Yes,Manufacturing,Europe,Strategic,CRO,159,0.238,44251390,80000,0.871139,0.085224,3771299,3,1257100,0.119,Medium,Medium,Normalized persona x industry x company-size x ACV fit weights
M0158_P008,M0158,P008,Executive Insights Portal,Executive Insights,Executive Layer,Premium,CFO,Yes,Manufacturing,Europe,Strategic,CRO,159,0.238,44251390,110000,0.928427,0.090829,4019309,3,1339770,0.119,Medium,Medium,Normalized persona x industry x company-size x ACV fit weights
M0159_P001,M0159,P001,Market Intelligence Pro,Market Intelligence,Core Platform,Premium,Strategy,Yes,Manufacturing,Europe,Strategic,Strategy,208,0.34,48756772,150000,2.001511,0.200997,9799963,14,699997,0.122,Low,Low,Normalized persona x industry x company-size x ACV fit weights
M0159_P002,M0159,P002,Risk Analytics Suite,Risk Analytics,Analytics Add-on,Premium,CFO,Yes,Manufacturing,Europe,Strategic,Strategy,208,0.34,48756772,175000,1.188567,0.119359,5819562,8,727445,0.122,Low,Low,Normalized persona x industry x company-size x ACV fit weights
M0159_P003,M0159,P003,Pricing Intelligence Engine,Pricing Intelligence,Decision Engine,Enterprise,CRO,Yes,Manufacturing,Europe,Strategic,Strategy,208,0.34,48756772,135000,1.28536,0.129079,6293487,9,699276,0.122,Low,Low,Normalized persona x industry x company-size x ACV fit weights
M0159_P004,M0159,P004,Customer Intelligence Cloud,Customer Intelligence,Workflow Platform,Enterprise,CRO,Yes,Manufacturing,Europe,Strategic,Strategy,208,0.34,48756772,120000,0.917433,0.092131,4492014,7,641716,0.122,Low,Low,Normalized persona x industry x company-size x ACV fit weights
M0159_P005,M0159,P005,Competitive Intelligence Radar,Competitive Intelligence,Insights Module,Standard,Strategy,Yes,Manufacturing,Europe,Strategic,Strategy,208,0.34,48756772,90000,1.431243,0.143729,7007770,10,700777,0.122,Low,Low,Normalized persona x industry x company-size x ACV fit weights
M0159_P006,M0159,P006,Forecasting Platform,Forecasting Platform,Decision Engine,Premium,CFO,Yes,Manufacturing,Europe,Strategic,Strategy,208,0.34,48756772,160000,1.334234,0.133987,6532789,9,725865,0.122,Low,Low,Normalized persona x industry x company-size x ACV fit weights
M0159_P007,M0159,P007,Workflow Automation Hub,Workflow Automation,Workflow Platform,Standard,Product,Yes,Manufacturing,Europe,Strategic,Strategy,208,0.34,48756772,80000,0.871139,0.087482,4265343,6,710890,0.122,Low,Low,Normalized persona x industry x company-size x ACV fit weights
M0159_P008,M0159,P008,Executive Insights Portal,Executive Insights,Executive Layer,Premium,CFO,Yes,Manufacturing,Europe,Strategic,Strategy,208,0.34,48756772,110000,0.928427,0.093235,4545844,7,649406,0.122,Low,Low,Normalized persona x industry x company-size x ACV fit weights
M0160_P001,M0160,P001,Market Intelligence Pro,Market Intelligence,Core Platform,Premium,Strategy,Yes,Manufacturing,Europe,Strategic,Product,208,0.371,48130723,150000,1.097603,0.114206,5496805,9,610756,0.103,Medium,Medium,Normalized persona x industry x company-size x ACV fit weights
M0160_P002,M0160,P002,Risk Analytics Suite,Risk Analytics,Analytics Add-on,Premium,CFO,Yes,Manufacturing,Europe,Strategic,Product,208,0.371,48130723,175000,1.188567,0.123671,5952357,10,595236,0.103,Medium,Medium,Normalized persona x industry x company-size x ACV fit weights
M0160_P003,M0160,P003,Pricing Intelligence Engine,Pricing Intelligence,Decision Engine,Enterprise,CRO,Yes,Manufacturing,Europe,Strategic,Product,208,0.371,48130723,135000,1.28536,0.133742,6437097,10,643710,0.103,Medium,Medium,Normalized persona x industry x company-size x ACV fit weights
M0160_P004,M0160,P004,Customer Intelligence Cloud,Customer Intelligence,Workflow Platform,Enterprise,CRO,Yes,Manufacturing,Europe,Strategic,Product,208,0.371,48130723,120000,1.403134,0.145996,7026907,11,638810,0.103,Medium,Medium,Normalized persona x industry x company-size x ACV fit weights
M0160_P005,M0160,P005,Competitive Intelligence Radar,Competitive Intelligence,Insights Module,Standard,Strategy,Yes,Manufacturing,Europe,Strategic,Product,208,0.371,48130723,90000,0.784875,0.081666,3930663,6,655110,0.103,Medium,Medium,Normalized persona x industry x company-size x ACV fit weights
M0160_P006,M0160,P006,Forecasting Platform,Forecasting Platform,Decision Engine,Premium,CFO,Yes,Manufacturing,Europe,Strategic,Product,208,0.371,48130723,160000,1.334234,0.138827,6681859,11,607442,0.103,Medium,Medium,Normalized persona x industry x company-size x ACV fit weights
M0160_P007,M0160,P007,Workflow Automation Hub,Workflow Automation,Workflow Platform,Standard,Product,Yes,Manufacturing,Europe,Strategic,Product,208,0.371,48130723,80000,1.588547,0.165289,7955461,13,611959,0.103,Medium,Medium,Normalized persona x industry x company-size x ACV fit weights
M0160_P008,M0160,P008,Executive Insights Portal,Executive Insights,Executive Layer,Premium,CFO,Yes,Manufacturing,Europe,Strategic,Product,208,0.371,48130723,110000,0.928427,0.096603,4649574,7,664225,0.103,Medium,Medium,Normalized persona x industry x company-size x ACV fit weights
M0161_P001,M0161,P001,Market Intelligence Pro,Market Intelligence,Core Platform,Premium,Strategy,Yes,Manufacturing,Europe,Enterprise,CFO,326,0.337,85218091,150000,0.96589,0.090756,7734079,10,773408,0.088,Low,Low,Normalized persona x industry x company-size x ACV fit weights
M0161_P002,M0161,P002,Risk Analytics Suite,Risk Analytics,Analytics Add-on,Premium,CFO,Yes,Manufacturing,Europe,Enterprise,CFO,326,0.337,85218091,175000,1.907301,0.179212,15272144,20,763607,0.088,Low,Low,Normalized persona x industry x company-size x ACV fit weights
M0161_P003,M0161,P003,Pricing Intelligence Engine,Pricing Intelligence,Decision Engine,Enterprise,CRO,Yes,Manufacturing,Europe,Enterprise,CFO,326,0.337,85218091,135000,1.341245,0.126025,10739622,14,767116,0.088,Low,Low,Normalized persona x industry x company-size x ACV fit weights
M0161_P004,M0161,P004,Customer Intelligence Cloud,Customer Intelligence,Workflow Platform,Enterprise,CRO,Yes,Manufacturing,Europe,Enterprise,CFO,326,0.337,85218091,120000,0.957322,0.089951,7665469,10,766547,0.088,Low,Low,Normalized persona x industry x company-size x ACV fit weights
M0161_P005,M0161,P005,Competitive Intelligence Radar,Competitive Intelligence,Insights Module,Standard,Strategy,Yes,Manufacturing,Europe,Enterprise,CFO,326,0.337,85218091,90000,0.872084,0.081942,6982948,9,775883,0.088,Low,Low,Normalized persona x industry x company-size x ACV fit weights
M0161_P006,M0161,P006,Forecasting Platform,Forecasting Platform,Decision Engine,Premium,CFO,Yes,Manufacturing,Europe,Enterprise,CFO,326,0.337,85218091,160000,2.141054,0.201176,17143849,22,779266,0.088,Low,Low,Normalized persona x industry x company-size x ACV fit weights
M0161_P007,M0161,P007,Workflow Automation Hub,Workflow Automation,Workflow Platform,Standard,Product,Yes,Manufacturing,Europe,Enterprise,CFO,326,0.337,85218091,80000,0.967932,0.090948,7750427,10,775043,0.088,Low,Low,Normalized persona x industry x company-size x ACV fit weights
M0161_P008,M0161,P008,Executive Insights Portal,Executive Insights,Executive Layer,Premium,CFO,Yes,Manufacturing,Europe,Enterprise,CFO,326,0.337,85218091,110000,1.489853,0.139988,11929553,15,795304,0.088,Low,Low,Normalized persona x industry x company-size x ACV fit weights
M0162_P001,M0162,P001,Market Intelligence Pro,Market Intelligence,Core Platform,Premium,Strategy,Yes,Manufacturing,Europe,Enterprise,CRO,472,0.356,86591317,150000,0.96589,0.096257,8335022,16,520939,0.131,Medium,Medium,Normalized persona x industry x company-size x ACV fit weights
M0162_P002,M0162,P002,Risk Analytics Suite,Risk Analytics,Analytics Add-on,Premium,CFO,Yes,Manufacturing,Europe,Enterprise,CRO,472,0.356,86591317,175000,1.045939,0.104234,9025794,18,501433,0.131,Medium,Medium,Normalized persona x industry x company-size x ACV fit weights
M0162_P003,M0162,P003,Pricing Intelligence Engine,Pricing Intelligence,Decision Engine,Enterprise,CRO,Yes,Manufacturing,Europe,Enterprise,CRO,472,0.356,86591317,135000,2.4458,0.243739,21105709,41,514773,0.131,Medium,Medium,Normalized persona x industry x company-size x ACV fit weights
M0162_P004,M0162,P004,Customer Intelligence Cloud,Customer Intelligence,Workflow Platform,Enterprise,CRO,Yes,Manufacturing,Europe,Enterprise,CRO,472,0.356,86591317,120000,1.745705,0.17397,15064325,29,519459,0.131,Medium,Medium,Normalized persona x industry x company-size x ACV fit weights
M0162_P005,M0162,P005,Competitive Intelligence Radar,Competitive Intelligence,Insights Module,Standard,Strategy,Yes,Manufacturing,Europe,Enterprise,CRO,472,0.356,86591317,90000,0.872084,0.086909,7525528,15,501702,0.131,Medium,Medium,Normalized persona x industry x company-size x ACV fit weights
M0162_P006,M0162,P006,Forecasting Platform,Forecasting Platform,Decision Engine,Premium,CFO,Yes,Manufacturing,Europe,Enterprise,CRO,472,0.356,86591317,160000,1.174126,0.117009,10131966,20,506598,0.131,Medium,Medium,Normalized persona x industry x company-size x ACV fit weights
M0162_P007,M0162,P007,Workflow Automation Hub,Workflow Automation,Workflow Platform,Standard,Product,Yes,Manufacturing,Europe,Enterprise,CRO,472,0.356,86591317,80000,0.967932,0.09646,8352641,16,522040,0.131,Medium,Medium,Normalized persona x industry x company-size x ACV fit weights
M0162_P008,M0162,P008,Executive Insights Portal,Executive Insights,Executive Layer,Premium,CFO,Yes,Manufacturing,Europe,Enterprise,CRO,472,0.356,86591317,110000,0.817016,0.081421,7050332,14,503595,0.131,Medium,Medium,Normalized persona x industry x company-size x ACV fit weights
M0163_P001,M0163,P001,Market Intelligence Pro,Market Intelligence,Core Platform,Premium,Strategy,Yes,Manufacturing,Europe,Enterprise,Strategy,571,0.307,61274715,150000,1.761329,0.182423,11177933,32,349310,0.106,Medium,Low,Normalized persona x industry x company-size x ACV fit weights
M0163_P002,M0163,P002,Risk Analytics Suite,Risk Analytics,Analytics Add-on,Premium,CFO,Yes,Manufacturing,Europe,Enterprise,Strategy,571,0.307,61274715,175000,1.045939,0.108329,6637849,19,349360,0.106,Medium,Low,Normalized persona x industry x company-size x ACV fit weights
M0163_P003,M0163,P003,Pricing Intelligence Engine,Pricing Intelligence,Decision Engine,Enterprise,CRO,Yes,Manufacturing,Europe,Enterprise,Strategy,571,0.307,61274715,135000,1.341245,0.138915,8511952,24,354665,0.106,Medium,Low,Normalized persona x industry x company-size x ACV fit weights
M0163_P004,M0163,P004,Customer Intelligence Cloud,Customer Intelligence,Workflow Platform,Enterprise,CRO,Yes,Manufacturing,Europe,Enterprise,Strategy,571,0.307,61274715,120000,0.957322,0.099151,6075456,17,357380,0.106,Medium,Low,Normalized persona x industry x company-size x ACV fit weights
M0163_P005,M0163,P005,Competitive Intelligence Radar,Competitive Intelligence,Insights Module,Standard,Strategy,Yes,Manufacturing,Europe,Enterprise,Strategy,571,0.307,61274715,90000,1.59027,0.164706,10092337,29,348012,0.106,Medium,Low,Normalized persona x industry x company-size x ACV fit weights
M0163_P006,M0163,P006,Forecasting Platform,Forecasting Platform,Decision Engine,Premium,CFO,Yes,Manufacturing,Europe,Enterprise,Strategy,571,0.307,61274715,160000,1.174126,0.121606,7451363,21,354827,0.106,Medium,Low,Normalized persona x industry x company-size x ACV fit weights
M0163_P007,M0163,P007,Workflow Automation Hub,Workflow Automation,Workflow Platform,Standard,Product,Yes,Manufacturing,Europe,Enterprise,Strategy,571,0.307,61274715,80000,0.967932,0.10025,6142792,18,341266,0.106,Medium,Low,Normalized persona x industry x company-size x ACV fit weights
M0163_P008,M0163,P008,Executive Insights Portal,Executive Insights,Executive Layer,Premium,CFO,Yes,Manufacturing,Europe,Enterprise,Strategy,571,0.307,61274715,110000,0.817016,0.084619,5185033,15,345669,0.106,Medium,Low,Normalized persona x industry x company-size x ACV fit weights
M0164_P001,M0164,P001,Market Intelligence Pro,Market Intelligence,Core Platform,Premium,Strategy,Yes,Manufacturing,Europe,Enterprise,Product,290,0.393,47455398,150000,0.96589,0.102259,4852760,12,404397,0.049,Medium,Low,Normalized persona x industry x company-size x ACV fit weights
M0164_P002,M0164,P002,Risk Analytics Suite,Risk Analytics,Analytics Add-on,Premium,CFO,Yes,Manufacturing,Europe,Enterprise,Product,290,0.393,47455398,175000,1.045939,0.110734,5254936,13,404226,0.049,Medium,Low,Normalized persona x industry x company-size x ACV fit weights
M0164_P003,M0164,P003,Pricing Intelligence Engine,Pricing Intelligence,Decision Engine,Enterprise,CRO,Yes,Manufacturing,Europe,Enterprise,Product,290,0.393,47455398,135000,1.341245,0.141998,6738593,16,421162,0.049,Medium,Low,Normalized persona x industry x company-size x ACV fit weights
M0164_P004,M0164,P004,Customer Intelligence Cloud,Customer Intelligence,Workflow Platform,Enterprise,CRO,Yes,Manufacturing,Europe,Enterprise,Product,290,0.393,47455398,120000,1.464139,0.155009,7356029,18,408668,0.049,Medium,Low,Normalized persona x industry x company-size x ACV fit weights
M0164_P005,M0164,P005,Competitive Intelligence Radar,Competitive Intelligence,Insights Module,Standard,Strategy,Yes,Manufacturing,Europe,Enterprise,Product,290,0.393,47455398,90000,0.872084,0.092328,4381462,11,398315,0.049,Medium,Low,Normalized persona x industry x company-size x ACV fit weights
M0164_P006,M0164,P006,Forecasting Platform,Forecasting Platform,Decision Engine,Premium,CFO,Yes,Manufacturing,Europe,Enterprise,Product,290,0.393,47455398,160000,1.174126,0.124305,5898965,14,421355,0.049,Medium,Low,Normalized persona x industry x company-size x ACV fit weights
M0164_P007,M0164,P007,Workflow Automation Hub,Workflow Automation,Workflow Platform,Standard,Product,Yes,Manufacturing,Europe,Enterprise,Product,290,0.393,47455398,80000,1.765053,0.186867,8867857,21,422279,0.049,Medium,Low,Normalized persona x industry x company-size x ACV fit weights
M0164_P008,M0164,P008,Executive Insights Portal,Executive Insights,Executive Layer,Premium,CFO,Yes,Manufacturing,Europe,Enterprise,Product,290,0.393,47455398,110000,0.817016,0.086498,4104796,10,410480,0.049,Medium,Low,Normalized persona x industry x company-size x ACV fit weights
M0165_P001,M0165,P001,Market Intelligence Pro,Market Intelligence,Core Platform,Premium,Strategy,Yes,Manufacturing,Europe,Mid-Market,CFO,982,0.387,99640544,150000,0.702466,0.078525,7824285,30,260810,0.045,Medium,Medium,Normalized persona x industry x company-size x ACV fit weights
M0165_P002,M0165,P002,Risk Analytics Suite,Risk Analytics,Analytics Add-on,Premium,CFO,Yes,Manufacturing,Europe,Mid-Market,CFO,982,0.387,99640544,175000,1.387128,0.15506,15450271,59,261869,0.045,Medium,Medium,Normalized persona x industry x company-size x ACV fit weights
M0165_P003,M0165,P003,Pricing Intelligence Engine,Pricing Intelligence,Decision Engine,Enterprise,CRO,Yes,Manufacturing,Europe,Mid-Market,CFO,982,0.387,99640544,135000,1.117704,0.124943,12449346,47,264880,0.045,Medium,Medium,Normalized persona x industry x company-size x ACV fit weights
M0165_P004,M0165,P004,Customer Intelligence Cloud,Customer Intelligence,Workflow Platform,Enterprise,CRO,Yes,Manufacturing,Europe,Mid-Market,CFO,982,0.387,99640544,120000,0.797768,0.089179,8885795,34,261347,0.045,Medium,Medium,Normalized persona x industry x company-size x ACV fit weights
M0165_P005,M0165,P005,Competitive Intelligence Radar,Competitive Intelligence,Insights Module,Standard,Strategy,Yes,Manufacturing,Europe,Mid-Market,CFO,982,0.387,99640544,90000,1.090104,0.121857,12141928,46,263955,0.045,Medium,Medium,Normalized persona x industry x company-size x ACV fit weights
M0165_P006,M0165,P006,Forecasting Platform,Forecasting Platform,Decision Engine,Premium,CFO,Yes,Manufacturing,Europe,Mid-Market,CFO,982,0.387,99640544,160000,1.55713,0.174064,17343807,66,262785,0.045,Medium,Medium,Normalized persona x industry x company-size x ACV fit weights
M0165_P007,M0165,P007,Workflow Automation Hub,Workflow Automation,Workflow Platform,Standard,Product,Yes,Manufacturing,Europe,Mid-Market,CFO,982,0.387,99640544,80000,1.209915,0.13525,13476418,51,264243,0.045,Medium,Medium,Normalized persona x industry x company-size x ACV fit weights
M0165_P008,M0165,P008,Executive Insights Portal,Executive Insights,Executive Layer,Premium,CFO,Yes,Manufacturing,Europe,Mid-Market,CFO,982,0.387,99640544,110000,1.083529,0.121122,12068694,46,262363,0.045,Medium,Medium,Normalized persona x industry x company-size x ACV fit weights
M0166_P001,M0166,P001,Market Intelligence Pro,Market Intelligence,Core Platform,Premium,Strategy,Yes,Manufacturing,Europe,Mid-Market,CRO,913,0.267,55664291,150000,0.702466,0.080704,4492347,20,224617,0.055,High,Low,Normalized persona x industry x company-size x ACV fit weights
M0166_P002,M0166,P002,Risk Analytics Suite,Risk Analytics,Analytics Add-on,Premium,CFO,Yes,Manufacturing,Europe,Mid-Market,CRO,913,0.267,55664291,175000,0.760683,0.087393,4864654,21,231650,0.055,High,Low,Normalized persona x industry x company-size x ACV fit weights
M0166_P003,M0166,P003,Pricing Intelligence Engine,Pricing Intelligence,Decision Engine,Enterprise,CRO,Yes,Manufacturing,Europe,Mid-Market,CRO,913,0.267,55664291,135000,2.038167,0.234159,13034307,57,228672,0.055,High,Low,Normalized persona x industry x company-size x ACV fit weights
M0166_P004,M0166,P004,Customer Intelligence Cloud,Customer Intelligence,Workflow Platform,Enterprise,CRO,Yes,Manufacturing,Europe,Mid-Market,CRO,913,0.267,55664291,120000,1.454754,0.167133,9303314,41,226910,0.055,High,Low,Normalized persona x industry x company-size x ACV fit weights
M0166_P005,M0166,P005,Competitive Intelligence Radar,Competitive Intelligence,Insights Module,Standard,Strategy,Yes,Manufacturing,Europe,Mid-Market,CRO,913,0.267,55664291,90000,1.090104,0.125239,6971340,31,224882,0.055,High,Low,Normalized persona x industry x company-size x ACV fit weights
M0166_P006,M0166,P006,Forecasting Platform,Forecasting Platform,Decision Engine,Premium,CFO,Yes,Manufacturing,Europe,Mid-Market,CRO,913,0.267,55664291,160000,0.85391,0.098103,5460851,24,227535,0.055,High,Low,Normalized persona x industry x company-size x ACV fit weights
M0166_P007,M0166,P007,Workflow Automation Hub,Workflow Automation,Workflow Platform,Standard,Product,Yes,Manufacturing,Europe,Mid-Market,CRO,913,0.267,55664291,80000,1.209915,0.139004,7737543,34,227575,0.055,High,Low,Normalized persona x industry x company-size x ACV fit weights
M0166_P008,M0166,P008,Executive Insights Portal,Executive Insights,Executive Layer,Premium,CFO,Yes,Manufacturing,Europe,Mid-Market,CRO,913,0.267,55664291,110000,0.594194,0.068265,3799935,17,223526,0.055,High,Low,Normalized persona x industry x company-size x ACV fit weights
M0167_P001,M0167,P001,Market Intelligence Pro,Market Intelligence,Core Platform,Premium,Strategy,Yes,Manufacturing,Europe,Mid-Market,Strategy,1460,0.425,141490753,150000,1.280967,0.148898,21067699,92,228997,0.039,Medium,Low,Normalized persona x industry x company-size x ACV fit weights
M0167_P002,M0167,P002,Risk Analytics Suite,Risk Analytics,Analytics Add-on,Premium,CFO,Yes,Manufacturing,Europe,Mid-Market,Strategy,1460,0.425,141490753,175000,0.760683,0.088421,12510740,55,227468,0.039,Medium,Low,Normalized persona x industry x company-size x ACV fit weights
M0167_P003,M0167,P003,Pricing Intelligence Engine,Pricing Intelligence,Decision Engine,Enterprise,CRO,Yes,Manufacturing,Europe,Mid-Market,Strategy,1460,0.425,141490753,135000,1.117704,0.129921,18382569,81,226945,0.039,Medium,Low,Normalized persona x industry x company-size x ACV fit weights
M0167_P004,M0167,P004,Customer Intelligence Cloud,Customer Intelligence,Workflow Platform,Enterprise,CRO,Yes,Manufacturing,Europe,Mid-Market,Strategy,1460,0.425,141490753,120000,0.797768,0.092732,13120668,58,226218,0.039,Medium,Low,Normalized persona x industry x company-size x ACV fit weights
M0167_P005,M0167,P005,Competitive Intelligence Radar,Competitive Intelligence,Insights Module,Standard,Strategy,Yes,Manufacturing,Europe,Mid-Market,Strategy,1460,0.425,141490753,90000,1.987837,0.231064,32693398,143,228625,0.039,Medium,Low,Normalized persona x industry x company-size x ACV fit weights
M0167_P006,M0167,P006,Forecasting Platform,Forecasting Platform,Decision Engine,Premium,CFO,Yes,Manufacturing,Europe,Mid-Market,Strategy,1460,0.425,141490753,160000,0.85391,0.099257,14044016,62,226516,0.039,Medium,Low,Normalized persona x industry x company-size x ACV fit weights
M0167_P007,M0167,P007,Workflow Automation Hub,Workflow Automation,Workflow Platform,Standard,Product,Yes,Manufacturing,Europe,Mid-Market,Strategy,1460,0.425,141490753,80000,1.209915,0.140639,19899131,87,228726,0.039,Medium,Low,Normalized persona x industry x company-size x ACV fit weights
M0167_P008,M0167,P008,Executive Insights Portal,Executive Insights,Executive Layer,Premium,CFO,Yes,Manufacturing,Europe,Mid-Market,Strategy,1460,0.425,141490753,110000,0.594194,0.069068,9772532,43,227268,0.039,Medium,Low,Normalized persona x industry x company-size x ACV fit weights
M0168_P001,M0168,P001,Market Intelligence Pro,Market Intelligence,Core Platform,Premium,Strategy,Yes,Manufacturing,Europe,Mid-Market,Product,764,0.267,37586767,150000,0.702466,0.082203,3089747,17,181750,0.04,Medium,Low,Normalized persona x industry x company-size x ACV fit weights
M0168_P002,M0168,P002,Risk Analytics Suite,Risk Analytics,Analytics Add-on,Premium,CFO,Yes,Manufacturing,Europe,Mid-Market,Product,764,0.267,37586767,175000,0.760683,0.089016,3345813,18,185878,0.04,Medium,Low,Normalized persona x industry x company-size x ACV fit weights
M0168_P003,M0168,P003,Pricing Intelligence Engine,Pricing Intelligence,Decision Engine,Enterprise,CRO,Yes,Manufacturing,Europe,Mid-Market,Product,764,0.267,37586767,135000,1.117704,0.130795,4916147,27,182080,0.04,Medium,Low,Normalized persona x industry x company-size x ACV fit weights
M0168_P004,M0168,P004,Customer Intelligence Cloud,Customer Intelligence,Workflow Platform,Enterprise,CRO,Yes,Manufacturing,Europe,Mid-Market,Product,764,0.267,37586767,120000,1.220116,0.142779,5366597,29,185055,0.04,Medium,Low,Normalized persona x industry x company-size x ACV fit weights
M0168_P005,M0168,P005,Competitive Intelligence Radar,Competitive Intelligence,Insights Module,Standard,Strategy,Yes,Manufacturing,Europe,Mid-Market,Product,764,0.267,37586767,90000,1.090104,0.127565,4794750,26,184413,0.04,Medium,Low,Normalized persona x industry x company-size x ACV fit weights
M0168_P006,M0168,P006,Forecasting Platform,Forecasting Platform,Decision Engine,Premium,CFO,Yes,Manufacturing,Europe,Mid-Market,Product,764,0.267,37586767,160000,0.85391,0.099925,3755865,20,187793,0.04,Medium,Low,Normalized persona x industry x company-size x ACV fit weights
M0168_P007,M0168,P007,Workflow Automation Hub,Workflow Automation,Workflow Platform,Standard,Product,Yes,Manufacturing,Europe,Mid-Market,Product,764,0.267,37586767,80000,2.206316,0.258185,9704329,53,183101,0.04,Medium,Low,Normalized persona x industry x company-size x ACV fit weights
M0168_P008,M0168,P008,Executive Insights Portal,Executive Insights,Executive Layer,Premium,CFO,Yes,Manufacturing,Europe,Mid-Market,Product,764,0.267,37586767,110000,0.594194,0.069533,2613519,14,186680,0.04,Medium,Low,Normalized persona x industry x company-size x ACV fit weights
M0169_P001,M0169,P001,Market Intelligence Pro,Market Intelligence,Core Platform,Premium,Strategy,Yes,Manufacturing,APAC,Strategic,CFO,210,0.416,112593521,150000,1.097603,0.097566,10985319,9,1220591,0.06,High,Medium,Normalized persona x industry x company-size x ACV fit weights
M0169_P002,M0169,P002,Risk Analytics Suite,Risk Analytics,Analytics Add-on,Premium,CFO,Yes,Manufacturing,APAC,Strategic,CFO,210,0.416,112593521,175000,2.167388,0.19266,21692224,17,1276013,0.06,High,Medium,Normalized persona x industry x company-size x ACV fit weights
M0169_P003,M0169,P003,Pricing Intelligence Engine,Pricing Intelligence,Decision Engine,Enterprise,CRO,Yes,Manufacturing,APAC,Strategic,CFO,210,0.416,112593521,135000,1.28536,0.114256,12864483,10,1286448,0.06,High,Medium,Normalized persona x industry x company-size x ACV fit weights
M0169_P004,M0169,P004,Customer Intelligence Cloud,Customer Intelligence,Workflow Platform,Enterprise,CRO,Yes,Manufacturing,APAC,Strategic,CFO,210,0.416,112593521,120000,0.917433,0.081551,9182101,7,1311729,0.06,High,Medium,Normalized persona x industry x company-size x ACV fit weights
M0169_P005,M0169,P005,Competitive Intelligence Radar,Competitive Intelligence,Insights Module,Standard,Strategy,Yes,Manufacturing,APAC,Strategic,CFO,210,0.416,112593521,90000,0.784875,0.069768,7855396,6,1309233,0.06,High,Medium,Normalized persona x industry x company-size x ACV fit weights
M0169_P006,M0169,P006,Forecasting Platform,Forecasting Platform,Decision Engine,Premium,CFO,Yes,Manufacturing,APAC,Strategic,CFO,210,0.416,112593521,160000,2.433016,0.216271,24350754,19,1281619,0.06,High,Medium,Normalized persona x industry x company-size x ACV fit weights
M0169_P007,M0169,P007,Workflow Automation Hub,Workflow Automation,Workflow Platform,Standard,Product,Yes,Manufacturing,APAC,Strategic,CFO,210,0.416,112593521,80000,0.871139,0.077436,8718764,7,1245538,0.06,High,Medium,Normalized persona x industry x company-size x ACV fit weights
M0169_P008,M0169,P008,Executive Insights Portal,Executive Insights,Executive Layer,Premium,CFO,Yes,Manufacturing,APAC,Strategic,CFO,210,0.416,112593521,110000,1.693015,0.150492,16944480,13,1303422,0.06,High,Medium,Normalized persona x industry x company-size x ACV fit weights
M0170_P001,M0170,P001,Market Intelligence Pro,Market Intelligence,Core Platform,Premium,Strategy,Yes,Manufacturing,APAC,Strategic,CRO,140,0.466,76174155,150000,1.097603,0.10738,8179551,7,1168507,0.117,Medium,Medium,Normalized persona x industry x company-size x ACV fit weights
M0170_P002,M0170,P002,Risk Analytics Suite,Risk Analytics,Analytics Add-on,Premium,CFO,Yes,Manufacturing,APAC,Strategic,CRO,140,0.466,76174155,175000,1.188567,0.116279,8857438,8,1107180,0.117,Medium,Medium,Normalized persona x industry x company-size x ACV fit weights
M0170_P003,M0170,P003,Pricing Intelligence Engine,Pricing Intelligence,Decision Engine,Enterprise,CRO,Yes,Manufacturing,APAC,Strategic,CRO,140,0.466,76174155,135000,2.343892,0.229305,17467144,15,1164476,0.117,Medium,Medium,Normalized persona x industry x company-size x ACV fit weights
M0170_P004,M0170,P004,Customer Intelligence Cloud,Customer Intelligence,Workflow Platform,Enterprise,CRO,Yes,Manufacturing,APAC,Strategic,CRO,140,0.466,76174155,120000,1.672967,0.163668,12467278,11,1133389,0.117,Medium,Medium,Normalized persona x industry x company-size x ACV fit weights
M0170_P005,M0170,P005,Competitive Intelligence Radar,Competitive Intelligence,Insights Module,Standard,Strategy,Yes,Manufacturing,APAC,Strategic,CRO,140,0.466,76174155,90000,0.784875,0.076785,5849044,5,1169809,0.117,Medium,Medium,Normalized persona x industry x company-size x ACV fit weights
M0170_P006,M0170,P006,Forecasting Platform,Forecasting Platform,Decision Engine,Premium,CFO,Yes,Manufacturing,APAC,Strategic,CRO,140,0.466,76174155,160000,1.334234,0.13053,9942977,9,1104775,0.117,Medium,Medium,Normalized persona x industry x company-size x ACV fit weights
M0170_P007,M0170,P007,Workflow Automation Hub,Workflow Automation,Workflow Platform,Standard,Product,Yes,Manufacturing,APAC,Strategic,CRO,140,0.466,76174155,80000,0.871139,0.085224,6491898,6,1081983,0.117,Medium,Medium,Normalized persona x industry x company-size x ACV fit weights
M0170_P008,M0170,P008,Executive Insights Portal,Executive Insights,Executive Layer,Premium,CFO,Yes,Manufacturing,APAC,Strategic,CRO,140,0.466,76174155,110000,0.928427,0.090829,6918825,6,1153138,0.117,Medium,Medium,Normalized persona x industry x company-size x ACV fit weights
M0171_P001,M0171,P001,Market Intelligence Pro,Market Intelligence,Core Platform,Premium,Strategy,Yes,Manufacturing,APAC,Strategic,Strategy,132,0.377,45392083,150000,2.001511,0.200997,9123671,10,912367,0.127,Medium,Low,Normalized persona x industry x company-size x ACV fit weights
M0171_P002,M0171,P002,Risk Analytics Suite,Risk Analytics,Analytics Add-on,Premium,CFO,Yes,Manufacturing,APAC,Strategic,Strategy,132,0.377,45392083,175000,1.188567,0.119359,5417956,6,902993,0.127,Medium,Low,Normalized persona x industry x company-size x ACV fit weights
M0171_P003,M0171,P003,Pricing Intelligence Engine,Pricing Intelligence,Decision Engine,Enterprise,CRO,Yes,Manufacturing,APAC,Strategic,Strategy,132,0.377,45392083,135000,1.28536,0.129079,5859176,6,976529,0.127,Medium,Low,Normalized persona x industry x company-size x ACV fit weights
M0171_P004,M0171,P004,Customer Intelligence Cloud,Customer Intelligence,Workflow Platform,Enterprise,CRO,Yes,Manufacturing,APAC,Strategic,Strategy,132,0.377,45392083,120000,0.917433,0.092131,4182022,5,836404,0.127,Medium,Low,Normalized persona x industry x company-size x ACV fit weights
M0171_P005,M0171,P005,Competitive Intelligence Radar,Competitive Intelligence,Insights Module,Standard,Strategy,Yes,Manufacturing,APAC,Strategic,Strategy,132,0.377,45392083,90000,1.431243,0.143729,6524166,7,932024,0.127,Medium,Low,Normalized persona x industry x company-size x ACV fit weights
M0171_P006,M0171,P006,Forecasting Platform,Forecasting Platform,Decision Engine,Premium,CFO,Yes,Manufacturing,APAC,Strategic,Strategy,132,0.377,45392083,160000,1.334234,0.133987,6081964,7,868852,0.127,Medium,Low,Normalized persona x industry x company-size x ACV fit weights
M0171_P007,M0171,P007,Workflow Automation Hub,Workflow Automation,Workflow Platform,Standard,Product,Yes,Manufacturing,APAC,Strategic,Strategy,132,0.377,45392083,80000,0.871139,0.087482,3970993,4,992748,0.127,Medium,Low,Normalized persona x industry x company-size x ACV fit weights
M0171_P008,M0171,P008,Executive Insights Portal,Executive Insights,Executive Layer,Premium,CFO,Yes,Manufacturing,APAC,Strategic,Strategy,132,0.377,45392083,110000,0.928427,0.093235,4232135,5,846427,0.127,Medium,Low,Normalized persona x industry x company-size x ACV fit weights
M0172_P001,M0172,P001,Market Intelligence Pro,Market Intelligence,Core Platform,Premium,Strategy,Yes,Manufacturing,APAC,Strategic,Product,231,0.242,41160033,150000,1.097603,0.114206,4700712,6,783452,0.13,Low,Medium,Normalized persona x industry x company-size x ACV fit weights
M0172_P002,M0172,P002,Risk Analytics Suite,Risk Analytics,Analytics Add-on,Premium,CFO,Yes,Manufacturing,APAC,Strategic,Product,231,0.242,41160033,175000,1.188567,0.123671,5090288,7,727184,0.13,Low,Medium,Normalized persona x industry x company-size x ACV fit weights
M0172_P003,M0172,P003,Pricing Intelligence Engine,Pricing Intelligence,Decision Engine,Enterprise,CRO,Yes,Manufacturing,APAC,Strategic,Product,231,0.242,41160033,135000,1.28536,0.133742,5504823,7,786403,0.13,Low,Medium,Normalized persona x industry x company-size x ACV fit weights
M0172_P004,M0172,P004,Customer Intelligence Cloud,Customer Intelligence,Workflow Platform,Enterprise,CRO,Yes,Manufacturing,APAC,Strategic,Product,231,0.242,41160033,120000,1.403134,0.145996,6009212,8,751152,0.13,Low,Medium,Normalized persona x industry x company-size x ACV fit weights
M0172_P005,M0172,P005,Competitive Intelligence Radar,Competitive Intelligence,Insights Module,Standard,Strategy,Yes,Manufacturing,APAC,Strategic,Product,231,0.242,41160033,90000,0.784875,0.081666,3361392,5,672278,0.13,Low,Medium,Normalized persona x industry x company-size x ACV fit weights
M0172_P006,M0172,P006,Forecasting Platform,Forecasting Platform,Decision Engine,Premium,CFO,Yes,Manufacturing,APAC,Strategic,Product,231,0.242,41160033,160000,1.334234,0.138827,5714137,8,714267,0.13,Low,Medium,Normalized persona x industry x company-size x ACV fit weights
M0172_P007,M0172,P007,Workflow Automation Hub,Workflow Automation,Workflow Platform,Standard,Product,Yes,Manufacturing,APAC,Strategic,Product,231,0.242,41160033,80000,1.588547,0.165289,6803286,9,755921,0.13,Low,Medium,Normalized persona x industry x company-size x ACV fit weights
M0172_P008,M0172,P008,Executive Insights Portal,Executive Insights,Executive Layer,Premium,CFO,Yes,Manufacturing,APAC,Strategic,Product,231,0.242,41160033,110000,0.928427,0.096603,3976183,5,795237,0.13,Low,Medium,Normalized persona x industry x company-size x ACV fit weights
M0173_P001,M0173,P001,Market Intelligence Pro,Market Intelligence,Core Platform,Premium,Strategy,Yes,Manufacturing,APAC,Enterprise,CFO,396,0.337,48186754,150000,0.96589,0.090756,4373251,12,364438,0.041,Medium,Low,Normalized persona x industry x company-size x ACV fit weights
M0173_P002,M0173,P002,Risk Analytics Suite,Risk Analytics,Analytics Add-on,Premium,CFO,Yes,Manufacturing,APAC,Enterprise,CFO,396,0.337,48186754,175000,1.907301,0.179212,8635667,24,359819,0.041,Medium,Low,Normalized persona x industry x company-size x ACV fit weights
M0173_P003,M0173,P003,Pricing Intelligence Engine,Pricing Intelligence,Decision Engine,Enterprise,CRO,Yes,Manufacturing,APAC,Enterprise,CFO,396,0.337,48186754,135000,1.341245,0.126025,6072742,17,357220,0.041,Medium,Low,Normalized persona x industry x company-size x ACV fit weights
M0173_P004,M0173,P004,Customer Intelligence Cloud,Customer Intelligence,Workflow Platform,Enterprise,CRO,Yes,Manufacturing,APAC,Enterprise,CFO,396,0.337,48186754,120000,0.957322,0.089951,4334456,12,361205,0.041,Medium,Low,Normalized persona x industry x company-size x ACV fit weights
M0173_P005,M0173,P005,Competitive Intelligence Radar,Competitive Intelligence,Insights Module,Standard,Strategy,Yes,Manufacturing,APAC,Enterprise,CFO,396,0.337,48186754,90000,0.872084,0.081942,3948523,11,358957,0.041,Medium,Low,Normalized persona x industry x company-size x ACV fit weights
M0173_P006,M0173,P006,Forecasting Platform,Forecasting Platform,Decision Engine,Premium,CFO,Yes,Manufacturing,APAC,Enterprise,CFO,396,0.337,48186754,160000,2.141054,0.201176,9694027,27,359038,0.041,Medium,Low,Normalized persona x industry x company-size x ACV fit weights
M0173_P007,M0173,P007,Workflow Automation Hub,Workflow Automation,Workflow Platform,Standard,Product,Yes,Manufacturing,APAC,Enterprise,CFO,396,0.337,48186754,80000,0.967932,0.090948,4382496,12,365208,0.041,Medium,Low,Normalized persona x industry x company-size x ACV fit weights
M0173_P008,M0173,P008,Executive Insights Portal,Executive Insights,Executive Layer,Premium,CFO,Yes,Manufacturing,APAC,Enterprise,CFO,396,0.337,48186754,110000,1.489853,0.139988,6745592,19,355031,0.041,Medium,Low,Normalized persona x industry x company-size x ACV fit weights
M0174_P001,M0174,P001,Market Intelligence Pro,Market Intelligence,Core Platform,Premium,Strategy,Yes,Manufacturing,APAC,Enterprise,CRO,317,0.278,32566557,150000,0.96589,0.096257,3134760,8,391845,0.118,Low,Medium,Normalized persona x industry x company-size x ACV fit weights
M0174_P002,M0174,P002,Risk Analytics Suite,Risk Analytics,Analytics Add-on,Premium,CFO,Yes,Manufacturing,APAC,Enterprise,CRO,317,0.278,32566557,175000,1.045939,0.104234,3394555,9,377173,0.118,Low,Medium,Normalized persona x industry x company-size x ACV fit weights
M0174_P003,M0174,P003,Pricing Intelligence Engine,Pricing Intelligence,Decision Engine,Enterprise,CRO,Yes,Manufacturing,APAC,Enterprise,CRO,317,0.278,32566557,135000,2.4458,0.243739,7937750,21,377988,0.118,Low,Medium,Normalized persona x industry x company-size x ACV fit weights
M0174_P004,M0174,P004,Customer Intelligence Cloud,Customer Intelligence,Workflow Platform,Enterprise,CRO,Yes,Manufacturing,APAC,Enterprise,CRO,317,0.278,32566557,120000,1.745705,0.17397,5665617,15,377708,0.118,Low,Medium,Normalized persona x industry x company-size x ACV fit weights
M0174_P005,M0174,P005,Competitive Intelligence Radar,Competitive Intelligence,Insights Module,Standard,Strategy,Yes,Manufacturing,APAC,Enterprise,CRO,317,0.278,32566557,90000,0.872084,0.086909,2830313,8,353789,0.118,Low,Medium,Normalized persona x industry x company-size x ACV fit weights
M0174_P006,M0174,P006,Forecasting Platform,Forecasting Platform,Decision Engine,Premium,CFO,Yes,Manufacturing,APAC,Enterprise,CRO,317,0.278,32566557,160000,1.174126,0.117009,3810581,10,381058,0.118,Low,Medium,Normalized persona x industry x company-size x ACV fit weights
M0174_P007,M0174,P007,Workflow Automation Hub,Workflow Automation,Workflow Platform,Standard,Product,Yes,Manufacturing,APAC,Enterprise,CRO,317,0.278,32566557,80000,0.967932,0.09646,3141386,9,349043,0.118,Low,Medium,Normalized persona x industry x company-size x ACV fit weights
M0174_P008,M0174,P008,Executive Insights Portal,Executive Insights,Executive Layer,Premium,CFO,Yes,Manufacturing,APAC,Enterprise,CRO,317,0.278,32566557,110000,0.817016,0.081421,2651595,7,378799,0.118,Low,Medium,Normalized persona x industry x company-size x ACV fit weights
M0175_P001,M0175,P001,Market Intelligence Pro,Market Intelligence,Core Platform,Premium,Strategy,Yes,Manufacturing,APAC,Enterprise,Strategy,662,0.256,90700736,150000,1.761329,0.182423,16545924,31,533739,0.13,Low,Low,Normalized persona x industry x company-size x ACV fit weights
M0175_P002,M0175,P002,Risk Analytics Suite,Risk Analytics,Analytics Add-on,Premium,CFO,Yes,Manufacturing,APAC,Enterprise,Strategy,662,0.256,90700736,175000,1.045939,0.108329,9825551,18,545864,0.13,Low,Low,Normalized persona x industry x company-size x ACV fit weights
M0175_P003,M0175,P003,Pricing Intelligence Engine,Pricing Intelligence,Decision Engine,Enterprise,CRO,Yes,Manufacturing,APAC,Enterprise,Strategy,662,0.256,90700736,135000,1.341245,0.138915,12599655,24,524986,0.13,Low,Low,Normalized persona x industry x company-size x ACV fit weights
M0175_P004,M0175,P004,Customer Intelligence Cloud,Customer Intelligence,Workflow Platform,Enterprise,CRO,Yes,Manufacturing,APAC,Enterprise,Strategy,662,0.256,90700736,120000,0.957322,0.099151,8993079,17,529005,0.13,Low,Low,Normalized persona x industry x company-size x ACV fit weights
M0175_P005,M0175,P005,Competitive Intelligence Radar,Competitive Intelligence,Insights Module,Standard,Strategy,Yes,Manufacturing,APAC,Enterprise,Strategy,662,0.256,90700736,90000,1.59027,0.164706,14938991,28,533535,0.13,Low,Low,Normalized persona x industry x company-size x ACV fit weights
M0175_P006,M0175,P006,Forecasting Platform,Forecasting Platform,Decision Engine,Premium,CFO,Yes,Manufacturing,APAC,Enterprise,Strategy,662,0.256,90700736,160000,1.174126,0.121606,11029739,21,525226,0.13,Low,Low,Normalized persona x industry x company-size x ACV fit weights
M0175_P007,M0175,P007,Workflow Automation Hub,Workflow Automation,Workflow Platform,Standard,Product,Yes,Manufacturing,APAC,Enterprise,Strategy,662,0.256,90700736,80000,0.967932,0.10025,9092751,17,534868,0.13,Low,Low,Normalized persona x industry x company-size x ACV fit weights
M0175_P008,M0175,P008,Executive Insights Portal,Executive Insights,Executive Layer,Premium,CFO,Yes,Manufacturing,APAC,Enterprise,Strategy,662,0.256,90700736,110000,0.817016,0.084619,7675046,14,548218,0.13,Low,Low,Normalized persona x industry x company-size x ACV fit weights
M0176_P001,M0176,P001,Market Intelligence Pro,Market Intelligence,Core Platform,Premium,Strategy,Yes,Manufacturing,APAC,Enterprise,Product,579,0.378,70575050,150000,0.96589,0.102259,7216962,22,328044,0.06,Low,Low,Normalized persona x industry x company-size x ACV fit weights
M0176_P002,M0176,P002,Risk Analytics Suite,Risk Analytics,Analytics Add-on,Premium,CFO,Yes,Manufacturing,APAC,Enterprise,Product,579,0.378,70575050,175000,1.045939,0.110734,7815073,24,325628,0.06,Low,Low,Normalized persona x industry x company-size x ACV fit weights
M0176_P003,M0176,P003,Pricing Intelligence Engine,Pricing Intelligence,Decision Engine,Enterprise,CRO,Yes,Manufacturing,APAC,Enterprise,Product,579,0.378,70575050,135000,1.341245,0.141998,10021548,31,323276,0.06,Low,Low,Normalized persona x industry x company-size x ACV fit weights
M0176_P004,M0176,P004,Customer Intelligence Cloud,Customer Intelligence,Workflow Platform,Enterprise,CRO,Yes,Manufacturing,APAC,Enterprise,Product,579,0.378,70575050,120000,1.464139,0.155009,10939790,34,321759,0.06,Low,Low,Normalized persona x industry x company-size x ACV fit weights
M0176_P005,M0176,P005,Competitive Intelligence Radar,Competitive Intelligence,Insights Module,Standard,Strategy,Yes,Manufacturing,APAC,Enterprise,Product,579,0.378,70575050,90000,0.872084,0.092328,6516053,20,325803,0.06,Low,Low,Normalized persona x industry x company-size x ACV fit weights
M0176_P006,M0176,P006,Forecasting Platform,Forecasting Platform,Decision Engine,Premium,CFO,Yes,Manufacturing,APAC,Enterprise,Product,579,0.378,70575050,160000,1.174126,0.124305,8772864,27,324921,0.06,Low,Low,Normalized persona x industry x company-size x ACV fit weights
M0176_P007,M0176,P007,Workflow Automation Hub,Workflow Automation,Workflow Platform,Standard,Product,Yes,Manufacturing,APAC,Enterprise,Product,579,0.378,70575050,80000,1.765053,0.186867,13188161,41,321662,0.06,Low,Low,Normalized persona x industry x company-size x ACV fit weights
M0176_P008,M0176,P008,Executive Insights Portal,Executive Insights,Executive Layer,Premium,CFO,Yes,Manufacturing,APAC,Enterprise,Product,579,0.378,70575050,110000,0.817016,0.086498,6104599,19,321295,0.06,Low,Low,Normalized persona x industry x company-size x ACV fit weights
M0177_P001,M0177,P001,Market Intelligence Pro,Market Intelligence,Core Platform,Premium,Strategy,Yes,Manufacturing,APAC,Mid-Market,CFO,1542,0.382,149723822,150000,0.702466,0.078525,11757081,46,255589,0.098,Low,Low,Normalized persona x industry x company-size x ACV fit weights
M0177_P002,M0177,P002,Risk Analytics Suite,Risk Analytics,Analytics Add-on,Premium,CFO,Yes,Manufacturing,APAC,Mid-Market,CFO,1542,0.382,149723822,175000,1.387128,0.15506,23216189,91,255123,0.098,Low,Low,Normalized persona x industry x company-size x ACV fit weights
M0177_P003,M0177,P003,Pricing Intelligence Engine,Pricing Intelligence,Decision Engine,Enterprise,CRO,Yes,Manufacturing,APAC,Mid-Market,CFO,1542,0.382,149723822,135000,1.117704,0.124943,18706880,74,252796,0.098,Low,Low,Normalized persona x industry x company-size x ACV fit weights
M0177_P004,M0177,P004,Customer Intelligence Cloud,Customer Intelligence,Workflow Platform,Enterprise,CRO,Yes,Manufacturing,APAC,Mid-Market,CFO,1542,0.382,149723822,120000,0.797768,0.089179,13352147,53,251927,0.098,Low,Low,Normalized persona x industry x company-size x ACV fit weights
M0177_P005,M0177,P005,Competitive Intelligence Radar,Competitive Intelligence,Insights Module,Standard,Strategy,Yes,Manufacturing,APAC,Mid-Market,CFO,1542,0.382,149723822,90000,1.090104,0.121857,18244941,72,253402,0.098,Low,Low,Normalized persona x industry x company-size x ACV fit weights
M0177_P006,M0177,P006,Forecasting Platform,Forecasting Platform,Decision Engine,Premium,CFO,Yes,Manufacturing,APAC,Mid-Market,CFO,1542,0.382,149723822,160000,1.55713,0.174064,26061491,103,253024,0.098,Low,Low,Normalized persona x industry x company-size x ACV fit weights
M0177_P007,M0177,P007,Workflow Automation Hub,Workflow Automation,Workflow Platform,Standard,Product,Yes,Manufacturing,APAC,Mid-Market,CFO,1542,0.382,149723822,80000,1.209915,0.13525,20250198,80,253127,0.098,Low,Low,Normalized persona x industry x company-size x ACV fit weights
M0177_P008,M0177,P008,Executive Insights Portal,Executive Insights,Executive Layer,Premium,CFO,Yes,Manufacturing,APAC,Mid-Market,CFO,1542,0.382,149723822,110000,1.083529,0.121122,18134895,71,255421,0.098,Low,Low,Normalized persona x industry x company-size x ACV fit weights
M0178_P001,M0178,P001,Market Intelligence Pro,Market Intelligence,Core Platform,Premium,Strategy,Yes,Manufacturing,APAC,Mid-Market,CRO,1135,0.22,62818477,150000,0.702466,0.080704,5069721,20,253486,0.079,Medium,Low,Normalized persona x industry x company-size x ACV fit weights
M0178_P002,M0178,P002,Risk Analytics Suite,Risk Analytics,Analytics Add-on,Premium,CFO,Yes,Manufacturing,APAC,Mid-Market,CRO,1135,0.22,62818477,175000,0.760683,0.087393,5489878,22,249540,0.079,Medium,Low,Normalized persona x industry x company-size x ACV fit weights
M0178_P003,M0178,P003,Pricing Intelligence Engine,Pricing Intelligence,Decision Engine,Enterprise,CRO,Yes,Manufacturing,APAC,Mid-Market,CRO,1135,0.22,62818477,135000,2.038167,0.234159,14709526,58,253613,0.079,Medium,Low,Normalized persona x industry x company-size x ACV fit weights
M0178_P004,M0178,P004,Customer Intelligence Cloud,Customer Intelligence,Workflow Platform,Enterprise,CRO,Yes,Manufacturing,APAC,Mid-Market,CRO,1135,0.22,62818477,120000,1.454754,0.167133,10499012,42,249976,0.079,Medium,Low,Normalized persona x industry x company-size x ACV fit weights
M0178_P005,M0178,P005,Competitive Intelligence Radar,Competitive Intelligence,Insights Module,Standard,Strategy,Yes,Manufacturing,APAC,Mid-Market,CRO,1135,0.22,62818477,90000,1.090104,0.125239,7867323,31,253785,0.079,Medium,Low,Normalized persona x industry x company-size x ACV fit weights
M0178_P006,M0178,P006,Forecasting Platform,Forecasting Platform,Decision Engine,Premium,CFO,Yes,Manufacturing,APAC,Mid-Market,CRO,1135,0.22,62818477,160000,0.85391,0.098103,6162700,24,256779,0.079,Medium,Low,Normalized persona x industry x company-size x ACV fit weights
M0178_P007,M0178,P007,Workflow Automation Hub,Workflow Automation,Workflow Platform,Standard,Product,Yes,Manufacturing,APAC,Mid-Market,CRO,1135,0.22,62818477,80000,1.209915,0.139004,8732002,35,249486,0.079,Medium,Low,Normalized persona x industry x company-size x ACV fit weights
M0178_P008,M0178,P008,Executive Insights Portal,Executive Insights,Executive Layer,Premium,CFO,Yes,Manufacturing,APAC,Mid-Market,CRO,1135,0.22,62818477,110000,0.594194,0.068265,4288315,17,252254,0.079,Medium,Low,Normalized persona x industry x company-size x ACV fit weights
M0179_P001,M0179,P001,Market Intelligence Pro,Market Intelligence,Core Platform,Premium,Strategy,Yes,Manufacturing,APAC,Mid-Market,Strategy,730,0.468,80376617,150000,1.280967,0.148898,11967922,51,234665,0.037,High,Low,Normalized persona x industry x company-size x ACV fit weights
M0179_P002,M0179,P002,Risk Analytics Suite,Risk Analytics,Analytics Add-on,Premium,CFO,Yes,Manufacturing,APAC,Mid-Market,Strategy,730,0.468,80376617,175000,0.760683,0.088421,7106973,30,236899,0.037,High,Low,Normalized persona x industry x company-size x ACV fit weights
M0179_P003,M0179,P003,Pricing Intelligence Engine,Pricing Intelligence,Decision Engine,Enterprise,CRO,Yes,Manufacturing,APAC,Mid-Market,Strategy,730,0.468,80376617,135000,1.117704,0.129921,10442581,44,237331,0.037,High,Low,Normalized persona x industry x company-size x ACV fit weights
M0179_P004,M0179,P004,Customer Intelligence Cloud,Customer Intelligence,Workflow Platform,Enterprise,CRO,Yes,Manufacturing,APAC,Mid-Market,Strategy,730,0.468,80376617,120000,0.797768,0.092732,7453455,32,232920,0.037,High,Low,Normalized persona x industry x company-size x ACV fit weights
M0179_P005,M0179,P005,Competitive Intelligence Radar,Competitive Intelligence,Insights Module,Standard,Strategy,Yes,Manufacturing,APAC,Mid-Market,Strategy,730,0.468,80376617,90000,1.987837,0.231064,18572131,79,235090,0.037,High,Low,Normalized persona x industry x company-size x ACV fit weights
M0179_P006,M0179,P006,Forecasting Platform,Forecasting Platform,Decision Engine,Premium,CFO,Yes,Manufacturing,APAC,Mid-Market,Strategy,730,0.468,80376617,160000,0.85391,0.099257,7977981,34,234646,0.037,High,Low,Normalized persona x industry x company-size x ACV fit weights
M0179_P007,M0179,P007,Workflow Automation Hub,Workflow Automation,Workflow Platform,Standard,Product,Yes,Manufacturing,APAC,Mid-Market,Strategy,730,0.468,80376617,80000,1.209915,0.140639,11304094,48,235502,0.037,High,Low,Normalized persona x industry x company-size x ACV fit weights
M0179_P008,M0179,P008,Executive Insights Portal,Executive Insights,Executive Layer,Premium,CFO,Yes,Manufacturing,APAC,Mid-Market,Strategy,730,0.468,80376617,110000,0.594194,0.069068,5551480,24,231312,0.037,High,Low,Normalized persona x industry x company-size x ACV fit weights
M0180_P001,M0180,P001,Market Intelligence Pro,Market Intelligence,Core Platform,Premium,Strategy,Yes,Manufacturing,APAC,Mid-Market,Product,938,0.414,63045040,150000,0.702466,0.082203,5182495,32,161953,0.06,Medium,Low,Normalized persona x industry x company-size x ACV fit weights
M0180_P002,M0180,P002,Risk Analytics Suite,Risk Analytics,Analytics Add-on,Premium,CFO,Yes,Manufacturing,APAC,Mid-Market,Product,938,0.414,63045040,175000,0.760683,0.089016,5611999,35,160343,0.06,Medium,Low,Normalized persona x industry x company-size x ACV fit weights
M0180_P003,M0180,P003,Pricing Intelligence Engine,Pricing Intelligence,Decision Engine,Enterprise,CRO,Yes,Manufacturing,APAC,Mid-Market,Product,938,0.414,63045040,135000,1.117704,0.130795,8245952,51,161685,0.06,Medium,Low,Normalized persona x industry x company-size x ACV fit weights
M0180_P004,M0180,P004,Customer Intelligence Cloud,Customer Intelligence,Workflow Platform,Enterprise,CRO,Yes,Manufacturing,APAC,Mid-Market,Product,938,0.414,63045040,120000,1.220116,0.142779,9001501,55,163664,0.06,Medium,Low,Normalized persona x industry x company-size x ACV fit weights
M0180_P005,M0180,P005,Competitive Intelligence Radar,Competitive Intelligence,Insights Module,Standard,Strategy,Yes,Manufacturing,APAC,Mid-Market,Product,938,0.414,63045040,90000,1.090104,0.127565,8042330,50,160847,0.06,Medium,Low,Normalized persona x industry x company-size x ACV fit weights
M0180_P006,M0180,P006,Forecasting Platform,Forecasting Platform,Decision Engine,Premium,CFO,Yes,Manufacturing,APAC,Mid-Market,Product,938,0.414,63045040,160000,0.85391,0.099925,6299788,39,161533,0.06,Medium,Low,Normalized persona x industry x company-size x ACV fit weights
M0180_P007,M0180,P007,Workflow Automation Hub,Workflow Automation,Workflow Platform,Standard,Product,Yes,Manufacturing,APAC,Mid-Market,Product,938,0.414,63045040,80000,2.206316,0.258185,16277266,100,162773,0.06,Medium,Low,Normalized persona x industry x company-size x ACV fit weights
M0180_P008,M0180,P008,Executive Insights Portal,Executive Insights,Executive Layer,Premium,CFO,Yes,Manufacturing,APAC,Mid-Market,Product,938,0.414,63045040,110000,0.594194,0.069533,4383709,27,162360,0.06,Medium,Low,Normalized persona x industry x company-size x ACV fit weights
M0181_P001,M0181,P001,Market Intelligence Pro,Market Intelligence,Core Platform,Premium,Strategy,Yes,Manufacturing,Middle East,Strategic,CFO,86,0.312,31010837,150000,1.097603,0.097566,3025609,3,1008536,0.122,Medium,Medium,Normalized persona x industry x company-size x ACV fit weights
M0181_P002,M0181,P002,Risk Analytics Suite,Risk Analytics,Analytics Add-on,Premium,CFO,Yes,Manufacturing,Middle East,Strategic,CFO,86,0.312,31010837,175000,2.167388,0.19266,5974536,5,1194907,0.122,Medium,Medium,Normalized persona x industry x company-size x ACV fit weights
M0181_P003,M0181,P003,Pricing Intelligence Engine,Pricing Intelligence,Decision Engine,Enterprise,CRO,Yes,Manufacturing,Middle East,Strategic,CFO,86,0.312,31010837,135000,1.28536,0.114256,3543174,3,1181058,0.122,Medium,Medium,Normalized persona x industry x company-size x ACV fit weights
M0181_P004,M0181,P004,Customer Intelligence Cloud,Customer Intelligence,Workflow Platform,Enterprise,CRO,Yes,Manufacturing,Middle East,Strategic,CFO,86,0.312,31010837,120000,0.917433,0.081551,2528961,2,1264480,0.122,Medium,Medium,Normalized persona x industry x company-size x ACV fit weights
M0181_P005,M0181,P005,Competitive Intelligence Radar,Competitive Intelligence,Insights Module,Standard,Strategy,Yes,Manufacturing,Middle East,Strategic,CFO,86,0.312,31010837,90000,0.784875,0.069768,2163556,2,1081778,0.122,Medium,Medium,Normalized persona x industry x company-size x ACV fit weights
M0181_P006,M0181,P006,Forecasting Platform,Forecasting Platform,Decision Engine,Premium,CFO,Yes,Manufacturing,Middle East,Strategic,CFO,86,0.312,31010837,160000,2.433016,0.216271,6706756,6,1117793,0.122,Medium,Medium,Normalized persona x industry x company-size x ACV fit weights
M0181_P007,M0181,P007,Workflow Automation Hub,Workflow Automation,Workflow Platform,Standard,Product,Yes,Manufacturing,Middle East,Strategic,CFO,86,0.312,31010837,80000,0.871139,0.077436,2401347,2,1200674,0.122,Medium,Medium,Normalized persona x industry x company-size x ACV fit weights
M0181_P008,M0181,P008,Executive Insights Portal,Executive Insights,Executive Layer,Premium,CFO,Yes,Manufacturing,Middle East,Strategic,CFO,86,0.312,31010837,110000,1.693015,0.150492,4666898,4,1166724,0.122,Medium,Medium,Normalized persona x industry x company-size x ACV fit weights
M0182_P001,M0182,P001,Market Intelligence Pro,Market Intelligence,Core Platform,Premium,Strategy,Yes,Manufacturing,Middle East,Strategic,CRO,65,0.406,31309268,150000,1.097603,0.10738,3361977,3,1120659,0.056,High,Low,Normalized persona x industry x company-size x ACV fit weights
M0182_P002,M0182,P002,Risk Analytics Suite,Risk Analytics,Analytics Add-on,Premium,CFO,Yes,Manufacturing,Middle East,Strategic,CRO,65,0.406,31309268,175000,1.188567,0.116279,3640604,3,1213535,0.056,High,Low,Normalized persona x industry x company-size x ACV fit weights
M0182_P003,M0182,P003,Pricing Intelligence Engine,Pricing Intelligence,Decision Engine,Enterprise,CRO,Yes,Manufacturing,Middle East,Strategic,CRO,65,0.406,31309268,135000,2.343892,0.229305,7179384,6,1196564,0.056,High,Low,Normalized persona x industry x company-size x ACV fit weights
M0182_P004,M0182,P004,Customer Intelligence Cloud,Customer Intelligence,Workflow Platform,Enterprise,CRO,Yes,Manufacturing,Middle East,Strategic,CRO,65,0.406,31309268,120000,1.672967,0.163668,5124328,4,1281082,0.056,High,Low,Normalized persona x industry x company-size x ACV fit weights
M0182_P005,M0182,P005,Competitive Intelligence Radar,Competitive Intelligence,Insights Module,Standard,Strategy,Yes,Manufacturing,Middle East,Strategic,CRO,65,0.406,31309268,90000,0.784875,0.076785,2404087,2,1202044,0.056,High,Low,Normalized persona x industry x company-size x ACV fit weights
M0182_P006,M0182,P006,Forecasting Platform,Forecasting Platform,Decision Engine,Premium,CFO,Yes,Manufacturing,Middle East,Strategic,CRO,65,0.406,31309268,160000,1.334234,0.13053,4086784,3,1362261,0.056,High,Low,Normalized persona x industry x company-size x ACV fit weights
M0182_P007,M0182,P007,Workflow Automation Hub,Workflow Automation,Workflow Platform,Standard,Product,Yes,Manufacturing,Middle East,Strategic,CRO,65,0.406,31309268,80000,0.871139,0.085224,2668314,2,1334157,0.056,High,Low,Normalized persona x industry x company-size x ACV fit weights
M0182_P008,M0182,P008,Executive Insights Portal,Executive Insights,Executive Layer,Premium,CFO,Yes,Manufacturing,Middle East,Strategic,CRO,65,0.406,31309268,110000,0.928427,0.090829,2843790,2,1421895,0.056,High,Low,Normalized persona x industry x company-size x ACV fit weights
M0183_P001,M0183,P001,Market Intelligence Pro,Market Intelligence,Core Platform,Premium,Strategy,Yes,Manufacturing,Middle East,Strategic,Strategy,83,0.324,30828854,150000,2.001511,0.200997,6196506,5,1239301,0.114,Low,Medium,Normalized persona x industry x company-size x ACV fit weights
M0183_P002,M0183,P002,Risk Analytics Suite,Risk Analytics,Analytics Add-on,Premium,CFO,Yes,Manufacturing,Middle East,Strategic,Strategy,83,0.324,30828854,175000,1.188567,0.119359,3679703,3,1226568,0.114,Low,Medium,Normalized persona x industry x company-size x ACV fit weights
M0183_P003,M0183,P003,Pricing Intelligence Engine,Pricing Intelligence,Decision Engine,Enterprise,CRO,Yes,Manufacturing,Middle East,Strategic,Strategy,83,0.324,30828854,135000,1.28536,0.129079,3979365,3,1326455,0.114,Low,Medium,Normalized persona x industry x company-size x ACV fit weights
M0183_P004,M0183,P004,Customer Intelligence Cloud,Customer Intelligence,Workflow Platform,Enterprise,CRO,Yes,Manufacturing,Middle East,Strategic,Strategy,83,0.324,30828854,120000,0.917433,0.092131,2840296,2,1420148,0.114,Low,Medium,Normalized persona x industry x company-size x ACV fit weights
M0183_P005,M0183,P005,Competitive Intelligence Radar,Competitive Intelligence,Insights Module,Standard,Strategy,Yes,Manufacturing,Middle East,Strategic,Strategy,83,0.324,30828854,90000,1.431243,0.143729,4431006,4,1107752,0.114,Low,Medium,Normalized persona x industry x company-size x ACV fit weights
M0183_P006,M0183,P006,Forecasting Platform,Forecasting Platform,Decision Engine,Premium,CFO,Yes,Manufacturing,Middle East,Strategic,Strategy,83,0.324,30828854,160000,1.334234,0.133987,4130676,4,1032669,0.114,Low,Medium,Normalized persona x industry x company-size x ACV fit weights
M0183_P007,M0183,P007,Workflow Automation Hub,Workflow Automation,Workflow Platform,Standard,Product,Yes,Manufacturing,Middle East,Strategic,Strategy,83,0.324,30828854,80000,0.871139,0.087482,2696971,2,1348486,0.114,Low,Medium,Normalized persona x industry x company-size x ACV fit weights
M0183_P008,M0183,P008,Executive Insights Portal,Executive Insights,Executive Layer,Premium,CFO,Yes,Manufacturing,Middle East,Strategic,Strategy,83,0.324,30828854,110000,0.928427,0.093235,2874331,3,958110,0.114,Low,Medium,Normalized persona x industry x company-size x ACV fit weights
M0184_P001,M0184,P001,Market Intelligence Pro,Market Intelligence,Core Platform,Premium,Strategy,Yes,Manufacturing,Middle East,Strategic,Product,48,0.291,13022455,150000,1.097603,0.114206,1487239,2,743620,0.113,High,Medium,Normalized persona x industry x company-size x ACV fit weights
M0184_P002,M0184,P002,Risk Analytics Suite,Risk Analytics,Analytics Add-on,Premium,CFO,Yes,Manufacturing,Middle East,Strategic,Product,48,0.291,13022455,175000,1.188567,0.123671,1610495,2,805248,0.113,High,Medium,Normalized persona x industry x company-size x ACV fit weights
M0184_P003,M0184,P003,Pricing Intelligence Engine,Pricing Intelligence,Decision Engine,Enterprise,CRO,Yes,Manufacturing,Middle East,Strategic,Product,48,0.291,13022455,135000,1.28536,0.133742,1741648,2,870824,0.113,High,Medium,Normalized persona x industry x company-size x ACV fit weights
M0184_P004,M0184,P004,Customer Intelligence Cloud,Customer Intelligence,Workflow Platform,Enterprise,CRO,Yes,Manufacturing,Middle East,Strategic,Product,48,0.291,13022455,120000,1.403134,0.145996,1901230,2,950615,0.113,High,Medium,Normalized persona x industry x company-size x ACV fit weights
M0184_P005,M0184,P005,Competitive Intelligence Radar,Competitive Intelligence,Insights Module,Standard,Strategy,Yes,Manufacturing,Middle East,Strategic,Product,48,0.291,13022455,90000,0.784875,0.081666,1063497,1,1063497,0.113,High,Medium,Normalized persona x industry x company-size x ACV fit weights
M0184_P006,M0184,P006,Forecasting Platform,Forecasting Platform,Decision Engine,Premium,CFO,Yes,Manufacturing,Middle East,Strategic,Product,48,0.291,13022455,160000,1.334234,0.138827,1807873,2,903936,0.113,High,Medium,Normalized persona x industry x company-size x ACV fit weights
M0184_P007,M0184,P007,Workflow Automation Hub,Workflow Automation,Workflow Platform,Standard,Product,Yes,Manufacturing,Middle East,Strategic,Product,48,0.291,13022455,80000,1.588547,0.165289,2152464,2,1076232,0.113,High,Medium,Normalized persona x industry x company-size x ACV fit weights
M0184_P008,M0184,P008,Executive Insights Portal,Executive Insights,Executive Layer,Premium,CFO,Yes,Manufacturing,Middle East,Strategic,Product,48,0.291,13022455,110000,0.928427,0.096603,1258009,1,1258009,0.113,High,Medium,Normalized persona x industry x company-size x ACV fit weights
M0185_P001,M0185,P001,Market Intelligence Pro,Market Intelligence,Core Platform,Premium,Strategy,Yes,Manufacturing,Middle East,Enterprise,CFO,180,0.4,47382300,150000,0.96589,0.090756,4300242,7,614320,0.119,Medium,Low,Normalized persona x industry x company-size x ACV fit weights
M0185_P002,M0185,P002,Risk Analytics Suite,Risk Analytics,Analytics Add-on,Premium,CFO,Yes,Manufacturing,Middle East,Enterprise,CFO,180,0.4,47382300,175000,1.907301,0.179212,8491499,13,653192,0.119,Medium,Low,Normalized persona x industry x company-size x ACV fit weights
M0185_P003,M0185,P003,Pricing Intelligence Engine,Pricing Intelligence,Decision Engine,Enterprise,CRO,Yes,Manufacturing,Middle East,Enterprise,CFO,180,0.4,47382300,135000,1.341245,0.126025,5971361,9,663485,0.119,Medium,Low,Normalized persona x industry x company-size x ACV fit weights
M0185_P004,M0185,P004,Customer Intelligence Cloud,Customer Intelligence,Workflow Platform,Enterprise,CRO,Yes,Manufacturing,Middle East,Enterprise,CFO,180,0.4,47382300,120000,0.957322,0.089951,4262095,6,710349,0.119,Medium,Low,Normalized persona x industry x company-size x ACV fit weights
M0185_P005,M0185,P005,Competitive Intelligence Radar,Competitive Intelligence,Insights Module,Standard,Strategy,Yes,Manufacturing,Middle East,Enterprise,CFO,180,0.4,47382300,90000,0.872084,0.081942,3882605,6,647101,0.119,Medium,Low,Normalized persona x industry x company-size x ACV fit weights
M0185_P006,M0185,P006,Forecasting Platform,Forecasting Platform,Decision Engine,Premium,CFO,Yes,Manufacturing,Middle East,Enterprise,CFO,180,0.4,47382300,160000,2.141054,0.201176,9532190,14,680871,0.119,Medium,Low,Normalized persona x industry x company-size x ACV fit weights
M0185_P007,M0185,P007,Workflow Automation Hub,Workflow Automation,Workflow Platform,Standard,Product,Yes,Manufacturing,Middle East,Enterprise,CFO,180,0.4,47382300,80000,0.967932,0.090948,4309332,7,615619,0.119,Medium,Low,Normalized persona x industry x company-size x ACV fit weights
M0185_P008,M0185,P008,Executive Insights Portal,Executive Insights,Executive Layer,Premium,CFO,Yes,Manufacturing,Middle East,Enterprise,CFO,180,0.4,47382300,110000,1.489853,0.139988,6632976,10,663298,0.119,Medium,Low,Normalized persona x industry x company-size x ACV fit weights
M0186_P001,M0186,P001,Market Intelligence Pro,Market Intelligence,Core Platform,Premium,Strategy,Yes,Manufacturing,Middle East,Enterprise,CRO,291,0.267,38213509,150000,0.96589,0.096257,3678318,7,525474,0.043,Medium,Medium,Normalized persona x industry x company-size x ACV fit weights
M0186_P002,M0186,P002,Risk Analytics Suite,Risk Analytics,Analytics Add-on,Premium,CFO,Yes,Manufacturing,Middle East,Enterprise,CRO,291,0.267,38213509,175000,1.045939,0.104234,3983162,8,497895,0.043,Medium,Medium,Normalized persona x industry x company-size x ACV fit weights
M0186_P003,M0186,P003,Pricing Intelligence Engine,Pricing Intelligence,Decision Engine,Enterprise,CRO,Yes,Manufacturing,Middle East,Enterprise,CRO,291,0.267,38213509,135000,2.4458,0.243739,9314135,19,490218,0.043,Medium,Medium,Normalized persona x industry x company-size x ACV fit weights
M0186_P004,M0186,P004,Customer Intelligence Cloud,Customer Intelligence,Workflow Platform,Enterprise,CRO,Yes,Manufacturing,Middle East,Enterprise,CRO,291,0.267,38213509,120000,1.745705,0.17397,6648019,14,474858,0.043,Medium,Medium,Normalized persona x industry x company-size x ACV fit weights
M0186_P005,M0186,P005,Competitive Intelligence Radar,Competitive Intelligence,Insights Module,Standard,Strategy,Yes,Manufacturing,Middle East,Enterprise,CRO,291,0.267,38213509,90000,0.872084,0.086909,3321082,7,474440,0.043,Medium,Medium,Normalized persona x industry x company-size x ACV fit weights
M0186_P006,M0186,P006,Forecasting Platform,Forecasting Platform,Decision Engine,Premium,CFO,Yes,Manufacturing,Middle East,Enterprise,CRO,291,0.267,38213509,160000,1.174126,0.117009,4471326,9,496814,0.043,Medium,Medium,Normalized persona x industry x company-size x ACV fit weights
M0186_P007,M0186,P007,Workflow Automation Hub,Workflow Automation,Workflow Platform,Standard,Product,Yes,Manufacturing,Middle East,Enterprise,CRO,291,0.267,38213509,80000,0.967932,0.09646,3686094,7,526585,0.043,Medium,Medium,Normalized persona x industry x company-size x ACV fit weights
M0186_P008,M0186,P008,Executive Insights Portal,Executive Insights,Executive Layer,Premium,CFO,Yes,Manufacturing,Middle East,Enterprise,CRO,291,0.267,38213509,110000,0.817016,0.081421,3111373,6,518562,0.043,Medium,Medium,Normalized persona x industry x company-size x ACV fit weights
M0187_P001,M0187,P001,Market Intelligence Pro,Market Intelligence,Core Platform,Premium,Strategy,Yes,Manufacturing,Middle East,Enterprise,Strategy,291,0.331,46649319,150000,1.761329,0.182423,8509921,18,472773,0.039,High,Medium,Normalized persona x industry x company-size x ACV fit weights
M0187_P002,M0187,P002,Risk Analytics Suite,Risk Analytics,Analytics Add-on,Premium,CFO,Yes,Manufacturing,Middle East,Enterprise,Strategy,291,0.331,46649319,175000,1.045939,0.108329,5053490,10,505349,0.039,High,Medium,Normalized persona x industry x company-size x ACV fit weights
M0187_P003,M0187,P003,Pricing Intelligence Engine,Pricing Intelligence,Decision Engine,Enterprise,CRO,Yes,Manufacturing,Middle East,Enterprise,Strategy,291,0.331,46649319,135000,1.341245,0.138915,6480271,13,498482,0.039,High,Medium,Normalized persona x industry x company-size x ACV fit weights
M0187_P004,M0187,P004,Customer Intelligence Cloud,Customer Intelligence,Workflow Platform,Enterprise,CRO,Yes,Manufacturing,Middle East,Enterprise,Strategy,291,0.331,46649319,120000,0.957322,0.099151,4625332,10,462533,0.039,High,Medium,Normalized persona x industry x company-size x ACV fit weights
M0187_P005,M0187,P005,Competitive Intelligence Radar,Competitive Intelligence,Insights Module,Standard,Strategy,Yes,Manufacturing,Middle East,Enterprise,Strategy,291,0.331,46649319,90000,1.59027,0.164706,7683441,16,480215,0.039,High,Medium,Normalized persona x industry x company-size x ACV fit weights
M0187_P006,M0187,P006,Forecasting Platform,Forecasting Platform,Decision Engine,Premium,CFO,Yes,Manufacturing,Middle East,Enterprise,Strategy,291,0.331,46649319,160000,1.174126,0.121606,5672829,12,472736,0.039,High,Medium,Normalized persona x industry x company-size x ACV fit weights
M0187_P007,M0187,P007,Workflow Automation Hub,Workflow Automation,Workflow Platform,Standard,Product,Yes,Manufacturing,Middle East,Enterprise,Strategy,291,0.331,46649319,80000,0.967932,0.10025,4676596,10,467660,0.039,High,Medium,Normalized persona x industry x company-size x ACV fit weights
M0187_P008,M0187,P008,Executive Insights Portal,Executive Insights,Executive Layer,Premium,CFO,Yes,Manufacturing,Middle East,Enterprise,Strategy,291,0.331,46649319,110000,0.817016,0.084619,3947439,8,493430,0.039,High,Medium,Normalized persona x industry x company-size x ACV fit weights
M0188_P001,M0188,P001,Market Intelligence Pro,Market Intelligence,Core Platform,Premium,Strategy,Yes,Manufacturing,Middle East,Enterprise,Product,203,0.475,29449033,150000,0.96589,0.102259,3011440,10,301144,0.073,High,Low,Normalized persona x industry x company-size x ACV fit weights
M0188_P002,M0188,P002,Risk Analytics Suite,Risk Analytics,Analytics Add-on,Premium,CFO,Yes,Manufacturing,Middle East,Enterprise,Product,203,0.475,29449033,175000,1.045939,0.110734,3261016,11,296456,0.073,High,Low,Normalized persona x industry x company-size x ACV fit weights
M0188_P003,M0188,P003,Pricing Intelligence Engine,Pricing Intelligence,Decision Engine,Enterprise,CRO,Yes,Manufacturing,Middle East,Enterprise,Product,203,0.475,29449033,135000,1.341245,0.141998,4181717,14,298694,0.073,High,Low,Normalized persona x industry x company-size x ACV fit weights
M0188_P004,M0188,P004,Customer Intelligence Cloud,Customer Intelligence,Workflow Platform,Enterprise,CRO,Yes,Manufacturing,Middle East,Enterprise,Product,203,0.475,29449033,120000,1.464139,0.155009,4564874,15,304325,0.073,High,Low,Normalized persona x industry x company-size x ACV fit weights
M0188_P005,M0188,P005,Competitive Intelligence Radar,Competitive Intelligence,Insights Module,Standard,Strategy,Yes,Manufacturing,Middle East,Enterprise,Product,203,0.475,29449033,90000,0.872084,0.092328,2718970,9,302108,0.073,High,Low,Normalized persona x industry x company-size x ACV fit weights
M0188_P006,M0188,P006,Forecasting Platform,Forecasting Platform,Decision Engine,Premium,CFO,Yes,Manufacturing,Middle East,Enterprise,Product,203,0.475,29449033,160000,1.174126,0.124305,3660675,12,305056,0.073,High,Low,Normalized persona x industry x company-size x ACV fit weights
M0188_P007,M0188,P007,Workflow Automation Hub,Workflow Automation,Workflow Platform,Standard,Product,Yes,Manufacturing,Middle East,Enterprise,Product,203,0.475,29449033,80000,1.765053,0.186867,5503058,18,305725,0.073,High,Low,Normalized persona x industry x company-size x ACV fit weights
M0188_P008,M0188,P008,Executive Insights Portal,Executive Insights,Executive Layer,Premium,CFO,Yes,Manufacturing,Middle East,Enterprise,Product,203,0.475,29449033,110000,0.817016,0.086498,2547283,8,318410,0.073,High,Low,Normalized persona x industry x company-size x ACV fit weights
M0189_P001,M0189,P001,Market Intelligence Pro,Market Intelligence,Core Platform,Premium,Strategy,Yes,Manufacturing,Middle East,Mid-Market,CFO,767,0.378,41040040,150000,0.702466,0.078525,3222674,23,140116,0.042,High,Medium,Normalized persona x industry x company-size x ACV fit weights
M0189_P002,M0189,P002,Risk Analytics Suite,Risk Analytics,Analytics Add-on,Premium,CFO,Yes,Manufacturing,Middle East,Mid-Market,CFO,767,0.378,41040040,175000,1.387128,0.15506,6363672,45,141415,0.042,High,Medium,Normalized persona x industry x company-size x ACV fit weights
M0189_P003,M0189,P003,Pricing Intelligence Engine,Pricing Intelligence,Decision Engine,Enterprise,CRO,Yes,Manufacturing,Middle East,Mid-Market,CFO,767,0.378,41040040,135000,1.117704,0.124943,5127648,36,142435,0.042,High,Medium,Normalized persona x industry x company-size x ACV fit weights
M0189_P004,M0189,P004,Customer Intelligence Cloud,Customer Intelligence,Workflow Platform,Enterprise,CRO,Yes,Manufacturing,Middle East,Mid-Market,CFO,767,0.378,41040040,120000,0.797768,0.089179,3659890,26,140765,0.042,High,Medium,Normalized persona x industry x company-size x ACV fit weights
M0189_P005,M0189,P005,Competitive Intelligence Radar,Competitive Intelligence,Insights Module,Standard,Strategy,Yes,Manufacturing,Middle East,Mid-Market,CFO,767,0.378,41040040,90000,1.090104,0.121857,5001028,35,142887,0.042,High,Medium,Normalized persona x industry x company-size x ACV fit weights
M0189_P006,M0189,P006,Forecasting Platform,Forecasting Platform,Decision Engine,Premium,CFO,Yes,Manufacturing,Middle East,Mid-Market,CFO,767,0.378,41040040,160000,1.55713,0.174064,7143584,50,142872,0.042,High,Medium,Normalized persona x industry x company-size x ACV fit weights
M0189_P007,M0189,P007,Workflow Automation Hub,Workflow Automation,Workflow Platform,Standard,Product,Yes,Manufacturing,Middle East,Mid-Market,CFO,767,0.378,41040040,80000,1.209915,0.13525,5550679,39,142325,0.042,High,Medium,Normalized persona x industry x company-size x ACV fit weights
M0189_P008,M0189,P008,Executive Insights Portal,Executive Insights,Executive Layer,Premium,CFO,Yes,Manufacturing,Middle East,Mid-Market,CFO,767,0.378,41040040,110000,1.083529,0.121122,4970865,35,142025,0.042,High,Medium,Normalized persona x industry x company-size x ACV fit weights
M0190_P001,M0190,P001,Market Intelligence Pro,Market Intelligence,Core Platform,Premium,Strategy,Yes,Manufacturing,Middle East,Mid-Market,CRO,616,0.228,30665584,150000,0.702466,0.080704,2474844,11,224986,0.135,Medium,Low,Normalized persona x industry x company-size x ACV fit weights
M0190_P002,M0190,P002,Risk Analytics Suite,Risk Analytics,Analytics Add-on,Premium,CFO,Yes,Manufacturing,Middle East,Mid-Market,CRO,616,0.228,30665584,175000,0.760683,0.087393,2679949,12,223329,0.135,Medium,Low,Normalized persona x industry x company-size x ACV fit weights
M0190_P003,M0190,P003,Pricing Intelligence Engine,Pricing Intelligence,Decision Engine,Enterprise,CRO,Yes,Manufacturing,Middle East,Mid-Market,CRO,616,0.228,30665584,135000,2.038167,0.234159,7180629,33,217595,0.135,Medium,Low,Normalized persona x industry x company-size x ACV fit weights
M0190_P004,M0190,P004,Customer Intelligence Cloud,Customer Intelligence,Workflow Platform,Enterprise,CRO,Yes,Manufacturing,Middle East,Mid-Market,CRO,616,0.228,30665584,120000,1.454754,0.167133,5125217,23,222836,0.135,Medium,Low,Normalized persona x industry x company-size x ACV fit weights
M0190_P005,M0190,P005,Competitive Intelligence Radar,Competitive Intelligence,Insights Module,Standard,Strategy,Yes,Manufacturing,Middle East,Mid-Market,CRO,616,0.228,30665584,90000,1.090104,0.125239,3840527,18,213363,0.135,Medium,Low,Normalized persona x industry x company-size x ACV fit weights
M0190_P006,M0190,P006,Forecasting Platform,Forecasting Platform,Decision Engine,Premium,CFO,Yes,Manufacturing,Middle East,Mid-Market,CRO,616,0.228,30665584,160000,0.85391,0.098103,3008395,14,214885,0.135,Medium,Low,Normalized persona x industry x company-size x ACV fit weights
M0190_P007,M0190,P007,Workflow Automation Hub,Workflow Automation,Workflow Platform,Standard,Product,Yes,Manufacturing,Middle East,Mid-Market,CRO,616,0.228,30665584,80000,1.209915,0.139004,4262630,20,213132,0.135,Medium,Low,Normalized persona x industry x company-size x ACV fit weights
M0190_P008,M0190,P008,Executive Insights Portal,Executive Insights,Executive Layer,Premium,CFO,Yes,Manufacturing,Middle East,Mid-Market,CRO,616,0.228,30665584,110000,0.594194,0.068265,2093393,10,209339,0.135,Medium,Low,Normalized persona x industry x company-size x ACV fit weights
M0191_P001,M0191,P001,Market Intelligence Pro,Market Intelligence,Core Platform,Premium,Strategy,Yes,Manufacturing,Middle East,Mid-Market,Strategy,509,0.323,19685929,150000,1.280967,0.148898,2931197,24,122133,0.038,Low,Medium,Normalized persona x industry x company-size x ACV fit weights
M0191_P002,M0191,P002,Risk Analytics Suite,Risk Analytics,Analytics Add-on,Premium,CFO,Yes,Manufacturing,Middle East,Mid-Market,Strategy,509,0.323,19685929,175000,0.760683,0.088421,1740648,15,116043,0.038,Low,Medium,Normalized persona x industry x company-size x ACV fit weights
M0191_P003,M0191,P003,Pricing Intelligence Engine,Pricing Intelligence,Decision Engine,Enterprise,CRO,Yes,Manufacturing,Middle East,Mid-Market,Strategy,509,0.323,19685929,135000,1.117704,0.129921,2557608,21,121791,0.038,Low,Medium,Normalized persona x industry x company-size x ACV fit weights
M0191_P004,M0191,P004,Customer Intelligence Cloud,Customer Intelligence,Workflow Platform,Enterprise,CRO,Yes,Manufacturing,Middle East,Mid-Market,Strategy,509,0.323,19685929,120000,0.797768,0.092732,1825508,15,121701,0.038,Low,Medium,Normalized persona x industry x company-size x ACV fit weights
M0191_P005,M0191,P005,Competitive Intelligence Radar,Competitive Intelligence,Insights Module,Standard,Strategy,Yes,Manufacturing,Middle East,Mid-Market,Strategy,509,0.323,19685929,90000,1.987837,0.231064,4548707,38,119703,0.038,Low,Medium,Normalized persona x industry x company-size x ACV fit weights
M0191_P006,M0191,P006,Forecasting Platform,Forecasting Platform,Decision Engine,Premium,CFO,Yes,Manufacturing,Middle East,Mid-Market,Strategy,509,0.323,19685929,160000,0.85391,0.099257,1953976,16,122124,0.038,Low,Medium,Normalized persona x industry x company-size x ACV fit weights
M0191_P007,M0191,P007,Workflow Automation Hub,Workflow Automation,Workflow Platform,Standard,Product,Yes,Manufacturing,Middle East,Mid-Market,Strategy,509,0.323,19685929,80000,1.209915,0.140639,2768611,23,120374,0.038,Low,Medium,Normalized persona x industry x company-size x ACV fit weights
M0191_P008,M0191,P008,Executive Insights Portal,Executive Insights,Executive Layer,Premium,CFO,Yes,Manufacturing,Middle East,Mid-Market,Strategy,509,0.323,19685929,110000,0.594194,0.069068,1359674,11,123607,0.038,Low,Medium,Normalized persona x industry x company-size x ACV fit weights
M0192_P001,M0192,P001,Market Intelligence Pro,Market Intelligence,Core Platform,Premium,Strategy,Yes,Manufacturing,Middle East,Mid-Market,Product,727,0.288,31066331,150000,0.702466,0.082203,2553748,17,150220,0.108,High,Low,Normalized persona x industry x company-size x ACV fit weights
M0192_P002,M0192,P002,Risk Analytics Suite,Risk Analytics,Analytics Add-on,Premium,CFO,Yes,Manufacturing,Middle East,Mid-Market,Product,727,0.288,31066331,175000,0.760683,0.089016,2765391,19,145547,0.108,High,Low,Normalized persona x industry x company-size x ACV fit weights
M0192_P003,M0192,P003,Pricing Intelligence Engine,Pricing Intelligence,Decision Engine,Enterprise,CRO,Yes,Manufacturing,Middle East,Mid-Market,Product,727,0.288,31066331,135000,1.117704,0.130795,4063309,27,150493,0.108,High,Low,Normalized persona x industry x company-size x ACV fit weights
M0192_P004,M0192,P004,Customer Intelligence Cloud,Customer Intelligence,Workflow Platform,Enterprise,CRO,Yes,Manufacturing,Middle East,Mid-Market,Product,727,0.288,31066331,120000,1.220116,0.142779,4435617,30,147854,0.108,High,Low,Normalized persona x industry x company-size x ACV fit weights
M0192_P005,M0192,P005,Competitive Intelligence Radar,Competitive Intelligence,Insights Module,Standard,Strategy,Yes,Manufacturing,Middle East,Mid-Market,Product,727,0.288,31066331,90000,1.090104,0.127565,3962971,27,146777,0.108,High,Low,Normalized persona x industry x company-size x ACV fit weights
M0192_P006,M0192,P006,Forecasting Platform,Forecasting Platform,Decision Engine,Premium,CFO,Yes,Manufacturing,Middle East,Mid-Market,Product,727,0.288,31066331,160000,0.85391,0.099925,3104309,21,147824,0.108,High,Low,Normalized persona x industry x company-size x ACV fit weights
M0192_P007,M0192,P007,Workflow Automation Hub,Workflow Automation,Workflow Platform,Standard,Product,Yes,Manufacturing,Middle East,Mid-Market,Product,727,0.288,31066331,80000,2.206316,0.258185,8020852,54,148534,0.108,High,Low,Normalized persona x industry x company-size x ACV fit weights
M0192_P008,M0192,P008,Executive Insights Portal,Executive Insights,Executive Layer,Premium,CFO,Yes,Manufacturing,Middle East,Mid-Market,Product,727,0.288,31066331,110000,0.594194,0.069533,2160134,15,144009,0.108,High,Low,Normalized persona x industry x company-size x ACV fit weights
